screen_id,route_path,route_name,page_widget,page_file,layout_pattern,vpc_files,vpc_owner_file,declared_tier,suggested_tier,tier_status,l1_status,l2_status,l3_status,notes
AppRouteNames.sc415TargetMarketDefinitionDetail,'${AppRoutePaths.tradeCopyTargetMarketDefinition}/:productId',AppRouteNames.sc415TargetMarketDefinitionDetail,TargetMarketDefinitionPage,flutter_app/lib/features/trade_compliance/presentation/pages/governance/target_market_definition_page.dart,shared_shell,features/trade_compliance/presentation/pages/governance/target_market_definition_page.dart;features/trade_core/presentation/widgets/trade_module_layout.dart,features/trade_compliance/presentation/pages/governance/target_market_definition_page.dart,compact,compact,aligned,pass,pass,pass,compliant
AppRouteNames.sc138DepositUsdt,'${AppRoutePaths.walletDeposit}/:asset',AppRouteNames.sc138DepositUsdt,DepositTabletPage,flutter_app/lib/features/wallet/presentation/tablet/pages/deposit_tablet_page.dart,shared_shell,features/wallet/presentation/tablet/pages/deposit_tablet_page.dart;features/wallet/presentation/tablet/widgets/wallet_tablet_detail_surface.dart,features/wallet/presentation/tablet/pages/deposit_tablet_page.dart,form,form,aligned,pass,pass,pass,compliant
AppRouteNames.sc140WithdrawUsdt,'${AppRoutePaths.walletWithdraw}/:asset',AppRouteNames.sc140WithdrawUsdt,WithdrawTabletPage,flutter_app/lib/features/wallet/presentation/tablet/pages/withdraw_tablet_page.dart,shared_shell,features/wallet/presentation/tablet/pages/withdraw_tablet_page.dart;features/wallet/presentation/tablet/widgets/wallet_tablet_detail_surface.dart,features/wallet/presentation/tablet/pages/withdraw_tablet_page.dart,form,form,aligned,pass,pass,pass,compliant
AppRouteNames.sc190ArenaChallengeDetail,'/arena/challenge/:challengeId',AppRouteNames.sc190ArenaChallengeDetail,ArenaChallengeDetailPage,flutter_app/lib/features/arena/presentation/pages/challenge/arena_challenge_detail_page.dart,direct_vpc,features/arena/presentation/pages/challenge/arena_challenge_detail_page.dart,features/arena/presentation/pages/challenge/arena_challenge_detail_page.dart,standard,standard,aligned,pass,pass,pass,compliant
AppRouteNames.sc193ArenaCreator,'/arena/creator/:creatorId',AppRouteNames.sc193ArenaCreator,ArenaCreatorPage,flutter_app/lib/features/arena/presentation/pages/studio/arena_creator_page.dart,direct_vpc,features/arena/presentation/pages/studio/arena_creator_page.dart;features/arena/presentation/widgets/studio/arena_creator_common.dart;features/arena/presentation/widgets/studio/arena_creator_hero_trust.dart;features/arena/presentation/widgets/studio/arena_creator_tabs.dart,features/arena/presentation/pages/studio/arena_creator_page.dart,standard,standard,aligned,pass,pass,pass,compliant
AppRouteNames.sc191ArenaJoin,'/arena/join/:challengeId',AppRouteNames.sc191ArenaJoin,ArenaJoinPage,flutter_app/lib/features/arena/presentation/pages/challenge/arena_join_page.dart,direct_vpc,features/arena/presentation/pages/challenge/arena_join_page.dart;features/arena/presentation/widgets/challenge/arena_join_page_common.dart;features/arena/presentation/widgets/challenge/arena_join_page_sections.dart,features/arena/presentation/pages/challenge/arena_join_page.dart,standard,standard,aligned,pass,pass,pass,compliant
AppRouteNames.sc200ArenaPointsEntryDetail,'/arena/ledger/entry/:entryId',AppRouteNames.sc200ArenaPointsEntryDetail,ArenaPointsEntryDetailPage,flutter_app/lib/features/arena/presentation/pages/points/arena_points_entry_detail_page.dart,direct_vpc,features/arena/presentation/pages/points/arena_points_entry_detail_page.dart;features/arena/presentation/widgets/points/arena_points_entry_detail_page_common.dart;features/arena/presentation/widgets/points/arena_points_entry_detail_page_sections.dart,features/arena/presentation/pages/points/arena_points_entry_detail_page.dart,standard,standard,aligned,pass,pass,pass,compliant
AppRouteNames.sc189ArenaModeDetail,'/arena/mode/:modeId',AppRouteNames.sc189ArenaModeDetail,ArenaModeDetailPage,flutter_app/lib/features/arena/presentation/pages/challenge/arena_mode_detail_page.dart,direct_vpc,features/arena/presentation/pages/challenge/arena_mode_detail_page.dart,features/arena/presentation/pages/challenge/arena_mode_detail_page.dart,standard,standard,aligned,pass,pass,pass,compliant
AppRouteNames.sc202ArenaReportCase,'/arena/report/:caseId',AppRouteNames.sc202ArenaReportCase,ArenaReportCasePage,flutter_app/lib/features/arena/presentation/pages/governance/arena_report_case_page.dart,direct_vpc,features/arena/presentation/pages/governance/arena_report_case_page.dart;features/arena/presentation/widgets/governance/arena_report_case_related_common.dart;features/arena/presentation/widgets/governance/arena_report_case_summary_timeline.dart;features/arena/presentation/widgets/governance/arena_report_case_system_appeal.dart,features/arena/presentation/pages/governance/arena_report_case_page.dart,standard,standard,aligned,pass,pass,pass,compliant
AppRouteNames.sc199ArenaTrustBreakdown,'/arena/trust/:userId',AppRouteNames.sc199ArenaTrustBreakdown,ArenaTrustBreakdownPage,flutter_app/lib/features/arena/presentation/pages/governance/arena_trust_breakdown_page.dart,direct_vpc,features/arena/presentation/pages/governance/arena_trust_breakdown_page.dart,features/arena/presentation/pages/governance/arena_trust_breakdown_page.dart,standard,standard,aligned,pass,pass,pass,compliant
AppRouteNames.sc408DcaRebalanceEdit,'/dca/rebalance/:configId/edit',AppRouteNames.sc408DcaRebalanceEdit,_tabletDcaRoute,flutter_app/lib/shared/layout/vit_tablet_utility_page.dart,direct_vpc,shared/layout/vit_tablet_utility_page.dart,shared/layout/vit_tablet_utility_page.dart,form,standard,exception,pass,pass,pass,compliant
AppRouteNames.sc409DcaRebalanceHistory,'/dca/rebalance/:configId/history',AppRouteNames.sc409DcaRebalanceHistory,_tabletDcaRoute,flutter_app/lib/shared/layout/vit_tablet_utility_page.dart,direct_vpc,shared/layout/vit_tablet_utility_page.dart,shared/layout/vit_tablet_utility_page.dart,form,standard,exception,pass,pass,pass,compliant
AppRouteNames.sc041PredictionAdvancedChart,'/markets/predictions/advanced-chart/:eventId',AppRouteNames.sc041PredictionAdvancedChart,_tabletPredictionRoute,flutter_app/lib/shared/layout/vit_tablet_utility_page.dart,direct_vpc,shared/layout/vit_tablet_utility_page.dart,shared/layout/vit_tablet_utility_page.dart,form,standard,exception,pass,pass,pass,compliant
AppRouteNames.sc030PredictionEventDetail,'/markets/predictions/event/:eventId',AppRouteNames.sc030PredictionEventDetail,_tabletPredictionRoute,flutter_app/lib/shared/layout/vit_tablet_utility_page.dart,direct_vpc,shared/layout/vit_tablet_utility_page.dart,shared/layout/vit_tablet_utility_page.dart,form,standard,exception,pass,pass,pass,compliant
AppRouteNames.sc035PredictionOrderReceipt,'/markets/predictions/receipt/:receiptId',AppRouteNames.sc035PredictionOrderReceipt,_tabletPredictionRoute,flutter_app/lib/shared/layout/vit_tablet_utility_page.dart,direct_vpc,shared/layout/vit_tablet_utility_page.dart,shared/layout/vit_tablet_utility_page.dart,form,standard,exception,pass,pass,pass,compliant
AppRouteNames.sc414PredictionTournamentDetail,'/markets/predictions/tournament/:tournamentId',AppRouteNames.sc414PredictionTournamentDetail,_tabletPredictionRoute,flutter_app/lib/shared/layout/vit_tablet_utility_page.dart,direct_vpc,shared/layout/vit_tablet_utility_page.dart,shared/layout/vit_tablet_utility_page.dart,form,standard,exception,pass,pass,pass,compliant
AppRouteNames.sc223P2PAdAnalytics,'/p2p/ad-analytics/:adId',AppRouteNames.sc223P2PAdAnalytics,switch,flutter_app/lib/features/p2p_core/presentation/tablet/pages/p2p_tablet_utility_page.dart,shared_shell,features/p2p_core/presentation/tablet/pages/p2p_tablet_utility_page.dart;features/p2p_core/presentation/tablet/widgets/p2p_tablet_utility_surface.dart,features/p2p_core/presentation/tablet/pages/p2p_tablet_utility_page.dart,form,form,aligned,pass,pass,pass,compliant
AppRouteNames.sc224P2PAdDetail,'/p2p/ad/:adId',AppRouteNames.sc224P2PAdDetail,switch,flutter_app/lib/features/p2p_core/presentation/tablet/pages/p2p_tablet_utility_page.dart,shared_shell,features/p2p_core/presentation/tablet/pages/p2p_tablet_utility_page.dart;features/p2p_core/presentation/tablet/widgets/p2p_tablet_utility_surface.dart,features/p2p_core/presentation/tablet/pages/p2p_tablet_utility_page.dart,form,form,aligned,pass,pass,pass,compliant
AppRouteNames.sc217P2PChat,'/p2p/chat/:orderId',AppRouteNames.sc217P2PChat,switch,flutter_app/lib/features/p2p_core/presentation/tablet/pages/p2p_tablet_utility_page.dart,shared_shell,features/p2p_core/presentation/tablet/pages/p2p_tablet_utility_page.dart;features/p2p_core/presentation/tablet/widgets/p2p_tablet_utility_surface.dart,features/p2p_core/presentation/tablet/pages/p2p_tablet_utility_page.dart,form,form,aligned,pass,pass,pass,compliant
AppRouteNames.sc221P2PDispute,'/p2p/dispute/:orderId',AppRouteNames.sc221P2PDispute,switch,flutter_app/lib/features/p2p_core/presentation/tablet/pages/p2p_tablet_utility_page.dart,shared_shell,features/p2p_core/presentation/tablet/pages/p2p_tablet_utility_page.dart;features/p2p_core/presentation/tablet/widgets/p2p_tablet_utility_surface.dart,features/p2p_core/presentation/tablet/pages/p2p_tablet_utility_page.dart,form,form,aligned,pass,pass,pass,compliant
AppRouteNames.sc218P2PDisputeDetail,'/p2p/dispute/detail/:disputeId',AppRouteNames.sc218P2PDisputeDetail,switch,flutter_app/lib/features/p2p_core/presentation/tablet/pages/p2p_tablet_utility_page.dart,shared_shell,features/p2p_core/presentation/tablet/pages/p2p_tablet_utility_page.dart;features/p2p_core/presentation/tablet/widgets/p2p_tablet_utility_surface.dart,features/p2p_core/presentation/tablet/pages/p2p_tablet_utility_page.dart,form,form,aligned,pass,pass,pass,compliant
AppRouteNames.sc219P2PDisputeEvidence,'/p2p/dispute/evidence/:disputeId',AppRouteNames.sc219P2PDisputeEvidence,switch,flutter_app/lib/features/p2p_core/presentation/tablet/pages/p2p_tablet_utility_page.dart,shared_shell,features/p2p_core/presentation/tablet/pages/p2p_tablet_utility_page.dart;features/p2p_core/presentation/tablet/widgets/p2p_tablet_utility_surface.dart,features/p2p_core/presentation/tablet/pages/p2p_tablet_utility_page.dart,form,form,aligned,pass,pass,pass,compliant
AppRouteNames.sc220P2PDisputeResolution,'/p2p/dispute/resolution/:disputeId',AppRouteNames.sc220P2PDisputeResolution,switch,flutter_app/lib/features/p2p_core/presentation/tablet/pages/p2p_tablet_utility_page.dart,shared_shell,features/p2p_core/presentation/tablet/pages/p2p_tablet_utility_page.dart;features/p2p_core/presentation/tablet/widgets/p2p_tablet_utility_surface.dart,features/p2p_core/presentation/tablet/pages/p2p_tablet_utility_page.dart,form,form,aligned,pass,pass,pass,compliant
AppRouteNames.sc246P2PEscrowDetail,'/p2p/escrow/:orderId',AppRouteNames.sc246P2PEscrowDetail,switch,flutter_app/lib/features/p2p_core/presentation/tablet/pages/p2p_tablet_utility_page.dart,shared_shell,features/p2p_core/presentation/tablet/pages/p2p_tablet_utility_page.dart;features/p2p_core/presentation/tablet/widgets/p2p_tablet_utility_surface.dart,features/p2p_core/presentation/tablet/pages/p2p_tablet_utility_page.dart,form,form,aligned,pass,pass,pass,compliant;visual_qa_evidence
AppRouteNames.sc243P2PClaimDetail,'/p2p/insurance/claim/:claimId',AppRouteNames.sc243P2PClaimDetail,switch,flutter_app/lib/features/p2p_core/presentation/tablet/pages/p2p_tablet_utility_page.dart,shared_shell,features/p2p_core/presentation/tablet/pages/p2p_tablet_utility_page.dart;features/p2p_core/presentation/tablet/widgets/p2p_tablet_utility_surface.dart,features/p2p_core/presentation/tablet/pages/p2p_tablet_utility_page.dart,form,form,aligned,pass,pass,pass,compliant
AppRouteNames.sc228P2PMerchantProfile,'/p2p/merchant/:merchantId',AppRouteNames.sc228P2PMerchantProfile,switch,flutter_app/lib/features/p2p_core/presentation/tablet/pages/p2p_tablet_utility_page.dart,shared_shell,features/p2p_core/presentation/tablet/pages/p2p_tablet_utility_page.dart;features/p2p_core/presentation/tablet/widgets/p2p_tablet_utility_surface.dart,features/p2p_core/presentation/tablet/pages/p2p_tablet_utility_page.dart,form,form,aligned,pass,pass,pass,compliant
AppRouteNames.sc216P2POrder,'/p2p/order/:orderId',AppRouteNames.sc216P2POrder,switch,flutter_app/lib/features/p2p_core/presentation/tablet/pages/p2p_tablet_utility_page.dart,shared_shell,features/p2p_core/presentation/tablet/pages/p2p_tablet_utility_page.dart;features/p2p_core/presentation/tablet/widgets/p2p_tablet_utility_surface.dart,features/p2p_core/presentation/tablet/pages/p2p_tablet_utility_page.dart,form,form,aligned,pass,pass,pass,compliant
AppRouteNames.sc214P2POrderCancel,'/p2p/order/cancel/:orderId',AppRouteNames.sc214P2POrderCancel,switch,flutter_app/lib/features/p2p_core/presentation/tablet/pages/p2p_tablet_utility_page.dart,shared_shell,features/p2p_core/presentation/tablet/pages/p2p_tablet_utility_page.dart;features/p2p_core/presentation/tablet/widgets/p2p_tablet_utility_surface.dart,features/p2p_core/presentation/tablet/pages/p2p_tablet_utility_page.dart,form,form,aligned,pass,pass,pass,compliant
AppRouteNames.sc215P2POrderProof,'/p2p/order/proof/:orderId',AppRouteNames.sc215P2POrderProof,switch,flutter_app/lib/features/p2p_core/presentation/tablet/pages/p2p_tablet_utility_page.dart,shared_shell,features/p2p_core/presentation/tablet/pages/p2p_tablet_utility_page.dart;features/p2p_core/presentation/tablet/widgets/p2p_tablet_utility_surface.dart,features/p2p_core/presentation/tablet/pages/p2p_tablet_utility_page.dart,form,form,aligned,pass,pass,pass,compliant
AppRouteNames.sc213P2POrderRate,'/p2p/order/rate/:orderId',AppRouteNames.sc213P2POrderRate,switch,flutter_app/lib/features/p2p_core/presentation/tablet/pages/p2p_tablet_utility_page.dart,shared_shell,features/p2p_core/presentation/tablet/pages/p2p_tablet_utility_page.dart;features/p2p_core/presentation/tablet/widgets/p2p_tablet_utility_surface.dart,features/p2p_core/presentation/tablet/pages/p2p_tablet_utility_page.dart,form,form,aligned,pass,pass,pass,compliant
AppRouteNames.sc212P2POrderTimeline,'/p2p/order/timeline/:orderId',AppRouteNames.sc212P2POrderTimeline,switch,flutter_app/lib/features/p2p_core/presentation/tablet/pages/p2p_tablet_utility_page.dart,shared_shell,features/p2p_core/presentation/tablet/pages/p2p_tablet_utility_page.dart;features/p2p_core/presentation/tablet/widgets/p2p_tablet_utility_surface.dart,features/p2p_core/presentation/tablet/pages/p2p_tablet_utility_page.dart,form,form,aligned,pass,pass,pass,compliant
AppRouteNames.sc234P2PPaymentMethodOwnership,'/p2p/payment-method/ownership/:methodId',AppRouteNames.sc234P2PPaymentMethodOwnership,switch,flutter_app/lib/features/p2p_core/presentation/tablet/pages/p2p_tablet_utility_page.dart,shared_shell,features/p2p_core/presentation/tablet/pages/p2p_tablet_utility_page.dart;features/p2p_core/presentation/tablet/widgets/p2p_tablet_utility_surface.dart,features/p2p_core/presentation/tablet/pages/p2p_tablet_utility_page.dart,form,form,aligned,pass,pass,pass,compliant
AppRouteNames.sc233P2PPaymentMethodVerification,'/p2p/payment-method/verification/:methodId',AppRouteNames.sc233P2PPaymentMethodVerification,switch,flutter_app/lib/features/p2p_core/presentation/tablet/pages/p2p_tablet_utility_page.dart,shared_shell,features/p2p_core/presentation/tablet/pages/p2p_tablet_utility_page.dart;features/p2p_core/presentation/tablet/widgets/p2p_tablet_utility_surface.dart,features/p2p_core/presentation/tablet/pages/p2p_tablet_utility_page.dart,form,form,aligned,pass,pass,pass,compliant
AppRouteNames.sc229P2PReportMerchant,'/p2p/report/:merchantId',AppRouteNames.sc229P2PReportMerchant,switch,flutter_app/lib/features/p2p_core/presentation/tablet/pages/p2p_tablet_utility_page.dart,shared_shell,features/p2p_core/presentation/tablet/pages/p2p_tablet_utility_page.dart;features/p2p_core/presentation/tablet/widgets/p2p_tablet_utility_surface.dart,features/p2p_core/presentation/tablet/pages/p2p_tablet_utility_page.dart,form,form,aligned,pass,pass,pass,compliant
AppRouteNames.sc407P2PTaxReportDetail,'/p2p/tax-report/detailed/:year',AppRouteNames.sc407P2PTaxReportDetail,switch,flutter_app/lib/features/p2p_core/presentation/tablet/pages/p2p_tablet_utility_page.dart,shared_shell,features/p2p_core/presentation/tablet/pages/p2p_tablet_utility_page.dart;features/p2p_core/presentation/tablet/widgets/p2p_tablet_utility_surface.dart,features/p2p_core/presentation/tablet/pages/p2p_tablet_utility_page.dart,form,form,aligned,pass,pass,pass,compliant
AppRouteNames.sc044PairDetail,'/pair/:pairId',AppRouteNames.sc044PairDetail,_tabletMarketPairRoute,flutter_app/lib/shared/layout/vit_tablet_utility_page.dart,direct_vpc,shared/layout/vit_tablet_utility_page.dart,shared/layout/vit_tablet_utility_page.dart,form,standard,exception,pass,pass,pass,compliant
AppRouteNames.sc046PairDepth,'/pair/:pairId/depth',AppRouteNames.sc046PairDepth,_tabletMarketPairRoute,flutter_app/lib/shared/layout/vit_tablet_utility_page.dart,direct_vpc,shared/layout/vit_tablet_utility_page.dart,shared/layout/vit_tablet_utility_page.dart,form,standard,exception,pass,pass,pass,compliant
AppRouteNames.sc045TokenInfo,'/pair/:pairId/info',AppRouteNames.sc045TokenInfo,_tabletMarketPairRoute,flutter_app/lib/shared/layout/vit_tablet_utility_page.dart,direct_vpc,shared/layout/vit_tablet_utility_page.dart,shared/layout/vit_tablet_utility_page.dart,form,standard,exception,pass,pass,pass,compliant
AppRouteNames.sc289ReferralFriendDetail,'/referral/friend/:friendId',AppRouteNames.sc289ReferralFriendDetail,buildSurfaceAwareTabletRoute,flutter_app/lib/shared/layout/vit_tablet_utility_page.dart,direct_vpc,shared/layout/vit_tablet_utility_page.dart,shared/layout/vit_tablet_utility_page.dart,form,standard,exception,pass,pass,pass,compliant
AppRouteNames.sc049TradePair,'/trade/:pairId',AppRouteNames.sc049TradePair,TradeTabletPage,flutter_app/lib/features/trade/presentation/tablet/pages/trade_tablet_page.dart,custom_scroll,features/trade/presentation/tablet/pages/trade_tablet_page.dart,features/trade/presentation/tablet/pages/trade_tablet_page.dart,,standard,,pass,pass,pass,exception:custom_scroll;visual_qa_evidence
AppRouteNames.sc057Futures,'/trade/:pairId/futures',AppRouteNames.sc057Futures,_tradeTabletUtility,flutter_app/lib/features/trade/presentation/tablet/pages/trade_tablet_utility_page.dart,shared_shell,features/trade/presentation/tablet/pages/trade_tablet_utility_page.dart;features/trade_core/presentation/widgets/trade_module_layout.dart,features/trade/presentation/tablet/pages/trade_tablet_utility_page.dart,standard,standard,aligned,pass,pass,pass,compliant
AppRouteNames.sc058Leverage,'/trade/:pairId/futures/leverage',AppRouteNames.sc058Leverage,_tradeTabletUtility,flutter_app/lib/features/trade/presentation/tablet/pages/trade_tablet_utility_page.dart,shared_shell,features/trade/presentation/tablet/pages/trade_tablet_utility_page.dart;features/trade_core/presentation/widgets/trade_module_layout.dart,features/trade/presentation/tablet/pages/trade_tablet_utility_page.dart,standard,standard,aligned,pass,pass,pass,compliant
AppRouteNames.sc055AdvancedChart,'/trade/advanced-chart/:pairId',AppRouteNames.sc055AdvancedChart,_tabletTradeTerminalRoute,flutter_app/lib/shared/layout/vit_tablet_utility_page.dart,direct_vpc,shared/layout/vit_tablet_utility_page.dart,shared/layout/vit_tablet_utility_page.dart,form,standard,exception,pass,pass,pass,compliant;visual_qa_evidence
AppRouteNames.sc077CopyAuditLog,'/trade/copy-audit-log/:copyId',AppRouteNames.sc077CopyAuditLog,CopyAuditLogPage,flutter_app/lib/features/trade_copy/presentation/pages/safety/copy_audit_log_page.dart,shared_shell,features/trade_copy/presentation/pages/safety/copy_audit_log_page.dart;features/trade_copy/presentation/widgets/safety/copy_audit_log_controls.dart;features/trade_copy/presentation/widgets/safety/copy_audit_log_events.dart;features/trade_copy/presentation/widgets/safety/copy_audit_log_summary.dart;features/trade_core/presentation/widgets/trade_module_layout.dart,features/trade_copy/presentation/pages/safety/copy_audit_log_page.dart,standard,standard,aligned,pass,pass,pass,compliant
AppRouteNames.sc074CopyPerformance,'/trade/copy-performance/:copyId',AppRouteNames.sc074CopyPerformance,CopyPerformancePage,flutter_app/lib/features/trade_copy/presentation/pages/analytics/copy_performance_page.dart,shared_shell,features/trade_copy/presentation/pages/analytics/copy_performance_page.dart;features/trade_copy/presentation/widgets/analytics/copy_performance_common.dart;features/trade_copy/presentation/widgets/analytics/copy_performance_details.dart;features/trade_copy/presentation/widgets/analytics/copy_performance_summary_tabs.dart;features/trade_core/presentation/widgets/trade_module_layout.dart,features/trade_copy/presentation/pages/analytics/copy_performance_page.dart,standard,standard,aligned,pass,pass,pass,compliant
AppRouteNames.sc075PerformanceAttribution,'/trade/copy-performance/:copyId/attribution',AppRouteNames.sc075PerformanceAttribution,PerformanceAttributionPage,flutter_app/lib/features/trade_copy/presentation/pages/analytics/performance_attribution_page.dart,direct_vpc,features/trade_copy/presentation/pages/analytics/performance_attribution_page.dart;features/trade_copy/presentation/widgets/analytics/performance_attribution_painters.dart;features/trade_copy/presentation/widgets/analytics/performance_attribution_summary_tabs.dart;features/trade_copy/presentation/widgets/analytics/performance_attribution_tabs.dart;features/trade_core/presentation/widgets/trade_module_layout.dart,features/trade_copy/presentation/pages/analytics/performance_attribution_page.dart,standard,standard|compact,aligned,pass,pass,pass,compliant
AppRouteNames.sc070CopyProviderDetail,'/trade/copy-provider/:providerId',AppRouteNames.sc070CopyProviderDetail,CopyProviderDetailPage,flutter_app/lib/features/trade_copy/presentation/pages/provider/copy_provider_detail_page.dart,shared_shell,features/trade_copy/presentation/pages/provider/copy_provider_detail_page.dart;features/trade_core/presentation/widgets/trade_module_layout.dart,features/trade_copy/presentation/pages/provider/copy_provider_detail_page.dart,standard,standard,aligned,pass,pass,pass,compliant
AppRouteNames.sc071PreCopyAssessment,'/trade/copy-provider/:providerId/assessment',AppRouteNames.sc071PreCopyAssessment,PreCopyAssessmentPage,flutter_app/lib/features/trade_copy/presentation/pages/flow/pre_copy_assessment_page.dart,shared_shell,features/trade_copy/presentation/pages/flow/pre_copy_assessment_page.dart;features/trade_core/presentation/widgets/trade_module_layout.dart,features/trade_copy/presentation/pages/flow/pre_copy_assessment_page.dart,standard,standard,aligned,pass,pass,pass,compliant
AppRouteNames.sc072CopyConfiguration,'/trade/copy-provider/:providerId/configuration',AppRouteNames.sc072CopyConfiguration,CopyConfigurationPage,flutter_app/lib/features/trade_copy/presentation/pages/flow/copy_configuration_page.dart,shared_shell,features/trade_copy/presentation/pages/flow/copy_configuration_page.dart;features/trade_copy/presentation/widgets/flow/copy_configuration_provider_capital_mode.dart;features/trade_copy/presentation/widgets/flow/copy_configuration_risk_summary.dart;features/trade_copy/presentation/widgets/flow/copy_configuration_validation_common.dart;features/trade_core/presentation/widgets/trade_module_layout.dart,features/trade_copy/presentation/pages/flow/copy_configuration_page.dart,standard,standard,aligned,pass,pass,pass,compliant
AppRouteNames.sc073CopyConfirmation,'/trade/copy-provider/:providerId/confirmation',AppRouteNames.sc073CopyConfirmation,CopyConfirmationPage,flutter_app/lib/features/trade_copy/presentation/pages/flow/copy_confirmation_page.dart,shared_shell,features/trade_copy/presentation/pages/flow/copy_confirmation_page.dart;features/trade_copy/presentation/widgets/flow/copy_confirmation_page_common.dart;features/trade_copy/presentation/widgets/flow/copy_confirmation_page_sections.dart;features/trade_core/presentation/widgets/trade_module_layout.dart,features/trade_copy/presentation/pages/flow/copy_confirmation_page.dart,standard,standard,aligned,pass,pass,pass,compliant
AppRouteNames.sc416ComplaintTrackingDetail,'/trade/copy-trading/complaint-tracking/:complaintId',AppRouteNames.sc416ComplaintTrackingDetail,ComplaintTrackingPage,flutter_app/lib/features/trade_compliance/presentation/pages/complaints/complaint_tracking_page.dart,shared_shell,features/trade_compliance/presentation/pages/complaints/complaint_tracking_page.dart;features/trade_core/presentation/widgets/trade_module_layout.dart,features/trade_compliance/presentation/pages/complaints/complaint_tracking_page.dart,compact,compact,aligned,pass,pass,pass,compliant
AppRouteNames.sc087TraderProfile,'/trade/trader/:traderId',AppRouteNames.sc087TraderProfile,TraderProfilePage,flutter_app/lib/features/trade_copy/presentation/pages/provider/trader_profile_page.dart,direct_vpc,features/trade_copy/presentation/pages/provider/trader_profile_page.dart;features/trade_copy/presentation/widgets/provider/trader_profile_overview.dart;features/trade_copy/presentation/widgets/provider/trader_profile_stats_common.dart;features/trade_copy/presentation/widgets/provider/trader_profile_trades.dart;features/trade_core/presentation/widgets/trade_module_layout.dart,features/trade_copy/presentation/pages/provider/trader_profile_page.dart,standard,standard|compact,aligned,pass,pass,pass,compliant
AppRouteNames.sc147AssetDetail,'/wallet/asset/:assetId',AppRouteNames.sc147AssetDetail,AssetDetailTabletPage,flutter_app/lib/features/wallet/presentation/tablet/pages/asset_detail_tablet_page.dart,shared_shell,features/wallet/presentation/tablet/pages/asset_detail_tablet_page.dart;features/wallet/presentation/tablet/widgets/wallet_tablet_detail_surface.dart,features/wallet/presentation/tablet/pages/asset_detail_tablet_page.dart,form,form,aligned,pass,pass,pass,compliant
AppRouteNames.sc141TransactionDetail,'/wallet/transaction/:txId',AppRouteNames.sc141TransactionDetail,TransactionDetailTabletPage,flutter_app/lib/features/wallet/presentation/tablet/pages/transaction_detail_tablet_page.dart,shared_shell,features/wallet/presentation/tablet/pages/transaction_detail_tablet_page.dart;features/wallet/presentation/tablet/widgets/wallet_tablet_detail_surface.dart,features/wallet/presentation/tablet/pages/transaction_detail_tablet_page.dart,form,form,aligned,pass,pass,pass,compliant
AppRouteNames.sc180AdminHome,AppRoutePaths.admin,AppRouteNames.sc180AdminHome,buildSurfaceAwareTabletRoute,flutter_app/lib/shared/layout/vit_tablet_utility_page.dart,direct_vpc,shared/layout/vit_tablet_utility_page.dart,shared/layout/vit_tablet_utility_page.dart,form,standard,exception,pass,pass,pass,compliant
AppRouteNames.sc182AbTestDashboard,AppRoutePaths.adminAbtests,AppRouteNames.sc182AbTestDashboard,buildSurfaceAwareTabletRoute,flutter_app/lib/shared/layout/vit_tablet_utility_page.dart,direct_vpc,shared/layout/vit_tablet_utility_page.dart,shared/layout/vit_tablet_utility_page.dart,form,standard,exception,pass,pass,pass,compliant
AppRouteNames.sc181AnalyticsDashboard,AppRoutePaths.adminAnalytics,AppRouteNames.sc181AnalyticsDashboard,buildSurfaceAwareTabletRoute,flutter_app/lib/shared/layout/vit_tablet_utility_page.dart,direct_vpc,shared/layout/vit_tablet_utility_page.dart,shared/layout/vit_tablet_utility_page.dart,form,standard,exception,pass,pass,pass,compliant
AppRouteNames.sc183FunnelDashboard,AppRoutePaths.adminFunnels,AppRouteNames.sc183FunnelDashboard,buildSurfaceAwareTabletRoute,flutter_app/lib/shared/layout/vit_tablet_utility_page.dart,direct_vpc,shared/layout/vit_tablet_utility_page.dart,shared/layout/vit_tablet_utility_page.dart,form,standard,exception,pass,pass,pass,compliant
AppRouteNames.sc410AdminSettings,AppRoutePaths.adminSettings,AppRouteNames.sc410AdminSettings,buildSurfaceAwareTabletRoute,flutter_app/lib/shared/layout/vit_tablet_utility_page.dart,direct_vpc,shared/layout/vit_tablet_utility_page.dart,shared/layout/vit_tablet_utility_page.dart,form,standard,exception,pass,pass,pass,compliant
AppRouteNames.sc184ArenaHome,AppRoutePaths.arena,AppRouteNames.sc184ArenaHome,ArenaHomePage,flutter_app/lib/features/arena/presentation/pages/hub/arena_home_page.dart,direct_vpc,features/arena/presentation/pages/hub/arena_home_page.dart;features/arena/presentation/pages/hub/arena_home_page_hero_and_templates.dart,features/arena/presentation/pages/hub/arena_home_page.dart,compact,compact,aligned,pass,pass,pass,compliant
AppRouteNames.sc203ArenaBlockedUsers,AppRoutePaths.arenaBlocked,AppRouteNames.sc203ArenaBlockedUsers,ArenaBlockedUsersPage,flutter_app/lib/features/arena/presentation/pages/governance/arena_blocked_users_page.dart,direct_vpc,features/arena/presentation/pages/governance/arena_blocked_users_page.dart,features/arena/presentation/pages/governance/arena_blocked_users_page.dart,standard,standard,aligned,pass,pass,pass,compliant
AppRouteNames.sc207ArenaPredictionBridgeFoundation,AppRoutePaths.arenaBridge,AppRouteNames.sc207ArenaPredictionBridgeFoundation,ArenaPredictionBridgeFoundationPage,flutter_app/lib/features/arena/presentation/pages/bridge/arena_prediction_bridge_foundation_page.dart,direct_vpc,features/arena/presentation/pages/bridge/arena_prediction_bridge_foundation_page.dart;features/arena/presentation/pages/bridge/arena_prediction_bridge_foundation_page_principles_section.dart,features/arena/presentation/pages/bridge/arena_prediction_bridge_foundation_page.dart,standard,standard,aligned,pass,pass,pass,compliant
AppRouteNames.sc208ConnectedEcosystemProduction,AppRoutePaths.arenaEcosystem,AppRouteNames.sc208ConnectedEcosystemProduction,ConnectedEcosystemProductionPage,flutter_app/lib/features/arena/presentation/pages/bridge/connected_ecosystem_production_page.dart,direct_vpc,features/arena/presentation/pages/bridge/connected_ecosystem_production_page.dart,features/arena/presentation/pages/bridge/connected_ecosystem_production_page.dart,standard,standard,aligned,pass,pass,pass,compliant
AppRouteNames.sc197ArenaFlowMap,AppRoutePaths.arenaFlowMap,AppRouteNames.sc197ArenaFlowMap,ArenaFlowMapPage,flutter_app/lib/features/arena/presentation/pages/hub/arena_flow_map_page.dart,direct_vpc,features/arena/presentation/pages/hub/arena_flow_map_page.dart;features/arena/presentation/widgets/hub/arena_flow_map_nodes.dart;features/arena/presentation/widgets/hub/arena_flow_map_overview.dart;features/arena/presentation/widgets/hub/arena_flow_map_qa.dart,features/arena/presentation/pages/hub/arena_flow_map_page.dart,standard,standard,aligned,pass,pass,pass,compliant
AppRouteNames.sc209ArenaGuide,AppRoutePaths.arenaGuide,AppRouteNames.sc209ArenaGuide,ArenaGuidePage,flutter_app/lib/features/arena/presentation/pages/governance/arena_guide_page.dart,direct_vpc,features/arena/presentation/pages/governance/arena_guide_page.dart,features/arena/presentation/pages/governance/arena_guide_page.dart,standard,standard,aligned,pass,pass,pass,compliant
AppRouteNames.sc194ArenaLeaderboard,AppRoutePaths.arenaLeaderboard,AppRouteNames.sc194ArenaLeaderboard,ArenaLeaderboardPage,flutter_app/lib/features/arena/presentation/pages/challenge/arena_leaderboard_page.dart,direct_vpc,features/arena/presentation/pages/challenge/arena_leaderboard_page.dart;features/arena/presentation/widgets/challenge/arena_leaderboard_body.dart;features/arena/presentation/widgets/challenge/arena_leaderboard_controls.dart;features/arena/presentation/widgets/challenge/arena_leaderboard_rows_footer.dart,features/arena/presentation/pages/challenge/arena_leaderboard_page.dart,compact,compact|standard,aligned,pass,pass,pass,compliant
AppRouteNames.sc201ArenaPointsLedger,AppRoutePaths.arenaLedger,AppRouteNames.sc201ArenaPointsLedger,ArenaPointsLedgerPage,flutter_app/lib/features/arena/presentation/pages/points/arena_points_ledger_page.dart,direct_vpc,features/arena/presentation/pages/points/arena_points_ledger_page.dart;features/arena/presentation/widgets/points/arena_points_ledger_page_common.dart;features/arena/presentation/widgets/points/arena_points_ledger_page_sections.dart,features/arena/presentation/pages/points/arena_points_ledger_page.dart,standard,standard,aligned,pass,pass,pass,compliant
AppRouteNames.sc205MyArena,AppRoutePaths.arenaMy,AppRouteNames.sc205MyArena,MyArenaPage,flutter_app/lib/features/arena/presentation/pages/hub/my_arena_page.dart,direct_vpc,features/arena/presentation/pages/hub/my_arena_page.dart,features/arena/presentation/pages/hub/my_arena_page.dart,compact,compact,aligned,pass,pass,pass,compliant
AppRouteNames.sc204MyArenaReports,AppRoutePaths.arenaMyReports,AppRouteNames.sc204MyArenaReports,MyArenaReportsPage,flutter_app/lib/features/arena/presentation/pages/governance/my_arena_reports_page.dart,direct_vpc,features/arena/presentation/pages/governance/my_arena_reports_page.dart;features/arena/presentation/widgets/governance/my_arena_reports_page_common.dart;features/arena/presentation/widgets/governance/my_arena_reports_page_sections.dart,features/arena/presentation/pages/governance/my_arena_reports_page.dart,compact,compact|standard,aligned,pass,pass,pass,compliant
AppRouteNames.sc206ArenaProductionReady,AppRoutePaths.arenaProduction,AppRouteNames.sc206ArenaProductionReady,ArenaProductionReadyPage,flutter_app/lib/features/arena/presentation/pages/hub/arena_production_ready_page.dart,direct_vpc,features/arena/presentation/pages/hub/arena_production_ready_page.dart;features/arena/presentation/pages/hub/arena_production_ready_page_screens_states_section.dart,features/arena/presentation/pages/hub/arena_production_ready_page.dart,standard,standard,aligned,pass,pass,pass,compliant
AppRouteNames.sc192ArenaResolutionCenter,AppRoutePaths.arenaResolution,AppRouteNames.sc192ArenaResolutionCenter,ArenaResolutionCenterPage,flutter_app/lib/features/arena/presentation/pages/governance/arena_resolution_center_page.dart,direct_vpc,features/arena/presentation/pages/governance/arena_resolution_center_page.dart,features/arena/presentation/pages/governance/arena_resolution_center_page.dart,standard,standard,aligned,pass,pass,pass,compliant
AppRouteNames.sc198ArenaSafetyCenter,AppRoutePaths.arenaSafety,AppRouteNames.sc198ArenaSafetyCenter,ArenaSafetyCenterPage,flutter_app/lib/features/arena/presentation/pages/governance/arena_safety_center_page.dart,direct_vpc,features/arena/presentation/pages/governance/arena_safety_center_page.dart;features/arena/presentation/widgets/governance/arena_safety_center_page_common.dart;features/arena/presentation/widgets/governance/arena_safety_center_page_sections.dart,features/arena/presentation/pages/governance/arena_safety_center_page.dart,standard,standard,aligned,pass,pass,pass,compliant
AppRouteNames.sc185ArenaStudio,AppRoutePaths.arenaStudio,AppRouteNames.sc185ArenaStudio,ArenaStudioPage,flutter_app/lib/features/arena/presentation/pages/studio/arena_studio_page.dart,direct_vpc,features/arena/presentation/pages/studio/arena_studio_page.dart;features/arena/presentation/widgets/studio/arena_studio_fee_banner.dart;features/arena/presentation/widgets/studio/arena_studio_footer.dart;features/arena/presentation/widgets/studio/arena_studio_stepper.dart;features/arena/presentation/widgets/studio/arena_studio_steps.dart,features/arena/presentation/pages/studio/arena_studio_page.dart,standard,standard,aligned,pass,pass,pass,compliant
AppRouteNames.sc188ArenaGovernanceGate,AppRoutePaths.arenaStudioGovernance,AppRouteNames.sc188ArenaGovernanceGate,ArenaGovernanceGatePage,flutter_app/lib/features/arena/presentation/pages/governance/arena_governance_gate_page.dart,direct_vpc,features/arena/presentation/pages/governance/arena_governance_gate_page.dart;features/arena/presentation/widgets/governance/arena_governance_gate_field_controls.dart;features/arena/presentation/widgets/governance/arena_governance_gate_helpers.dart;features/arena/presentation/widgets/governance/arena_governance_gate_models.dart;features/arena/presentation/widgets/governance/arena_governance_gate_privacy_clarity.dart;features/arena/presentation/widgets/governance/arena_governance_gate_resolution_timing.dart;features/arena/presentation/widgets/governance/arena_governance_gate_setup_fields.dart;features/arena/presentation/widgets/governance/arena_governance_gate_status_widgets.dart;features/arena/presentation/widgets/governance/arena_governance_gate_suggestions_eligibility.dart;features/arena/presentation/widgets/governance/arena_governance_gate_summary_footer.dart,features/arena/presentation/pages/governance/arena_governance_gate_page.dart,form,standard,aligned,pass,pass,pass,compliant
AppRouteNames.sc187ArenaPresetLibrary,AppRoutePaths.arenaStudioPresets,AppRouteNames.sc187ArenaPresetLibrary,ArenaUniversalPresetLibraryPage,flutter_app/lib/features/arena/presentation/pages/studio/arena_universal_preset_library_page.dart,direct_vpc,features/arena/presentation/pages/studio/arena_universal_preset_library_page.dart,features/arena/presentation/pages/studio/arena_universal_preset_library_page.dart,standard,standard,aligned,pass,pass,pass,compliant
AppRouteNames.sc186ArenaSmartRules,AppRoutePaths.arenaStudioSmartRules,AppRouteNames.sc186ArenaSmartRules,ArenaSmartRuleBuilderPage,flutter_app/lib/features/arena/presentation/pages/studio/arena_smart_rule_builder_page.dart,direct_vpc,features/arena/presentation/pages/studio/arena_smart_rule_builder_page.dart;features/arena/presentation/widgets/studio/arena_smart_rule_builder_page_basics_fields.dart;features/arena/presentation/widgets/studio/arena_smart_rule_builder_page_condition_timing_fields.dart,features/arena/presentation/pages/studio/arena_smart_rule_builder_page.dart,standard,standard,aligned,pass,pass,pass,compliant
AppRouteNames.sc195VerifiedChallenges,AppRoutePaths.arenaVerified,AppRouteNames.sc195VerifiedChallenges,VerifiedChallengesPage,flutter_app/lib/features/arena/presentation/pages/challenge/verified_challenges_page.dart,direct_vpc,features/arena/presentation/pages/challenge/verified_challenges_page.dart,features/arena/presentation/pages/challenge/verified_challenges_page.dart,standard,standard,aligned,pass,pass,pass,compliant
AppRouteNames.sc004TwoFaSetup,AppRoutePaths.auth2faSetup,AppRouteNames.sc004TwoFaSetup,surfacePage,flutter_app/lib/features/auth/presentation/phone/pages/two_fa_setup_page.dart,direct_vpc,features/auth/presentation/phone/pages/two_fa_setup_page.dart,features/auth/presentation/phone/pages/two_fa_setup_page.dart,form,form,aligned,pass,pass,pass,compliant
AppRouteNames.sc005ForgotPassword,AppRoutePaths.authForgotPassword,AppRouteNames.sc005ForgotPassword,surfacePage,flutter_app/lib/features/auth/presentation/phone/pages/forgot_password_page.dart,direct_vpc,features/auth/presentation/phone/pages/forgot_password_page.dart,features/auth/presentation/phone/pages/forgot_password_page.dart,form,form,aligned,pass,pass,pass,compliant
AppRouteNames.sc001Login,AppRoutePaths.authLogin,AppRouteNames.sc001Login,surfacePage,flutter_app/lib/features/auth/presentation/phone/pages/login_page.dart,direct_vpc,features/auth/presentation/phone/pages/login_page.dart,features/auth/presentation/phone/pages/login_page.dart,form,form,aligned,pass,pass,pass,compliant
AppRouteNames.sc003Otp,AppRoutePaths.authOtp,AppRouteNames.sc003Otp,switch,flutter_app/lib/features/auth/presentation/phone/pages/otp_page.dart,direct_vpc,features/auth/presentation/phone/pages/otp_page.dart,features/auth/presentation/phone/pages/otp_page.dart,form,form,aligned,pass,pass,pass,compliant
AppRouteNames.sc002Register,AppRoutePaths.authRegister,AppRouteNames.sc002Register,surfacePage,flutter_app/lib/features/auth/presentation/phone/pages/register_page.dart,direct_vpc,features/auth/presentation/phone/pages/register_page.dart,features/auth/presentation/phone/pages/register_page.dart,form,form,aligned,pass,pass,pass,compliant
AppRouteNames.sc006ResetPassword,AppRoutePaths.authResetPassword,AppRouteNames.sc006ResetPassword,surfacePage,flutter_app/lib/features/auth/presentation/phone/pages/reset_password_page.dart,direct_vpc,features/auth/presentation/phone/pages/reset_password_page.dart,features/auth/presentation/phone/pages/reset_password_page.dart,form,form,aligned,pass,pass,pass,compliant
AppRouteNames.sc322CrossModuleAnalytics,AppRoutePaths.crossModuleAnalytics,AppRouteNames.sc322CrossModuleAnalytics,buildSurfaceAwareTabletRoute,flutter_app/lib/shared/layout/vit_tablet_utility_page.dart,direct_vpc,shared/layout/vit_tablet_utility_page.dart,shared/layout/vit_tablet_utility_page.dart,form,standard,exception,pass,pass,pass,compliant
AppRouteNames.sc169Dca,AppRoutePaths.dca,AppRouteNames.sc169Dca,_tabletDcaRoute,flutter_app/lib/shared/layout/vit_tablet_utility_page.dart,direct_vpc,shared/layout/vit_tablet_utility_page.dart,shared/layout/vit_tablet_utility_page.dart,form,standard,exception,pass,pass,pass,compliant
AppRouteNames.sc176DcaBacktester,AppRoutePaths.dcaBacktester,AppRouteNames.sc176DcaBacktester,_tabletDcaRoute,flutter_app/lib/shared/layout/vit_tablet_utility_page.dart,direct_vpc,shared/layout/vit_tablet_utility_page.dart,shared/layout/vit_tablet_utility_page.dart,form,standard,exception,pass,pass,pass,compliant
AppRouteNames.sc175DcaDynamicAmount,AppRoutePaths.dcaDynamicAmount,AppRouteNames.sc175DcaDynamicAmount,_tabletDcaRoute,flutter_app/lib/shared/layout/vit_tablet_utility_page.dart,direct_vpc,shared/layout/vit_tablet_utility_page.dart,shared/layout/vit_tablet_utility_page.dart,form,standard,exception,pass,pass,pass,compliant
AppRouteNames.sc177DcaMultiAsset,AppRoutePaths.dcaMultiAsset,AppRouteNames.sc177DcaMultiAsset,_tabletDcaRoute,flutter_app/lib/shared/layout/vit_tablet_utility_page.dart,direct_vpc,shared/layout/vit_tablet_utility_page.dart,shared/layout/vit_tablet_utility_page.dart,form,standard,exception,pass,pass,pass,compliant
AppRouteNames.sc178DcaPerformanceCompare,AppRoutePaths.dcaPerformanceCompare,AppRouteNames.sc178DcaPerformanceCompare,_tabletDcaRoute,flutter_app/lib/shared/layout/vit_tablet_utility_page.dart,direct_vpc,shared/layout/vit_tablet_utility_page.dart,shared/layout/vit_tablet_utility_page.dart,form,standard,exception,pass,pass,pass,compliant
AppRouteNames.sc174DcaPortfolioOptimizer,AppRoutePaths.dcaPortfolioOptimizer,AppRouteNames.sc174DcaPortfolioOptimizer,_tabletDcaRoute,flutter_app/lib/shared/layout/vit_tablet_utility_page.dart,direct_vpc,shared/layout/vit_tablet_utility_page.dart,shared/layout/vit_tablet_utility_page.dart,form,standard,exception,pass,pass,pass,compliant
AppRouteNames.sc170DcaRebalanceConfig,AppRoutePaths.dcaRebalanceConfig,AppRouteNames.sc170DcaRebalanceConfig,_tabletDcaRoute,flutter_app/lib/shared/layout/vit_tablet_utility_page.dart,direct_vpc,shared/layout/vit_tablet_utility_page.dart,shared/layout/vit_tablet_utility_page.dart,form,standard,exception,pass,pass,pass,compliant
AppRouteNames.sc171DcaRebalanceDashboard,AppRoutePaths.dcaRebalanceDashboard,AppRouteNames.sc171DcaRebalanceDashboard,_tabletDcaRoute,flutter_app/lib/shared/layout/vit_tablet_utility_page.dart,direct_vpc,shared/layout/vit_tablet_utility_page.dart,shared/layout/vit_tablet_utility_page.dart,form,standard,exception,pass,pass,pass,compliant
AppRouteNames.sc173DcaScheduleAnalytics,AppRoutePaths.dcaScheduleAnalytics,AppRouteNames.sc173DcaScheduleAnalytics,_tabletDcaRoute,flutter_app/lib/shared/layout/vit_tablet_utility_page.dart,direct_vpc,shared/layout/vit_tablet_utility_page.dart,shared/layout/vit_tablet_utility_page.dart,form,standard,exception,pass,pass,pass,compliant
AppRouteNames.sc172DcaScheduleConfig,AppRoutePaths.dcaScheduleConfig,AppRouteNames.sc172DcaScheduleConfig,_tabletDcaRoute,flutter_app/lib/shared/layout/vit_tablet_utility_page.dart,direct_vpc,shared/layout/vit_tablet_utility_page.dart,shared/layout/vit_tablet_utility_page.dart,form,standard,exception,pass,pass,pass,compliant
AppRouteNames.sc179DcaSmartRules,AppRoutePaths.dcaSmartRules,AppRouteNames.sc179DcaSmartRules,_tabletDcaRoute,flutter_app/lib/shared/layout/vit_tablet_utility_page.dart,direct_vpc,shared/layout/vit_tablet_utility_page.dart,shared/layout/vit_tablet_utility_page.dart,form,standard,exception,pass,pass,pass,compliant
AppRouteNames.sc401CopyTradingCardDemo,AppRoutePaths.demoCopyCard,AppRouteNames.sc401CopyTradingCardDemo,CopyTradingCardDemo,flutter_app/lib/features/trade_copy/presentation/pages/hub/copy_trading_card_demo.dart,shared_shell,features/trade_copy/presentation/pages/hub/copy_trading_card_demo.dart;features/trade_copy/presentation/widgets/hub/copy_trading_card_demo_common.dart;features/trade_copy/presentation/widgets/hub/copy_trading_card_demo_sections.dart;features/trade_core/presentation/widgets/trade_module_layout.dart,features/trade_copy/presentation/pages/hub/copy_trading_card_demo.dart,compact,compact,aligned,pass,pass,pass,compliant
AppRouteNames.sc400DcaOverviewDemo,AppRoutePaths.devDcaOverview,AppRouteNames.sc400DcaOverviewDemo,buildSurfaceAwareTabletRoute,flutter_app/lib/shared/layout/vit_tablet_utility_page.dart,direct_vpc,shared/layout/vit_tablet_utility_page.dart,shared/layout/vit_tablet_utility_page.dart,form,standard,exception,pass,pass,pass,compliant
AppRouteNames.sc399DesignSystem,AppRoutePaths.devDesignSystem,AppRouteNames.sc399DesignSystem,buildSurfaceAwareTabletRoute,flutter_app/lib/shared/layout/vit_tablet_utility_page.dart,direct_vpc,shared/layout/vit_tablet_utility_page.dart,shared/layout/vit_tablet_utility_page.dart,form,standard,exception,pass,pass,pass,compliant;visual_qa_evidence
AppRouteNames.sc398MissingScreensShowcase,AppRoutePaths.devShowcase,AppRouteNames.sc398MissingScreensShowcase,buildSurfaceAwareTabletRoute,flutter_app/lib/shared/layout/vit_tablet_utility_page.dart,direct_vpc,shared/layout/vit_tablet_utility_page.dart,shared/layout/vit_tablet_utility_page.dart,form,standard,exception,pass,pass,pass,compliant;visual_qa_evidence
AppRouteNames.sc327StakingEarn,AppRoutePaths.earn,AppRouteNames.sc327StakingEarn,StakingEarnPage,flutter_app/lib/features/earn_staking/presentation/pages/staking/staking_earn_page.dart,direct_vpc,features/earn_staking/presentation/pages/staking/staking_earn_page.dart;features/earn_staking/presentation/widgets/staking/staking_earn_hero_tabs.dart;features/earn_staking/presentation/widgets/staking/staking_earn_positions_common.dart;features/earn_staking/presentation/widgets/staking/staking_earn_products.dart;features/earn_staking/presentation/widgets/staking/staking_earn_tools.dart,features/earn_staking/presentation/pages/staking/staking_earn_page.dart,standard,standard,aligned,pass,pass,pass,compliant
AppRouteNames.sc366StakingAdvancedOrders,AppRoutePaths.earnAdvancedOrders,AppRouteNames.sc366StakingAdvancedOrders,StakingAdvancedOrdersPage,flutter_app/lib/features/earn_staking/presentation/pages/staking/staking_advanced_orders_page.dart,direct_vpc,features/earn_staking/presentation/pages/staking/staking_advanced_orders_page.dart;features/earn_staking/presentation/widgets/staking/staking_advanced_orders_guidance.dart;features/earn_staking/presentation/widgets/staking/staking_advanced_orders_overview_orders.dart;features/earn_staking/presentation/widgets/staking/staking_advanced_orders_sheet_fields.dart,features/earn_staking/presentation/pages/staking/staking_advanced_orders_page.dart,standard,standard,aligned,pass,pass,pass,compliant
AppRouteNames.sc359StakingAnalytics,AppRoutePaths.earnAnalytics,AppRouteNames.sc359StakingAnalytics,StakingAnalyticsPage,flutter_app/lib/features/earn_staking/presentation/pages/staking/staking_analytics_page.dart,direct_vpc,features/earn_staking/presentation/pages/staking/staking_analytics_page.dart;features/earn_staking/presentation/widgets/staking/staking_analytics_apy_tab.dart;features/earn_staking/presentation/widgets/staking/staking_analytics_chart_shared.dart;features/earn_staking/presentation/widgets/staking/staking_analytics_earnings_tab.dart;features/earn_staking/presentation/widgets/staking/staking_analytics_products_tab.dart;features/earn_staking/presentation/widgets/staking/staking_analytics_roi_tab.dart;features/earn_staking/presentation/widgets/staking/staking_analytics_summary.dart,features/earn_staking/presentation/pages/staking/staking_analytics_page.dart,standard,standard,aligned,pass,pass,pass,compliant
AppRouteNames.sc379StakingApiDocumentation,AppRoutePaths.earnApiDocumentation,AppRouteNames.sc379StakingApiDocumentation,StakingApiDocumentationPage,flutter_app/lib/features/earn_staking/presentation/pages/staking/staking_api_documentation_page.dart,direct_vpc,features/earn_staking/presentation/pages/staking/staking_api_documentation_page.dart,features/earn_staking/presentation/pages/staking/staking_api_documentation_page.dart,standard,standard,aligned,pass,pass,pass,compliant
AppRouteNames.sc374StakingAuditReports,AppRoutePaths.earnAuditReports,AppRouteNames.sc374StakingAuditReports,StakingAuditReportsPage,flutter_app/lib/features/earn_staking/presentation/pages/staking/staking_audit_reports_page.dart,direct_vpc,features/earn_staking/presentation/pages/staking/staking_audit_reports_page.dart;features/earn_staking/presentation/widgets/staking/staking_audit_reports_bounty_common.dart;features/earn_staking/presentation/widgets/staking/staking_audit_reports_hero_tabs.dart;features/earn_staking/presentation/widgets/staking/staking_audit_reports_reports_findings.dart,features/earn_staking/presentation/pages/staking/staking_audit_reports_page.dart,standard,standard,aligned,pass,pass,pass,compliant
AppRouteNames.sc363StakingAutoCompound,AppRoutePaths.earnAutoCompound,AppRouteNames.sc363StakingAutoCompound,StakingAutoCompoundPage,flutter_app/lib/features/earn_staking/presentation/pages/staking/staking_auto_compound_page.dart,direct_vpc,features/earn_staking/presentation/pages/staking/staking_auto_compound_page.dart;features/earn_staking/presentation/widgets/staking/staking_auto_compound_overview.dart;features/earn_staking/presentation/widgets/staking/staking_auto_compound_positions.dart;features/earn_staking/presentation/widgets/staking/staking_auto_compound_settings.dart;features/earn_staking/presentation/widgets/staking/staking_auto_compound_shared.dart;features/earn_staking/presentation/widgets/staking/staking_auto_compound_simulation.dart,features/earn_staking/presentation/pages/staking/staking_auto_compound_page.dart,standard,standard,aligned,pass,pass,pass,compliant
AppRouteNames.sc361StakingEarningsCalendar,AppRoutePaths.earnCalendar,AppRouteNames.sc361StakingEarningsCalendar,StakingEarningsCalendarPage,flutter_app/lib/features/earn_staking/presentation/pages/staking/staking_earnings_calendar_page.dart,direct_vpc,features/earn_staking/presentation/pages/staking/staking_earnings_calendar_page.dart;features/earn_staking/presentation/widgets/staking/staking_earnings_calendar_grid.dart;features/earn_staking/presentation/widgets/staking/staking_earnings_events_common.dart;features/earn_staking/presentation/widgets/staking/staking_earnings_summary_tabs.dart,features/earn_staking/presentation/pages/staking/staking_earnings_calendar_page.dart,standard,standard,aligned,pass,pass,pass,compliant
AppRouteNames.sc388StakingCommunityGovernance,AppRoutePaths.earnCommunityGovernance,AppRouteNames.sc388StakingCommunityGovernance,StakingCommunityGovernancePage,flutter_app/lib/features/earn_staking/presentation/pages/staking/staking_community_governance_page.dart,direct_vpc,features/earn_staking/presentation/pages/staking/staking_community_governance_page.dart;features/earn_staking/presentation/widgets/staking/staking_community_governance_page_common.dart;features/earn_staking/presentation/widgets/staking/staking_community_governance_page_sections.dart,features/earn_staking/presentation/pages/staking/staking_community_governance_page.dart,standard,standard,aligned,pass,pass,pass,compliant
AppRouteNames.sc386StakingContingencyPlan,AppRoutePaths.earnContingencyPlan,AppRouteNames.sc386StakingContingencyPlan,StakingContingencyPlanPage,flutter_app/lib/features/earn_staking/presentation/pages/staking/staking_contingency_plan_page.dart,direct_vpc,features/earn_staking/presentation/pages/staking/staking_contingency_plan_page.dart;features/earn_staking/presentation/widgets/staking/staking_contingency_plan_sections.dart;features/earn_staking/presentation/widgets/staking/staking_contingency_plan_support_sections.dart,features/earn_staking/presentation/pages/staking/staking_contingency_plan_page.dart,standard,standard,aligned,pass,pass,pass,compliant
AppRouteNames.sc375StakingCustody,AppRoutePaths.earnCustody,AppRouteNames.sc375StakingCustody,StakingCustodyPage,flutter_app/lib/features/earn_staking/presentation/pages/staking/staking_custody_page.dart,direct_vpc,features/earn_staking/presentation/pages/staking/staking_custody_page.dart,features/earn_staking/presentation/pages/staking/staking_custody_page.dart,standard,standard,aligned,pass,pass,pass,compliant
AppRouteNames.sc358StakingDashboard,AppRoutePaths.earnDashboard,AppRouteNames.sc358StakingDashboard,StakingDashboardPage,flutter_app/lib/features/earn_staking/presentation/pages/staking/staking_dashboard_page.dart,direct_vpc,features/earn_staking/presentation/pages/staking/staking_dashboard_page.dart,features/earn_staking/presentation/pages/staking/staking_dashboard_page.dart,standard,standard,aligned,pass,pass,pass,compliant
AppRouteNames.sc394StakingDataExport,AppRoutePaths.earnDataExport,AppRouteNames.sc394StakingDataExport,StakingDataExportPage,flutter_app/lib/features/earn_staking/presentation/pages/staking/staking_data_export_page.dart,direct_vpc,features/earn_staking/presentation/pages/staking/staking_data_export_page.dart,features/earn_staking/presentation/pages/staking/staking_data_export_page.dart,standard,standard,aligned,pass,pass,pass,compliant
AppRouteNames.sc396StakingDeveloperConsole,AppRoutePaths.earnDeveloperConsole,AppRouteNames.sc396StakingDeveloperConsole,StakingDeveloperConsolePage,flutter_app/lib/features/earn_staking/presentation/pages/staking/staking_developer_console_page.dart,direct_vpc,features/earn_staking/presentation/pages/staking/staking_developer_console_page.dart,features/earn_staking/presentation/pages/staking/staking_developer_console_page.dart,standard,standard,aligned,pass,pass,pass,compliant
AppRouteNames.sc385StakingEmergencyActions,AppRoutePaths.earnEmergencyActions,AppRouteNames.sc385StakingEmergencyActions,StakingEmergencyActionsPage,flutter_app/lib/features/earn_staking/presentation/pages/staking/staking_emergency_actions_page.dart,direct_vpc,features/earn_staking/presentation/pages/staking/staking_emergency_actions_page.dart,features/earn_staking/presentation/pages/staking/staking_emergency_actions_page.dart,standard,standard,aligned,pass,pass,pass,compliant
AppRouteNames.sc370StakingFAQ,AppRoutePaths.earnFAQ,AppRouteNames.sc370StakingFAQ,StakingFAQPage,flutter_app/lib/features/earn_staking/presentation/pages/staking/staking_faq_page.dart,direct_vpc,features/earn_staking/presentation/pages/staking/staking_faq_page.dart,features/earn_staking/presentation/pages/staking/staking_faq_page.dart,standard,standard,aligned,pass,pass,pass,compliant
AppRouteNames.sc392StakingForum,AppRoutePaths.earnForum,AppRouteNames.sc392StakingForum,StakingForumPage,flutter_app/lib/features/earn_staking/presentation/pages/staking/staking_forum_page.dart,direct_vpc,features/earn_staking/presentation/pages/staking/staking_forum_page.dart,features/earn_staking/presentation/pages/staking/staking_forum_page.dart,standard,standard,aligned,pass,pass,pass,compliant
AppRouteNames.sc369StakingGuide,AppRoutePaths.earnGuide,AppRouteNames.sc369StakingGuide,StakingGuidePage,flutter_app/lib/features/earn_staking/presentation/pages/staking/staking_guide_page.dart,direct_vpc,features/earn_staking/presentation/pages/staking/staking_guide_page.dart;features/earn_staking/presentation/widgets/staking/staking_guide_page_common.dart;features/earn_staking/presentation/widgets/staking/staking_guide_page_sections.dart,features/earn_staking/presentation/pages/staking/staking_guide_page.dart,standard,standard,aligned,pass,pass,pass,compliant
AppRouteNames.sc360StakingHistory,AppRoutePaths.earnHistory,AppRouteNames.sc360StakingHistory,StakingHistoryPage,flutter_app/lib/features/earn_staking/presentation/pages/staking/staking_history_page.dart,direct_vpc,features/earn_staking/presentation/pages/staking/staking_history_page.dart;features/earn_staking/presentation/widgets/staking/staking_history_common.dart;features/earn_staking/presentation/widgets/staking/staking_history_detail_list.dart;features/earn_staking/presentation/widgets/staking/staking_history_summary_filters.dart,features/earn_staking/presentation/pages/staking/staking_history_page.dart,standard,standard,aligned,pass,pass,pass,compliant
AppRouteNames.sc368StakingInstitutional,AppRoutePaths.earnInstitutional,AppRouteNames.sc368StakingInstitutional,StakingInstitutionalPage,flutter_app/lib/features/earn_staking/presentation/pages/staking/staking_institutional_page.dart,direct_vpc,features/earn_staking/presentation/pages/staking/staking_institutional_page.dart;features/earn_staking/presentation/widgets/staking/staking_institutional_overview_batches.dart;features/earn_staking/presentation/widgets/staking/staking_institutional_sheet_painter.dart;features/earn_staking/presentation/widgets/staking/staking_institutional_signers_features.dart,features/earn_staking/presentation/pages/staking/staking_institutional_page.dart,standard,standard,aligned,pass,pass,pass,compliant
AppRouteNames.sc365StakingInsurance,AppRoutePaths.earnInsurance,AppRouteNames.sc365StakingInsurance,StakingInsurancePage,flutter_app/lib/features/earn_staking/presentation/pages/staking/staking_insurance_page.dart,direct_vpc,features/earn_staking/presentation/pages/staking/staking_insurance_page.dart;features/earn_staking/presentation/widgets/staking/staking_insurance_claims.dart;features/earn_staking/presentation/widgets/staking/staking_insurance_common.dart;features/earn_staking/presentation/widgets/staking/staking_insurance_overview.dart;features/earn_staking/presentation/widgets/staking/staking_insurance_plans.dart;features/earn_staking/presentation/widgets/staking/staking_insurance_positions.dart;features/earn_staking/presentation/widgets/staking/staking_insurance_sheets.dart,features/earn_staking/presentation/pages/staking/staking_insurance_page.dart,standard,standard,aligned,pass,pass,pass,compliant
AppRouteNames.sc377StakingInsuranceFundTransparency,AppRoutePaths.earnInsuranceFundTransparency,AppRouteNames.sc377StakingInsuranceFundTransparency,StakingInsuranceFundTransparencyPage,flutter_app/lib/features/earn_staking/presentation/pages/staking/staking_insurance_fund_transparency_page.dart,direct_vpc,features/earn_staking/presentation/pages/staking/staking_insurance_fund_transparency_page.dart,features/earn_staking/presentation/pages/staking/staking_insurance_fund_transparency_page.dart,standard,standard,aligned,pass,pass,pass,compliant
AppRouteNames.sc364StakingLiquidStaking,AppRoutePaths.earnLiquidStaking,AppRouteNames.sc364StakingLiquidStaking,StakingLiquidStakingPage,flutter_app/lib/features/earn_staking/presentation/pages/staking/staking_liquid_staking_page.dart,direct_vpc,features/earn_staking/presentation/pages/staking/staking_liquid_staking_page.dart;features/earn_staking/presentation/widgets/staking/staking_liquid_staking_benefits.dart;features/earn_staking/presentation/widgets/staking/staking_liquid_staking_common.dart;features/earn_staking/presentation/widgets/staking/staking_liquid_staking_detail_sheet.dart;features/earn_staking/presentation/widgets/staking/staking_liquid_staking_holdings.dart;features/earn_staking/presentation/widgets/staking/staking_liquid_staking_stake.dart;features/earn_staking/presentation/widgets/staking/staking_liquid_staking_swap.dart;features/earn_staking/presentation/widgets/staking/staking_liquid_staking_swap_fields.dart,features/earn_staking/presentation/pages/staking/staking_liquid_staking_page.dart,standard,standard,aligned,pass,pass,pass,compliant
AppRouteNames.sc367StakingMultiChain,AppRoutePaths.earnMultiChain,AppRouteNames.sc367StakingMultiChain,StakingMultiChainPage,flutter_app/lib/features/earn_staking/presentation/pages/staking/staking_multi_chain_page.dart,direct_vpc,features/earn_staking/presentation/pages/staking/staking_multi_chain_page.dart;features/earn_staking/presentation/widgets/staking/staking_multi_chain_page_common.dart;features/earn_staking/presentation/widgets/staking/staking_multi_chain_page_sections.dart,features/earn_staking/presentation/pages/staking/staking_multi_chain_page.dart,standard,standard,aligned,pass,pass,pass,compliant
AppRouteNames.sc371StakingNotifications,AppRoutePaths.earnNotifications,AppRouteNames.sc371StakingNotifications,StakingNotificationsPage,flutter_app/lib/features/earn_staking/presentation/pages/staking/staking_notifications_page.dart,direct_vpc,features/earn_staking/presentation/pages/staking/staking_notifications_page.dart;features/earn_staking/presentation/widgets/staking/staking_notifications_page_common.dart;features/earn_staking/presentation/widgets/staking/staking_notifications_page_sections.dart,features/earn_staking/presentation/pages/staking/staking_notifications_page.dart,standard,standard,aligned,pass,pass,pass,compliant
AppRouteNames.sc380StakingProofOfReserves,AppRoutePaths.earnProofOfReserves,AppRouteNames.sc380StakingProofOfReserves,StakingProofOfReservesPage,flutter_app/lib/features/earn_staking/presentation/pages/staking/staking_proof_of_reserves_page.dart,direct_vpc,features/earn_staking/presentation/pages/staking/staking_proof_of_reserves_page.dart;features/earn_staking/presentation/widgets/staking/staking_proof_of_reserves_assets.dart;features/earn_staking/presentation/widgets/staking/staking_proof_of_reserves_common.dart;features/earn_staking/presentation/widgets/staking/staking_proof_of_reserves_overview.dart;features/earn_staking/presentation/widgets/staking/staking_proof_of_reserves_overview_painters.dart;features/earn_staking/presentation/widgets/staking/staking_proof_of_reserves_verify.dart;features/earn_staking/presentation/widgets/staking/staking_proof_of_reserves_verify_sheet.dart,features/earn_staking/presentation/pages/staking/staking_proof_of_reserves_page.dart,standard,standard,aligned,pass,pass,pass,compliant
AppRouteNames.sc389StakingProposals,AppRoutePaths.earnProposals,AppRouteNames.sc389StakingProposals,StakingProposalsPage,flutter_app/lib/features/earn_staking/presentation/pages/staking/staking_proposals_page.dart,direct_vpc,features/earn_staking/presentation/pages/staking/staking_proposals_page.dart,features/earn_staking/presentation/pages/staking/staking_proposals_page.dart,standard,standard,aligned,pass,pass,pass,compliant
AppRouteNames.sc372StakingRecommendations,AppRoutePaths.earnRecommendations,AppRouteNames.sc372StakingRecommendations,StakingRecommendationsPage,flutter_app/lib/features/earn_staking/presentation/pages/staking/staking_recommendations_page.dart,direct_vpc,features/earn_staking/presentation/pages/staking/staking_recommendations_page.dart,features/earn_staking/presentation/pages/staking/staking_recommendations_page.dart,standard,standard,aligned,pass,pass,pass,compliant
AppRouteNames.sc373StakingRegulatoryFramework,AppRoutePaths.earnRegulatoryFramework,AppRouteNames.sc373StakingRegulatoryFramework,StakingRegulatoryFrameworkPage,flutter_app/lib/features/earn_staking/presentation/pages/staking/staking_regulatory_framework_page.dart,direct_vpc,features/earn_staking/presentation/pages/staking/staking_regulatory_framework_page.dart;features/earn_staking/presentation/widgets/staking/staking_regulatory_framework_hero_licenses.dart;features/earn_staking/presentation/widgets/staking/staking_regulatory_framework_protection_complaints.dart;features/earn_staking/presentation/widgets/staking/staking_regulatory_framework_sheet_common.dart,features/earn_staking/presentation/pages/staking/staking_regulatory_framework_page.dart,standard,standard,aligned,pass,pass,pass,compliant
AppRouteNames.sc381StakingRiskDashboard,AppRoutePaths.earnRiskDashboard,AppRouteNames.sc381StakingRiskDashboard,StakingRiskDashboardPage,flutter_app/lib/features/earn_staking/presentation/pages/staking/staking_risk_dashboard_page.dart,direct_vpc,features/earn_staking/presentation/pages/staking/staking_risk_dashboard_page.dart;features/earn_staking/presentation/widgets/staking/staking_risk_dashboard_page_common.dart;features/earn_staking/presentation/widgets/staking/staking_risk_dashboard_page_sections.dart,features/earn_staking/presentation/pages/staking/staking_risk_dashboard_page.dart,standard,standard,aligned,pass,pass,pass,compliant
AppRouteNames.sc384StakingRiskScoreCalculator,AppRoutePaths.earnRiskScoreCalculator,AppRouteNames.sc384StakingRiskScoreCalculator,StakingRiskScoreCalculatorPage,flutter_app/lib/features/earn_staking/presentation/pages/staking/staking_risk_score_calculator_page.dart,direct_vpc,features/earn_staking/presentation/pages/staking/staking_risk_score_calculator_page.dart;features/earn_staking/presentation/widgets/staking/staking_risk_score_inputs.dart;features/earn_staking/presentation/widgets/staking/staking_risk_score_radar.dart;features/earn_staking/presentation/widgets/staking/staking_risk_score_results.dart,features/earn_staking/presentation/pages/staking/staking_risk_score_calculator_page.dart,standard,standard,aligned,pass,pass,pass,compliant
AppRouteNames.sc329Savings,AppRoutePaths.earnSavings,AppRouteNames.sc329Savings,SavingsPage,flutter_app/lib/features/earn_savings/presentation/pages/savings/savings_page.dart,direct_vpc,features/earn_savings/presentation/pages/savings/savings_page.dart;features/earn_savings/presentation/widgets/savings/savings_home_common.dart;features/earn_savings/presentation/widgets/savings/savings_home_hero.dart;features/earn_savings/presentation/widgets/savings/savings_home_positions.dart;features/earn_savings/presentation/widgets/savings/savings_home_products.dart,features/earn_savings/presentation/pages/savings/savings_page.dart,standard,standard,aligned,pass,pass,pass,compliant
AppRouteNames.sc343SavingsAnalytics,AppRoutePaths.earnSavingsAnalytics,AppRouteNames.sc343SavingsAnalytics,SavingsAnalyticsPage,flutter_app/lib/features/earn_savings/presentation/pages/savings/savings_analytics_page.dart,direct_vpc,features/earn_savings/presentation/pages/savings/savings_analytics_page.dart;features/earn_savings/presentation/widgets/savings/savings_analytics_charts_metrics.dart;features/earn_savings/presentation/widgets/savings/savings_analytics_secondary_painters.dart;features/earn_savings/presentation/widgets/savings/savings_analytics_summary_range.dart,features/earn_savings/presentation/pages/savings/savings_analytics_page.dart,standard,standard,aligned,pass,pass,pass,compliant
AppRouteNames.sc341AutoCompoundSettings,AppRoutePaths.earnSavingsAutoCompound,AppRouteNames.sc341AutoCompoundSettings,AutoCompoundSettingsPage,flutter_app/lib/features/earn_savings/presentation/pages/savings/auto_compound_settings_page.dart,direct_vpc,features/earn_savings/presentation/pages/savings/auto_compound_settings_page.dart;features/earn_savings/presentation/widgets/hub/auto_compound_settings_calculator.dart;features/earn_savings/presentation/widgets/hub/auto_compound_settings_info_sheet.dart;features/earn_savings/presentation/widgets/hub/auto_compound_settings_positions.dart;features/earn_savings/presentation/widgets/hub/auto_compound_settings_settings_sheet.dart;features/earn_savings/presentation/widgets/hub/auto_compound_settings_shared.dart,features/earn_savings/presentation/pages/savings/auto_compound_settings_page.dart,standard,standard,aligned,pass,pass,pass,compliant
AppRouteNames.sc350SavingsAutoPilot,AppRoutePaths.earnSavingsAutoPilot,AppRouteNames.sc350SavingsAutoPilot,SavingsAutoPilotPage,flutter_app/lib/features/earn_savings/presentation/pages/savings/savings_autopilot_page.dart,direct_vpc,features/earn_savings/presentation/pages/savings/savings_autopilot_page.dart,features/earn_savings/presentation/pages/savings/savings_autopilot_page.dart,standard,standard,aligned,pass,pass,pass,compliant
AppRouteNames.sc349SavingsBacktest,AppRoutePaths.earnSavingsBacktest,AppRouteNames.sc349SavingsBacktest,SavingsBacktestPage,flutter_app/lib/features/earn_savings/presentation/pages/savings/savings_backtest_page.dart,direct_vpc,features/earn_savings/presentation/pages/savings/savings_backtest_page.dart,features/earn_savings/presentation/pages/savings/savings_backtest_page.dart,standard,standard,aligned,pass,pass,pass,compliant
AppRouteNames.sc340SavingsComparison,AppRoutePaths.earnSavingsComparison,AppRouteNames.sc340SavingsComparison,SavingsComparisonPage,flutter_app/lib/features/earn_savings/presentation/pages/savings/savings_comparison_page.dart,direct_vpc,features/earn_savings/presentation/pages/savings/savings_comparison_page.dart;features/earn_savings/presentation/widgets/hub/earn_comparison_chart.dart;features/earn_savings/presentation/widgets/hub/earn_comparison_summary.dart;features/earn_savings/presentation/widgets/hub/earn_comparison_table.dart,features/earn_savings/presentation/pages/savings/savings_comparison_page.dart,standard,standard,aligned,pass,pass,pass,compliant
AppRouteNames.sc346SavingsDca,AppRoutePaths.earnSavingsDca,AppRouteNames.sc346SavingsDca,SavingsDCAPage,flutter_app/lib/features/earn_savings/presentation/pages/savings/savings_dca_page.dart,direct_vpc,features/earn_savings/presentation/pages/savings/savings_dca_page.dart;features/earn_savings/presentation/widgets/savings/savings_dca_common.dart;features/earn_savings/presentation/widgets/savings/savings_dca_history_sheet.dart;features/earn_savings/presentation/widgets/savings/savings_dca_plans.dart;features/earn_savings/presentation/widgets/savings/savings_dca_summary.dart,features/earn_savings/presentation/pages/savings/savings_dca_page.dart,standard,standard,aligned,pass,pass,pass,compliant
AppRouteNames.sc348SavingsExport,AppRoutePaths.earnSavingsExport,AppRouteNames.sc348SavingsExport,SavingsExportPage,flutter_app/lib/features/earn_savings/presentation/pages/savings/savings_export_page.dart,direct_vpc,features/earn_savings/presentation/pages/savings/savings_export_page.dart;features/earn_savings/presentation/widgets/savings/savings_export_config_widgets.dart;features/earn_savings/presentation/widgets/savings/savings_export_option_widgets.dart;features/earn_savings/presentation/widgets/savings/savings_export_summary_widgets.dart,features/earn_savings/presentation/pages/savings/savings_export_page.dart,standard,standard,aligned,pass,pass,pass,compliant
AppRouteNames.sc336SavingsFAQ,AppRoutePaths.earnSavingsFAQ,AppRouteNames.sc336SavingsFAQ,SavingsFAQPage,flutter_app/lib/features/earn_savings/presentation/pages/savings/savings_faq_page.dart,direct_vpc,features/earn_savings/presentation/pages/savings/savings_faq_page.dart;features/earn_savings/presentation/widgets/savings/savings_faq_page_common.dart;features/earn_savings/presentation/widgets/savings/savings_faq_page_sections.dart,features/earn_savings/presentation/pages/savings/savings_faq_page.dart,standard,standard,aligned,pass,pass,pass,compliant
AppRouteNames.sc342SavingsGoal,AppRoutePaths.earnSavingsGoals,AppRouteNames.sc342SavingsGoal,SavingsGoalPage,flutter_app/lib/features/earn_savings/presentation/pages/savings/savings_goal_page.dart,direct_vpc,features/earn_savings/presentation/pages/savings/savings_goal_page.dart;features/earn_savings/presentation/widgets/savings/savings_goal_card.dart;features/earn_savings/presentation/widgets/savings/savings_goal_create_sheet.dart;features/earn_savings/presentation/widgets/savings/savings_goal_detail_sheet.dart;features/earn_savings/presentation/widgets/savings/savings_goal_sheet_common.dart;features/earn_savings/presentation/widgets/savings/savings_goal_summary_card.dart;features/earn_savings/presentation/widgets/savings/savings_goal_visuals.dart,features/earn_savings/presentation/pages/savings/savings_goal_page.dart,standard,standard,aligned,pass,pass,pass,compliant
AppRouteNames.sc335SavingsGuide,AppRoutePaths.earnSavingsGuide,AppRouteNames.sc335SavingsGuide,SavingsGuidePage,flutter_app/lib/features/earn_savings/presentation/pages/savings/savings_guide_page.dart,direct_vpc,features/earn_savings/presentation/pages/savings/savings_guide_page.dart,features/earn_savings/presentation/pages/savings/savings_guide_page.dart,standard,standard,aligned,pass,pass,pass,compliant
AppRouteNames.sc334SavingsHistory,AppRoutePaths.earnSavingsHistory,AppRouteNames.sc334SavingsHistory,SavingsHistoryPage,flutter_app/lib/features/earn_savings/presentation/pages/savings/savings_history_page.dart,direct_vpc,features/earn_savings/presentation/pages/savings/savings_history_page.dart;features/earn_savings/presentation/widgets/savings/savings_history_page_common.dart;features/earn_savings/presentation/widgets/savings/savings_history_page_sections.dart,features/earn_savings/presentation/pages/savings/savings_history_page.dart,standard,standard,aligned,pass,pass,pass,compliant
AppRouteNames.sc351SavingsLadder,AppRoutePaths.earnSavingsLadder,AppRouteNames.sc351SavingsLadder,SavingsLadderPage,flutter_app/lib/features/earn_savings/presentation/pages/savings/savings_ladder_page.dart,direct_vpc,features/earn_savings/presentation/pages/savings/savings_ladder_page.dart,features/earn_savings/presentation/pages/savings/savings_ladder_page.dart,standard,standard,aligned,pass,pass,pass,compliant
AppRouteNames.sc345SavingsNotificationPreferences,AppRoutePaths.earnSavingsNotificationPreferences,AppRouteNames.sc345SavingsNotificationPreferences,SavingsNotificationPreferencesPage,flutter_app/lib/features/earn_savings/presentation/pages/savings/savings_notification_preferences_page.dart,direct_vpc,features/earn_savings/presentation/pages/savings/savings_notification_preferences_page.dart,features/earn_savings/presentation/pages/savings/savings_notification_preferences_page.dart,standard,standard,aligned,pass,pass,pass,compliant
AppRouteNames.sc337SavingsNotifications,AppRoutePaths.earnSavingsNotifications,AppRouteNames.sc337SavingsNotifications,SavingsNotificationsPage,flutter_app/lib/features/earn_savings/presentation/pages/savings/savings_notifications_page.dart,direct_vpc,features/earn_savings/presentation/pages/savings/savings_notifications_page.dart;features/earn_savings/presentation/widgets/savings/savings_notifications_common.dart;features/earn_savings/presentation/widgets/savings/savings_notifications_history.dart;features/earn_savings/presentation/widgets/savings/savings_notifications_settings.dart,features/earn_savings/presentation/pages/savings/savings_notifications_page.dart,standard,standard,aligned,pass,pass,pass,compliant
AppRouteNames.sc333SavingsPortfolio,AppRoutePaths.earnSavingsPortfolio,AppRouteNames.sc333SavingsPortfolio,SavingsPortfolioPage,flutter_app/lib/features/earn_savings/presentation/pages/savings/savings_portfolio_page.dart,direct_vpc,features/earn_savings/presentation/pages/savings/earn_portfolio_page.dart;features/earn_savings/presentation/pages/savings/savings_portfolio_page.dart,features/earn_savings/presentation/pages/savings/earn_portfolio_page.dart,standard,standard,aligned,pass,pass,pass,compliant
AppRouteNames.sc330SavingsProductDetail,AppRoutePaths.earnSavingsProductSample,AppRouteNames.sc330SavingsProductDetail,SavingsProductDetailPage,flutter_app/lib/features/earn_savings/presentation/pages/savings/savings_product_detail_page.dart,direct_vpc,features/earn_savings/presentation/pages/savings/savings_product_detail_page.dart,features/earn_savings/presentation/pages/savings/savings_product_detail_page.dart,standard,standard,aligned,pass,pass,pass,compliant
AppRouteNames.sc344SavingsAutoRebalance,AppRoutePaths.earnSavingsRebalance,AppRouteNames.sc344SavingsAutoRebalance,SavingsAutoRebalancePage,flutter_app/lib/features/earn_savings/presentation/pages/savings/savings_auto_rebalance_page.dart,direct_vpc,features/earn_savings/presentation/pages/savings/savings_auto_rebalance_page.dart;features/earn_savings/presentation/widgets/savings/savings_auto_rebalance_allocation.dart;features/earn_savings/presentation/widgets/savings/savings_auto_rebalance_drift_history.dart;features/earn_savings/presentation/widgets/savings/savings_auto_rebalance_history.dart;features/earn_savings/presentation/widgets/savings/savings_auto_rebalance_painters.dart;features/earn_savings/presentation/widgets/savings/savings_auto_rebalance_preview.dart;features/earn_savings/presentation/widgets/savings/savings_auto_rebalance_settings.dart;features/earn_savings/presentation/widgets/savings/savings_auto_rebalance_shared.dart;features/earn_savings/presentation/widgets/savings/savings_auto_rebalance_strategy.dart,features/earn_savings/presentation/pages/savings/savings_auto_rebalance_page.dart,standard,standard,aligned,pass,pass,pass,compliant
AppRouteNames.sc332SavingsReceipt,AppRoutePaths.earnSavingsReceipt,AppRouteNames.sc332SavingsReceipt,SavingsReceiptPage,flutter_app/lib/features/earn_savings/presentation/pages/savings/savings_receipt_page.dart,direct_vpc,features/earn_savings/presentation/pages/savings/savings_receipt_page.dart,features/earn_savings/presentation/pages/savings/savings_receipt_page.dart,standard,standard,aligned,pass,pass,pass,compliant
AppRouteNames.sc338SavingsRecommendations,AppRoutePaths.earnSavingsRecommendations,AppRouteNames.sc338SavingsRecommendations,SavingsRecommendationsPage,flutter_app/lib/features/earn_savings/presentation/pages/savings/savings_recommendations_page.dart,direct_vpc,features/earn_savings/presentation/pages/savings/savings_recommendations_page.dart;features/earn_savings/presentation/widgets/savings/savings_recommendations_amount_panel.dart;features/earn_savings/presentation/widgets/savings/savings_recommendations_compare_sheet.dart;features/earn_savings/presentation/widgets/savings/savings_recommendations_hero.dart;features/earn_savings/presentation/widgets/savings/savings_recommendations_insights.dart;features/earn_savings/presentation/widgets/savings/savings_recommendations_shared.dart;features/earn_savings/presentation/widgets/savings/savings_recommendations_strategy_card.dart;features/earn_savings/presentation/widgets/savings/savings_recommendations_strategy_detail_sheet.dart,features/earn_savings/presentation/pages/savings/savings_recommendations_page.dart,standard,standard,aligned,pass,pass,pass,compliant
AppRouteNames.sc331SavingsRedeem,AppRoutePaths.earnSavingsRedeemPos001,AppRouteNames.sc331SavingsRedeem,SavingsRedeemPage,flutter_app/lib/features/earn_savings/presentation/pages/savings/savings_redeem_page.dart,direct_vpc,features/earn_savings/presentation/pages/savings/savings_redeem_page.dart,features/earn_savings/presentation/pages/savings/savings_redeem_page.dart,standard,standard,aligned,pass,pass,pass,compliant
AppRouteNames.sc339SavingsRiskAssessment,AppRoutePaths.earnSavingsRiskAssessment,AppRouteNames.sc339SavingsRiskAssessment,SavingsRiskAssessmentPage,flutter_app/lib/features/earn_savings/presentation/pages/savings/savings_risk_assessment_page.dart,direct_vpc,features/earn_savings/presentation/pages/savings/savings_risk_assessment_page.dart;features/earn_savings/presentation/widgets/savings/savings_risk_assessment_products_common.dart;features/earn_savings/presentation/widgets/savings/savings_risk_assessment_questions.dart;features/earn_savings/presentation/widgets/savings/savings_risk_assessment_result.dart,features/earn_savings/presentation/pages/savings/savings_risk_assessment_page.dart,standard,standard,aligned,pass,pass,pass,compliant
AppRouteNames.sc347SavingsSmartSuggestions,AppRoutePaths.earnSavingsSmartSuggestions,AppRouteNames.sc347SavingsSmartSuggestions,SavingsSmartSuggestionsPage,flutter_app/lib/features/earn_savings/presentation/pages/savings/savings_smart_suggestions_page.dart,direct_vpc,features/earn_savings/presentation/pages/savings/savings_smart_suggestions_page.dart,features/earn_savings/presentation/pages/savings/savings_smart_suggestions_page.dart,standard,standard,aligned,pass,pass,pass,compliant
AppRouteNames.sc352SavingsWhatIf,AppRoutePaths.earnSavingsWhatIf,AppRouteNames.sc352SavingsWhatIf,SavingsWhatIfPage,flutter_app/lib/features/earn_savings/presentation/pages/savings/savings_what_if_page.dart,direct_vpc,features/earn_savings/presentation/pages/savings/savings_what_if_page.dart;features/earn_savings/presentation/widgets/savings/savings_what_if_asset_impact.dart;features/earn_savings/presentation/widgets/savings/savings_what_if_common_widgets.dart;features/earn_savings/presentation/widgets/savings/savings_what_if_models.dart;features/earn_savings/presentation/widgets/savings/savings_what_if_painters.dart;features/earn_savings/presentation/widgets/savings/savings_what_if_results.dart;features/earn_savings/presentation/widgets/savings/savings_what_if_stress.dart;features/earn_savings/presentation/widgets/savings/savings_what_if_stress_components.dart,features/earn_savings/presentation/pages/savings/savings_what_if_page.dart,standard,standard,aligned,pass,pass,pass,compliant
AppRouteNames.sc382StakingSlashingHistory,AppRoutePaths.earnSlashingHistory,AppRouteNames.sc382StakingSlashingHistory,StakingSlashingHistoryPage,flutter_app/lib/features/earn_staking/presentation/pages/staking/staking_slashing_history_page.dart,direct_vpc,features/earn_staking/presentation/pages/staking/staking_slashing_history_page.dart,features/earn_staking/presentation/pages/staking/staking_slashing_history_page.dart,standard,standard,aligned,pass,pass,pass,compliant
AppRouteNames.sc387StakingSocialFeed,AppRoutePaths.earnSocialFeed,AppRouteNames.sc387StakingSocialFeed,StakingSocialFeedPage,flutter_app/lib/features/earn_staking/presentation/pages/staking/staking_social_feed_page.dart,direct_vpc,features/earn_staking/presentation/pages/staking/staking_social_feed_page.dart;features/earn_staking/presentation/widgets/staking/staking_social_feed_page_common.dart;features/earn_staking/presentation/widgets/staking/staking_social_feed_page_sections.dart,features/earn_staking/presentation/pages/staking/staking_social_feed_page.dart,standard,standard,aligned,pass,pass,pass,compliant
AppRouteNames.sc328StakingEarnStaking,AppRoutePaths.earnStaking,AppRouteNames.sc328StakingEarnStaking,StakingEarnPage,flutter_app/lib/features/earn_staking/presentation/pages/staking/staking_earn_page.dart,direct_vpc,features/earn_staking/presentation/pages/staking/staking_earn_page.dart;features/earn_staking/presentation/widgets/staking/staking_earn_hero_tabs.dart;features/earn_staking/presentation/widgets/staking/staking_earn_positions_common.dart;features/earn_staking/presentation/widgets/staking/staking_earn_products.dart;features/earn_staking/presentation/widgets/staking/staking_earn_tools.dart,features/earn_staking/presentation/pages/staking/staking_earn_page.dart,standard,standard,aligned,pass,pass,pass,compliant
AppRouteNames.sc357StakingRiskAssessment,AppRoutePaths.earnStakingRiskAssessment,AppRouteNames.sc357StakingRiskAssessment,StakingRiskAssessmentPage,flutter_app/lib/features/earn_staking/presentation/pages/staking/staking_risk_assessment_page.dart,direct_vpc,features/earn_staking/presentation/pages/staking/staking_risk_assessment_page.dart;features/earn_staking/presentation/widgets/staking/staking_risk_assessment_page_common.dart;features/earn_staking/presentation/widgets/staking/staking_risk_assessment_page_sections.dart,features/earn_staking/presentation/pages/staking/staking_risk_assessment_page.dart,standard,standard,aligned,pass,pass,pass,compliant
AppRouteNames.sc354StakingRiskDisclosure,AppRoutePaths.earnStakingRiskDisclosure,AppRouteNames.sc354StakingRiskDisclosure,StakingRiskDisclosurePage,flutter_app/lib/features/earn_staking/presentation/pages/staking/staking_risk_disclosure_page.dart,direct_vpc,features/earn_staking/presentation/pages/staking/staking_risk_disclosure_page.dart;features/earn_staking/presentation/widgets/staking/staking_risk_disclosure_assessment_common.dart;features/earn_staking/presentation/widgets/staking/staking_risk_disclosure_categories.dart;features/earn_staking/presentation/widgets/staking/staking_risk_disclosure_overview.dart,features/earn_staking/presentation/pages/staking/staking_risk_disclosure_page.dart,standard,standard,aligned,pass,pass,pass,compliant
AppRouteNames.sc356StakingTaxGuide,AppRoutePaths.earnStakingTaxGuide,AppRouteNames.sc356StakingTaxGuide,StakingTaxGuidePage,flutter_app/lib/features/earn_staking/presentation/pages/staking/staking_tax_guide_page.dart,direct_vpc,features/earn_staking/presentation/pages/staking/staking_tax_guide_page.dart,features/earn_staking/presentation/pages/staking/staking_tax_guide_page.dart,standard,standard,aligned,pass,pass,pass,compliant
AppRouteNames.sc353StakingTerms,AppRoutePaths.earnStakingTerms,AppRouteNames.sc353StakingTerms,StakingTermsPage,flutter_app/lib/features/earn_staking/presentation/pages/staking/staking_terms_page.dart,direct_vpc,features/earn_staking/presentation/pages/staking/staking_terms_page.dart,features/earn_staking/presentation/pages/staking/staking_terms_page.dart,standard,standard,aligned,pass,pass,pass,compliant
AppRouteNames.sc355StakingWithdrawalPolicy,AppRoutePaths.earnStakingWithdrawalPolicy,AppRouteNames.sc355StakingWithdrawalPolicy,StakingWithdrawalPolicyPage,flutter_app/lib/features/earn_staking/presentation/pages/staking/staking_withdrawal_policy_page.dart,direct_vpc,features/earn_staking/presentation/pages/staking/staking_withdrawal_policy_page.dart;features/earn_staking/presentation/widgets/staking/staking_withdrawal_policy_calculator.dart;features/earn_staking/presentation/widgets/staking/staking_withdrawal_policy_common.dart;features/earn_staking/presentation/widgets/staking/staking_withdrawal_policy_emergency.dart;features/earn_staking/presentation/widgets/staking/staking_withdrawal_policy_penalties.dart;features/earn_staking/presentation/widgets/staking/staking_withdrawal_policy_timeline.dart,features/earn_staking/presentation/pages/staking/staking_withdrawal_policy_page.dart,form,standard,aligned,pass,pass,pass,compliant
AppRouteNames.sc376StakingSuitabilityAssessment,AppRoutePaths.earnSuitabilityAssessment,AppRouteNames.sc376StakingSuitabilityAssessment,StakingSuitabilityAssessmentPage,flutter_app/lib/features/earn_staking/presentation/pages/staking/staking_suitability_assessment_page.dart,direct_vpc,features/earn_staking/presentation/pages/staking/staking_suitability_assessment_page.dart;features/earn_staking/presentation/widgets/staking/staking_suitability_assessment_page_common.dart;features/earn_staking/presentation/widgets/staking/staking_suitability_assessment_page_sections.dart,features/earn_staking/presentation/pages/staking/staking_suitability_assessment_page.dart,standard,standard,aligned,pass,pass,pass,compliant
AppRouteNames.sc395StakingThirdPartyIntegrations,AppRoutePaths.earnThirdPartyIntegrations,AppRouteNames.sc395StakingThirdPartyIntegrations,StakingThirdPartyIntegrationsPage,flutter_app/lib/features/earn_staking/presentation/pages/staking/staking_third_party_integrations_page.dart,direct_vpc,features/earn_staking/presentation/pages/staking/staking_third_party_integrations_page.dart,features/earn_staking/presentation/pages/staking/staking_third_party_integrations_page.dart,standard,standard,aligned,pass,pass,pass,compliant
AppRouteNames.sc378StakingTransactionReporting,AppRoutePaths.earnTransactionReporting,AppRouteNames.sc378StakingTransactionReporting,StakingTransactionReportingPage,flutter_app/lib/features/earn_staking/presentation/pages/staking/staking_transaction_reporting_page.dart,direct_vpc,features/earn_staking/presentation/pages/staking/staking_transaction_reporting_page.dart;features/earn_staking/presentation/widgets/staking/staking_transaction_reporting_sheet_widgets.dart;features/earn_staking/presentation/widgets/staking/staking_transaction_reporting_summary_widgets.dart;features/earn_staking/presentation/widgets/staking/staking_transaction_reporting_transaction_widgets.dart,features/earn_staking/presentation/pages/staking/staking_transaction_reporting_page.dart,standard,standard,aligned,pass,pass,pass,compliant
AppRouteNames.sc383StakingValidatorHealthMonitor,AppRoutePaths.earnValidatorHealthMonitor,AppRouteNames.sc383StakingValidatorHealthMonitor,StakingValidatorHealthMonitorPage,flutter_app/lib/features/earn_staking/presentation/pages/staking/staking_validator_health_monitor_page.dart,direct_vpc,features/earn_staking/presentation/pages/staking/staking_validator_health_monitor_page.dart;features/earn_staking/presentation/widgets/staking/staking_validator_health_monitor_page_common.dart;features/earn_staking/presentation/widgets/staking/staking_validator_health_monitor_page_sections.dart,features/earn_staking/presentation/pages/staking/staking_validator_health_monitor_page.dart,standard,standard,aligned,pass,pass,pass,compliant
AppRouteNames.sc362StakingValidatorSelection,AppRoutePaths.earnValidatorSelection,AppRouteNames.sc362StakingValidatorSelection,StakingValidatorSelectionPage,flutter_app/lib/features/earn_staking/presentation/pages/staking/staking_validator_selection_page.dart,direct_vpc,features/earn_staking/presentation/pages/staking/staking_validator_selection_page.dart,features/earn_staking/presentation/pages/staking/staking_validator_selection_page.dart,standard,standard,aligned,pass,pass,pass,compliant
AppRouteNames.sc391StakingVoting,AppRoutePaths.earnVoting,AppRouteNames.sc391StakingVoting,StakingVotingPage,flutter_app/lib/features/earn_staking/presentation/pages/staking/staking_voting_page.dart,direct_vpc,features/earn_staking/presentation/pages/staking/staking_voting_page.dart,features/earn_staking/presentation/pages/staking/staking_voting_page.dart,standard,standard,aligned,pass,pass,pass,compliant
AppRouteNames.sc390StakingVotingDetail,AppRoutePaths.earnVotingProposalRoute,AppRouteNames.sc390StakingVotingDetail,StakingVotingPage,flutter_app/lib/features/earn_staking/presentation/pages/staking/staking_voting_page.dart,direct_vpc,features/earn_staking/presentation/pages/staking/staking_voting_page.dart,features/earn_staking/presentation/pages/staking/staking_voting_page.dart,standard,standard,aligned,pass,pass,pass,compliant
AppRouteNames.sc393StakingWebhooks,AppRoutePaths.earnWebhooks,AppRouteNames.sc393StakingWebhooks,StakingWebhooksPage,flutter_app/lib/features/earn_staking/presentation/pages/staking/staking_webhooks_page.dart,direct_vpc,features/earn_staking/presentation/pages/staking/staking_webhooks_page.dart,features/earn_staking/presentation/pages/staking/staking_webhooks_page.dart,standard,standard,aligned,pass,pass,pass,compliant
AppRouteNames.sc320EnterpriseStates,AppRoutePaths.enterpriseStates,AppRouteNames.sc320EnterpriseStates,buildSurfaceAwareTabletRoute,flutter_app/lib/shared/layout/vit_tablet_utility_page.dart,direct_vpc,shared/layout/vit_tablet_utility_page.dart,shared/layout/vit_tablet_utility_page.dart,form,standard,exception,pass,pass,pass,compliant
AppRouteNames.sc418ForceUpdateGate,AppRoutePaths.forceUpdateGate,AppRouteNames.sc418ForceUpdateGate,ForceUpdateGatePage,flutter_app/lib/features/enterprise_states/presentation/pages/force_update_gate_page.dart,direct_vpc,features/enterprise_states/presentation/pages/force_update_gate_page.dart,features/enterprise_states/presentation/pages/force_update_gate_page.dart,standard,standard,aligned,pass,pass,pass,compliant
AppRouteNames.sc007Home,AppRoutePaths.home,AppRouteNames.sc007Home,switch,flutter_app/lib/features/home/presentation/phone/pages/home_page.dart,direct_vpc,features/home/presentation/phone/pages/home_page.dart;features/home/presentation/phone/pages/home_page_state.dart,features/home/presentation/phone/pages/home_page.dart,compact,compact,aligned,pass,pass,pass,compliant;visual_qa_evidence
AppRouteNames.sc295Launchpad,AppRoutePaths.launchpad,AppRouteNames.sc295Launchpad,LaunchpadPage,flutter_app/lib/features/launchpad/presentation/pages/hub/launchpad_page.dart,direct_vpc,features/launchpad/presentation/pages/hub/launchpad_page.dart;features/launchpad/presentation/widgets/hub/launchpad_home_header_widgets.dart;features/launchpad/presentation/widgets/hub/launchpad_home_helpers.dart;features/launchpad/presentation/widgets/hub/launchpad_home_project_widgets.dart;features/launchpad/presentation/widgets/hub/launchpad_home_shared_widgets.dart;features/launchpad/presentation/widgets/hub/launchpad_home_tool_widgets.dart,features/launchpad/presentation/pages/hub/launchpad_page.dart,standard,standard,aligned,pass,pass,pass,compliant
AppRouteNames.sc308LaunchpadAbiDiff,AppRoutePaths.launchpadAbiDiff,AppRouteNames.sc308LaunchpadAbiDiff,LaunchpadAbiDiffPage,flutter_app/lib/features/launchpad/presentation/pages/tools/launchpad_abi_diff_page.dart,direct_vpc,features/launchpad/presentation/pages/tools/launchpad_abi_diff_page.dart;features/launchpad/presentation/widgets/tools/launchpad_abi_diff_entries.dart;features/launchpad/presentation/widgets/tools/launchpad_abi_diff_extensions.dart;features/launchpad/presentation/widgets/tools/launchpad_abi_diff_summary.dart,features/launchpad/presentation/pages/tools/launchpad_abi_diff_page.dart,standard,standard,aligned,pass,pass,pass,compliant
AppRouteNames.sc309LaunchpadAddressBook,AppRoutePaths.launchpadAddressBook,AppRouteNames.sc309LaunchpadAddressBook,LaunchpadAddressBookPage,flutter_app/lib/features/launchpad/presentation/pages/tools/launchpad_address_book_page.dart,direct_vpc,features/launchpad/presentation/pages/tools/launchpad_address_book_page.dart;features/launchpad/presentation/widgets/tools/launchpad_address_book_cards.dart;features/launchpad/presentation/widgets/tools/launchpad_address_book_controls.dart;features/launchpad/presentation/widgets/tools/launchpad_address_book_sheet_common.dart,features/launchpad/presentation/pages/tools/launchpad_address_book_page.dart,standard,standard,aligned,pass,pass,pass,compliant
AppRouteNames.sc304LaunchpadBatchClaim,AppRoutePaths.launchpadBatchClaim,AppRouteNames.sc304LaunchpadBatchClaim,LaunchpadBatchClaimPage,flutter_app/lib/features/launchpad/presentation/pages/claim/launchpad_batch_claim_page.dart,direct_vpc,features/launchpad/presentation/pages/claim/launchpad_batch_claim_page.dart;features/launchpad/presentation/widgets/claim/launchpad_batch_claim_review_success.dart;features/launchpad/presentation/widgets/claim/launchpad_batch_claim_selection.dart;features/launchpad/presentation/widgets/claim/launchpad_batch_claim_summary.dart,features/launchpad/presentation/pages/claim/launchpad_batch_claim_page.dart,standard,standard,aligned,pass,pass,pass,compliant
AppRouteNames.sc305LaunchpadBridgeCompare,AppRoutePaths.launchpadBridgeCompare,AppRouteNames.sc305LaunchpadBridgeCompare,LaunchpadBridgeComparePage,flutter_app/lib/features/launchpad/presentation/pages/bridge/launchpad_bridge_compare_page.dart,direct_vpc,features/launchpad/presentation/pages/bridge/launchpad_bridge_compare_page.dart;features/launchpad/presentation/widgets/bridge/launchpad_bridge_compare_common.dart;features/launchpad/presentation/widgets/bridge/launchpad_bridge_compare_confirm.dart;features/launchpad/presentation/widgets/bridge/launchpad_bridge_compare_hero.dart;features/launchpad/presentation/widgets/bridge/launchpad_bridge_compare_quick_compare.dart;features/launchpad/presentation/widgets/bridge/launchpad_bridge_compare_route_details.dart;features/launchpad/presentation/widgets/bridge/launchpad_bridge_compare_route_list.dart;features/launchpad/presentation/widgets/bridge/launchpad_bridge_compare_route_metrics.dart,features/launchpad/presentation/pages/bridge/launchpad_bridge_compare_page.dart,standard,standard,aligned,pass,pass,pass,compliant
AppRouteNames.sc303LaunchpadBridgeOrder,AppRoutePaths.launchpadBridgeOrderTx001,AppRouteNames.sc303LaunchpadBridgeOrder,LaunchpadBridgeOrderPage,flutter_app/lib/features/launchpad/presentation/pages/bridge/launchpad_bridge_order_page.dart,direct_vpc,features/launchpad/presentation/pages/bridge/launchpad_bridge_order_page.dart;features/launchpad/presentation/widgets/bridge/launchpad_bridge_order_details.dart;features/launchpad/presentation/widgets/bridge/launchpad_bridge_order_events.dart;features/launchpad/presentation/widgets/bridge/launchpad_bridge_order_hero.dart;features/launchpad/presentation/widgets/bridge/launchpad_bridge_order_timeline.dart,features/launchpad/presentation/pages/bridge/launchpad_bridge_order_page.dart,standard,standard,aligned,pass,pass,pass,compliant
AppRouteNames.sc302LaunchpadClaimReceipt,AppRoutePaths.launchpadClaimReceiptPos001,AppRouteNames.sc302LaunchpadClaimReceipt,LaunchpadClaimReceiptPage,flutter_app/lib/features/launchpad/presentation/pages/claim/launchpad_claim_receipt_page.dart,direct_vpc,features/launchpad/presentation/pages/claim/launchpad_claim_receipt_page.dart;features/launchpad/presentation/widgets/claim/launchpad_claim_receipt_claim_sheet_widgets.dart;features/launchpad/presentation/widgets/claim/launchpad_claim_receipt_hero_widgets.dart;features/launchpad/presentation/widgets/claim/launchpad_claim_receipt_misc_widgets.dart;features/launchpad/presentation/widgets/claim/launchpad_claim_receipt_overview_widgets.dart;features/launchpad/presentation/widgets/claim/launchpad_claim_receipt_timeline_widgets.dart,features/launchpad/presentation/pages/claim/launchpad_claim_receipt_page.dart,standard,standard,aligned,pass,pass,pass,compliant
AppRouteNames.sc300LaunchpadContract,AppRoutePaths.launchpadContractSample,AppRouteNames.sc300LaunchpadContract,LaunchpadContractPage,flutter_app/lib/features/launchpad/presentation/pages/hub/launchpad_contract_page.dart,direct_vpc,features/launchpad/presentation/pages/hub/launchpad_contract_page.dart,features/launchpad/presentation/pages/hub/launchpad_contract_page.dart,standard,standard,aligned,pass,pass,pass,compliant
AppRouteNames.sc316LaunchpadDcaBuilder,AppRoutePaths.launchpadDcaBuilder,AppRouteNames.sc316LaunchpadDcaBuilder,LaunchpadDcaBuilderPage,flutter_app/lib/features/launchpad/presentation/pages/tools/launchpad_dca_builder_page.dart,direct_vpc,features/launchpad/presentation/pages/tools/launchpad_dca_builder_page.dart,features/launchpad/presentation/pages/tools/launchpad_dca_builder_page.dart,standard,standard,aligned,pass,pass,pass,compliant
AppRouteNames.sc307LaunchpadEventLog,AppRoutePaths.launchpadEventLog,AppRouteNames.sc307LaunchpadEventLog,LaunchpadEventLogPage,flutter_app/lib/features/launchpad/presentation/pages/tools/launchpad_event_log_page.dart,direct_vpc,features/launchpad/presentation/pages/tools/launchpad_event_log_page.dart;features/launchpad/presentation/widgets/tools/launchpad_event_log_export_widgets.dart;features/launchpad/presentation/widgets/tools/launchpad_event_log_filter_widgets.dart;features/launchpad/presentation/widgets/tools/launchpad_event_log_list_widgets.dart;features/launchpad/presentation/widgets/tools/launchpad_event_log_misc_widgets.dart,features/launchpad/presentation/pages/tools/launchpad_event_log_page.dart,standard,standard,aligned,pass,pass,pass,compliant
AppRouteNames.sc311LaunchpadGasTracker,AppRoutePaths.launchpadGasTracker,AppRouteNames.sc311LaunchpadGasTracker,LaunchpadGasTrackerPage,flutter_app/lib/features/launchpad/presentation/pages/tools/launchpad_gas_tracker_page.dart,direct_vpc,features/launchpad/presentation/pages/tools/launchpad_gas_tracker_page.dart;features/launchpad/presentation/widgets/tools/launchpad_gas_tracker_alert_sheet.dart;features/launchpad/presentation/widgets/tools/launchpad_gas_tracker_alerts.dart;features/launchpad/presentation/widgets/tools/launchpad_gas_tracker_chains.dart;features/launchpad/presentation/widgets/tools/launchpad_gas_tracker_common.dart;features/launchpad/presentation/widgets/tools/launchpad_gas_tracker_estimator.dart;features/launchpad/presentation/widgets/tools/launchpad_gas_tracker_hero.dart;features/launchpad/presentation/widgets/tools/launchpad_gas_tracker_prices.dart,features/launchpad/presentation/pages/tools/launchpad_gas_tracker_page.dart,standard,standard,aligned,pass,pass,pass,compliant
AppRouteNames.sc299LaunchpadIdoBridge,AppRoutePaths.launchpadIdoBridgeSample,AppRouteNames.sc299LaunchpadIdoBridge,LaunchpadIdoBridgePage,flutter_app/lib/features/launchpad/presentation/pages/bridge/launchpad_ido_bridge_page.dart,direct_vpc,features/launchpad/presentation/pages/bridge/launchpad_ido_bridge_page.dart,features/launchpad/presentation/pages/bridge/launchpad_ido_bridge_page.dart,standard,standard,aligned,pass,pass,pass,compliant
AppRouteNames.sc315LaunchpadLimitOrders,AppRoutePaths.launchpadLimitOrders,AppRouteNames.sc315LaunchpadLimitOrders,LaunchpadLimitOrdersPage,flutter_app/lib/features/launchpad/presentation/pages/tools/launchpad_limit_orders_page.dart,direct_vpc,features/launchpad/presentation/pages/tools/launchpad_limit_orders_page.dart;features/launchpad/presentation/widgets/tools/launchpad_limit_orders_active_widgets.dart;features/launchpad/presentation/widgets/tools/launchpad_limit_orders_create_fields.dart;features/launchpad/presentation/widgets/tools/launchpad_limit_orders_create_widgets.dart;features/launchpad/presentation/widgets/tools/launchpad_limit_orders_formatters.dart;features/launchpad/presentation/widgets/tools/launchpad_limit_orders_header_widgets.dart;features/launchpad/presentation/widgets/tools/launchpad_limit_orders_history_widgets.dart;features/launchpad/presentation/widgets/tools/launchpad_limit_orders_preview_widgets.dart,features/launchpad/presentation/pages/tools/launchpad_limit_orders_page.dart,standard,standard,aligned,pass,pass,pass,compliant
AppRouteNames.sc313LaunchpadMultisig,AppRoutePaths.launchpadMultisig,AppRouteNames.sc313LaunchpadMultisig,LaunchpadMultisigPage,flutter_app/lib/features/launchpad/presentation/pages/tools/launchpad_multisig_page.dart,direct_vpc,features/launchpad/presentation/pages/tools/launchpad_multisig_page.dart;features/launchpad/presentation/widgets/tools/launchpad_multisig_create_sheet.dart;features/launchpad/presentation/widgets/tools/launchpad_multisig_owners.dart;features/launchpad/presentation/widgets/tools/launchpad_multisig_page_chrome.dart;features/launchpad/presentation/widgets/tools/launchpad_multisig_queue_history.dart;features/launchpad/presentation/widgets/tools/launchpad_multisig_tx_card.dart;features/launchpad/presentation/widgets/tools/launchpad_multisig_tx_details.dart,features/launchpad/presentation/pages/tools/launchpad_multisig_page.dart,standard,standard,aligned,pass,pass,pass,compliant
AppRouteNames.sc306LaunchpadNotifSound,AppRoutePaths.launchpadNotifSound,AppRouteNames.sc306LaunchpadNotifSound,LaunchpadNotifSoundPage,flutter_app/lib/features/launchpad/presentation/pages/tools/launchpad_notif_sound_page.dart,direct_vpc,features/launchpad/presentation/pages/tools/launchpad_notif_sound_page.dart;features/launchpad/presentation/widgets/tools/launchpad_notif_sound_categories.dart;features/launchpad/presentation/widgets/tools/launchpad_notif_sound_controls.dart;features/launchpad/presentation/widgets/tools/launchpad_notif_sound_footer.dart,features/launchpad/presentation/pages/tools/launchpad_notif_sound_page.dart,standard,standard,aligned,pass,pass,pass,compliant
AppRouteNames.sc297LaunchpadPerformance,AppRoutePaths.launchpadPerformance,AppRouteNames.sc297LaunchpadPerformance,LaunchpadPerformancePage,flutter_app/lib/features/launchpad/presentation/pages/hub/launchpad_performance_page.dart,direct_vpc,features/launchpad/presentation/pages/hub/launchpad_performance_page.dart;features/launchpad/presentation/widgets/hub/launchpad_performance_chart_common.dart;features/launchpad/presentation/widgets/hub/launchpad_performance_overview.dart;features/launchpad/presentation/widgets/hub/launchpad_performance_projects.dart,features/launchpad/presentation/pages/hub/launchpad_performance_page.dart,standard,standard,aligned,pass,pass,pass,compliant
AppRouteNames.sc296LaunchpadPortfolio,AppRoutePaths.launchpadPortfolio,AppRouteNames.sc296LaunchpadPortfolio,LaunchpadPortfolioPage,flutter_app/lib/features/launchpad/presentation/pages/hub/launchpad_portfolio_page.dart,direct_vpc,features/launchpad/presentation/pages/hub/launchpad_portfolio_page.dart;features/launchpad/presentation/widgets/hub/launchpad_portfolio_empty_disclaimer_common.dart;features/launchpad/presentation/widgets/hub/launchpad_portfolio_hero_tabs.dart;features/launchpad/presentation/widgets/hub/launchpad_portfolio_subscription.dart,features/launchpad/presentation/pages/hub/launchpad_portfolio_page.dart,standard,standard,aligned,pass,pass,pass,compliant
AppRouteNames.sc312LaunchpadRebalance,AppRoutePaths.launchpadRebalance,AppRouteNames.sc312LaunchpadRebalance,LaunchpadRebalancePage,flutter_app/lib/features/launchpad/presentation/pages/tools/launchpad_rebalance_page.dart,direct_vpc,features/launchpad/presentation/pages/tools/launchpad_rebalance_page.dart;features/launchpad/presentation/widgets/tools/launchpad_rebalance_calculations.dart;features/launchpad/presentation/widgets/tools/launchpad_rebalance_hero.dart;features/launchpad/presentation/widgets/tools/launchpad_rebalance_suggestions.dart;features/launchpad/presentation/widgets/tools/launchpad_rebalance_summary.dart,features/launchpad/presentation/pages/tools/launchpad_rebalance_page.dart,standard,standard,aligned,pass,pass,pass,compliant
AppRouteNames.sc301LaunchpadReceipt,AppRoutePaths.launchpadReceiptSub001,AppRouteNames.sc301LaunchpadReceipt,LaunchpadReceiptPage,flutter_app/lib/features/launchpad/presentation/pages/hub/launchpad_receipt_page.dart,direct_vpc,features/launchpad/presentation/pages/hub/launchpad_receipt_page.dart;features/launchpad/presentation/widgets/hub/launchpad_receipt_details_next_steps.dart;features/launchpad/presentation/widgets/hub/launchpad_receipt_states_success.dart,features/launchpad/presentation/pages/hub/launchpad_receipt_page.dart,standard,standard,aligned,pass,pass,pass,compliant
AppRouteNames.sc317LaunchpadRiskAnalytics,AppRoutePaths.launchpadRiskAnalytics,AppRouteNames.sc317LaunchpadRiskAnalytics,LaunchpadRiskAnalyticsPage,flutter_app/lib/features/launchpad/presentation/pages/tools/launchpad_risk_analytics_page.dart,direct_vpc,features/launchpad/presentation/pages/tools/launchpad_risk_analytics_page.dart;features/launchpad/presentation/widgets/tools/launchpad_risk_due_diligence.dart;features/launchpad/presentation/widgets/tools/launchpad_risk_painter.dart;features/launchpad/presentation/widgets/tools/launchpad_risk_report_common.dart;features/launchpad/presentation/widgets/tools/launchpad_risk_tabs_overview.dart,features/launchpad/presentation/pages/tools/launchpad_risk_analytics_page.dart,standard,standard,aligned,pass,pass,pass,compliant
AppRouteNames.sc318LaunchpadDetail,AppRoutePaths.launchpadSample,AppRouteNames.sc318LaunchpadDetail,LaunchpadDetailPage,flutter_app/lib/features/launchpad/presentation/pages/hub/launchpad_detail_page.dart,direct_vpc,features/launchpad/presentation/pages/hub/launchpad_detail_page.dart,features/launchpad/presentation/pages/hub/launchpad_detail_page.dart,standard,standard,aligned,pass,pass,pass,compliant
AppRouteNames.sc298LaunchpadStaking,AppRoutePaths.launchpadStaking,AppRouteNames.sc298LaunchpadStaking,LaunchpadStakingPage,flutter_app/lib/features/launchpad/presentation/pages/tools/launchpad_staking_page.dart,direct_vpc,features/launchpad/presentation/pages/tools/launchpad_staking_page.dart;features/launchpad/presentation/widgets/tools/launchpad_staking_calculator.dart;features/launchpad/presentation/widgets/tools/launchpad_staking_hero.dart;features/launchpad/presentation/widgets/tools/launchpad_staking_pool_card.dart;features/launchpad/presentation/widgets/tools/launchpad_staking_pool_status.dart;features/launchpad/presentation/widgets/tools/launchpad_staking_positions.dart;features/launchpad/presentation/widgets/tools/launchpad_staking_shared.dart,features/launchpad/presentation/pages/tools/launchpad_staking_page.dart,standard,standard,aligned,pass,pass,pass,compliant
AppRouteNames.sc314LaunchpadSwapAggregator,AppRoutePaths.launchpadSwapAggregator,AppRouteNames.sc314LaunchpadSwapAggregator,LaunchpadSwapAggregatorPage,flutter_app/lib/features/launchpad/presentation/pages/bridge/launchpad_swap_aggregator_page.dart,direct_vpc,features/launchpad/presentation/pages/bridge/launchpad_swap_aggregator_page.dart;features/launchpad/presentation/widgets/bridge/launchpad_swap_aggregator_history_settings.dart;features/launchpad/presentation/widgets/bridge/launchpad_swap_aggregator_input.dart;features/launchpad/presentation/widgets/bridge/launchpad_swap_aggregator_quotes.dart,features/launchpad/presentation/pages/bridge/launchpad_swap_aggregator_page.dart,standard,standard,aligned,pass,pass,pass,compliant
AppRouteNames.sc310LaunchpadWebhooks,AppRoutePaths.launchpadWebhooks,AppRouteNames.sc310LaunchpadWebhooks,LaunchpadWebhooksPage,flutter_app/lib/features/launchpad/presentation/pages/tools/launchpad_webhooks_page.dart,direct_vpc,features/launchpad/presentation/pages/tools/launchpad_webhooks_page.dart;features/launchpad/presentation/widgets/tools/launchpad_webhooks_common_widgets.dart;features/launchpad/presentation/widgets/tools/launchpad_webhooks_create_sheet.dart;features/launchpad/presentation/widgets/tools/launchpad_webhooks_deliveries.dart;features/launchpad/presentation/widgets/tools/launchpad_webhooks_form_controls.dart;features/launchpad/presentation/widgets/tools/launchpad_webhooks_stats_header.dart;features/launchpad/presentation/widgets/tools/launchpad_webhooks_status_utils.dart;features/launchpad/presentation/widgets/tools/launchpad_webhooks_subscription_detail.dart;features/launchpad/presentation/widgets/tools/launchpad_webhooks_subscription_list.dart,features/launchpad/presentation/pages/tools/launchpad_webhooks_page.dart,standard,standard,aligned,pass,pass,pass,compliant
AppRouteNames.sc417MaintenanceGate,AppRoutePaths.maintenanceGate,AppRouteNames.sc417MaintenanceGate,MaintenanceGatePage,flutter_app/lib/features/enterprise_states/presentation/pages/maintenance_gate_page.dart,direct_vpc,features/enterprise_states/presentation/pages/maintenance_gate_page.dart,features/enterprise_states/presentation/pages/maintenance_gate_page.dart,standard,standard,aligned,pass,pass,pass,compliant
AppRouteNames.sc008MarketList,AppRoutePaths.markets,AppRouteNames.sc008MarketList,switch,flutter_app/lib/features/markets/presentation/phone/pages/market_list_page.dart,direct_vpc,features/markets/presentation/phone/pages/market_list_page.dart,features/markets/presentation/phone/pages/market_list_page.dart,compact,compact,aligned,pass,pass,pass,compliant
AppRouteNames.sc023AdvancedCharts,AppRoutePaths.marketsAdvancedCharts,AppRouteNames.sc023AdvancedCharts,AdvancedChartsPage,flutter_app/lib/features/markets/presentation/pages/portfolio/advanced_charts_page.dart,direct_vpc,features/markets/presentation/pages/portfolio/advanced_charts_page.dart;features/markets/presentation/pages/portfolio/advanced_charts_page_tabs_filters_widgets.dart,features/markets/presentation/pages/portfolio/advanced_charts_page.dart,flush,compact,aligned,pass,pass,pass,compliant
AppRouteNames.sc014PriceAlerts,AppRoutePaths.marketsAlerts,AppRouteNames.sc014PriceAlerts,PriceAlertsPage,flutter_app/lib/features/markets/presentation/pages/portfolio/price_alerts_page.dart,direct_vpc,features/markets/presentation/pages/portfolio/price_alerts_page.dart;features/markets/presentation/widgets/portfolio/price_alerts_page_common.dart;features/markets/presentation/widgets/portfolio/price_alerts_page_details.dart;features/markets/presentation/widgets/portfolio/price_alerts_page_overview.dart,features/markets/presentation/pages/portfolio/price_alerts_page.dart,compact,compact|standard,aligned,pass,pass,pass,compliant
AppRouteNames.sc017MarketCalendar,AppRoutePaths.marketsCalendar,AppRouteNames.sc017MarketCalendar,MarketCalendarPage,flutter_app/lib/features/markets/presentation/pages/tools/market_calendar_page.dart,direct_vpc,features/markets/presentation/pages/tools/market_calendar_page.dart,features/markets/presentation/pages/tools/market_calendar_page.dart,compact,compact,aligned,pass,pass,pass,compliant
AppRouteNames.sc016ComparisonTool,AppRoutePaths.marketsCompare,AppRouteNames.sc016ComparisonTool,ComparisonToolPage,flutter_app/lib/features/markets/presentation/pages/tools/comparison_tool_page.dart,direct_vpc,features/markets/presentation/pages/tools/comparison_tool_page.dart,features/markets/presentation/pages/tools/comparison_tool_page.dart,compact,compact,aligned,pass,pass,pass,compliant
AppRouteNames.sc026MarketCorrelations,AppRoutePaths.marketsCorrelations,AppRouteNames.sc026MarketCorrelations,MarketCorrelationsPage,flutter_app/lib/features/markets/presentation/pages/tools/market_correlations_page.dart,direct_vpc,features/markets/presentation/pages/tools/market_correlations_page.dart;features/markets/presentation/widgets/tools/market_correlations_diversification_widgets.dart;features/markets/presentation/widgets/tools/market_correlations_matrix_widgets.dart;features/markets/presentation/widgets/tools/market_correlations_pairs_widgets.dart;features/markets/presentation/widgets/tools/market_correlations_tabs_widgets.dart,features/markets/presentation/pages/tools/market_correlations_page.dart,compact,compact|standard,aligned,pass,pass,pass,compliant
AppRouteNames.sc019MarketDepth,AppRoutePaths.marketsDepth,AppRouteNames.sc019MarketDepth,MarketDepthPage,flutter_app/lib/features/markets/presentation/pages/pair/market_depth_page.dart,direct_vpc,features/markets/presentation/pages/pair/market_depth_page.dart,features/markets/presentation/pages/pair/market_depth_page.dart,flush,flush,aligned,pass,pass,pass,compliant;visual_qa_evidence
AppRouteNames.sc018DerivativesOverview,AppRoutePaths.marketsDerivatives,AppRouteNames.sc018DerivativesOverview,DerivativesOverviewPage,flutter_app/lib/features/markets/presentation/pages/tools/derivatives_overview_page.dart,direct_vpc,features/markets/presentation/pages/tools/derivatives_overview_page.dart,features/markets/presentation/pages/tools/derivatives_overview_page.dart,compact,compact,aligned,pass,pass,pass,compliant
AppRouteNames.sc013MarketHeatmap,AppRoutePaths.marketsHeatmap,AppRouteNames.sc013MarketHeatmap,MarketHeatmapPage,flutter_app/lib/features/markets/presentation/pages/pair/market_heatmap_page.dart,direct_vpc,features/markets/presentation/pages/pair/market_heatmap_page.dart,features/markets/presentation/pages/pair/market_heatmap_page.dart,compact,compact,aligned,pass,pass,pass,compliant
AppRouteNames.sc010MarketMovers,AppRoutePaths.marketsMovers,AppRouteNames.sc010MarketMovers,MarketMoversPage,flutter_app/lib/features/markets/presentation/pages/tools/market_movers_page.dart,direct_vpc,features/markets/presentation/pages/tools/market_movers_page.dart;features/markets/presentation/widgets/tools/market_movers_filters.dart;features/markets/presentation/widgets/tools/market_movers_results.dart;features/markets/presentation/widgets/tools/market_movers_row_common.dart;features/markets/presentation/widgets/tools/market_movers_sparkline.dart,features/markets/presentation/pages/tools/market_movers_page.dart,compact,compact|standard,aligned,pass,pass,pass,compliant
AppRouteNames.sc022MarketNews,AppRoutePaths.marketsNews,AppRouteNames.sc022MarketNews,MarketNewsPage,flutter_app/lib/features/markets/presentation/pages/research/market_news_page.dart,direct_vpc,features/markets/presentation/pages/research/market_news_page.dart;features/markets/presentation/widgets/research/market_news_page_common.dart;features/markets/presentation/widgets/research/market_news_page_sections.dart,features/markets/presentation/pages/research/market_news_page.dart,compact,compact|standard,aligned,pass,pass,pass,compliant
AppRouteNames.sc009MarketOverview,AppRoutePaths.marketsOverview,AppRouteNames.sc009MarketOverview,MarketOverviewPage,flutter_app/lib/features/markets/presentation/pages/hub/market_overview_page.dart,direct_vpc,features/markets/presentation/pages/hub/market_overview_page.dart,features/markets/presentation/pages/hub/market_overview_page.dart,standard,compact,aligned,pass,pass,pass,compliant
AppRouteNames.sc021PortfolioTracker,AppRoutePaths.marketsPortfolioTracker,AppRouteNames.sc021PortfolioTracker,PortfolioTrackerPage,flutter_app/lib/features/markets/presentation/pages/portfolio/portfolio_tracker_page.dart,direct_vpc,features/markets/presentation/pages/portfolio/portfolio_tracker_page.dart;features/markets/presentation/pages/portfolio/portfolio_tracker_page_overview_widgets.dart,features/markets/presentation/pages/portfolio/portfolio_tracker_page.dart,compact,compact,aligned,pass,pass,pass,compliant
AppRouteNames.sc027PredictionsHome,AppRoutePaths.marketsPredictions,AppRouteNames.sc027PredictionsHome,_tabletPredictionRoute,flutter_app/lib/shared/layout/vit_tablet_utility_page.dart,direct_vpc,shared/layout/vit_tablet_utility_page.dart,shared/layout/vit_tablet_utility_page.dart,form,standard,exception,pass,pass,pass,compliant;visual_qa_evidence
AppRouteNames.sc034PredictionsGlobalActivity,AppRoutePaths.marketsPredictionsActivity,AppRouteNames.sc034PredictionsGlobalActivity,_tabletPredictionRoute,flutter_app/lib/shared/layout/vit_tablet_utility_page.dart,direct_vpc,shared/layout/vit_tablet_utility_page.dart,shared/layout/vit_tablet_utility_page.dart,form,standard,exception,pass,pass,pass,compliant
AppRouteNames.sc029PredictionsBreaking,AppRoutePaths.marketsPredictionsBreaking,AppRouteNames.sc029PredictionsBreaking,_tabletPredictionRoute,flutter_app/lib/shared/layout/vit_tablet_utility_page.dart,direct_vpc,shared/layout/vit_tablet_utility_page.dart,shared/layout/vit_tablet_utility_page.dart,form,standard,exception,pass,pass,pass,compliant
AppRouteNames.sc043PredictionDataIntegration,AppRoutePaths.marketsPredictionsDataIntegration,AppRouteNames.sc043PredictionDataIntegration,_tabletPredictionRoute,flutter_app/lib/shared/layout/vit_tablet_utility_page.dart,direct_vpc,shared/layout/vit_tablet_utility_page.dart,shared/layout/vit_tablet_utility_page.dart,form,standard,exception,pass,pass,pass,compliant
AppRouteNames.sc039PredictionEventCalendar,AppRoutePaths.marketsPredictionsEventCalendar,AppRouteNames.sc039PredictionEventCalendar,_tabletPredictionRoute,flutter_app/lib/shared/layout/vit_tablet_utility_page.dart,direct_vpc,shared/layout/vit_tablet_utility_page.dart,shared/layout/vit_tablet_utility_page.dart,form,standard,exception,pass,pass,pass,compliant
AppRouteNames.sc033PredictionsLeaderboard,AppRoutePaths.marketsPredictionsLeaderboard,AppRouteNames.sc033PredictionsLeaderboard,_tabletPredictionRoute,flutter_app/lib/shared/layout/vit_tablet_utility_page.dart,direct_vpc,shared/layout/vit_tablet_utility_page.dart,shared/layout/vit_tablet_utility_page.dart,form,standard,exception,pass,pass,pass,compliant
AppRouteNames.sc037PredictionMarketMaker,AppRoutePaths.marketsPredictionsMarketMaker,AppRouteNames.sc037PredictionMarketMaker,_tabletPredictionRoute,flutter_app/lib/shared/layout/vit_tablet_utility_page.dart,direct_vpc,shared/layout/vit_tablet_utility_page.dart,shared/layout/vit_tablet_utility_page.dart,form,standard,exception,pass,pass,pass,compliant
AppRouteNames.sc031PredictionsPortfolio,AppRoutePaths.marketsPredictionsPortfolio,AppRouteNames.sc031PredictionsPortfolio,_tabletPredictionRoute,flutter_app/lib/shared/layout/vit_tablet_utility_page.dart,direct_vpc,shared/layout/vit_tablet_utility_page.dart,shared/layout/vit_tablet_utility_page.dart,form,standard,exception,pass,pass,pass,compliant
AppRouteNames.sc038PredictionPortfolioAnalyzer,AppRoutePaths.marketsPredictionsPortfolioAnalyzer,AppRouteNames.sc038PredictionPortfolioAnalyzer,_tabletPredictionRoute,flutter_app/lib/shared/layout/vit_tablet_utility_page.dart,direct_vpc,shared/layout/vit_tablet_utility_page.dart,shared/layout/vit_tablet_utility_page.dart,form,standard,exception,pass,pass,pass,compliant
AppRouteNames.sc032PredictionsRewards,AppRoutePaths.marketsPredictionsRewards,AppRouteNames.sc032PredictionsRewards,_tabletPredictionRoute,flutter_app/lib/shared/layout/vit_tablet_utility_page.dart,direct_vpc,shared/layout/vit_tablet_utility_page.dart,shared/layout/vit_tablet_utility_page.dart,form,standard,exception,pass,pass,pass,compliant
AppRouteNames.sc036PredictionRiskCalculator,AppRoutePaths.marketsPredictionsRiskCalculator,AppRouteNames.sc036PredictionRiskCalculator,_tabletPredictionRoute,flutter_app/lib/shared/layout/vit_tablet_utility_page.dart,direct_vpc,shared/layout/vit_tablet_utility_page.dart,shared/layout/vit_tablet_utility_page.dart,form,standard,exception,pass,pass,pass,compliant
AppRouteNames.sc028PredictionsSearch,AppRoutePaths.marketsPredictionsSearch,AppRouteNames.sc028PredictionsSearch,_tabletPredictionRoute,flutter_app/lib/shared/layout/vit_tablet_utility_page.dart,direct_vpc,shared/layout/vit_tablet_utility_page.dart,shared/layout/vit_tablet_utility_page.dart,form,standard,exception,pass,pass,pass,compliant
AppRouteNames.sc040PredictionSocial,AppRoutePaths.marketsPredictionsSocial,AppRouteNames.sc040PredictionSocial,_tabletPredictionRoute,flutter_app/lib/shared/layout/vit_tablet_utility_page.dart,direct_vpc,shared/layout/vit_tablet_utility_page.dart,shared/layout/vit_tablet_utility_page.dart,form,standard,exception,pass,pass,pass,compliant
AppRouteNames.sc042PredictionTournaments,AppRoutePaths.marketsPredictionsTournaments,AppRouteNames.sc042PredictionTournaments,_tabletPredictionRoute,flutter_app/lib/shared/layout/vit_tablet_utility_page.dart,direct_vpc,shared/layout/vit_tablet_utility_page.dart,shared/layout/vit_tablet_utility_page.dart,form,standard,exception,pass,pass,pass,compliant
AppRouteNames.sc015MarketScreener,AppRoutePaths.marketsScreener,AppRouteNames.sc015MarketScreener,MarketScreenerPage,flutter_app/lib/features/markets/presentation/pages/tools/market_screener_page.dart,direct_vpc,features/markets/presentation/pages/tools/market_screener_page.dart;features/markets/presentation/widgets/tools/market_screener_filters.dart;features/markets/presentation/widgets/tools/market_screener_results.dart;features/markets/presentation/widgets/tools/market_screener_row_common.dart,features/markets/presentation/pages/tools/market_screener_page.dart,compact,compact|standard,aligned,pass,pass,pass,compliant
AppRouteNames.sc011MarketSectors,AppRoutePaths.marketsSectors,AppRouteNames.sc011MarketSectors,MarketSectorsPage,flutter_app/lib/features/markets/presentation/pages/tools/market_sectors_page.dart,direct_vpc,features/markets/presentation/pages/tools/market_sectors_page.dart,features/markets/presentation/pages/tools/market_sectors_page.dart,compact,compact,aligned,pass,pass,pass,compliant
AppRouteNames.sc025SocialSignals,AppRoutePaths.marketsSignals,AppRouteNames.sc025SocialSignals,SocialSignalsPage,flutter_app/lib/features/markets/presentation/pages/research/social_signals_page.dart,direct_vpc,features/markets/presentation/pages/research/social_signals_page.dart;features/markets/presentation/pages/research/social_signals_page_tabs_widgets.dart,features/markets/presentation/pages/research/social_signals_page.dart,compact,compact,aligned,pass,pass,pass,compliant
AppRouteNames.sc020SocialSentiment,AppRoutePaths.marketsSocialSentiment,AppRouteNames.sc020SocialSentiment,SocialSentimentPage,flutter_app/lib/features/markets/presentation/pages/research/social_sentiment_page.dart,direct_vpc,features/markets/presentation/pages/research/social_sentiment_page.dart;features/markets/presentation/widgets/research/social_sentiment_overview_widgets.dart;features/markets/presentation/widgets/research/social_sentiment_tabs_widgets.dart;features/markets/presentation/widgets/research/social_sentiment_token_widgets.dart;features/markets/presentation/widgets/research/social_sentiment_trends_widgets.dart,features/markets/presentation/pages/research/social_sentiment_page.dart,compact,compact|standard,aligned,pass,pass,pass,compliant
AppRouteNames.sc024TokenUnlocks,AppRoutePaths.marketsUnlocks,AppRouteNames.sc024TokenUnlocks,TokenUnlocksPage,flutter_app/lib/features/markets/presentation/pages/research/token_unlocks_page.dart,direct_vpc,features/markets/presentation/pages/research/token_unlocks_page.dart;features/markets/presentation/pages/research/token_unlocks_page_upcoming_widgets.dart,features/markets/presentation/pages/research/token_unlocks_page.dart,compact,compact,aligned,pass,pass,pass,compliant
AppRouteNames.sc012Watchlist,AppRoutePaths.marketsWatchlist,AppRouteNames.sc012Watchlist,WatchlistPage,flutter_app/lib/features/markets/presentation/pages/hub/watchlist_page.dart,direct_vpc,features/markets/presentation/pages/hub/watchlist_page.dart;features/markets/presentation/widgets/hub/watchlist_cards.dart;features/markets/presentation/widgets/hub/watchlist_common_painter.dart;features/markets/presentation/widgets/hub/watchlist_toolbar.dart,features/markets/presentation/pages/hub/watchlist_page.dart,compact,compact|standard,aligned,pass,pass,pass,compliant
AppRouteNames.sc047News,AppRoutePaths.news,AppRouteNames.sc047News,NewsPage,flutter_app/lib/features/news/presentation/pages/news_page.dart,direct_vpc,features/news/presentation/pages/news_page.dart;features/news/presentation/widgets/news_page_common.dart;features/news/presentation/widgets/news_page_sections.dart,features/news/presentation/pages/news_page.dart,compact,compact|standard,aligned,pass,pass,pass,compliant
AppRouteNames.sc291Notifications,AppRoutePaths.notifications,AppRouteNames.sc291Notifications,buildSurfaceAwareTabletRoute,flutter_app/lib/shared/layout/vit_tablet_utility_page.dart,direct_vpc,shared/layout/vit_tablet_utility_page.dart,shared/layout/vit_tablet_utility_page.dart,form,standard,exception,pass,pass,pass,compliant
AppRouteNames.sc397Onboarding,AppRoutePaths.onboarding,AppRouteNames.sc397Onboarding,OnboardingFlowPage,flutter_app/lib/features/onboarding/presentation/pages/onboarding_flow_page.dart,direct_vpc,features/onboarding/presentation/pages/onboarding_flow_page.dart;features/onboarding/presentation/widgets/onboarding_shared_components.dart;features/onboarding/presentation/widgets/onboarding_step_screens.dart,features/onboarding/presentation/pages/onboarding_flow_page.dart,form,standard|form,aligned,pass,pass,pass,compliant
AppRouteNames.sc282P2PHome,AppRoutePaths.p2p,AppRouteNames.sc282P2PHome,switch,flutter_app/lib/features/p2p_core/presentation/tablet/pages/p2p_tablet_utility_page.dart,shared_shell,features/p2p_core/presentation/tablet/pages/p2p_tablet_utility_page.dart;features/p2p_core/presentation/tablet/widgets/p2p_tablet_utility_surface.dart,features/p2p_core/presentation/tablet/pages/p2p_tablet_utility_page.dart,form,form,aligned,pass,pass,pass,compliant
AppRouteNames.sc275P2PAchievements,AppRoutePaths.p2pAchievements,AppRouteNames.sc275P2PAchievements,switch,flutter_app/lib/features/p2p_core/presentation/tablet/pages/p2p_tablet_utility_page.dart,shared_shell,features/p2p_core/presentation/tablet/pages/p2p_tablet_utility_page.dart;features/p2p_core/presentation/tablet/widgets/p2p_tablet_utility_surface.dart,features/p2p_core/presentation/tablet/pages/p2p_tablet_utility_page.dart,form,form,aligned,pass,pass,pass,compliant
AppRouteNames.sc277P2PBlacklist,AppRoutePaths.p2pBlacklist,AppRouteNames.sc277P2PBlacklist,switch,flutter_app/lib/features/p2p_core/presentation/tablet/pages/p2p_tablet_utility_page.dart,shared_shell,features/p2p_core/presentation/tablet/pages/p2p_tablet_utility_page.dart;features/p2p_core/presentation/tablet/widgets/p2p_tablet_utility_surface.dart,features/p2p_core/presentation/tablet/pages/p2p_tablet_utility_page.dart,form,form,aligned,pass,pass,pass,compliant
AppRouteNames.sc276P2PBlacklistAdd,AppRoutePaths.p2pBlacklistAdd,AppRouteNames.sc276P2PBlacklistAdd,switch,flutter_app/lib/features/p2p_core/presentation/tablet/pages/p2p_tablet_utility_page.dart,shared_shell,features/p2p_core/presentation/tablet/pages/p2p_tablet_utility_page.dart;features/p2p_core/presentation/tablet/widgets/p2p_tablet_utility_surface.dart,features/p2p_core/presentation/tablet/pages/p2p_tablet_utility_page.dart,form,form,aligned,pass,pass,pass,compliant
AppRouteNames.sc268P2PAmlScreening,AppRoutePaths.p2pComplianceAmlScreening,AppRouteNames.sc268P2PAmlScreening,switch,flutter_app/lib/features/p2p_core/presentation/tablet/pages/p2p_tablet_utility_page.dart,shared_shell,features/p2p_core/presentation/tablet/pages/p2p_tablet_utility_page.dart;features/p2p_core/presentation/tablet/widgets/p2p_tablet_utility_surface.dart,features/p2p_core/presentation/tablet/pages/p2p_tablet_utility_page.dart,form,form,aligned,pass,pass,pass,compliant
AppRouteNames.sc270P2PLargeTransaction,AppRoutePaths.p2pComplianceLargeTransaction,AppRouteNames.sc270P2PLargeTransaction,switch,flutter_app/lib/features/p2p_core/presentation/tablet/pages/p2p_tablet_utility_page.dart,shared_shell,features/p2p_core/presentation/tablet/pages/p2p_tablet_utility_page.dart;features/p2p_core/presentation/tablet/widgets/p2p_tablet_utility_surface.dart,features/p2p_core/presentation/tablet/pages/p2p_tablet_utility_page.dart,form,form,aligned,pass,pass,pass,compliant
AppRouteNames.sc267P2PComplianceOverview,AppRoutePaths.p2pComplianceOverview,AppRouteNames.sc267P2PComplianceOverview,switch,flutter_app/lib/features/p2p_core/presentation/tablet/pages/p2p_tablet_utility_page.dart,shared_shell,features/p2p_core/presentation/tablet/pages/p2p_tablet_utility_page.dart;features/p2p_core/presentation/tablet/widgets/p2p_tablet_utility_surface.dart,features/p2p_core/presentation/tablet/pages/p2p_tablet_utility_page.dart,form,form,aligned,pass,pass,pass,compliant
AppRouteNames.sc271P2PRiskAssessment,AppRoutePaths.p2pComplianceRiskAssessment,AppRouteNames.sc271P2PRiskAssessment,switch,flutter_app/lib/features/p2p_core/presentation/tablet/pages/p2p_tablet_utility_page.dart,shared_shell,features/p2p_core/presentation/tablet/pages/p2p_tablet_utility_page.dart;features/p2p_core/presentation/tablet/widgets/p2p_tablet_utility_surface.dart,features/p2p_core/presentation/tablet/pages/p2p_tablet_utility_page.dart,form,form,aligned,pass,pass,pass,compliant
AppRouteNames.sc269P2PSourceOfFunds,AppRoutePaths.p2pComplianceSourceOfFunds,AppRouteNames.sc269P2PSourceOfFunds,switch,flutter_app/lib/features/p2p_core/presentation/tablet/pages/p2p_tablet_utility_page.dart,shared_shell,features/p2p_core/presentation/tablet/pages/p2p_tablet_utility_page.dart;features/p2p_core/presentation/tablet/widgets/p2p_tablet_utility_surface.dart,features/p2p_core/presentation/tablet/pages/p2p_tablet_utility_page.dart,form,form,aligned,pass,pass,pass,compliant
AppRouteNames.sc242P2PContributionHistory,AppRoutePaths.p2pContributionHistory,AppRouteNames.sc242P2PContributionHistory,switch,flutter_app/lib/features/p2p_core/presentation/tablet/pages/p2p_tablet_utility_page.dart,shared_shell,features/p2p_core/presentation/tablet/pages/p2p_tablet_utility_page.dart;features/p2p_core/presentation/tablet/widgets/p2p_tablet_utility_surface.dart,features/p2p_core/presentation/tablet/pages/p2p_tablet_utility_page.dart,form,form,aligned,pass,pass,pass,compliant
AppRouteNames.sc226P2PCreateAd,AppRoutePaths.p2pCreate,AppRouteNames.sc226P2PCreateAd,switch,flutter_app/lib/features/p2p_core/presentation/tablet/pages/p2p_tablet_utility_page.dart,shared_shell,features/p2p_core/presentation/tablet/pages/p2p_tablet_utility_page.dart;features/p2p_core/presentation/tablet/widgets/p2p_tablet_utility_surface.dart,features/p2p_core/presentation/tablet/pages/p2p_tablet_utility_page.dart,form,form,aligned,pass,pass,pass,compliant
AppRouteNames.sc274P2PDashboard,AppRoutePaths.p2pDashboard,AppRouteNames.sc274P2PDashboard,switch,flutter_app/lib/features/p2p_core/presentation/tablet/pages/p2p_tablet_utility_page.dart,shared_shell,features/p2p_core/presentation/tablet/pages/p2p_tablet_utility_page.dart;features/p2p_core/presentation/tablet/widgets/p2p_tablet_utility_surface.dart,features/p2p_core/presentation/tablet/pages/p2p_tablet_utility_page.dart,form,form,aligned,pass,pass,pass,compliant
AppRouteNames.sc222P2PDisputes,AppRoutePaths.p2pDisputes,AppRouteNames.sc222P2PDisputes,switch,flutter_app/lib/features/p2p_core/presentation/tablet/pages/p2p_tablet_utility_page.dart,shared_shell,features/p2p_core/presentation/tablet/pages/p2p_tablet_utility_page.dart;features/p2p_core/presentation/tablet/widgets/p2p_tablet_utility_surface.dart,features/p2p_core/presentation/tablet/pages/p2p_tablet_utility_page.dart,form,form,aligned,pass,pass,pass,compliant
AppRouteNames.sc259P2PE2EInfo,AppRoutePaths.p2pE2EInfo,AppRouteNames.sc259P2PE2EInfo,switch,flutter_app/lib/features/p2p_core/presentation/tablet/pages/p2p_tablet_utility_page.dart,shared_shell,features/p2p_core/presentation/tablet/pages/p2p_tablet_utility_page.dart;features/p2p_core/presentation/tablet/widgets/p2p_tablet_utility_surface.dart,features/p2p_core/presentation/tablet/pages/p2p_tablet_utility_page.dart,form,form,aligned,pass,pass,pass,compliant
AppRouteNames.sc245P2PEscrowBalance,AppRoutePaths.p2pEscrowBalance,AppRouteNames.sc245P2PEscrowBalance,switch,flutter_app/lib/features/p2p_core/presentation/tablet/pages/p2p_tablet_utility_page.dart,shared_shell,features/p2p_core/presentation/tablet/pages/p2p_tablet_utility_page.dart;features/p2p_core/presentation/tablet/widgets/p2p_tablet_utility_surface.dart,features/p2p_core/presentation/tablet/pages/p2p_tablet_utility_page.dart,form,form,aligned,pass,pass,pass,compliant
AppRouteNames.sc211P2PExpress,AppRoutePaths.p2pExpress,AppRouteNames.sc211P2PExpress,switch,flutter_app/lib/features/p2p_core/presentation/tablet/pages/p2p_tablet_utility_page.dart,shared_shell,features/p2p_core/presentation/tablet/pages/p2p_tablet_utility_page.dart;features/p2p_core/presentation/tablet/widgets/p2p_tablet_utility_surface.dart,features/p2p_core/presentation/tablet/pages/p2p_tablet_utility_page.dart,form,form,aligned,pass,pass,pass,compliant
AppRouteNames.sc210P2PExpressConfirm,AppRoutePaths.p2pExpressConfirm,AppRouteNames.sc210P2PExpressConfirm,switch,flutter_app/lib/features/p2p_core/presentation/tablet/pages/p2p_tablet_utility_page.dart,shared_shell,features/p2p_core/presentation/tablet/pages/p2p_tablet_utility_page.dart;features/p2p_core/presentation/tablet/widgets/p2p_tablet_utility_surface.dart,features/p2p_core/presentation/tablet/pages/p2p_tablet_utility_page.dart,form,form,aligned,pass,pass,pass,compliant
AppRouteNames.sc260P2PFraudPrevention,AppRoutePaths.p2pFraudPrevention,AppRouteNames.sc260P2PFraudPrevention,switch,flutter_app/lib/features/p2p_core/presentation/tablet/pages/p2p_tablet_utility_page.dart,shared_shell,features/p2p_core/presentation/tablet/pages/p2p_tablet_utility_page.dart;features/p2p_core/presentation/tablet/widgets/p2p_tablet_utility_surface.dart,features/p2p_core/presentation/tablet/pages/p2p_tablet_utility_page.dart,form,form,aligned,pass,pass,pass,compliant
AppRouteNames.sc280P2PGuide,AppRoutePaths.p2pGuide,AppRouteNames.sc280P2PGuide,switch,flutter_app/lib/features/p2p_core/presentation/tablet/pages/p2p_tablet_utility_page.dart,shared_shell,features/p2p_core/presentation/tablet/pages/p2p_tablet_utility_page.dart;features/p2p_core/presentation/tablet/widgets/p2p_tablet_utility_surface.dart,features/p2p_core/presentation/tablet/pages/p2p_tablet_utility_page.dart,form,form,aligned,pass,pass,pass,compliant
AppRouteNames.sc238P2PInsuranceFund,AppRoutePaths.p2pInsurance,AppRouteNames.sc238P2PInsuranceFund,switch,flutter_app/lib/features/p2p_core/presentation/tablet/pages/p2p_tablet_utility_page.dart,shared_shell,features/p2p_core/presentation/tablet/pages/p2p_tablet_utility_page.dart;features/p2p_core/presentation/tablet/widgets/p2p_tablet_utility_surface.dart,features/p2p_core/presentation/tablet/pages/p2p_tablet_utility_page.dart,form,form,aligned,pass,pass,pass,compliant
AppRouteNames.sc239P2PInsuranceCertificate,AppRoutePaths.p2pInsuranceCertificate,AppRouteNames.sc239P2PInsuranceCertificate,switch,flutter_app/lib/features/p2p_core/presentation/tablet/pages/p2p_tablet_utility_page.dart,shared_shell,features/p2p_core/presentation/tablet/pages/p2p_tablet_utility_page.dart;features/p2p_core/presentation/tablet/widgets/p2p_tablet_utility_surface.dart,features/p2p_core/presentation/tablet/pages/p2p_tablet_utility_page.dart,form,form,aligned,pass,pass,pass,compliant
AppRouteNames.sc241P2PInsurancePolicy,AppRoutePaths.p2pInsurancePolicy,AppRouteNames.sc241P2PInsurancePolicy,switch,flutter_app/lib/features/p2p_core/presentation/tablet/pages/p2p_tablet_utility_page.dart,shared_shell,features/p2p_core/presentation/tablet/pages/p2p_tablet_utility_page.dart;features/p2p_core/presentation/tablet/widgets/p2p_tablet_utility_surface.dart,features/p2p_core/presentation/tablet/pages/p2p_tablet_utility_page.dart,form,form,aligned,pass,pass,pass,compliant
AppRouteNames.sc240P2PInsuranceScore,AppRoutePaths.p2pInsuranceScore,AppRouteNames.sc240P2PInsuranceScore,switch,flutter_app/lib/features/p2p_core/presentation/tablet/pages/p2p_tablet_utility_page.dart,shared_shell,features/p2p_core/presentation/tablet/pages/p2p_tablet_utility_page.dart;features/p2p_core/presentation/tablet/widgets/p2p_tablet_utility_surface.dart,features/p2p_core/presentation/tablet/pages/p2p_tablet_utility_page.dart,form,form,aligned,pass,pass,pass,compliant
AppRouteNames.sc250P2PAddressProof,AppRoutePaths.p2pKycAddress,AppRouteNames.sc250P2PAddressProof,switch,flutter_app/lib/features/p2p_core/presentation/tablet/pages/p2p_tablet_utility_page.dart,shared_shell,features/p2p_core/presentation/tablet/pages/p2p_tablet_utility_page.dart;features/p2p_core/presentation/tablet/widgets/p2p_tablet_utility_surface.dart,features/p2p_core/presentation/tablet/pages/p2p_tablet_utility_page.dart,form,form,aligned,pass,pass,pass,compliant
AppRouteNames.sc403P2PKycFaceMatch,AppRoutePaths.p2pKycFaceMatch,AppRouteNames.sc403P2PKycFaceMatch,switch,flutter_app/lib/features/p2p_core/presentation/tablet/pages/p2p_tablet_utility_page.dart,shared_shell,features/p2p_core/presentation/tablet/pages/p2p_tablet_utility_page.dart;features/p2p_core/presentation/tablet/widgets/p2p_tablet_utility_surface.dart,features/p2p_core/presentation/tablet/pages/p2p_tablet_utility_page.dart,form,form,aligned,pass,pass,pass,compliant
AppRouteNames.sc249P2PIdentityVerification,AppRoutePaths.p2pKycIdentity,AppRouteNames.sc249P2PIdentityVerification,switch,flutter_app/lib/features/p2p_core/presentation/tablet/pages/p2p_tablet_utility_page.dart,shared_shell,features/p2p_core/presentation/tablet/pages/p2p_tablet_utility_page.dart;features/p2p_core/presentation/tablet/widgets/p2p_tablet_utility_surface.dart,features/p2p_core/presentation/tablet/pages/p2p_tablet_utility_page.dart,form,form,aligned,pass,pass,pass,compliant
AppRouteNames.sc247P2PKycRequirements,AppRoutePaths.p2pKycRequirements,AppRouteNames.sc247P2PKycRequirements,switch,flutter_app/lib/features/p2p_core/presentation/tablet/pages/p2p_tablet_utility_page.dart,shared_shell,features/p2p_core/presentation/tablet/pages/p2p_tablet_utility_page.dart;features/p2p_core/presentation/tablet/widgets/p2p_tablet_utility_surface.dart,features/p2p_core/presentation/tablet/pages/p2p_tablet_utility_page.dart,form,form,aligned,pass,pass,pass,compliant
AppRouteNames.sc251P2PSelfieVerification,AppRoutePaths.p2pKycSelfie,AppRouteNames.sc251P2PSelfieVerification,switch,flutter_app/lib/features/p2p_core/presentation/tablet/pages/p2p_tablet_utility_page.dart,shared_shell,features/p2p_core/presentation/tablet/pages/p2p_tablet_utility_page.dart;features/p2p_core/presentation/tablet/widgets/p2p_tablet_utility_surface.dart,features/p2p_core/presentation/tablet/pages/p2p_tablet_utility_page.dart,form,form,aligned,pass,pass,pass,compliant
AppRouteNames.sc248P2PKycStatus,AppRoutePaths.p2pKycStatus,AppRouteNames.sc248P2PKycStatus,switch,flutter_app/lib/features/p2p_core/presentation/tablet/pages/p2p_tablet_utility_page.dart,shared_shell,features/p2p_core/presentation/tablet/pages/p2p_tablet_utility_page.dart;features/p2p_core/presentation/tablet/widgets/p2p_tablet_utility_surface.dart,features/p2p_core/presentation/tablet/pages/p2p_tablet_utility_page.dart,form,form,aligned,pass,pass,pass,compliant
AppRouteNames.sc402P2PKycVerify,AppRoutePaths.p2pKycVerify,AppRouteNames.sc402P2PKycVerify,switch,flutter_app/lib/features/p2p_core/presentation/tablet/pages/p2p_tablet_utility_page.dart,shared_shell,features/p2p_core/presentation/tablet/pages/p2p_tablet_utility_page.dart;features/p2p_core/presentation/tablet/widgets/p2p_tablet_utility_surface.dart,features/p2p_core/presentation/tablet/pages/p2p_tablet_utility_page.dart,form,form,aligned,pass,pass,pass,compliant
AppRouteNames.sc252P2PVideoVerification,AppRoutePaths.p2pKycVideo,AppRouteNames.sc252P2PVideoVerification,switch,flutter_app/lib/features/p2p_core/presentation/tablet/pages/p2p_tablet_utility_page.dart,shared_shell,features/p2p_core/presentation/tablet/pages/p2p_tablet_utility_page.dart;features/p2p_core/presentation/tablet/widgets/p2p_tablet_utility_surface.dart,features/p2p_core/presentation/tablet/pages/p2p_tablet_utility_page.dart,form,form,aligned,pass,pass,pass,compliant
AppRouteNames.sc266P2PTransactionLimits,AppRoutePaths.p2pLimits,AppRouteNames.sc266P2PTransactionLimits,switch,flutter_app/lib/features/p2p_core/presentation/tablet/pages/p2p_tablet_utility_page.dart,shared_shell,features/p2p_core/presentation/tablet/pages/p2p_tablet_utility_page.dart;features/p2p_core/presentation/tablet/widgets/p2p_tablet_utility_surface.dart,features/p2p_core/presentation/tablet/pages/p2p_tablet_utility_page.dart,form,form,aligned,pass,pass,pass,compliant
AppRouteNames.sc265P2PLimitTracker,AppRoutePaths.p2pLimitsTracker,AppRouteNames.sc265P2PLimitTracker,switch,flutter_app/lib/features/p2p_core/presentation/tablet/pages/p2p_tablet_utility_page.dart,shared_shell,features/p2p_core/presentation/tablet/pages/p2p_tablet_utility_page.dart;features/p2p_core/presentation/tablet/widgets/p2p_tablet_utility_surface.dart,features/p2p_core/presentation/tablet/pages/p2p_tablet_utility_page.dart,form,form,aligned,pass,pass,pass,compliant
AppRouteNames.sc227P2PMerchantApply,AppRoutePaths.p2pMerchantApply,AppRouteNames.sc227P2PMerchantApply,switch,flutter_app/lib/features/p2p_core/presentation/tablet/pages/p2p_tablet_utility_page.dart,shared_shell,features/p2p_core/presentation/tablet/pages/p2p_tablet_utility_page.dart;features/p2p_core/presentation/tablet/widgets/p2p_tablet_utility_surface.dart,features/p2p_core/presentation/tablet/pages/p2p_tablet_utility_page.dart,form,form,aligned,pass,pass,pass,compliant
AppRouteNames.sc225P2PMyAds,AppRoutePaths.p2pMyAds,AppRouteNames.sc225P2PMyAds,switch,flutter_app/lib/features/p2p_core/presentation/tablet/pages/p2p_tablet_utility_page.dart,shared_shell,features/p2p_core/presentation/tablet/pages/p2p_tablet_utility_page.dart;features/p2p_core/presentation/tablet/widgets/p2p_tablet_utility_surface.dart,features/p2p_core/presentation/tablet/pages/p2p_tablet_utility_page.dart,form,form,aligned,pass,pass,pass,compliant
AppRouteNames.sc281P2PMyOrders,AppRoutePaths.p2pMyOrders,AppRouteNames.sc281P2PMyOrders,switch,flutter_app/lib/features/p2p_core/presentation/tablet/pages/p2p_tablet_utility_page.dart,shared_shell,features/p2p_core/presentation/tablet/pages/p2p_tablet_utility_page.dart;features/p2p_core/presentation/tablet/widgets/p2p_tablet_utility_surface.dart,features/p2p_core/presentation/tablet/pages/p2p_tablet_utility_page.dart,form,form,aligned,pass,pass,pass,compliant
AppRouteNames.sc273P2POrderBook,AppRoutePaths.p2pOrderBook,AppRouteNames.sc273P2POrderBook,switch,flutter_app/lib/features/p2p_core/presentation/tablet/pages/p2p_tablet_utility_page.dart,shared_shell,features/p2p_core/presentation/tablet/pages/p2p_tablet_utility_page.dart;features/p2p_core/presentation/tablet/widgets/p2p_tablet_utility_surface.dart,features/p2p_core/presentation/tablet/pages/p2p_tablet_utility_page.dart,form,form,aligned,pass,pass,pass,compliant
AppRouteNames.sc232P2PPaymentMethodAdd,AppRoutePaths.p2pPaymentMethodAdd,AppRouteNames.sc232P2PPaymentMethodAdd,switch,flutter_app/lib/features/p2p_core/presentation/tablet/pages/p2p_tablet_utility_page.dart,shared_shell,features/p2p_core/presentation/tablet/pages/p2p_tablet_utility_page.dart;features/p2p_core/presentation/tablet/widgets/p2p_tablet_utility_surface.dart,features/p2p_core/presentation/tablet/pages/p2p_tablet_utility_page.dart,form,form,aligned,pass,pass,pass,compliant
AppRouteNames.sc235P2PPaymentMethodCoolingPeriod,AppRoutePaths.p2pPaymentMethodCoolingPeriod,AppRouteNames.sc235P2PPaymentMethodCoolingPeriod,switch,flutter_app/lib/features/p2p_core/presentation/tablet/pages/p2p_tablet_utility_page.dart,shared_shell,features/p2p_core/presentation/tablet/pages/p2p_tablet_utility_page.dart;features/p2p_core/presentation/tablet/widgets/p2p_tablet_utility_surface.dart,features/p2p_core/presentation/tablet/pages/p2p_tablet_utility_page.dart,form,form,aligned,pass,pass,pass,compliant
AppRouteNames.sc236P2PPaymentMethodHistory,AppRoutePaths.p2pPaymentMethodHistory,AppRouteNames.sc236P2PPaymentMethodHistory,switch,flutter_app/lib/features/p2p_core/presentation/tablet/pages/p2p_tablet_utility_page.dart,shared_shell,features/p2p_core/presentation/tablet/pages/p2p_tablet_utility_page.dart;features/p2p_core/presentation/tablet/widgets/p2p_tablet_utility_surface.dart,features/p2p_core/presentation/tablet/pages/p2p_tablet_utility_page.dart,form,form,aligned,pass,pass,pass,compliant
AppRouteNames.sc237P2PPaymentMethods,AppRoutePaths.p2pPaymentMethods,AppRouteNames.sc237P2PPaymentMethods,switch,flutter_app/lib/features/p2p_core/presentation/tablet/pages/p2p_tablet_utility_page.dart,shared_shell,features/p2p_core/presentation/tablet/pages/p2p_tablet_utility_page.dart;features/p2p_core/presentation/tablet/widgets/p2p_tablet_utility_surface.dart,features/p2p_core/presentation/tablet/pages/p2p_tablet_utility_page.dart,form,form,aligned,pass,pass,pass,compliant
AppRouteNames.sc231P2PReviews,AppRoutePaths.p2pReviews,AppRouteNames.sc231P2PReviews,switch,flutter_app/lib/features/p2p_core/presentation/tablet/pages/p2p_tablet_utility_page.dart,shared_shell,features/p2p_core/presentation/tablet/pages/p2p_tablet_utility_page.dart;features/p2p_core/presentation/tablet/widgets/p2p_tablet_utility_surface.dart,features/p2p_core/presentation/tablet/pages/p2p_tablet_utility_page.dart,form,form,aligned,pass,pass,pass,compliant
AppRouteNames.sc254P2P2FASettings,AppRoutePaths.p2pSecurity2fa,AppRouteNames.sc254P2P2FASettings,switch,flutter_app/lib/features/p2p_core/presentation/tablet/pages/p2p_tablet_utility_page.dart,shared_shell,features/p2p_core/presentation/tablet/pages/p2p_tablet_utility_page.dart;features/p2p_core/presentation/tablet/widgets/p2p_tablet_utility_surface.dart,features/p2p_core/presentation/tablet/pages/p2p_tablet_utility_page.dart,form,form,aligned,pass,pass,pass,compliant
AppRouteNames.sc256P2PAntiPhishingCode,AppRoutePaths.p2pSecurityAntiPhishing,AppRouteNames.sc256P2PAntiPhishingCode,switch,flutter_app/lib/features/p2p_core/presentation/tablet/pages/p2p_tablet_utility_page.dart,shared_shell,features/p2p_core/presentation/tablet/pages/p2p_tablet_utility_page.dart;features/p2p_core/presentation/tablet/widgets/p2p_tablet_utility_surface.dart,features/p2p_core/presentation/tablet/pages/p2p_tablet_utility_page.dart,form,form,aligned,pass,pass,pass,compliant
AppRouteNames.sc253P2PSecurityCenter,AppRoutePaths.p2pSecurityCenter,AppRouteNames.sc253P2PSecurityCenter,switch,flutter_app/lib/features/p2p_core/presentation/tablet/pages/p2p_tablet_utility_page.dart,shared_shell,features/p2p_core/presentation/tablet/pages/p2p_tablet_utility_page.dart;features/p2p_core/presentation/tablet/widgets/p2p_tablet_utility_surface.dart,features/p2p_core/presentation/tablet/pages/p2p_tablet_utility_page.dart,form,form,aligned,pass,pass,pass,compliant
AppRouteNames.sc255P2PDeviceManagement,AppRoutePaths.p2pSecurityDevices,AppRouteNames.sc255P2PDeviceManagement,switch,flutter_app/lib/features/p2p_core/presentation/tablet/pages/p2p_tablet_utility_page.dart,shared_shell,features/p2p_core/presentation/tablet/pages/p2p_tablet_utility_page.dart;features/p2p_core/presentation/tablet/widgets/p2p_tablet_utility_surface.dart,features/p2p_core/presentation/tablet/pages/p2p_tablet_utility_page.dart,form,form,aligned,pass,pass,pass,compliant
AppRouteNames.sc257P2PLoginHistory,AppRoutePaths.p2pSecurityLoginHistory,AppRouteNames.sc257P2PLoginHistory,switch,flutter_app/lib/features/p2p_core/presentation/tablet/pages/p2p_tablet_utility_page.dart,shared_shell,features/p2p_core/presentation/tablet/pages/p2p_tablet_utility_page.dart;features/p2p_core/presentation/tablet/widgets/p2p_tablet_utility_surface.dart,features/p2p_core/presentation/tablet/pages/p2p_tablet_utility_page.dart,form,form,aligned,pass,pass,pass,compliant
AppRouteNames.sc258P2PSuspiciousActivity,AppRoutePaths.p2pSecuritySuspiciousActivity,AppRouteNames.sc258P2PSuspiciousActivity,switch,flutter_app/lib/features/p2p_core/presentation/tablet/pages/p2p_tablet_utility_page.dart,shared_shell,features/p2p_core/presentation/tablet/pages/p2p_tablet_utility_page.dart;features/p2p_core/presentation/tablet/widgets/p2p_tablet_utility_surface.dart,features/p2p_core/presentation/tablet/pages/p2p_tablet_utility_page.dart,form,form,aligned,pass,pass,pass,compliant
AppRouteNames.sc404P2PWhitelistMode,AppRoutePaths.p2pSecurityWhitelist,AppRouteNames.sc404P2PWhitelistMode,switch,flutter_app/lib/features/p2p_core/presentation/tablet/pages/p2p_tablet_utility_page.dart,shared_shell,features/p2p_core/presentation/tablet/pages/p2p_tablet_utility_page.dart;features/p2p_core/presentation/tablet/widgets/p2p_tablet_utility_surface.dart,features/p2p_core/presentation/tablet/pages/p2p_tablet_utility_page.dart,form,form,aligned,pass,pass,pass,compliant
AppRouteNames.sc279P2PSettings,AppRoutePaths.p2pSettings,AppRouteNames.sc279P2PSettings,switch,flutter_app/lib/features/p2p_core/presentation/tablet/pages/p2p_tablet_utility_page.dart,shared_shell,features/p2p_core/presentation/tablet/pages/p2p_tablet_utility_page.dart;features/p2p_core/presentation/tablet/widgets/p2p_tablet_utility_surface.dart,features/p2p_core/presentation/tablet/pages/p2p_tablet_utility_page.dart,form,form,aligned,pass,pass,pass,compliant
AppRouteNames.sc278P2PNotificationsSettings,AppRoutePaths.p2pSettingsNotifications,AppRouteNames.sc278P2PNotificationsSettings,switch,flutter_app/lib/features/p2p_core/presentation/tablet/pages/p2p_tablet_utility_page.dart,shared_shell,features/p2p_core/presentation/tablet/pages/p2p_tablet_utility_page.dart;features/p2p_core/presentation/tablet/widgets/p2p_tablet_utility_surface.dart,features/p2p_core/presentation/tablet/pages/p2p_tablet_utility_page.dart,form,form,aligned,pass,pass,pass,compliant
AppRouteNames.sc272P2PTaxReporting,AppRoutePaths.p2pTaxReporting,AppRouteNames.sc272P2PTaxReporting,switch,flutter_app/lib/features/p2p_core/presentation/tablet/pages/p2p_tablet_utility_page.dart,shared_shell,features/p2p_core/presentation/tablet/pages/p2p_tablet_utility_page.dart;features/p2p_core/presentation/tablet/widgets/p2p_tablet_utility_surface.dart,features/p2p_core/presentation/tablet/pages/p2p_tablet_utility_page.dart,form,form,aligned,pass,pass,pass,compliant
AppRouteNames.sc230P2PTradingLevel,AppRoutePaths.p2pTradingLevel,AppRouteNames.sc230P2PTradingLevel,switch,flutter_app/lib/features/p2p_core/presentation/tablet/pages/p2p_tablet_utility_page.dart,shared_shell,features/p2p_core/presentation/tablet/pages/p2p_tablet_utility_page.dart;features/p2p_core/presentation/tablet/widgets/p2p_tablet_utility_surface.dart,features/p2p_core/presentation/tablet/pages/p2p_tablet_utility_page.dart,form,form,aligned,pass,pass,pass,compliant
AppRouteNames.sc264P2PWallet,AppRoutePaths.p2pWallet,AppRouteNames.sc264P2PWallet,switch,flutter_app/lib/features/p2p_core/presentation/tablet/pages/p2p_tablet_utility_page.dart,shared_shell,features/p2p_core/presentation/tablet/pages/p2p_tablet_utility_page.dart;features/p2p_core/presentation/tablet/widgets/p2p_tablet_utility_surface.dart,features/p2p_core/presentation/tablet/pages/p2p_tablet_utility_page.dart,form,form,aligned,pass,pass,pass,compliant
AppRouteNames.sc262P2PFundLockHistory,AppRoutePaths.p2pWalletFundLockHistory,AppRouteNames.sc262P2PFundLockHistory,switch,flutter_app/lib/features/p2p_core/presentation/tablet/pages/p2p_tablet_utility_page.dart,shared_shell,features/p2p_core/presentation/tablet/pages/p2p_tablet_utility_page.dart;features/p2p_core/presentation/tablet/widgets/p2p_tablet_utility_surface.dart,features/p2p_core/presentation/tablet/pages/p2p_tablet_utility_page.dart,form,form,aligned,pass,pass,pass,compliant
AppRouteNames.sc263P2PWalletHistoryAlias,AppRoutePaths.p2pWalletHistory,AppRouteNames.sc263P2PWalletHistoryAlias,switch,flutter_app/lib/features/p2p_core/presentation/tablet/pages/p2p_tablet_utility_page.dart,shared_shell,features/p2p_core/presentation/tablet/pages/p2p_tablet_utility_page.dart;features/p2p_core/presentation/tablet/widgets/p2p_tablet_utility_surface.dart,features/p2p_core/presentation/tablet/pages/p2p_tablet_utility_page.dart,form,form,aligned,pass,pass,pass,compliant
AppRouteNames.sc261P2PWalletTransfer,AppRoutePaths.p2pWalletTransfer,AppRouteNames.sc261P2PWalletTransfer,switch,flutter_app/lib/features/p2p_core/presentation/tablet/pages/p2p_tablet_utility_page.dart,shared_shell,features/p2p_core/presentation/tablet/pages/p2p_tablet_utility_page.dart;features/p2p_core/presentation/tablet/widgets/p2p_tablet_utility_surface.dart,features/p2p_core/presentation/tablet/pages/p2p_tablet_utility_page.dart,form,form,aligned,pass,pass,pass,compliant
AppRouteNames.sc326PerformanceMonitor,AppRoutePaths.performanceMonitor,AppRouteNames.sc326PerformanceMonitor,buildSurfaceAwareTabletRoute,flutter_app/lib/shared/layout/vit_tablet_utility_page.dart,direct_vpc,shared/layout/vit_tablet_utility_page.dart,shared/layout/vit_tablet_utility_page.dart,form,standard,exception,pass,pass,pass,compliant;visual_qa_evidence
AppRouteNames.sc156Profile,AppRoutePaths.profile,AppRouteNames.sc156Profile,switch,flutter_app/lib/features/profile/presentation/phone/pages/profile_page.dart,direct_vpc,features/profile/presentation/phone/pages/profile_page.dart,features/profile/presentation/phone/pages/profile_page.dart,compact,compact,aligned,pass,pass,pass,compliant;visual_qa_evidence
AppRouteNames.sc161ActivityLog,AppRoutePaths.profileActivity,AppRouteNames.sc161ActivityLog,switch,flutter_app/lib/features/profile/presentation/tablet/pages/profile_tablet_utility_page.dart,shared_shell,features/profile/presentation/tablet/pages/profile_tablet_utility_page.dart;features/profile/presentation/tablet/widgets/profile_tablet_utility_surface.dart,features/profile/presentation/tablet/pages/profile_tablet_utility_page.dart,form,form,aligned,pass,pass,pass,compliant
AppRouteNames.sc163ApiManagement,AppRoutePaths.profileApi,AppRouteNames.sc163ApiManagement,switch,flutter_app/lib/features/profile/presentation/tablet/pages/profile_tablet_utility_page.dart,shared_shell,features/profile/presentation/tablet/pages/profile_tablet_utility_page.dart;features/profile/presentation/tablet/widgets/profile_tablet_utility_surface.dart,features/profile/presentation/tablet/pages/profile_tablet_utility_page.dart,form,form,aligned,pass,pass,pass,compliant
AppRouteNames.sc162ApiKeyCreate,AppRoutePaths.profileApiCreate,AppRouteNames.sc162ApiKeyCreate,switch,flutter_app/lib/features/profile/presentation/tablet/pages/profile_tablet_utility_page.dart,shared_shell,features/profile/presentation/tablet/pages/profile_tablet_utility_page.dart;features/profile/presentation/tablet/widgets/profile_tablet_utility_surface.dart,features/profile/presentation/tablet/pages/profile_tablet_utility_page.dart,form,form,aligned,pass,pass,pass,compliant
AppRouteNames.sc165DeviceManagement,AppRoutePaths.profileDevices,AppRouteNames.sc165DeviceManagement,switch,flutter_app/lib/features/profile/presentation/tablet/pages/profile_tablet_utility_page.dart,shared_shell,features/profile/presentation/tablet/pages/profile_tablet_utility_page.dart;features/profile/presentation/tablet/widgets/profile_tablet_utility_surface.dart,features/profile/presentation/tablet/pages/profile_tablet_utility_page.dart,form,form,aligned,pass,pass,pass,compliant
AppRouteNames.sc157EditProfile,AppRoutePaths.profileEdit,AppRouteNames.sc157EditProfile,switch,flutter_app/lib/features/profile/presentation/tablet/pages/profile_tablet_utility_page.dart,shared_shell,features/profile/presentation/tablet/pages/profile_tablet_utility_page.dart;features/profile/presentation/tablet/widgets/profile_tablet_utility_surface.dart,features/profile/presentation/tablet/pages/profile_tablet_utility_page.dart,form,form,aligned,pass,pass,pass,compliant
AppRouteNames.sc159Kyc,AppRoutePaths.profileKyc,AppRouteNames.sc159Kyc,switch,flutter_app/lib/features/profile/presentation/tablet/pages/profile_tablet_utility_page.dart,shared_shell,features/profile/presentation/tablet/pages/profile_tablet_utility_page.dart;features/profile/presentation/tablet/widgets/profile_tablet_utility_surface.dart,features/profile/presentation/tablet/pages/profile_tablet_utility_page.dart,form,form,aligned,pass,pass,pass,compliant
AppRouteNames.sc158Security,AppRoutePaths.profileSecurity,AppRouteNames.sc158Security,switch,flutter_app/lib/features/profile/presentation/tablet/pages/profile_tablet_utility_page.dart,shared_shell,features/profile/presentation/tablet/pages/profile_tablet_utility_page.dart;features/profile/presentation/tablet/widgets/profile_tablet_utility_surface.dart,features/profile/presentation/tablet/pages/profile_tablet_utility_page.dart,form,form,aligned,pass,pass,pass,compliant
AppRouteNames.sc160Settings,AppRoutePaths.profileSettings,AppRouteNames.sc160Settings,switch,flutter_app/lib/features/profile/presentation/tablet/pages/profile_tablet_utility_page.dart,shared_shell,features/profile/presentation/tablet/pages/profile_tablet_utility_page.dart;features/profile/presentation/tablet/widgets/profile_tablet_utility_surface.dart,features/profile/presentation/tablet/pages/profile_tablet_utility_page.dart,form,form,aligned,pass,pass,pass,compliant
AppRouteNames.sc166SubAccount,AppRoutePaths.profileSubAccounts,AppRouteNames.sc166SubAccount,switch,flutter_app/lib/features/profile/presentation/tablet/pages/profile_tablet_utility_page.dart,shared_shell,features/profile/presentation/tablet/pages/profile_tablet_utility_page.dart;features/profile/presentation/tablet/widgets/profile_tablet_utility_surface.dart,features/profile/presentation/tablet/pages/profile_tablet_utility_page.dart,form,form,aligned,pass,pass,pass,compliant
AppRouteNames.sc164Vip,AppRoutePaths.profileVip,AppRouteNames.sc164Vip,switch,flutter_app/lib/features/profile/presentation/tablet/pages/profile_tablet_utility_page.dart,shared_shell,features/profile/presentation/tablet/pages/profile_tablet_utility_page.dart;features/profile/presentation/tablet/widgets/profile_tablet_utility_surface.dart,features/profile/presentation/tablet/pages/profile_tablet_utility_page.dart,form,form,aligned,pass,pass,pass,compliant
AppRouteNames.sc290ReferralHome,AppRoutePaths.referral,AppRouteNames.sc290ReferralHome,buildSurfaceAwareTabletRoute,flutter_app/lib/shared/layout/vit_tablet_utility_page.dart,direct_vpc,shared/layout/vit_tablet_utility_page.dart,shared/layout/vit_tablet_utility_page.dart,form,standard,exception,pass,pass,pass,compliant
AppRouteNames.sc286ReferralHistory,AppRoutePaths.referralHistory,AppRouteNames.sc286ReferralHistory,buildSurfaceAwareTabletRoute,flutter_app/lib/shared/layout/vit_tablet_utility_page.dart,direct_vpc,shared/layout/vit_tablet_utility_page.dart,shared/layout/vit_tablet_utility_page.dart,form,standard,exception,pass,pass,pass,compliant
AppRouteNames.sc287ReferralRewards,AppRoutePaths.referralRewards,AppRouteNames.sc287ReferralRewards,buildSurfaceAwareTabletRoute,flutter_app/lib/shared/layout/vit_tablet_utility_page.dart,direct_vpc,shared/layout/vit_tablet_utility_page.dart,shared/layout/vit_tablet_utility_page.dart,form,standard,exception,pass,pass,pass,compliant
AppRouteNames.sc288ReferralRules,AppRoutePaths.referralRules,AppRouteNames.sc288ReferralRules,buildSurfaceAwareTabletRoute,flutter_app/lib/shared/layout/vit_tablet_utility_page.dart,direct_vpc,shared/layout/vit_tablet_utility_page.dart,shared/layout/vit_tablet_utility_page.dart,form,standard,exception,pass,pass,pass,compliant
AppRouteNames.sc319RewardsHub,AppRoutePaths.rewards,AppRouteNames.sc319RewardsHub,buildSurfaceAwareTabletRoute,flutter_app/lib/shared/layout/vit_tablet_utility_page.dart,direct_vpc,shared/layout/vit_tablet_utility_page.dart,shared/layout/vit_tablet_utility_page.dart,form,standard,exception,pass,pass,pass,compliant
AppRouteNames.sc325RouteChecker,AppRoutePaths.routeChecker,AppRouteNames.sc325RouteChecker,buildSurfaceAwareTabletRoute,flutter_app/lib/shared/layout/vit_tablet_utility_page.dart,direct_vpc,shared/layout/vit_tablet_utility_page.dart,shared/layout/vit_tablet_utility_page.dart,form,standard,exception,pass,pass,pass,compliant;visual_qa_evidence
AppRouteNames.sc283UnifiedSearch,AppRoutePaths.search,AppRouteNames.sc283UnifiedSearch,buildSurfaceAwareTabletRoute,flutter_app/lib/shared/layout/vit_tablet_utility_page.dart,direct_vpc,shared/layout/vit_tablet_utility_page.dart,shared/layout/vit_tablet_utility_page.dart,form,standard,exception,pass,pass,pass,compliant
AppRouteNames.sc413SettingsSecurity,AppRoutePaths.settingsSecurity,AppRouteNames.sc413SettingsSecurity,switch,flutter_app/lib/features/profile/presentation/tablet/pages/profile_tablet_utility_page.dart,shared_shell,features/profile/presentation/tablet/pages/profile_tablet_utility_page.dart;features/profile/presentation/tablet/widgets/profile_tablet_utility_surface.dart,features/profile/presentation/tablet/pages/profile_tablet_utility_page.dart,form,form,aligned,pass,pass,pass,compliant
AppRouteNames.sc405SettingsSecurityBiometric,AppRoutePaths.settingsSecurityBiometric,AppRouteNames.sc405SettingsSecurityBiometric,switch,flutter_app/lib/features/profile/presentation/tablet/pages/profile_tablet_utility_page.dart,shared_shell,features/profile/presentation/tablet/pages/profile_tablet_utility_page.dart;features/profile/presentation/tablet/widgets/profile_tablet_utility_surface.dart,features/profile/presentation/tablet/pages/profile_tablet_utility_page.dart,form,form,aligned,pass,pass,pass,compliant
AppRouteNames.sc406SettingsSecurityChangePassword,AppRoutePaths.settingsSecurityChangePassword,AppRouteNames.sc406SettingsSecurityChangePassword,switch,flutter_app/lib/features/profile/presentation/tablet/pages/profile_tablet_utility_page.dart,shared_shell,features/profile/presentation/tablet/pages/profile_tablet_utility_page.dart;features/profile/presentation/tablet/widgets/profile_tablet_utility_surface.dart,features/profile/presentation/tablet/pages/profile_tablet_utility_page.dart,form,form,aligned,pass,pass,pass,compliant
AppRouteNames.sc323SmartAlertCenter,AppRoutePaths.smartAlerts,AppRouteNames.sc323SmartAlertCenter,buildSurfaceAwareTabletRoute,flutter_app/lib/shared/layout/vit_tablet_utility_page.dart,direct_vpc,shared/layout/vit_tablet_utility_page.dart,shared/layout/vit_tablet_utility_page.dart,form,standard,exception,pass,pass,pass,compliant
AppRouteNames.sc294Support,AppRoutePaths.support,AppRouteNames.sc294Support,buildSurfaceAwareTabletRoute,flutter_app/lib/shared/layout/vit_tablet_utility_page.dart,direct_vpc,shared/layout/vit_tablet_utility_page.dart,shared/layout/vit_tablet_utility_page.dart,form,standard,exception,pass,pass,pass,compliant
AppRouteNames.sc293Announcements,AppRoutePaths.supportAnnouncements,AppRouteNames.sc293Announcements,buildSurfaceAwareTabletRoute,flutter_app/lib/shared/layout/vit_tablet_utility_page.dart,direct_vpc,shared/layout/vit_tablet_utility_page.dart,shared/layout/vit_tablet_utility_page.dart,form,standard,exception,pass,pass,pass,compliant
AppRouteNames.sc292HelpCenter,AppRoutePaths.supportHelp,AppRouteNames.sc292HelpCenter,buildSurfaceAwareTabletRoute,flutter_app/lib/shared/layout/vit_tablet_utility_page.dart,direct_vpc,shared/layout/vit_tablet_utility_page.dart,shared/layout/vit_tablet_utility_page.dart,form,standard,exception,pass,pass,pass,compliant
AppRouteNames.sc324TaxReportCenter,AppRoutePaths.taxReports,AppRouteNames.sc324TaxReportCenter,buildSurfaceAwareTabletRoute,flutter_app/lib/shared/layout/vit_tablet_utility_page.dart,direct_vpc,shared/layout/vit_tablet_utility_page.dart,shared/layout/vit_tablet_utility_page.dart,form,standard,exception,pass,pass,pass,compliant
AppRouteNames.sc285TopicCrypto,AppRoutePaths.topicCrypto,AppRouteNames.sc285TopicCrypto,buildSurfaceAwareTabletRoute,flutter_app/lib/shared/layout/vit_tablet_utility_page.dart,direct_vpc,shared/layout/vit_tablet_utility_page.dart,shared/layout/vit_tablet_utility_page.dart,form,standard,exception,pass,pass,pass,compliant
AppRouteNames.sc284TopicHub,AppRoutePaths.topics,AppRouteNames.sc284TopicHub,buildSurfaceAwareTabletRoute,flutter_app/lib/shared/layout/vit_tablet_utility_page.dart,direct_vpc,shared/layout/vit_tablet_utility_page.dart,shared/layout/vit_tablet_utility_page.dart,form,standard,exception,pass,pass,pass,compliant
AppRouteNames.sc048Trade,AppRoutePaths.trade,AppRouteNames.sc048Trade,TradePage,flutter_app/lib/features/trade/presentation/phone/pages/trade_page.dart,shared_shell,features/trade/presentation/phone/pages/trade_page.dart;features/trade/presentation/phone/pages/trade_page_state.dart;features/trade_core/presentation/widgets/trade_module_layout.dart,features/trade/presentation/phone/pages/trade_page.dart,standard,standard,aligned,pass,pass,pass,compliant;tab_root;visual_qa_pass
AppRouteNames.sc062AdvancedTools,AppRoutePaths.tradeAdvancedTools,AppRouteNames.sc062AdvancedTools,_tabletTradeTerminalRoute,flutter_app/lib/shared/layout/vit_tablet_utility_page.dart,direct_vpc,shared/layout/vit_tablet_utility_page.dart,shared/layout/vit_tablet_utility_page.dart,form,standard,exception,pass,pass,pass,compliant
AppRouteNames.sc134BotApiDocumentation,AppRoutePaths.tradeBotApiDocumentation,AppRouteNames.sc134BotApiDocumentation,BotApiDocumentationPage,flutter_app/lib/features/trade_bots/presentation/pages/settings/bot_api_documentation_page.dart,direct_vpc,features/trade_bots/presentation/pages/settings/bot_api_documentation_page.dart;features/trade_bots/presentation/widgets/settings/bot_api_documentation_endpoints.dart;features/trade_bots/presentation/widgets/settings/bot_api_documentation_intro_tabs.dart;features/trade_bots/presentation/widgets/settings/bot_api_documentation_support_common.dart;features/trade_bots/presentation/widgets/settings/bot_api_documentation_websocket_examples.dart;features/trade_core/presentation/widgets/trade_module_layout.dart,features/trade_bots/presentation/pages/settings/bot_api_documentation_page.dart,standard,standard|compact,aligned,pass,pass,pass,compliant
AppRouteNames.sc125BotBacktesting,AppRoutePaths.tradeBotBacktesting,AppRouteNames.sc125BotBacktesting,BotBacktestingPage,flutter_app/lib/features/trade_bots/presentation/pages/backtest/bot_backtesting_page.dart,shared_shell,features/trade_bots/presentation/pages/backtest/bot_backtesting_page.dart;features/trade_bots/presentation/widgets/backtest/bot_backtesting_widgets.dart;features/trade_core/presentation/widgets/trade_module_layout.dart,features/trade_bots/presentation/pages/backtest/bot_backtesting_page.dart,standard,standard,aligned,pass,pass,pass,compliant
AppRouteNames.sc129BotDrawdownAnalyzer,AppRoutePaths.tradeBotDrawdownAnalyzer,AppRouteNames.sc129BotDrawdownAnalyzer,BotDrawdownAnalyzerPage,flutter_app/lib/features/trade_bots/presentation/pages/dashboard/bot_drawdown_analyzer_page.dart,shared_shell,features/trade_bots/presentation/pages/dashboard/bot_drawdown_analyzer_page.dart;features/trade_bots/presentation/widgets/dashboard/bot_drawdown_analyzer_page_common.dart;features/trade_bots/presentation/widgets/dashboard/bot_drawdown_analyzer_page_sections.dart;features/trade_core/presentation/widgets/trade_module_layout.dart,features/trade_bots/presentation/pages/dashboard/bot_drawdown_analyzer_page.dart,compact,compact,aligned,pass,pass,pass,compliant
AppRouteNames.sc121BotEmergencyStop,AppRoutePaths.tradeBotEmergencyStop,AppRouteNames.sc121BotEmergencyStop,BotEmergencyStopPage,flutter_app/lib/features/trade_bots/presentation/pages/settings/bot_emergency_stop_page.dart,shared_shell,features/trade_bots/presentation/pages/settings/bot_emergency_stop_page.dart;features/trade_bots/presentation/widgets/settings/bot_emergency_stop_page_common.dart;features/trade_bots/presentation/widgets/settings/bot_emergency_stop_page_sections.dart;features/trade_core/presentation/widgets/trade_module_layout.dart,features/trade_bots/presentation/pages/settings/bot_emergency_stop_page.dart,standard,standard,aligned,pass,pass,pass,compliant
AppRouteNames.sc130BotEquityCurve,AppRoutePaths.tradeBotEquityCurve,AppRouteNames.sc130BotEquityCurve,BotEquityCurvePage,flutter_app/lib/features/trade_bots/presentation/pages/dashboard/bot_equity_curve_page.dart,shared_shell,features/trade_bots/presentation/pages/dashboard/bot_equity_curve_page.dart;features/trade_bots/presentation/widgets/dashboard/bot_equity_curve_analysis_painters.dart;features/trade_bots/presentation/widgets/dashboard/bot_equity_curve_charts_cards.dart;features/trade_bots/presentation/widgets/dashboard/bot_equity_curve_summary_tabs.dart;features/trade_core/presentation/widgets/trade_module_layout.dart,features/trade_bots/presentation/pages/dashboard/bot_equity_curve_page.dart,compact,compact,aligned,pass,pass,pass,compliant
AppRouteNames.sc132BotFaq,AppRoutePaths.tradeBotFaq,AppRouteNames.sc132BotFaq,BotFaqPage,flutter_app/lib/features/trade_bots/presentation/pages/settings/bot_faq_page.dart,shared_shell,features/trade_bots/presentation/pages/settings/bot_faq_page.dart;features/trade_bots/presentation/widgets/settings/bot_faq_cards_help.dart;features/trade_bots/presentation/widgets/settings/bot_faq_search_tabs.dart;features/trade_core/presentation/widgets/trade_module_layout.dart,features/trade_bots/presentation/pages/settings/bot_faq_page.dart,compact,compact,aligned,pass,pass,pass,compliant
AppRouteNames.sc131BotGuide,AppRoutePaths.tradeBotGuide,AppRouteNames.sc131BotGuide,BotGuidePage,flutter_app/lib/features/trade_bots/presentation/pages/settings/bot_guide_page.dart,direct_vpc,features/trade_bots/presentation/pages/settings/bot_guide_page.dart;features/trade_bots/presentation/widgets/settings/bot_guide_blocks.dart;features/trade_bots/presentation/widgets/settings/bot_guide_common.dart;features/trade_bots/presentation/widgets/settings/bot_guide_intro_tabs.dart;features/trade_bots/presentation/widgets/settings/bot_guide_practices_videos.dart;features/trade_bots/presentation/widgets/settings/bot_guide_strategies.dart;features/trade_core/presentation/widgets/trade_module_layout.dart,features/trade_bots/presentation/pages/settings/bot_guide_page.dart,standard,standard|compact,aligned,pass,pass,pass,compliant
AppRouteNames.sc123BotHistory,AppRoutePaths.tradeBotHistory,AppRouteNames.sc123BotHistory,BotHistoryPage,flutter_app/lib/features/trade_bots/presentation/pages/dashboard/bot_history_page.dart,shared_shell,features/trade_bots/presentation/pages/dashboard/bot_history_page.dart;features/trade_bots/presentation/widgets/dashboard/bot_history_page_common.dart;features/trade_bots/presentation/widgets/dashboard/bot_history_page_sections.dart;features/trade_core/presentation/widgets/trade_module_layout.dart,features/trade_bots/presentation/pages/dashboard/bot_history_page.dart,compact,compact,aligned,pass,pass,pass,compliant
AppRouteNames.sc127BotOptimization,AppRoutePaths.tradeBotOptimization,AppRouteNames.sc127BotOptimization,BotOptimizationPage,flutter_app/lib/features/trade_bots/presentation/pages/backtest/bot_optimization_page.dart,shared_shell,features/trade_bots/presentation/pages/backtest/bot_optimization_page.dart;features/trade_bots/presentation/widgets/backtest/bot_optimization_page_common.dart;features/trade_bots/presentation/widgets/backtest/bot_optimization_page_sections.dart;features/trade_core/presentation/widgets/trade_module_layout.dart,features/trade_bots/presentation/pages/backtest/bot_optimization_page.dart,standard,standard,aligned,pass,pass,pass,compliant
AppRouteNames.sc124BotPerformanceAnalytics,AppRoutePaths.tradeBotPerformanceAnalytics,AppRouteNames.sc124BotPerformanceAnalytics,BotPerformanceAnalyticsPage,flutter_app/lib/features/trade_bots/presentation/pages/dashboard/bot_performance_analytics_page.dart,shared_shell,features/trade_bots/presentation/pages/dashboard/bot_performance_analytics_page.dart;features/trade_bots/presentation/widgets/dashboard/bot_performance_charts_strategy.dart;features/trade_bots/presentation/widgets/dashboard/bot_performance_metrics_summary.dart;features/trade_bots/presentation/widgets/dashboard/bot_performance_painters.dart;features/trade_bots/presentation/widgets/dashboard/bot_performance_timeframe_view.dart;features/trade_core/presentation/widgets/trade_module_layout.dart,features/trade_bots/presentation/pages/dashboard/bot_performance_analytics_page.dart,compact,compact,aligned,pass,pass,pass,compliant
AppRouteNames.sc128BotPortfolioDashboard,AppRoutePaths.tradeBotPortfolioDashboard,AppRouteNames.sc128BotPortfolioDashboard,BotPortfolioDashboardPage,flutter_app/lib/features/trade_bots/presentation/pages/dashboard/bot_portfolio_dashboard_page.dart,shared_shell,features/trade_bots/presentation/pages/dashboard/bot_portfolio_dashboard_page.dart;features/trade_bots/presentation/widgets/dashboard/bot_portfolio_dashboard_page_common.dart;features/trade_bots/presentation/widgets/dashboard/bot_portfolio_dashboard_page_sections.dart;features/trade_core/presentation/widgets/trade_module_layout.dart,features/trade_bots/presentation/pages/dashboard/bot_portfolio_dashboard_page.dart,compact,compact,aligned,pass,pass,pass,compliant
AppRouteNames.sc120BotRiskDashboard,AppRoutePaths.tradeBotRiskDashboard,AppRouteNames.sc120BotRiskDashboard,BotRiskDashboardPage,flutter_app/lib/features/trade_bots/presentation/pages/dashboard/bot_risk_dashboard_page.dart,shared_shell,features/trade_bots/presentation/pages/dashboard/bot_risk_dashboard_page.dart;features/trade_bots/presentation/widgets/dashboard/bot_risk_dashboard_charts.dart;features/trade_bots/presentation/widgets/dashboard/bot_risk_dashboard_controls.dart;features/trade_bots/presentation/widgets/dashboard/bot_risk_dashboard_metrics.dart;features/trade_bots/presentation/widgets/dashboard/bot_risk_dashboard_score.dart;features/trade_core/presentation/widgets/trade_module_layout.dart,features/trade_bots/presentation/pages/dashboard/bot_risk_dashboard_page.dart,compact,compact,aligned,pass,pass,pass,compliant
AppRouteNames.sc118BotRiskDisclosure,AppRoutePaths.tradeBotRiskDisclosure,AppRouteNames.sc118BotRiskDisclosure,BotRiskDisclosurePage,flutter_app/lib/features/trade_bots/presentation/pages/settings/bot_risk_disclosure_page.dart,shared_shell,features/trade_bots/presentation/pages/settings/bot_risk_disclosure_page.dart;features/trade_bots/presentation/widgets/settings/bot_risk_disclosure_page_common.dart;features/trade_bots/presentation/widgets/settings/bot_risk_disclosure_page_sections.dart;features/trade_core/presentation/widgets/trade_module_layout.dart,features/trade_bots/presentation/pages/settings/bot_risk_disclosure_page.dart,compact,compact,aligned,pass,pass,pass,compliant
AppRouteNames.sc122BotSecuritySettings,AppRoutePaths.tradeBotSecuritySettings,AppRouteNames.sc122BotSecuritySettings,BotSecuritySettingsPage,flutter_app/lib/features/trade_bots/presentation/pages/settings/bot_security_settings_page.dart,direct_vpc,features/trade_bots/presentation/pages/settings/bot_security_settings_page.dart;features/trade_bots/presentation/widgets/settings/bot_security_settings_cards.dart;features/trade_bots/presentation/widgets/settings/bot_security_settings_common.dart;features/trade_bots/presentation/widgets/settings/bot_security_settings_sheets.dart;features/trade_core/presentation/widgets/trade_module_layout.dart,features/trade_bots/presentation/pages/settings/bot_security_settings_page.dart,standard,standard|compact,aligned,pass,pass,pass,compliant
AppRouteNames.sc126BotStrategyCompare,AppRoutePaths.tradeBotStrategyCompare,AppRouteNames.sc126BotStrategyCompare,BotStrategyComparePage,flutter_app/lib/features/trade_bots/presentation/pages/backtest/bot_strategy_compare_page.dart,shared_shell,features/trade_bots/presentation/pages/backtest/bot_strategy_compare_page.dart;features/trade_bots/presentation/widgets/backtest/bot_strategy_compare_metrics.dart;features/trade_bots/presentation/widgets/backtest/bot_strategy_compare_painters.dart;features/trade_bots/presentation/widgets/backtest/bot_strategy_compare_recommendations_common.dart;features/trade_bots/presentation/widgets/backtest/bot_strategy_compare_selection.dart;features/trade_core/presentation/widgets/trade_module_layout.dart,features/trade_bots/presentation/pages/backtest/bot_strategy_compare_page.dart,compact,compact,aligned,pass,pass,pass,compliant
AppRouteNames.sc119BotSuitabilityAssessment,AppRoutePaths.tradeBotSuitabilityAssessment,AppRouteNames.sc119BotSuitabilityAssessment,BotSuitabilityAssessmentPage,flutter_app/lib/features/trade_bots/presentation/pages/settings/bot_suitability_assessment_page.dart,direct_vpc,features/trade_bots/presentation/pages/settings/bot_suitability_assessment_page.dart;features/trade_bots/presentation/widgets/settings/bot_suitability_breakdown_common.dart;features/trade_bots/presentation/widgets/settings/bot_suitability_questions_info.dart;features/trade_bots/presentation/widgets/settings/bot_suitability_result_score.dart;features/trade_core/presentation/widgets/trade_module_layout.dart,features/trade_bots/presentation/pages/settings/bot_suitability_assessment_page.dart,standard,standard|compact,aligned,pass,pass,pass,compliant
AppRouteNames.sc133BotTaxReporting,AppRoutePaths.tradeBotTaxReporting,AppRouteNames.sc133BotTaxReporting,BotTaxReportingPage,flutter_app/lib/features/trade_bots/presentation/pages/settings/bot_tax_reporting_page.dart,shared_shell,features/trade_bots/presentation/pages/settings/bot_tax_reporting_page.dart;features/trade_bots/presentation/widgets/settings/bot_tax_reporting_common.dart;features/trade_bots/presentation/widgets/settings/bot_tax_reporting_notice_year.dart;features/trade_bots/presentation/widgets/settings/bot_tax_reporting_reports.dart;features/trade_bots/presentation/widgets/settings/bot_tax_reporting_summary.dart;features/trade_core/presentation/widgets/trade_module_layout.dart,features/trade_bots/presentation/pages/settings/bot_tax_reporting_page.dart,standard,standard,aligned,pass,pass,pass,compliant
AppRouteNames.sc117BotTermsOfService,AppRoutePaths.tradeBotTermsOfService,AppRouteNames.sc117BotTermsOfService,BotTermsOfServicePage,flutter_app/lib/features/trade_bots/presentation/pages/settings/bot_terms_of_service_page.dart,shared_shell,features/trade_bots/presentation/pages/settings/bot_terms_of_service_page.dart;features/trade_bots/presentation/widgets/settings/bot_terms_of_service_page_common.dart;features/trade_bots/presentation/widgets/settings/bot_terms_of_service_page_sections.dart;features/trade_core/presentation/widgets/trade_module_layout.dart,features/trade_bots/presentation/pages/settings/bot_terms_of_service_page.dart,compact,compact,aligned,pass,pass,pass,compliant
AppRouteNames.sc059TradingBots,AppRoutePaths.tradeBots,AppRouteNames.sc059TradingBots,TradingBotsPage,flutter_app/lib/features/trade_bots/presentation/pages/hub/trading_bots_page.dart,shared_shell,features/trade_bots/presentation/pages/hub/trading_bots_page.dart;features/trade_bots/presentation/widgets/hub/trading_bots_page_bot_card.dart;features/trade_bots/presentation/widgets/hub/trading_bots_page_create_bot_sheet.dart;features/trade_bots/presentation/widgets/hub/trading_bots_page_formatters.dart;features/trade_bots/presentation/widgets/hub/trading_bots_page_my_bots_tab.dart;features/trade_bots/presentation/widgets/hub/trading_bots_page_tools.dart;features/trade_core/presentation/widgets/trade_module_layout.dart,features/trade_bots/presentation/pages/hub/trading_bots_page.dart,compact,compact,aligned,pass,pass,pass,compliant
AppRouteNames.sc056Convert,AppRoutePaths.tradeConvert,AppRouteNames.sc056Convert,switch,flutter_app/lib/features/trade/presentation/tablet/pages/trade_tablet_utility_page.dart,shared_shell,features/trade/presentation/tablet/pages/trade_tablet_utility_page.dart;features/trade_core/presentation/widgets/trade_module_layout.dart,features/trade/presentation/tablet/pages/trade_tablet_utility_page.dart,standard,standard,aligned,pass,pass,pass,compliant
AppRouteNames.sc066ActiveCopies,AppRoutePaths.tradeCopyActive,AppRouteNames.sc066ActiveCopies,ActiveCopiesPage,flutter_app/lib/features/trade_copy/presentation/pages/hub/active_copies_page.dart,direct_vpc,features/trade_copy/presentation/pages/hub/active_copies_page.dart;features/trade_copy/presentation/widgets/hub/active_copies_alerts_modal.dart;features/trade_copy/presentation/widgets/hub/active_copies_card.dart;features/trade_copy/presentation/widgets/hub/active_copies_expanded_details.dart;features/trade_copy/presentation/widgets/hub/active_copies_overview.dart;features/trade_copy/presentation/widgets/hub/active_copies_shared.dart;features/trade_core/presentation/widgets/trade_module_layout.dart,features/trade_copy/presentation/pages/hub/active_copies_page.dart,standard,standard|compact,aligned,pass,pass,pass,compliant
AppRouteNames.sc095ArmIntegrationStatus,AppRoutePaths.tradeCopyArmIntegrationStatus,AppRouteNames.sc095ArmIntegrationStatus,ArmIntegrationStatusPage,flutter_app/lib/features/trade_compliance/presentation/pages/client_money/arm_integration_status_page.dart,shared_shell,features/trade_compliance/presentation/pages/client_money/arm_integration_status_page.dart;features/trade_compliance/presentation/widgets/client_money/arm_integration_common_painter.dart;features/trade_compliance/presentation/widgets/client_money/arm_integration_providers.dart;features/trade_compliance/presentation/widgets/client_money/arm_integration_sla_actions.dart;features/trade_core/presentation/widgets/trade_module_layout.dart,features/trade_compliance/presentation/pages/client_money/arm_integration_status_page.dart,compact,compact,aligned,pass,pass,pass,compliant
AppRouteNames.sc115AuditTrail,AppRoutePaths.tradeCopyAuditTrail,AppRouteNames.sc115AuditTrail,AuditTrailPage,flutter_app/lib/features/trade_compliance/presentation/pages/governance/audit_trail_page.dart,shared_shell,features/trade_compliance/presentation/pages/governance/audit_trail_page.dart;features/trade_compliance/presentation/widgets/governance/audit_trail_page_common.dart;features/trade_compliance/presentation/widgets/governance/audit_trail_page_sections.dart;features/trade_core/presentation/widgets/trade_module_layout.dart,features/trade_compliance/presentation/pages/governance/audit_trail_page.dart,compact,compact,aligned,pass,pass,pass,compliant
AppRouteNames.sc096BestExecutionReports,AppRoutePaths.tradeCopyBestExecutionReports,AppRouteNames.sc096BestExecutionReports,BestExecutionReportsPage,flutter_app/lib/features/trade_compliance/presentation/pages/execution/best_execution_reports_page.dart,direct_vpc,features/trade_compliance/presentation/pages/execution/best_execution_reports_page.dart;features/trade_compliance/presentation/widgets/execution/best_execution_archive_common.dart;features/trade_compliance/presentation/widgets/execution/best_execution_current.dart;features/trade_compliance/presentation/widgets/execution/best_execution_overview.dart;features/trade_core/presentation/widgets/trade_module_layout.dart,features/trade_compliance/presentation/pages/execution/best_execution_reports_page.dart,standard,standard|compact,aligned,pass,pass,pass,compliant
AppRouteNames.sc103CassReconciliation,AppRoutePaths.tradeCopyCassReconciliation,AppRouteNames.sc103CassReconciliation,CassReconciliationPage,flutter_app/lib/features/trade_compliance/presentation/pages/client_money/cass_reconciliation_page.dart,shared_shell,features/trade_compliance/presentation/pages/client_money/cass_reconciliation_page.dart;features/trade_compliance/presentation/widgets/client_money/cass_reconciliation_records_common.dart;features/trade_compliance/presentation/widgets/client_money/cass_reconciliation_summary_tabs.dart;features/trade_core/presentation/widgets/trade_module_layout.dart,features/trade_compliance/presentation/pages/client_money/cass_reconciliation_page.dart,compact,compact,aligned,pass,pass,pass,compliant
AppRouteNames.sc099ClientCategorization,AppRoutePaths.tradeCopyClientCategorization,AppRouteNames.sc099ClientCategorization,ClientCategorizationPage,flutter_app/lib/features/trade_compliance/presentation/pages/governance/client_categorization_page.dart,direct_vpc,features/trade_compliance/presentation/pages/governance/client_categorization_opt_up_page.dart;features/trade_compliance/presentation/pages/governance/client_categorization_page.dart;features/trade_compliance/presentation/widgets/governance/client_categorization_history_tab.dart;features/trade_compliance/presentation/widgets/governance/client_categorization_overview_tab.dart;features/trade_compliance/presentation/widgets/governance/client_categorization_page_chrome.dart;features/trade_compliance/presentation/widgets/governance/client_categorization_protections_requirements_tab.dart;features/trade_core/presentation/widgets/trade_module_layout.dart,features/trade_compliance/presentation/pages/governance/client_categorization_opt_up_page.dart,standard,standard|compact,aligned,pass,pass,pass,compliant
AppRouteNames.sc102ClientMoneyProtection,AppRoutePaths.tradeCopyClientMoneyProtection,AppRouteNames.sc102ClientMoneyProtection,ClientMoneyProtectionPage,flutter_app/lib/features/trade_compliance/presentation/pages/client_money/client_money_protection_page.dart,direct_vpc,features/trade_compliance/presentation/pages/client_money/client_money_protection_page.dart;features/trade_compliance/presentation/widgets/client_money/client_money_protection_page_common.dart;features/trade_compliance/presentation/widgets/client_money/client_money_protection_page_sections.dart;features/trade_core/presentation/widgets/trade_module_layout.dart,features/trade_compliance/presentation/pages/client_money/client_money_protection_page.dart,standard,standard|compact,aligned,pass,pass,pass,compliant
AppRouteNames.sc411ClientOptUpRequest,AppRoutePaths.tradeCopyClientOptUpRequest,AppRouteNames.sc411ClientOptUpRequest,ClientOptUpRequestPage,flutter_app/lib/features/trade_compliance/presentation/pages/governance/client_categorization_opt_up_page.dart,shared_shell,features/trade_compliance/presentation/pages/governance/client_categorization_opt_up_page.dart;features/trade_core/presentation/widgets/trade_module_layout.dart,features/trade_compliance/presentation/pages/governance/client_categorization_opt_up_page.dart,standard,standard,aligned,pass,pass,pass,compliant
AppRouteNames.sc076ProviderComparison,AppRoutePaths.tradeCopyComparison,AppRouteNames.sc076ProviderComparison,ProviderComparisonPage,flutter_app/lib/features/trade_copy/presentation/pages/provider/provider_comparison_page.dart,shared_shell,features/trade_copy/presentation/pages/provider/provider_comparison_page.dart;features/trade_core/presentation/widgets/trade_module_layout.dart,features/trade_copy/presentation/pages/provider/provider_comparison_page.dart,compact,compact,aligned,pass,pass,pass,compliant
AppRouteNames.sc112ComplaintSubmission,AppRoutePaths.tradeCopyComplaintSubmission,AppRouteNames.sc112ComplaintSubmission,ComplaintSubmissionPage,flutter_app/lib/features/trade_compliance/presentation/pages/complaints/complaint_submission_page.dart,shared_shell,features/trade_compliance/presentation/pages/complaints/complaint_submission_page.dart;features/trade_compliance/presentation/widgets/complaints/complaint_submission_page_common.dart;features/trade_compliance/presentation/widgets/complaints/complaint_submission_page_sections.dart;features/trade_core/presentation/widgets/trade_module_layout.dart,features/trade_compliance/presentation/pages/complaints/complaint_submission_page.dart,compact,compact,aligned,pass,pass,pass,compliant
AppRouteNames.sc113ComplaintTracking,AppRoutePaths.tradeCopyComplaintTrackingBase,AppRouteNames.sc113ComplaintTracking,ComplaintTrackingPage,flutter_app/lib/features/trade_compliance/presentation/pages/complaints/complaint_tracking_page.dart,shared_shell,features/trade_compliance/presentation/pages/complaints/complaint_tracking_page.dart;features/trade_core/presentation/widgets/trade_module_layout.dart,features/trade_compliance/presentation/pages/complaints/complaint_tracking_page.dart,compact,compact,aligned,pass,pass,pass,compliant
AppRouteNames.sc111ComplaintsHandling,AppRoutePaths.tradeCopyComplaintsHandling,AppRouteNames.sc111ComplaintsHandling,ComplaintsHandlingPage,flutter_app/lib/features/trade_compliance/presentation/pages/complaints/complaints_handling_page.dart,direct_vpc,features/trade_compliance/presentation/pages/complaints/complaints_handling_page.dart;features/trade_compliance/presentation/widgets/complaints/complaints_handling_overview_complaints.dart;features/trade_compliance/presentation/widgets/complaints/complaints_handling_overview_header_tabs.dart;features/trade_compliance/presentation/widgets/complaints/complaints_handling_process_common.dart;features/trade_core/presentation/widgets/trade_module_layout.dart,features/trade_compliance/presentation/pages/complaints/complaints_handling_page.dart,standard,standard|compact,aligned,pass,pass,pass,compliant
AppRouteNames.sc082DisputeResolution,AppRoutePaths.tradeCopyDisputeResolution,AppRouteNames.sc082DisputeResolution,DisputeResolutionPage,flutter_app/lib/features/trade_copy/presentation/pages/safety/dispute_resolution_page.dart,direct_vpc,features/trade_copy/presentation/pages/safety/dispute_resolution_page.dart;features/trade_copy/presentation/widgets/safety/dispute_resolution_cases.dart;features/trade_copy/presentation/widgets/safety/dispute_resolution_common.dart;features/trade_copy/presentation/widgets/safety/dispute_resolution_form.dart;features/trade_core/presentation/widgets/trade_module_layout.dart,features/trade_copy/presentation/pages/safety/dispute_resolution_page.dart,form|standard,standard|form|compact,aligned,pass,pass,pass,compliant
AppRouteNames.sc065CopyEducation,AppRoutePaths.tradeCopyEducation,AppRouteNames.sc065CopyEducation,CopyEducationPage,flutter_app/lib/features/trade_copy/presentation/pages/safety/copy_education_page.dart,shared_shell,features/trade_copy/presentation/pages/safety/copy_education_page.dart;features/trade_copy/presentation/widgets/safety/copy_education_page_common.dart;features/trade_copy/presentation/widgets/safety/copy_education_page_sections.dart;features/trade_core/presentation/widgets/trade_module_layout.dart,features/trade_copy/presentation/pages/safety/copy_education_page.dart,compact,compact,aligned,pass,pass,pass,compliant
AppRouteNames.sc105ExAnteCosts,AppRoutePaths.tradeCopyExAnteCosts,AppRouteNames.sc105ExAnteCosts,ExAnteCostsPage,flutter_app/lib/features/trade_compliance/presentation/pages/disclosures/ex_ante_costs_page.dart,shared_shell,features/trade_compliance/presentation/pages/disclosures/ex_ante_costs_page.dart;features/trade_compliance/presentation/widgets/disclosures/ex_ante_costs_common.dart;features/trade_compliance/presentation/widgets/disclosures/ex_ante_costs_overview.dart;features/trade_compliance/presentation/widgets/disclosures/ex_ante_costs_scenarios_actions.dart;features/trade_compliance/presentation/widgets/disclosures/ex_ante_costs_summary_breakdown.dart;features/trade_core/presentation/widgets/trade_module_layout.dart,features/trade_compliance/presentation/pages/disclosures/ex_ante_costs_page.dart,compact,compact,aligned,pass,pass,pass,compliant
AppRouteNames.sc107ExPostCostsReport,AppRoutePaths.tradeCopyExPostCostsReport,AppRouteNames.sc107ExPostCostsReport,ExPostCostsReportPage,flutter_app/lib/features/trade_compliance/presentation/pages/disclosures/ex_post_costs_report_page.dart,shared_shell,features/trade_compliance/presentation/pages/disclosures/ex_post_costs_report_page.dart;features/trade_compliance/presentation/widgets/disclosures/ex_post_costs_report_summary.dart;features/trade_compliance/presentation/widgets/disclosures/ex_post_costs_report_variance_common.dart;features/trade_core/presentation/widgets/trade_module_layout.dart,features/trade_compliance/presentation/pages/disclosures/ex_post_costs_report_page.dart,compact,compact,aligned,pass,pass,pass,compliant
AppRouteNames.sc097ExecutionVenueAnalysis,AppRoutePaths.tradeCopyExecutionVenueAnalysis,AppRouteNames.sc097ExecutionVenueAnalysis,ExecutionVenueAnalysisPage,flutter_app/lib/features/trade_compliance/presentation/pages/execution/execution_venue_analysis_page.dart,shared_shell,features/trade_compliance/presentation/pages/execution/execution_venue_analysis_page.dart;features/trade_compliance/presentation/widgets/execution/execution_venue_common.dart;features/trade_compliance/presentation/widgets/execution/execution_venue_comparison.dart;features/trade_compliance/presentation/widgets/execution/execution_venue_speed_trends.dart;features/trade_compliance/presentation/widgets/execution/execution_venue_summary.dart;features/trade_core/presentation/widgets/trade_module_layout.dart,features/trade_compliance/presentation/pages/execution/execution_venue_analysis_page.dart,compact,compact,aligned,pass,pass,pass,compliant
AppRouteNames.sc104InvestorCompensation,AppRoutePaths.tradeCopyInvestorCompensation,AppRouteNames.sc104InvestorCompensation,InvestorCompensationPage,flutter_app/lib/features/trade_compliance/presentation/pages/client_money/investor_compensation_page.dart,direct_vpc,features/trade_compliance/presentation/pages/client_money/investor_compensation_page.dart;features/trade_compliance/presentation/widgets/client_money/investor_compensation_page_common.dart;features/trade_compliance/presentation/widgets/client_money/investor_compensation_page_sections.dart;features/trade_core/presentation/widgets/trade_module_layout.dart,features/trade_compliance/presentation/pages/client_money/investor_compensation_page.dart,standard,standard|compact,aligned,pass,pass,pass,compliant
AppRouteNames.sc108KidGenerator,AppRoutePaths.tradeCopyKidGenerator,AppRouteNames.sc108KidGenerator,KIDGeneratorPage,flutter_app/lib/features/trade_compliance/presentation/pages/disclosures/kid_generator_page.dart,shared_shell,features/trade_compliance/presentation/pages/disclosures/kid_generator_page.dart;features/trade_core/presentation/widgets/trade_module_layout.dart,features/trade_compliance/presentation/pages/disclosures/kid_generator_page.dart,compact,compact,aligned,pass,pass,pass,compliant
AppRouteNames.sc079ProviderLeaderboard,AppRoutePaths.tradeCopyLeaderboard,AppRouteNames.sc079ProviderLeaderboard,ProviderLeaderboardPage,flutter_app/lib/features/trade_copy/presentation/pages/provider/provider_leaderboard_page.dart,shared_shell,features/trade_copy/presentation/pages/provider/provider_leaderboard_page.dart;features/trade_copy/presentation/widgets/provider/provider_leaderboard_cards.dart;features/trade_copy/presentation/widgets/provider/provider_leaderboard_controls.dart;features/trade_copy/presentation/widgets/provider/provider_leaderboard_disclaimer.dart;features/trade_core/presentation/widgets/trade_module_layout.dart,features/trade_copy/presentation/pages/provider/provider_leaderboard_page.dart,compact,compact,aligned,pass,pass,pass,compliant
AppRouteNames.sc068CopyNotifications,AppRoutePaths.tradeCopyNotifications,AppRouteNames.sc068CopyNotifications,CopyNotificationsPage,flutter_app/lib/features/trade_copy/presentation/pages/hub/copy_notifications_page.dart,shared_shell,features/trade_copy/presentation/pages/hub/copy_notifications_page.dart;features/trade_copy/presentation/widgets/hub/copy_notifications_page_common.dart;features/trade_copy/presentation/widgets/hub/copy_notifications_page_sections.dart;features/trade_core/presentation/widgets/trade_module_layout.dart,features/trade_copy/presentation/pages/hub/copy_notifications_page.dart,standard,standard,aligned,pass,pass,pass,compliant
AppRouteNames.sc114OmbudsmanReferral,AppRoutePaths.tradeCopyOmbudsmanReferral,AppRouteNames.sc114OmbudsmanReferral,OmbudsmanReferralPage,flutter_app/lib/features/trade_compliance/presentation/pages/complaints/ombudsman_referral_page.dart,shared_shell,features/trade_compliance/presentation/pages/complaints/ombudsman_referral_page.dart;features/trade_core/presentation/widgets/trade_module_layout.dart,features/trade_compliance/presentation/pages/complaints/ombudsman_referral_page.dart,compact,compact,aligned,pass,pass,pass,compliant
AppRouteNames.sc109PerformanceScenarios,AppRoutePaths.tradeCopyPerformanceScenarios,AppRouteNames.sc109PerformanceScenarios,PerformanceScenariosPage,flutter_app/lib/features/trade_compliance/presentation/pages/disclosures/performance_scenarios_page.dart,shared_shell,features/trade_compliance/presentation/pages/disclosures/performance_scenarios_page.dart;features/trade_compliance/presentation/widgets/disclosures/performance_scenarios_intro_widgets.dart;features/trade_compliance/presentation/widgets/disclosures/performance_scenarios_outcome_widgets.dart;features/trade_core/presentation/widgets/trade_module_layout.dart,features/trade_compliance/presentation/pages/disclosures/performance_scenarios_page.dart,compact,compact,aligned,pass,pass,pass,compliant
AppRouteNames.sc100ProductGovernance,AppRoutePaths.tradeCopyProductGovernance,AppRouteNames.sc100ProductGovernance,ProductGovernancePage,flutter_app/lib/features/trade_compliance/presentation/pages/governance/product_governance_page.dart,shared_shell,features/trade_compliance/presentation/pages/governance/product_governance_page.dart;features/trade_compliance/presentation/widgets/governance/product_governance_overview_tabs.dart;features/trade_compliance/presentation/widgets/governance/product_governance_products.dart;features/trade_compliance/presentation/widgets/governance/product_governance_reviews_distribution.dart;features/trade_core/presentation/widgets/trade_module_layout.dart,features/trade_compliance/presentation/pages/governance/product_governance_page.dart,compact,compact,aligned,pass,pass,pass,compliant
AppRouteNames.sc069ProviderApplication,AppRoutePaths.tradeCopyProviderApply,AppRouteNames.sc069ProviderApplication,ProviderApplicationPage,flutter_app/lib/features/trade_copy/presentation/pages/provider/provider_application_page.dart,shared_shell,features/trade_copy/presentation/pages/provider/provider_application_page.dart;features/trade_copy/presentation/widgets/provider/provider_application_common.dart;features/trade_copy/presentation/widgets/provider/provider_application_progress_intro.dart;features/trade_copy/presentation/widgets/provider/provider_application_steps.dart;features/trade_core/presentation/widgets/trade_module_layout.dart,features/trade_copy/presentation/pages/provider/provider_application_page.dart,standard,standard,aligned,pass,pass,pass,compliant
AppRouteNames.sc081ProviderGovernance,AppRoutePaths.tradeCopyProviderGovernance,AppRouteNames.sc081ProviderGovernance,ProviderGovernancePage,flutter_app/lib/features/trade_copy/presentation/pages/provider/provider_governance_page.dart,direct_vpc,features/trade_copy/presentation/pages/provider/provider_governance_page.dart;features/trade_copy/presentation/widgets/provider/provider_governance_page_common.dart;features/trade_copy/presentation/widgets/provider/provider_governance_page_details.dart;features/trade_copy/presentation/widgets/provider/provider_governance_page_overview.dart;features/trade_core/presentation/widgets/trade_module_layout.dart,features/trade_copy/presentation/pages/provider/provider_governance_page.dart,standard,standard|compact,aligned,pass,pass,pass,compliant
AppRouteNames.sc084RegulatoryDisclosures,AppRoutePaths.tradeCopyRegulatoryDisclosures,AppRouteNames.sc084RegulatoryDisclosures,RegulatoryDisclosuresPage,flutter_app/lib/features/trade_compliance/presentation/pages/disclosures/regulatory_disclosures_page.dart,direct_vpc,features/trade_compliance/presentation/pages/disclosures/regulatory_disclosures_page.dart;features/trade_compliance/presentation/widgets/disclosures/regulatory_disclosures_actions.dart;features/trade_compliance/presentation/widgets/disclosures/regulatory_disclosures_cards.dart;features/trade_compliance/presentation/widgets/disclosures/regulatory_disclosures_common.dart;features/trade_compliance/presentation/widgets/disclosures/regulatory_disclosures_hero_tabs.dart;features/trade_compliance/presentation/widgets/disclosures/regulatory_disclosures_tabs.dart;features/trade_core/presentation/widgets/trade_module_layout.dart,features/trade_compliance/presentation/pages/disclosures/regulatory_disclosures_page.dart,standard,standard|compact,aligned,pass,pass,pass,compliant
AppRouteNames.sc116RegulatoryInspectionReady,AppRoutePaths.tradeCopyRegulatoryInspectionReady,AppRouteNames.sc116RegulatoryInspectionReady,RegulatoryInspectionReadyPage,flutter_app/lib/features/trade_compliance/presentation/pages/governance/regulatory_inspection_ready_page.dart,shared_shell,features/trade_compliance/presentation/pages/governance/regulatory_inspection_ready_page.dart;features/trade_compliance/presentation/widgets/governance/regulatory_inspection_ready_page_common.dart;features/trade_compliance/presentation/widgets/governance/regulatory_inspection_ready_page_sections.dart;features/trade_core/presentation/widgets/trade_module_layout.dart,features/trade_compliance/presentation/pages/governance/regulatory_inspection_ready_page.dart,compact,compact,aligned,pass,pass,pass,compliant
AppRouteNames.sc094RegulatoryReportsDashboard,AppRoutePaths.tradeCopyRegulatoryReportsDashboard,AppRouteNames.sc094RegulatoryReportsDashboard,RegulatoryReportsDashboardPage,flutter_app/lib/features/trade_compliance/presentation/pages/hub/regulatory_reports_dashboard_page.dart,direct_vpc,features/trade_compliance/presentation/pages/hub/regulatory_reports_dashboard_page.dart;features/trade_compliance/presentation/widgets/hub/regulatory_reports_dashboard_controls.dart;features/trade_compliance/presentation/widgets/hub/regulatory_reports_dashboard_exports.dart;features/trade_compliance/presentation/widgets/hub/regulatory_reports_dashboard_kpis.dart;features/trade_compliance/presentation/widgets/hub/regulatory_reports_dashboard_overview.dart;features/trade_compliance/presentation/widgets/hub/regulatory_reports_dashboard_painters.dart;features/trade_compliance/presentation/widgets/hub/regulatory_reports_dashboard_queue_compliance.dart;features/trade_core/presentation/widgets/trade_module_layout.dart,features/trade_compliance/presentation/pages/hub/regulatory_reports_dashboard_page.dart,standard,standard|compact,aligned,pass,pass,pass,compliant
AppRouteNames.sc078PortfolioRiskAnalysis,AppRoutePaths.tradeCopyRiskAnalysis,AppRouteNames.sc078PortfolioRiskAnalysis,PortfolioRiskAnalysisPage,flutter_app/lib/features/trade_copy/presentation/pages/analytics/portfolio_risk_analysis_page.dart,shared_shell,features/trade_copy/presentation/pages/analytics/portfolio_risk_analysis_page.dart;features/trade_copy/presentation/widgets/analytics/portfolio_risk_analysis_page_common.dart;features/trade_copy/presentation/widgets/analytics/portfolio_risk_analysis_page_sections.dart;features/trade_core/presentation/widgets/trade_module_layout.dart,features/trade_copy/presentation/pages/analytics/portfolio_risk_analysis_page.dart,compact,compact,aligned,pass,pass,pass,compliant
AppRouteNames.sc110RiskIndicatorExplainer,AppRoutePaths.tradeCopyRiskIndicatorExplainer,AppRouteNames.sc110RiskIndicatorExplainer,RiskIndicatorExplainerPage,flutter_app/lib/features/trade_compliance/presentation/pages/disclosures/risk_indicator_explainer_page.dart,direct_vpc,features/trade_compliance/presentation/pages/disclosures/risk_indicator_explainer_page.dart;features/trade_compliance/presentation/widgets/disclosures/risk_indicator_details_common.dart;features/trade_compliance/presentation/widgets/disclosures/risk_indicator_scale_intro.dart;features/trade_core/presentation/widgets/trade_module_layout.dart,features/trade_compliance/presentation/pages/disclosures/risk_indicator_explainer_page.dart,standard,standard|compact,aligned,pass,pass,pass,compliant
AppRouteNames.sc106RiyCalculator,AppRoutePaths.tradeCopyRiyCalculator,AppRouteNames.sc106RiyCalculator,RIYCalculatorPage,flutter_app/lib/features/trade_compliance/presentation/pages/disclosures/riy_calculator_page.dart,shared_shell,features/trade_compliance/presentation/pages/disclosures/riy_calculator_page.dart;features/trade_compliance/presentation/widgets/disclosures/riy_calculator_page_common.dart;features/trade_compliance/presentation/widgets/disclosures/riy_calculator_page_sections.dart;features/trade_core/presentation/widgets/trade_module_layout.dart,features/trade_compliance/presentation/pages/disclosures/riy_calculator_page.dart,compact,compact,aligned,pass,pass,pass,compliant
AppRouteNames.sc080SafetyEducation,AppRoutePaths.tradeCopySafety,AppRouteNames.sc080SafetyEducation,SafetyEducationPage,flutter_app/lib/features/trade_copy/presentation/pages/safety/safety_education_page.dart,direct_vpc,features/trade_copy/presentation/pages/safety/safety_education_page.dart;features/trade_copy/presentation/widgets/safety/safety_education_page_common.dart;features/trade_copy/presentation/widgets/safety/safety_education_page_sections.dart;features/trade_core/presentation/widgets/trade_module_layout.dart,features/trade_copy/presentation/pages/safety/safety_education_page.dart,standard,standard|compact,aligned,pass,pass,pass,compliant
AppRouteNames.sc083CopySafetyCenter,AppRoutePaths.tradeCopySafetyCenter,AppRouteNames.sc083CopySafetyCenter,CopySafetyCenterPage,flutter_app/lib/features/trade_copy/presentation/pages/safety/copy_safety_center_page.dart,shared_shell,features/trade_copy/presentation/pages/safety/copy_safety_center_page.dart;features/trade_copy/presentation/widgets/safety/copy_safety_enforcement_common.dart;features/trade_copy/presentation/widgets/safety/copy_safety_metrics_tools.dart;features/trade_copy/presentation/widgets/safety/copy_safety_overview.dart;features/trade_core/presentation/widgets/trade_module_layout.dart,features/trade_copy/presentation/pages/safety/copy_safety_center_page.dart,compact,compact,aligned,pass,pass,pass,compliant
AppRouteNames.sc067CopySettings,AppRoutePaths.tradeCopySettings,AppRouteNames.sc067CopySettings,CopySettingsPage,flutter_app/lib/features/trade_copy/presentation/pages/hub/copy_settings_page.dart,shared_shell,features/trade_copy/presentation/pages/hub/copy_settings_page.dart;features/trade_copy/presentation/widgets/hub/copy_settings_contacts_privacy.dart;features/trade_copy/presentation/widgets/hub/copy_settings_controls.dart;features/trade_copy/presentation/widgets/hub/copy_settings_modes.dart;features/trade_core/presentation/widgets/trade_module_layout.dart,features/trade_copy/presentation/pages/hub/copy_settings_page.dart,standard,standard,aligned,pass,pass,pass,compliant
AppRouteNames.sc098SlippageMonitoring,AppRoutePaths.tradeCopySlippageMonitoring,AppRouteNames.sc098SlippageMonitoring,SlippageMonitoringPage,flutter_app/lib/features/trade_compliance/presentation/pages/execution/slippage_monitoring_page.dart,direct_vpc,features/trade_compliance/presentation/pages/execution/slippage_monitoring_page.dart;features/trade_compliance/presentation/widgets/execution/slippage_monitoring_common.dart;features/trade_compliance/presentation/widgets/execution/slippage_monitoring_events.dart;features/trade_compliance/presentation/widgets/execution/slippage_monitoring_overview.dart;features/trade_compliance/presentation/widgets/execution/slippage_monitoring_tabs.dart;features/trade_core/presentation/widgets/trade_module_layout.dart,features/trade_compliance/presentation/pages/execution/slippage_monitoring_page.dart,standard,standard|compact,aligned,pass,pass,pass,compliant
AppRouteNames.sc101TargetMarketDefinition,AppRoutePaths.tradeCopyTargetMarketDefinition,AppRouteNames.sc101TargetMarketDefinition,TargetMarketDefinitionPage,flutter_app/lib/features/trade_compliance/presentation/pages/governance/target_market_definition_page.dart,shared_shell,features/trade_compliance/presentation/pages/governance/target_market_definition_page.dart;features/trade_core/presentation/widgets/trade_module_layout.dart,features/trade_compliance/presentation/pages/governance/target_market_definition_page.dart,compact,compact,aligned,pass,pass,pass,compliant
AppRouteNames.sc063CopyTrading,AppRoutePaths.tradeCopyTrading,AppRouteNames.sc063CopyTrading,CopyTradingPage,flutter_app/lib/features/trade_copy/presentation/pages/hub/copy_trading_page.dart,shared_shell,features/trade_copy/presentation/pages/hub/copy_trading_page.dart;features/trade_copy/presentation/widgets/hub/copy_trading_hero.dart;features/trade_copy/presentation/widgets/hub/copy_trading_metrics_common.dart;features/trade_core/presentation/widgets/trade_module_layout.dart,features/trade_copy/presentation/pages/hub/copy_trading_page.dart,compact,compact,aligned,pass,pass,pass,compliant
AppRouteNames.sc093TransactionReporting,AppRoutePaths.tradeCopyTransactionReporting,AppRouteNames.sc093TransactionReporting,TransactionReportingPage,flutter_app/lib/features/trade_compliance/presentation/pages/governance/transaction_reporting_page.dart,shared_shell,features/trade_compliance/presentation/pages/governance/transaction_reporting_page.dart;features/trade_core/presentation/widgets/trade_module_layout.dart,features/trade_compliance/presentation/pages/governance/transaction_reporting_page.dart,compact,compact,aligned,pass,pass,pass,compliant
AppRouteNames.sc061ExecutionQuality,AppRoutePaths.tradeExecutionQuality,AppRouteNames.sc061ExecutionQuality,_tabletTradeTerminalRoute,flutter_app/lib/shared/layout/vit_tablet_utility_page.dart,direct_vpc,shared/layout/vit_tablet_utility_page.dart,shared/layout/vit_tablet_utility_page.dart,form,standard,exception,pass,pass,pass,compliant
AppRouteNames.sc054TradeHistoryExport,AppRoutePaths.tradeExport,AppRouteNames.sc054TradeHistoryExport,switch,flutter_app/lib/features/trade/presentation/tablet/pages/trade_tablet_utility_page.dart,shared_shell,features/trade/presentation/tablet/pages/trade_tablet_utility_page.dart;features/trade_core/presentation/widgets/trade_module_layout.dart,features/trade/presentation/tablet/pages/trade_tablet_utility_page.dart,standard,standard,aligned,pass,pass,pass,compliant
AppRouteNames.sc085MarginTrading,AppRoutePaths.tradeMargin,AppRouteNames.sc085MarginTrading,switch,flutter_app/lib/features/trade/presentation/tablet/pages/trade_tablet_utility_page.dart,shared_shell,features/trade/presentation/tablet/pages/trade_tablet_utility_page.dart;features/trade_core/presentation/widgets/trade_module_layout.dart,features/trade/presentation/tablet/pages/trade_tablet_utility_page.dart,standard,standard,aligned,pass,pass,pass,compliant
AppRouteNames.sc092AdvancedAnalytics,AppRoutePaths.tradeMarginAdvancedAnalytics,AppRouteNames.sc092AdvancedAnalytics,_tabletTradeTerminalRoute,flutter_app/lib/shared/layout/vit_tablet_utility_page.dart,direct_vpc,shared/layout/vit_tablet_utility_page.dart,shared/layout/vit_tablet_utility_page.dart,form,standard,exception,pass,pass,pass,compliant
AppRouteNames.sc088AdvancedTradingDemo,AppRoutePaths.tradeMarginAdvancedDemo,AppRouteNames.sc088AdvancedTradingDemo,_tabletTradeTerminalRoute,flutter_app/lib/shared/layout/vit_tablet_utility_page.dart,direct_vpc,shared/layout/vit_tablet_utility_page.dart,shared/layout/vit_tablet_utility_page.dart,form,standard,exception,pass,pass,pass,compliant
AppRouteNames.sc086MarginTradingPair,AppRoutePaths.tradeMarginBtcusdt,AppRouteNames.sc086MarginTradingPair,switch,flutter_app/lib/features/trade/presentation/tablet/pages/trade_tablet_utility_page.dart,shared_shell,features/trade/presentation/tablet/pages/trade_tablet_utility_page.dart;features/trade_core/presentation/widgets/trade_module_layout.dart,features/trade/presentation/tablet/pages/trade_tablet_utility_page.dart,standard,standard,aligned,pass,pass,pass,compliant
AppRouteNames.sc090MarginTradingHub,AppRoutePaths.tradeMarginHub,AppRouteNames.sc090MarginTradingHub,switch,flutter_app/lib/features/trade/presentation/tablet/pages/trade_tablet_utility_page.dart,shared_shell,features/trade/presentation/tablet/pages/trade_tablet_utility_page.dart;features/trade_core/presentation/widgets/trade_module_layout.dart,features/trade/presentation/tablet/pages/trade_tablet_utility_page.dart,standard,standard,aligned,pass,pass,pass,compliant
AppRouteNames.sc091LiveMarketDataAnalytics,AppRoutePaths.tradeMarginLiveMarketDataAnalytics,AppRouteNames.sc091LiveMarketDataAnalytics,LiveMarketDataAnalyticsPage,flutter_app/lib/features/trade_compliance/presentation/pages/execution/live_market_data_analytics_page.dart,shared_shell,features/trade_compliance/presentation/pages/execution/live_market_data_analytics_page.dart;features/trade_core/presentation/widgets/trade_module_layout.dart,features/trade_compliance/presentation/pages/execution/live_market_data_analytics_page.dart,compact,compact,aligned,pass,pass,pass,compliant
AppRouteNames.sc089MarketDataAnalytics,AppRoutePaths.tradeMarginMarketDataAnalytics,AppRouteNames.sc089MarketDataAnalytics,MarketDataAnalyticsPage,flutter_app/lib/features/trade_compliance/presentation/pages/execution/market_data_analytics_page.dart,direct_vpc,features/trade_compliance/presentation/pages/execution/market_data_analytics_page.dart;features/trade_compliance/presentation/widgets/execution/market_data_analytics_funding_traders.dart;features/trade_compliance/presentation/widgets/execution/market_data_analytics_liquidations.dart;features/trade_compliance/presentation/widgets/execution/market_data_analytics_open_interest.dart;features/trade_compliance/presentation/widgets/execution/market_data_analytics_sentiment.dart;features/trade_compliance/presentation/widgets/execution/market_data_analytics_shared.dart;features/trade_core/presentation/widgets/trade_module_layout.dart,features/trade_compliance/presentation/pages/execution/market_data_analytics_page.dart,standard,standard|compact,aligned,pass,pass,pass,compliant
AppRouteNames.sc051OrderReceipt,AppRoutePaths.tradeOrderReceipt,AppRouteNames.sc051OrderReceipt,switch,flutter_app/lib/features/trade/presentation/phone/pages/order_receipt_page.dart,shared_shell,features/trade/presentation/phone/pages/order_receipt_page.dart;features/trade/presentation/widgets/phone/order_receipt_page_common.dart;features/trade/presentation/widgets/phone/order_receipt_page_sections.dart;features/trade_core/presentation/widgets/trade_module_layout.dart,features/trade/presentation/phone/pages/order_receipt_page.dart,standard,standard,aligned,pass,pass,pass,compliant
AppRouteNames.sc050OrdersHistory,AppRoutePaths.tradeOrdersHistory,AppRouteNames.sc050OrdersHistory,switch,flutter_app/lib/features/trade/presentation/tablet/pages/trade_tablet_utility_page.dart,shared_shell,features/trade/presentation/tablet/pages/trade_tablet_utility_page.dart;features/trade_core/presentation/widgets/trade_module_layout.dart,features/trade/presentation/tablet/pages/trade_tablet_utility_page.dart,standard,standard,aligned,pass,pass,pass,compliant
AppRouteNames.sc053PositionDashboard,AppRoutePaths.tradePositions,AppRouteNames.sc053PositionDashboard,switch,flutter_app/lib/features/trade/presentation/tablet/pages/trade_tablet_utility_page.dart,shared_shell,features/trade/presentation/tablet/pages/trade_tablet_utility_page.dart;features/trade_core/presentation/widgets/trade_module_layout.dart,features/trade/presentation/tablet/pages/trade_tablet_utility_page.dart,standard,standard,aligned,pass,pass,pass,compliant
AppRouteNames.sc060RiskManagement,AppRoutePaths.tradeRiskManagement,AppRouteNames.sc060RiskManagement,_tabletTradeTerminalRoute,flutter_app/lib/shared/layout/vit_tablet_utility_page.dart,direct_vpc,shared/layout/vit_tablet_utility_page.dart,shared/layout/vit_tablet_utility_page.dart,form,standard,exception,pass,pass,pass,compliant
AppRouteNames.sc052TradeSettings,AppRoutePaths.tradeSettings,AppRouteNames.sc052TradeSettings,switch,flutter_app/lib/features/trade/presentation/tablet/pages/trade_tablet_utility_page.dart,shared_shell,features/trade/presentation/tablet/pages/trade_tablet_utility_page.dart;features/trade_core/presentation/widgets/trade_module_layout.dart,features/trade/presentation/tablet/pages/trade_tablet_utility_page.dart,standard,standard,aligned,pass,pass,pass,compliant
AppRouteNames.sc321UnifiedPortfolio,AppRoutePaths.unifiedPortfolio,AppRouteNames.sc321UnifiedPortfolio,buildSurfaceAwareTabletRoute,flutter_app/lib/shared/layout/vit_tablet_utility_page.dart,direct_vpc,shared/layout/vit_tablet_utility_page.dart,shared/layout/vit_tablet_utility_page.dart,form,standard,exception,pass,pass,pass,compliant
AppRouteNames.sc135Wallet,AppRoutePaths.wallet,AppRouteNames.sc135Wallet,switch,flutter_app/lib/features/wallet/presentation/tablet/pages/wallet_tablet_page.dart,custom_scroll,features/wallet/presentation/tablet/pages/wallet_tablet_page.dart,features/wallet/presentation/tablet/pages/wallet_tablet_page.dart,,standard,,pass,pass,pass,exception:custom_scroll;visual_qa_evidence
AppRouteNames.sc144AddressBook,AppRoutePaths.walletAddressBook,AppRouteNames.sc144AddressBook,switch,flutter_app/lib/features/wallet/presentation/tablet/pages/address_book_tablet_page.dart,shared_shell,features/wallet/presentation/tablet/pages/address_book_tablet_page.dart;features/wallet/presentation/tablet/widgets/wallet_tablet_detail_surface.dart,features/wallet/presentation/tablet/pages/address_book_tablet_page.dart,form,form,aligned,pass,pass,pass,compliant
AppRouteNames.sc143AddressAdd,AppRoutePaths.walletAddressBookAdd,AppRouteNames.sc143AddressAdd,switch,flutter_app/lib/features/wallet/presentation/tablet/pages/address_add_tablet_page.dart,shared_shell,features/wallet/presentation/tablet/pages/address_add_tablet_page.dart;features/wallet/presentation/tablet/widgets/wallet_tablet_detail_surface.dart,features/wallet/presentation/tablet/pages/address_add_tablet_page.dart,form,form,aligned,pass,pass,pass,compliant
AppRouteNames.sc145BuyCrypto,AppRoutePaths.walletBuyCrypto,AppRouteNames.sc145BuyCrypto,switch,flutter_app/lib/features/wallet/presentation/tablet/pages/buy_crypto_tablet_page.dart,shared_shell,features/wallet/presentation/tablet/pages/buy_crypto_tablet_page.dart;features/wallet/presentation/tablet/widgets/wallet_tablet_detail_surface.dart,features/wallet/presentation/tablet/pages/buy_crypto_tablet_page.dart,form,form,aligned,pass,pass,pass,compliant
AppRouteNames.sc137Deposit,AppRoutePaths.walletDeposit,AppRouteNames.sc137Deposit,switch,flutter_app/lib/features/wallet/presentation/tablet/pages/deposit_tablet_page.dart,shared_shell,features/wallet/presentation/tablet/pages/deposit_tablet_page.dart;features/wallet/presentation/tablet/widgets/wallet_tablet_detail_surface.dart,features/wallet/presentation/tablet/pages/deposit_tablet_page.dart,form,form,aligned,pass,pass,pass,compliant;visual_qa_evidence
AppRouteNames.sc154DustConverter,AppRoutePaths.walletDustConverter,AppRouteNames.sc154DustConverter,switch,flutter_app/lib/features/wallet/presentation/tablet/pages/dust_converter_tablet_page.dart,shared_shell,features/wallet/presentation/tablet/pages/dust_converter_tablet_page.dart;features/wallet/presentation/tablet/widgets/wallet_tablet_detail_surface.dart,features/wallet/presentation/tablet/pages/dust_converter_tablet_page.dart,form,form,aligned,pass,pass,pass,compliant
AppRouteNames.sc149GasOptimizer,AppRoutePaths.walletGasOptimizer,AppRouteNames.sc149GasOptimizer,switch,flutter_app/lib/features/wallet/presentation/tablet/pages/wallet_gas_optimizer_tablet_page.dart,shared_shell,features/wallet/presentation/tablet/pages/wallet_gas_optimizer_tablet_page.dart;features/wallet/presentation/tablet/widgets/wallet_tablet_detail_surface.dart,features/wallet/presentation/tablet/pages/wallet_gas_optimizer_tablet_page.dart,form,form,aligned,pass,pass,pass,compliant
AppRouteNames.sc151HealthScore,AppRoutePaths.walletHealthScore,AppRouteNames.sc151HealthScore,switch,flutter_app/lib/features/wallet/presentation/tablet/pages/wallet_health_score_tablet_page.dart,shared_shell,features/wallet/presentation/tablet/pages/wallet_health_score_tablet_page.dart;features/wallet/presentation/tablet/widgets/wallet_tablet_detail_surface.dart,features/wallet/presentation/tablet/pages/wallet_health_score_tablet_page.dart,form,form,aligned,pass,pass,pass,compliant
AppRouteNames.sc136TxHistory,AppRoutePaths.walletHistory,AppRouteNames.sc136TxHistory,switch,flutter_app/lib/features/wallet/presentation/tablet/pages/transaction_history_tablet_page.dart,shared_shell,features/wallet/presentation/tablet/pages/transaction_history_tablet_page.dart;features/wallet/presentation/tablet/widgets/wallet_tablet_detail_surface.dart,features/wallet/presentation/tablet/pages/transaction_history_tablet_page.dart,form,form,aligned,pass,pass,pass,compliant
AppRouteNames.sc153WithdrawLimits,AppRoutePaths.walletLimits,AppRouteNames.sc153WithdrawLimits,switch,flutter_app/lib/features/wallet/presentation/tablet/pages/withdraw_limits_tablet_page.dart,shared_shell,features/wallet/presentation/tablet/pages/withdraw_limits_tablet_page.dart;features/wallet/presentation/tablet/widgets/wallet_tablet_detail_surface.dart,features/wallet/presentation/tablet/pages/withdraw_limits_tablet_page.dart,form,form,aligned,pass,pass,pass,compliant
AppRouteNames.sc148MultiManager,AppRoutePaths.walletMultiManager,AppRouteNames.sc148MultiManager,switch,flutter_app/lib/features/wallet/presentation/tablet/pages/wallet_multi_manager_tablet_page.dart,shared_shell,features/wallet/presentation/tablet/pages/wallet_multi_manager_tablet_page.dart;features/wallet/presentation/tablet/widgets/wallet_tablet_detail_surface.dart,features/wallet/presentation/tablet/pages/wallet_multi_manager_tablet_page.dart,form,form,aligned,pass,pass,pass,compliant
AppRouteNames.sc155NetworkStatus,AppRoutePaths.walletNetworkStatus,AppRouteNames.sc155NetworkStatus,switch,flutter_app/lib/features/wallet/presentation/tablet/pages/network_status_tablet_page.dart,shared_shell,features/wallet/presentation/tablet/pages/network_status_tablet_page.dart;features/wallet/presentation/tablet/widgets/wallet_tablet_detail_surface.dart,features/wallet/presentation/tablet/pages/network_status_tablet_page.dart,form,form,aligned,pass,pass,pass,compliant
AppRouteNames.sc152PendingDeposits,AppRoutePaths.walletPendingDeposits,AppRouteNames.sc152PendingDeposits,switch,flutter_app/lib/features/wallet/presentation/tablet/pages/pending_deposits_tablet_page.dart,shared_shell,features/wallet/presentation/tablet/pages/pending_deposits_tablet_page.dart;features/wallet/presentation/tablet/widgets/wallet_tablet_detail_surface.dart,features/wallet/presentation/tablet/pages/pending_deposits_tablet_page.dart,form,form,aligned,pass,pass,pass,compliant
AppRouteNames.sc142PortfolioAnalytics,AppRoutePaths.walletPortfolioAnalytics,AppRouteNames.sc142PortfolioAnalytics,switch,flutter_app/lib/features/wallet/presentation/tablet/pages/portfolio_analytics_tablet_page.dart,shared_shell,features/wallet/presentation/tablet/pages/portfolio_analytics_tablet_page.dart;features/wallet/presentation/tablet/widgets/wallet_tablet_detail_surface.dart,features/wallet/presentation/tablet/pages/portfolio_analytics_tablet_page.dart,form,form,aligned,pass,pass,pass,compliant
AppRouteNames.sc150TokenApproval,AppRoutePaths.walletTokenApproval,AppRouteNames.sc150TokenApproval,switch,flutter_app/lib/features/wallet/presentation/tablet/pages/wallet_token_approval_tablet_page.dart,shared_shell,features/wallet/presentation/tablet/pages/wallet_token_approval_tablet_page.dart;features/wallet/presentation/tablet/widgets/wallet_tablet_detail_surface.dart,features/wallet/presentation/tablet/pages/wallet_token_approval_tablet_page.dart,form,form,aligned,pass,pass,pass,compliant
AppRouteNames.sc146Transfer,AppRoutePaths.walletTransfer,AppRouteNames.sc146Transfer,switch,flutter_app/lib/features/wallet/presentation/tablet/pages/transfer_tablet_page.dart,shared_shell,features/wallet/presentation/tablet/pages/transfer_tablet_page.dart;features/wallet/presentation/tablet/widgets/wallet_tablet_detail_surface.dart,features/wallet/presentation/tablet/pages/transfer_tablet_page.dart,form,form,aligned,pass,pass,pass,compliant
AppRouteNames.sc139Withdraw,AppRoutePaths.walletWithdraw,AppRouteNames.sc139Withdraw,switch,flutter_app/lib/features/wallet/presentation/tablet/pages/withdraw_tablet_page.dart,shared_shell,features/wallet/presentation/tablet/pages/withdraw_tablet_page.dart;features/wallet/presentation/tablet/widgets/wallet_tablet_detail_surface.dart,features/wallet/presentation/tablet/pages/withdraw_tablet_page.dart,form,form,aligned,pass,pass,pass,compliant;visual_qa_evidence
