feature,route,pageClass,pageFile,headerBehavior,headerVariant,archetype,screenLevel,expectedArchetype,screenLevelMismatch,usesVitHeader,usesVitTopChrome,customHeaderClass,noHeaderReason,statusBannerPlacement,statusBannerCondition,offlineBannerState,expectedActionCount,exceptionReason,issue
"admin","AppRoutePaths.admin","VitTabletUtilityPage","flutter_app/lib/shared/layout/vit_tablet_utility_page.dart","fixed_vit_header","vit_header_default_title_subtitle","detail","L2_detail","detail","no","yes","no","-","-","none","none","none","0","-","-"
"admin","AppRoutePaths.adminAbtests","VitTabletUtilityPage","flutter_app/lib/shared/layout/vit_tablet_utility_page.dart","fixed_vit_header","vit_header_default_title_subtitle","detail","L2_detail","detail","no","yes","no","-","-","none","none","none","0","-","-"
"admin","AppRoutePaths.adminAnalytics","VitTabletUtilityPage","flutter_app/lib/shared/layout/vit_tablet_utility_page.dart","fixed_vit_header","vit_header_default_title_subtitle","detail","L2_utilityDetail","detail","no","yes","no","-","-","none","none","none","0","-","-"
"admin","AppRoutePaths.adminFunnels","VitTabletUtilityPage","flutter_app/lib/shared/layout/vit_tablet_utility_page.dart","fixed_vit_header","vit_header_default_title_subtitle","detail","L2_detail","detail","no","yes","no","-","-","none","none","none","0","-","-"
"admin","AppRoutePaths.adminSettings","VitTabletUtilityPage","flutter_app/lib/shared/layout/vit_tablet_utility_page.dart","fixed_vit_header","vit_header_default_title_subtitle","detail","L2_utilityDetail","detail","no","yes","no","-","-","none","none","none","0","-","-"
"arena","'/arena/challenge/:challengeId'","VitTabletUtilityPage","flutter_app/lib/shared/layout/vit_tablet_utility_page.dart","fixed_vit_header","vit_header_default_title_subtitle","detail","L2_entityDetail","detail","no","yes","no","-","-","none","none","none","0","-","-"
"arena","'/arena/creator/:creatorId'","VitTabletUtilityPage","flutter_app/lib/shared/layout/vit_tablet_utility_page.dart","fixed_vit_header","vit_header_default_title_subtitle","detail","L2_entityDetail","detail","no","yes","no","-","-","none","none","none","0","-","-"
"arena","'/arena/join/:challengeId'","VitTabletUtilityPage","flutter_app/lib/shared/layout/vit_tablet_utility_page.dart","fixed_vit_header","vit_header_default_title_subtitle","detail","L2_entityDetail","detail","no","yes","no","-","-","none","none","none","0","-","-"
"arena","'/arena/ledger/entry/:entryId'","VitTabletUtilityPage","flutter_app/lib/shared/layout/vit_tablet_utility_page.dart","fixed_vit_header","vit_header_default_title_subtitle","detail","L2_entityDetail","detail","no","yes","no","-","-","none","none","none","0","-","-"
"arena","'/arena/mode/:modeId'","VitTabletUtilityPage","flutter_app/lib/shared/layout/vit_tablet_utility_page.dart","fixed_vit_header","vit_header_default_title_subtitle","detail","L2_entityDetail","detail","no","yes","no","-","-","none","none","none","0","-","-"
"arena","'/arena/report/:caseId'","VitTabletUtilityPage","flutter_app/lib/shared/layout/vit_tablet_utility_page.dart","fixed_vit_header","vit_header_default_title_subtitle","detail","L2_entityDetail","detail","no","yes","no","-","-","none","none","none","0","-","-"
"arena","'/arena/trust/:userId'","VitTabletUtilityPage","flutter_app/lib/shared/layout/vit_tablet_utility_page.dart","fixed_vit_header","vit_header_default_title_subtitle","detail","L2_entityDetail","detail","no","yes","no","-","-","none","none","none","0","-","-"
"arena","AppRoutePaths.arena","VitTabletUtilityPage","flutter_app/lib/shared/layout/vit_tablet_utility_page.dart","fixed_vit_header","vit_header_default_title_subtitle","rootModule","L1_productModuleHub","rootModule","no","yes","no","-","-","none","none","none","0","-","-"
"arena","AppRoutePaths.arenaBlocked","VitTabletUtilityPage","flutter_app/lib/shared/layout/vit_tablet_utility_page.dart","fixed_vit_header","vit_header_default_title_subtitle","detail","L2_detail","detail","no","yes","no","-","-","none","none","none","0","-","-"
"arena","AppRoutePaths.arenaBridge","VitTabletUtilityPage","flutter_app/lib/shared/layout/vit_tablet_utility_page.dart","fixed_vit_header","vit_header_default_title_subtitle","detail","L2_detail","detail","no","yes","no","-","-","none","none","none","0","-","-"
"arena","AppRoutePaths.arenaEcosystem","VitTabletUtilityPage","flutter_app/lib/shared/layout/vit_tablet_utility_page.dart","fixed_vit_header","vit_header_default_title_subtitle","detail","L2_detail","detail","no","yes","no","-","-","none","none","none","0","-","-"
"arena","AppRoutePaths.arenaFlowMap","VitTabletUtilityPage","flutter_app/lib/shared/layout/vit_tablet_utility_page.dart","fixed_vit_header","vit_header_default_title_subtitle","detail","L2_detail","detail","no","yes","no","-","-","none","none","none","0","-","-"
"arena","AppRoutePaths.arenaGuide","VitTabletUtilityPage","flutter_app/lib/shared/layout/vit_tablet_utility_page.dart","fixed_vit_header","vit_header_default_title_subtitle","detail","L2_utilityDetail","detail","no","yes","no","-","-","none","none","none","0","-","-"
"arena","AppRoutePaths.arenaLeaderboard","VitTabletUtilityPage","flutter_app/lib/shared/layout/vit_tablet_utility_page.dart","fixed_vit_header","vit_header_default_title_subtitle","detail","L2_detail","detail","no","yes","no","-","-","none","none","none","0","-","-"
"arena","AppRoutePaths.arenaLedger","VitTabletUtilityPage","flutter_app/lib/shared/layout/vit_tablet_utility_page.dart","fixed_vit_header","vit_header_default_title_subtitle","detail","L2_detail","detail","no","yes","no","-","-","none","none","none","0","-","-"
"arena","AppRoutePaths.arenaMy","VitTabletUtilityPage","flutter_app/lib/shared/layout/vit_tablet_utility_page.dart","fixed_vit_header","vit_header_default_title_subtitle","detail","L2_detail","detail","no","yes","no","-","-","none","none","none","0","-","-"
"arena","AppRoutePaths.arenaMyReports","VitTabletUtilityPage","flutter_app/lib/shared/layout/vit_tablet_utility_page.dart","fixed_vit_header","vit_header_default_title_subtitle","detail","L2_utilityDetail","detail","no","yes","no","-","-","none","none","none","0","-","-"
"arena","AppRoutePaths.arenaProduction","VitTabletUtilityPage","flutter_app/lib/shared/layout/vit_tablet_utility_page.dart","fixed_vit_header","vit_header_default_title_subtitle","detail","L2_detail","detail","no","yes","no","-","-","none","none","none","0","-","-"
"arena","AppRoutePaths.arenaResolution","VitTabletUtilityPage","flutter_app/lib/shared/layout/vit_tablet_utility_page.dart","fixed_vit_header","vit_header_default_title_subtitle","detail","L2_detail","detail","no","yes","no","-","-","none","none","none","0","-","-"
"arena","AppRoutePaths.arenaSafety","VitTabletUtilityPage","flutter_app/lib/shared/layout/vit_tablet_utility_page.dart","fixed_vit_header","vit_header_default_title_subtitle","detail","L2_detail","detail","no","yes","no","-","-","none","none","none","0","-","-"
"arena","AppRoutePaths.arenaStudio","VitTabletUtilityPage","flutter_app/lib/shared/layout/vit_tablet_utility_page.dart","fixed_vit_header","vit_header_default_title_subtitle","detail","L2_detail","detail","no","yes","no","-","-","none","none","none","0","-","-"
"arena","AppRoutePaths.arenaStudioGovernance","VitTabletUtilityPage","flutter_app/lib/shared/layout/vit_tablet_utility_page.dart","fixed_vit_header","vit_header_default_title_subtitle","detail","L2_detail","detail","no","yes","no","-","-","none","none","none","0","-","-"
"arena","AppRoutePaths.arenaStudioPresets","VitTabletUtilityPage","flutter_app/lib/shared/layout/vit_tablet_utility_page.dart","fixed_vit_header","vit_header_default_title_subtitle","detail","L2_detail","detail","no","yes","no","-","-","none","none","none","0","-","-"
"arena","AppRoutePaths.arenaStudioSmartRules","VitTabletUtilityPage","flutter_app/lib/shared/layout/vit_tablet_utility_page.dart","fixed_vit_header","vit_header_default_title_subtitle","detail","L2_detail","detail","no","yes","no","-","-","none","none","none","0","-","-"
"arena","AppRoutePaths.arenaVerified","VitTabletUtilityPage","flutter_app/lib/shared/layout/vit_tablet_utility_page.dart","fixed_vit_header","vit_header_default_title_subtitle","detail","L2_detail","detail","no","yes","no","-","-","none","none","none","0","-","-"
"auth","AppRoutePaths.auth2faSetup","TwoFASetupPage","flutter_app/lib/features/auth/presentation/phone/pages/two_fa_setup_page.dart","auto_hide_header","shared_auto_hide_scaffold","detail","L1_authFlow","detail","no","yes","no","-","-","none","none","none","0","-","-"
"auth","AppRoutePaths.authForgotPassword","ForgotPasswordPage","flutter_app/lib/features/auth/presentation/phone/pages/forgot_password_page.dart","auto_hide_header","shared_auto_hide_scaffold","detail","L1_authFlow","detail","no","yes","no","-","-","none","none","none","0","-","-"
"auth","AppRoutePaths.authLogin","LoginPage","flutter_app/lib/features/auth/presentation/phone/pages/login_page.dart","no_top_header","no_top_header","authOnboarding","L0_authEntry","authOnboarding","no","no","no","-","Auth entry screen intentionally owns its onboarding chrome.","none","none","none","0","Auth entry screen intentionally owns its onboarding chrome.","-"
"auth","AppRoutePaths.authOtp","OTPPage","flutter_app/lib/features/auth/presentation/phone/pages/otp_page.dart","auto_hide_header","shared_auto_hide_scaffold","detail","L1_authFlow","detail","no","yes","no","-","-","none","none","none","0","-","-"
"auth","AppRoutePaths.authRegister","RegisterPage","flutter_app/lib/features/auth/presentation/phone/pages/register_page.dart","auto_hide_header","shared_auto_hide_scaffold","detail","L1_authFlow","detail","no","yes","no","-","-","none","none","none","0","-","-"
"auth","AppRoutePaths.authResetPassword","ResetPasswordPage","flutter_app/lib/features/auth/presentation/phone/pages/reset_password_page.dart","auto_hide_header","shared_auto_hide_scaffold","detail","L1_authFlow","detail","no","yes","no","-","-","none","none","none","0","-","-"
"auth","AppRoutePaths.forceUpdateGate","VitWebUtilityPage","flutter_app/lib/shared/layout/vit_web_utility_page.dart","fixed_vit_header","vit_header_default_title_subtitle","detail","L1_authFlow","detail","no","yes","no","-","-","none","none","none","0","-","-"
"auth","AppRoutePaths.maintenanceGate","VitWebUtilityPage","flutter_app/lib/shared/layout/vit_web_utility_page.dart","fixed_vit_header","vit_header_default_title_subtitle","detail","L1_authFlow","detail","no","yes","no","-","-","none","none","none","0","-","-"
"auth","AppRoutePaths.onboarding","VitWebUtilityPage","flutter_app/lib/shared/layout/vit_web_utility_page.dart","fixed_vit_header","vit_header_default_title_subtitle","detail","L1_authFlow","detail","no","yes","no","-","-","none","none","none","0","-","-"
"dca","'/dca/rebalance/:configId/edit'","VitTabletUtilityPage","flutter_app/lib/shared/layout/vit_tablet_utility_page.dart","fixed_vit_header","vit_header_default_title_subtitle","detail","L3_transactionFlow","detail","no","yes","no","-","-","none","none","none","0","-","-"
"dca","'/dca/rebalance/:configId/history'","VitTabletUtilityPage","flutter_app/lib/shared/layout/vit_tablet_utility_page.dart","fixed_vit_header","vit_header_default_title_subtitle","detail","L2_entityDetail","detail","no","yes","no","-","-","none","none","none","0","-","-"
"dca","AppRoutePaths.dca","VitTabletUtilityPage","flutter_app/lib/shared/layout/vit_tablet_utility_page.dart","fixed_vit_header","vit_header_default_title_subtitle","rootModule","L1_productModuleHub","rootModule","no","yes","no","-","-","none","none","none","0","-","-"
"dca","AppRoutePaths.dcaBacktester","VitTabletUtilityPage","flutter_app/lib/shared/layout/vit_tablet_utility_page.dart","fixed_vit_header","vit_header_default_title_subtitle","detail","L2_detail","detail","no","yes","no","-","-","none","none","none","0","-","-"
"dca","AppRoutePaths.dcaDynamicAmount","VitTabletUtilityPage","flutter_app/lib/shared/layout/vit_tablet_utility_page.dart","fixed_vit_header","vit_header_default_title_subtitle","detail","L2_detail","detail","no","yes","no","-","-","none","none","none","0","-","-"
"dca","AppRoutePaths.dcaMultiAsset","VitTabletUtilityPage","flutter_app/lib/shared/layout/vit_tablet_utility_page.dart","fixed_vit_header","vit_header_default_title_subtitle","detail","L2_detail","detail","no","yes","no","-","-","none","none","none","0","-","-"
"dca","AppRoutePaths.dcaPerformanceCompare","VitTabletUtilityPage","flutter_app/lib/shared/layout/vit_tablet_utility_page.dart","fixed_vit_header","vit_header_default_title_subtitle","detail","L2_detail","detail","no","yes","no","-","-","none","none","none","0","-","-"
"dca","AppRoutePaths.dcaPortfolioOptimizer","VitTabletUtilityPage","flutter_app/lib/shared/layout/vit_tablet_utility_page.dart","fixed_vit_header","vit_header_default_title_subtitle","detail","L2_utilityDetail","detail","no","yes","no","-","-","none","none","none","0","-","-"
"dca","AppRoutePaths.dcaRebalanceConfig","VitTabletUtilityPage","flutter_app/lib/shared/layout/vit_tablet_utility_page.dart","fixed_vit_header","vit_header_default_title_subtitle","detail","L2_detail","detail","no","yes","no","-","-","none","none","none","0","-","-"
"dca","AppRoutePaths.dcaRebalanceDashboard","VitTabletUtilityPage","flutter_app/lib/shared/layout/vit_tablet_utility_page.dart","fixed_vit_header","vit_header_default_title_subtitle","detail","L2_sectionHub","detail","no","yes","no","-","-","none","none","none","0","-","-"
"dca","AppRoutePaths.dcaScheduleAnalytics","VitTabletUtilityPage","flutter_app/lib/shared/layout/vit_tablet_utility_page.dart","fixed_vit_header","vit_header_default_title_subtitle","detail","L2_utilityDetail","detail","no","yes","no","-","-","none","none","none","0","-","-"
"dca","AppRoutePaths.dcaScheduleConfig","VitTabletUtilityPage","flutter_app/lib/shared/layout/vit_tablet_utility_page.dart","fixed_vit_header","vit_header_default_title_subtitle","detail","L2_detail","detail","no","yes","no","-","-","none","none","none","0","-","-"
"dca","AppRoutePaths.dcaSmartRules","VitTabletUtilityPage","flutter_app/lib/shared/layout/vit_tablet_utility_page.dart","fixed_vit_header","vit_header_default_title_subtitle","detail","L2_detail","detail","no","yes","no","-","-","none","none","none","0","-","-"
"earn_savings","AppRoutePaths.earnSavings","VitTabletUtilityPage","flutter_app/lib/shared/layout/vit_tablet_utility_page.dart","fixed_vit_header","vit_header_default_title_subtitle","rootModule","L1_productModuleHub","rootModule","no","yes","no","-","-","none","none","none","0","-","-"
"earn_savings","AppRoutePaths.earnSavingsAnalytics","VitTabletUtilityPage","flutter_app/lib/shared/layout/vit_tablet_utility_page.dart","fixed_vit_header","vit_header_default_title_subtitle","detail","L2_utilityDetail","detail","no","yes","no","-","-","none","none","none","0","-","-"
"earn_savings","AppRoutePaths.earnSavingsAutoCompound","VitTabletUtilityPage","flutter_app/lib/shared/layout/vit_tablet_utility_page.dart","fixed_vit_header","vit_header_default_title_subtitle","detail","L2_detail","detail","no","yes","no","-","-","none","none","none","0","-","-"
"earn_savings","AppRoutePaths.earnSavingsAutoPilot","VitTabletUtilityPage","flutter_app/lib/shared/layout/vit_tablet_utility_page.dart","fixed_vit_header","vit_header_default_title_subtitle","detail","L2_detail","detail","no","yes","no","-","-","none","none","none","0","-","-"
"earn_savings","AppRoutePaths.earnSavingsBacktest","VitTabletUtilityPage","flutter_app/lib/shared/layout/vit_tablet_utility_page.dart","fixed_vit_header","vit_header_default_title_subtitle","detail","L2_detail","detail","no","yes","no","-","-","none","none","none","0","-","-"
"earn_savings","AppRoutePaths.earnSavingsComparison","VitTabletUtilityPage","flutter_app/lib/shared/layout/vit_tablet_utility_page.dart","fixed_vit_header","vit_header_default_title_subtitle","detail","L2_detail","detail","no","yes","no","-","-","none","none","none","0","-","-"
"earn_savings","AppRoutePaths.earnSavingsDca","VitTabletUtilityPage","flutter_app/lib/shared/layout/vit_tablet_utility_page.dart","fixed_vit_header","vit_header_default_title_subtitle","detail","L2_detail","detail","no","yes","no","-","-","none","none","none","0","-","-"
"earn_savings","AppRoutePaths.earnSavingsExport","VitTabletUtilityPage","flutter_app/lib/shared/layout/vit_tablet_utility_page.dart","fixed_vit_header","vit_header_default_title_subtitle","detail","L2_detail","detail","no","yes","no","-","-","none","none","none","0","-","-"
"earn_savings","AppRoutePaths.earnSavingsFAQ","VitTabletUtilityPage","flutter_app/lib/shared/layout/vit_tablet_utility_page.dart","fixed_vit_header","vit_header_default_title_subtitle","detail","L2_utilityDetail","detail","no","yes","no","-","-","none","none","none","0","-","-"
"earn_savings","AppRoutePaths.earnSavingsGoals","VitTabletUtilityPage","flutter_app/lib/shared/layout/vit_tablet_utility_page.dart","fixed_vit_header","vit_header_default_title_subtitle","detail","L2_detail","detail","no","yes","no","-","-","none","none","none","0","-","-"
"earn_savings","AppRoutePaths.earnSavingsGuide","VitTabletUtilityPage","flutter_app/lib/shared/layout/vit_tablet_utility_page.dart","fixed_vit_header","vit_header_default_title_subtitle","detail","L2_utilityDetail","detail","no","yes","no","-","-","none","none","none","0","-","-"
"earn_savings","AppRoutePaths.earnSavingsHistory","VitTabletUtilityPage","flutter_app/lib/shared/layout/vit_tablet_utility_page.dart","fixed_vit_header","vit_header_default_title_subtitle","detail","L2_utilityDetail","detail","no","yes","no","-","-","none","none","none","0","-","-"
"earn_savings","AppRoutePaths.earnSavingsLadder","VitTabletUtilityPage","flutter_app/lib/shared/layout/vit_tablet_utility_page.dart","fixed_vit_header","vit_header_default_title_subtitle","detail","L3_transactionFlow","detail","no","yes","no","-","-","none","none","none","0","-","-"
"earn_savings","AppRoutePaths.earnSavingsNotificationPreferences","VitTabletUtilityPage","flutter_app/lib/shared/layout/vit_tablet_utility_page.dart","fixed_vit_header","vit_header_default_title_subtitle","detail","L2_detail","detail","no","yes","no","-","-","none","none","none","0","-","-"
"earn_savings","AppRoutePaths.earnSavingsNotifications","VitTabletUtilityPage","flutter_app/lib/shared/layout/vit_tablet_utility_page.dart","fixed_vit_header","vit_header_default_title_subtitle","detail","L1_utilityHub","detail","no","yes","no","-","-","none","none","none","0","-","-"
"earn_savings","AppRoutePaths.earnSavingsPortfolio","VitTabletUtilityPage","flutter_app/lib/shared/layout/vit_tablet_utility_page.dart","fixed_vit_header","vit_header_default_title_subtitle","detail","L2_utilityDetail","detail","no","yes","no","-","-","none","none","none","0","-","-"
"earn_savings","AppRoutePaths.earnSavingsProductSample","VitTabletUtilityPage","flutter_app/lib/shared/layout/vit_tablet_utility_page.dart","fixed_vit_header","vit_header_default_title_subtitle","detail","L2_detail","detail","no","yes","no","-","-","none","none","none","0","-","-"
"earn_savings","AppRoutePaths.earnSavingsRebalance","VitTabletUtilityPage","flutter_app/lib/shared/layout/vit_tablet_utility_page.dart","fixed_vit_header","vit_header_default_title_subtitle","detail","L2_detail","detail","no","yes","no","-","-","none","none","none","0","-","-"
"earn_savings","AppRoutePaths.earnSavingsReceipt","VitTabletUtilityPage","flutter_app/lib/shared/layout/vit_tablet_utility_page.dart","fixed_vit_header","vit_header_default_title_subtitle","detail","L3_transactionFlow","detail","no","yes","no","-","-","none","none","none","0","-","-"
"earn_savings","AppRoutePaths.earnSavingsRecommendations","VitTabletUtilityPage","flutter_app/lib/shared/layout/vit_tablet_utility_page.dart","fixed_vit_header","vit_header_default_title_subtitle","detail","L2_detail","detail","no","yes","no","-","-","none","none","none","0","-","-"
"earn_savings","AppRoutePaths.earnSavingsRedeemPos001","VitTabletUtilityPage","flutter_app/lib/shared/layout/vit_tablet_utility_page.dart","fixed_vit_header","vit_header_default_title_subtitle","detail","L3_transactionFlow","detail","no","yes","no","-","-","none","none","none","0","-","-"
"earn_savings","AppRoutePaths.earnSavingsRiskAssessment","VitTabletUtilityPage","flutter_app/lib/shared/layout/vit_tablet_utility_page.dart","fixed_vit_header","vit_header_default_title_subtitle","detail","L3_transactionFlow","detail","no","yes","no","-","-","none","none","none","0","-","-"
"earn_savings","AppRoutePaths.earnSavingsSmartSuggestions","VitTabletUtilityPage","flutter_app/lib/shared/layout/vit_tablet_utility_page.dart","fixed_vit_header","vit_header_default_title_subtitle","detail","L2_detail","detail","no","yes","no","-","-","none","none","none","0","-","-"
"earn_savings","AppRoutePaths.earnSavingsWhatIf","VitTabletUtilityPage","flutter_app/lib/shared/layout/vit_tablet_utility_page.dart","fixed_vit_header","vit_header_default_title_subtitle","detail","L2_detail","detail","no","yes","no","-","-","none","none","none","0","-","-"
"earn_staking","AppRoutePaths.earn","VitTabletUtilityPage","flutter_app/lib/shared/layout/vit_tablet_utility_page.dart","fixed_vit_header","vit_header_default_title_subtitle","rootModule","L1_productModuleHub","rootModule","no","yes","no","-","-","none","none","none","0","-","-"
"earn_staking","AppRoutePaths.earnAdvancedOrders","VitTabletUtilityPage","flutter_app/lib/shared/layout/vit_tablet_utility_page.dart","fixed_vit_header","vit_header_default_title_subtitle","detail","L2_detail","detail","no","yes","no","-","-","none","none","none","0","-","-"
"earn_staking","AppRoutePaths.earnAnalytics","VitTabletUtilityPage","flutter_app/lib/shared/layout/vit_tablet_utility_page.dart","fixed_vit_header","vit_header_default_title_subtitle","detail","L2_utilityDetail","detail","no","yes","no","-","-","none","none","none","0","-","-"
"earn_staking","AppRoutePaths.earnApiDocumentation","VitTabletUtilityPage","flutter_app/lib/shared/layout/vit_tablet_utility_page.dart","fixed_vit_header","vit_header_default_title_subtitle","detail","L2_detail","detail","no","yes","no","-","-","none","none","none","0","-","-"
"earn_staking","AppRoutePaths.earnAuditReports","VitTabletUtilityPage","flutter_app/lib/shared/layout/vit_tablet_utility_page.dart","fixed_vit_header","vit_header_default_title_subtitle","detail","L2_utilityDetail","detail","no","yes","no","-","-","none","none","none","0","-","-"
"earn_staking","AppRoutePaths.earnAutoCompound","VitTabletUtilityPage","flutter_app/lib/shared/layout/vit_tablet_utility_page.dart","fixed_vit_header","vit_header_default_title_subtitle","detail","L2_detail","detail","no","yes","no","-","-","none","none","none","0","-","-"
"earn_staking","AppRoutePaths.earnCalendar","VitTabletUtilityPage","flutter_app/lib/shared/layout/vit_tablet_utility_page.dart","fixed_vit_header","vit_header_default_title_subtitle","detail","L2_utilityDetail","detail","no","yes","no","-","-","none","none","none","0","-","-"
"earn_staking","AppRoutePaths.earnCommunityGovernance","VitTabletUtilityPage","flutter_app/lib/shared/layout/vit_tablet_utility_page.dart","fixed_vit_header","vit_header_default_title_subtitle","detail","L2_detail","detail","no","yes","no","-","-","none","none","none","0","-","-"
"earn_staking","AppRoutePaths.earnContingencyPlan","VitTabletUtilityPage","flutter_app/lib/shared/layout/vit_tablet_utility_page.dart","fixed_vit_header","vit_header_default_title_subtitle","detail","L2_detail","detail","no","yes","no","-","-","none","none","none","0","-","-"
"earn_staking","AppRoutePaths.earnCustody","VitTabletUtilityPage","flutter_app/lib/shared/layout/vit_tablet_utility_page.dart","fixed_vit_header","vit_header_default_title_subtitle","detail","L2_detail","detail","no","yes","no","-","-","none","none","none","0","-","-"
"earn_staking","AppRoutePaths.earnDashboard","VitTabletUtilityPage","flutter_app/lib/shared/layout/vit_tablet_utility_page.dart","fixed_vit_header","vit_header_default_title_subtitle","detail","L2_sectionHub","detail","no","yes","no","-","-","none","none","none","0","-","-"
"earn_staking","AppRoutePaths.earnDataExport","VitTabletUtilityPage","flutter_app/lib/shared/layout/vit_tablet_utility_page.dart","fixed_vit_header","vit_header_default_title_subtitle","detail","L2_detail","detail","no","yes","no","-","-","none","none","none","0","-","-"
"earn_staking","AppRoutePaths.earnDeveloperConsole","VitTabletUtilityPage","flutter_app/lib/shared/layout/vit_tablet_utility_page.dart","fixed_vit_header","vit_header_default_title_subtitle","detail","L2_detail","detail","no","yes","no","-","-","none","none","none","0","-","-"
"earn_staking","AppRoutePaths.earnEmergencyActions","VitTabletUtilityPage","flutter_app/lib/shared/layout/vit_tablet_utility_page.dart","fixed_vit_header","vit_header_default_title_subtitle","detail","L2_detail","detail","no","yes","no","-","-","none","none","none","0","-","-"
"earn_staking","AppRoutePaths.earnFAQ","VitTabletUtilityPage","flutter_app/lib/shared/layout/vit_tablet_utility_page.dart","fixed_vit_header","vit_header_default_title_subtitle","detail","L2_utilityDetail","detail","no","yes","no","-","-","none","none","none","0","-","-"
"earn_staking","AppRoutePaths.earnForum","VitTabletUtilityPage","flutter_app/lib/shared/layout/vit_tablet_utility_page.dart","fixed_vit_header","vit_header_default_title_subtitle","detail","L2_detail","detail","no","yes","no","-","-","none","none","none","0","-","-"
"earn_staking","AppRoutePaths.earnGuide","VitTabletUtilityPage","flutter_app/lib/shared/layout/vit_tablet_utility_page.dart","fixed_vit_header","vit_header_default_title_subtitle","detail","L2_utilityDetail","detail","no","yes","no","-","-","none","none","none","0","-","-"
"earn_staking","AppRoutePaths.earnHistory","VitTabletUtilityPage","flutter_app/lib/shared/layout/vit_tablet_utility_page.dart","fixed_vit_header","vit_header_default_title_subtitle","detail","L2_utilityDetail","detail","no","yes","no","-","-","none","none","none","0","-","-"
"earn_staking","AppRoutePaths.earnInstitutional","VitTabletUtilityPage","flutter_app/lib/shared/layout/vit_tablet_utility_page.dart","fixed_vit_header","vit_header_default_title_subtitle","detail","L2_detail","detail","no","yes","no","-","-","none","none","none","0","-","-"
"earn_staking","AppRoutePaths.earnInsurance","VitTabletUtilityPage","flutter_app/lib/shared/layout/vit_tablet_utility_page.dart","fixed_vit_header","vit_header_default_title_subtitle","detail","L2_detail","detail","no","yes","no","-","-","none","none","none","0","-","-"
"earn_staking","AppRoutePaths.earnInsuranceFundTransparency","VitTabletUtilityPage","flutter_app/lib/shared/layout/vit_tablet_utility_page.dart","fixed_vit_header","vit_header_default_title_subtitle","detail","L2_detail","detail","no","yes","no","-","-","none","none","none","0","-","-"
"earn_staking","AppRoutePaths.earnLiquidStaking","VitTabletUtilityPage","flutter_app/lib/shared/layout/vit_tablet_utility_page.dart","fixed_vit_header","vit_header_default_title_subtitle","detail","L2_detail","detail","no","yes","no","-","-","none","none","none","0","-","-"
"earn_staking","AppRoutePaths.earnMultiChain","VitTabletUtilityPage","flutter_app/lib/shared/layout/vit_tablet_utility_page.dart","fixed_vit_header","vit_header_default_title_subtitle","detail","L2_detail","detail","no","yes","no","-","-","none","none","none","0","-","-"
"earn_staking","AppRoutePaths.earnNotifications","VitTabletUtilityPage","flutter_app/lib/shared/layout/vit_tablet_utility_page.dart","fixed_vit_header","vit_header_default_title_subtitle","detail","L1_utilityHub","detail","no","yes","no","-","-","none","none","none","0","-","-"
"earn_staking","AppRoutePaths.earnProofOfReserves","VitTabletUtilityPage","flutter_app/lib/shared/layout/vit_tablet_utility_page.dart","fixed_vit_header","vit_header_default_title_subtitle","detail","L2_detail","detail","no","yes","no","-","-","none","none","none","0","-","-"
"earn_staking","AppRoutePaths.earnProposals","VitTabletUtilityPage","flutter_app/lib/shared/layout/vit_tablet_utility_page.dart","fixed_vit_header","vit_header_default_title_subtitle","detail","L2_detail","detail","no","yes","no","-","-","none","none","none","0","-","-"
"earn_staking","AppRoutePaths.earnRecommendations","VitTabletUtilityPage","flutter_app/lib/shared/layout/vit_tablet_utility_page.dart","fixed_vit_header","vit_header_default_title_subtitle","detail","L2_detail","detail","no","yes","no","-","-","none","none","none","0","-","-"
"earn_staking","AppRoutePaths.earnRegulatoryFramework","VitTabletUtilityPage","flutter_app/lib/shared/layout/vit_tablet_utility_page.dart","fixed_vit_header","vit_header_default_title_subtitle","detail","L2_detail","detail","no","yes","no","-","-","none","none","none","0","-","-"
"earn_staking","AppRoutePaths.earnRiskDashboard","VitTabletUtilityPage","flutter_app/lib/shared/layout/vit_tablet_utility_page.dart","fixed_vit_header","vit_header_default_title_subtitle","detail","L2_sectionHub","detail","no","yes","no","-","-","none","none","none","0","-","-"
"earn_staking","AppRoutePaths.earnRiskScoreCalculator","VitTabletUtilityPage","flutter_app/lib/shared/layout/vit_tablet_utility_page.dart","fixed_vit_header","vit_header_default_title_subtitle","detail","L2_utilityDetail","detail","no","yes","no","-","-","none","none","none","0","-","-"
"earn_staking","AppRoutePaths.earnSlashingHistory","VitTabletUtilityPage","flutter_app/lib/shared/layout/vit_tablet_utility_page.dart","fixed_vit_header","vit_header_default_title_subtitle","detail","L2_utilityDetail","detail","no","yes","no","-","-","none","none","none","0","-","-"
"earn_staking","AppRoutePaths.earnSocialFeed","VitTabletUtilityPage","flutter_app/lib/shared/layout/vit_tablet_utility_page.dart","fixed_vit_header","vit_header_default_title_subtitle","detail","L2_detail","detail","no","yes","no","-","-","none","none","none","0","-","-"
"earn_staking","AppRoutePaths.earnStaking","VitTabletUtilityPage","flutter_app/lib/shared/layout/vit_tablet_utility_page.dart","fixed_vit_header","vit_header_default_title_subtitle","detail","L2_detail","detail","no","yes","no","-","-","none","none","none","0","-","-"
"earn_staking","AppRoutePaths.earnStakingRiskAssessment","VitTabletUtilityPage","flutter_app/lib/shared/layout/vit_tablet_utility_page.dart","fixed_vit_header","vit_header_default_title_subtitle","detail","L3_transactionFlow","detail","no","yes","no","-","-","none","none","none","0","-","-"
"earn_staking","AppRoutePaths.earnStakingRiskDisclosure","VitTabletUtilityPage","flutter_app/lib/shared/layout/vit_tablet_utility_page.dart","fixed_vit_header","vit_header_default_title_subtitle","detail","L2_utilityDetail","detail","no","yes","no","-","-","none","none","none","0","-","-"
"earn_staking","AppRoutePaths.earnStakingTaxGuide","VitTabletUtilityPage","flutter_app/lib/shared/layout/vit_tablet_utility_page.dart","fixed_vit_header","vit_header_default_title_subtitle","detail","L2_utilityDetail","detail","no","yes","no","-","-","none","none","none","0","-","-"
"earn_staking","AppRoutePaths.earnStakingTerms","VitTabletUtilityPage","flutter_app/lib/shared/layout/vit_tablet_utility_page.dart","fixed_vit_header","vit_header_default_title_subtitle","detail","L2_detail","detail","no","yes","no","-","-","none","none","none","0","-","-"
"earn_staking","AppRoutePaths.earnStakingWithdrawalPolicy","VitTabletUtilityPage","flutter_app/lib/shared/layout/vit_tablet_utility_page.dart","fixed_vit_header","vit_header_default_title_subtitle","detail","L3_transactionFlow","detail","no","yes","no","-","-","none","none","none","0","-","-"
"earn_staking","AppRoutePaths.earnSuitabilityAssessment","VitTabletUtilityPage","flutter_app/lib/shared/layout/vit_tablet_utility_page.dart","fixed_vit_header","vit_header_default_title_subtitle","detail","L3_transactionFlow","detail","no","yes","no","-","-","none","none","none","0","-","-"
"earn_staking","AppRoutePaths.earnThirdPartyIntegrations","VitTabletUtilityPage","flutter_app/lib/shared/layout/vit_tablet_utility_page.dart","fixed_vit_header","vit_header_default_title_subtitle","detail","L2_detail","detail","no","yes","no","-","-","none","none","none","0","-","-"
"earn_staking","AppRoutePaths.earnTransactionReporting","VitTabletUtilityPage","flutter_app/lib/shared/layout/vit_tablet_utility_page.dart","fixed_vit_header","vit_header_default_title_subtitle","detail","L2_utilityDetail","detail","no","yes","no","-","-","none","none","none","0","-","-"
"earn_staking","AppRoutePaths.earnValidatorHealthMonitor","VitTabletUtilityPage","flutter_app/lib/shared/layout/vit_tablet_utility_page.dart","fixed_vit_header","vit_header_default_title_subtitle","detail","L2_detail","detail","no","yes","no","-","-","none","none","none","0","-","-"
"earn_staking","AppRoutePaths.earnValidatorSelection","VitTabletUtilityPage","flutter_app/lib/shared/layout/vit_tablet_utility_page.dart","fixed_vit_header","vit_header_default_title_subtitle","detail","L2_detail","detail","no","yes","no","-","-","none","none","none","0","-","-"
"earn_staking","AppRoutePaths.earnVoting","VitTabletUtilityPage","flutter_app/lib/shared/layout/vit_tablet_utility_page.dart","fixed_vit_header","vit_header_default_title_subtitle","detail","L2_detail","detail","no","yes","no","-","-","none","none","none","0","-","-"
"earn_staking","AppRoutePaths.earnVotingProposalRoute","VitTabletUtilityPage","flutter_app/lib/shared/layout/vit_tablet_utility_page.dart","fixed_vit_header","vit_header_default_title_subtitle","detail","L2_detail","detail","no","yes","no","-","-","none","none","none","0","-","-"
"earn_staking","AppRoutePaths.earnWebhooks","VitTabletUtilityPage","flutter_app/lib/shared/layout/vit_tablet_utility_page.dart","fixed_vit_header","vit_header_default_title_subtitle","detail","L2_detail","detail","no","yes","no","-","-","none","none","none","0","-","-"
"home","AppRoutePaths.home","HomePage","flutter_app/lib/features/home/presentation/phone/pages/home_page.dart","auto_hide_header","shared_auto_hide_scaffold","rootBrand","L0_homeRoot","rootBrand","no","no","no","-","-","none","none","none","0","-","-"
"home","AppRoutePaths.news","VitWebUtilityPage","flutter_app/lib/shared/layout/vit_web_utility_page.dart","fixed_vit_header","vit_header_default_title_subtitle","detail","L1_utilityHub","detail","no","yes","no","-","-","none","none","none","0","-","-"
"launchpad","AppRoutePaths.launchpad","VitTabletUtilityPage","flutter_app/lib/shared/layout/vit_tablet_utility_page.dart","fixed_vit_header","vit_header_default_title_subtitle","rootModule","L1_productModuleHub","rootModule","no","yes","no","-","-","none","none","none","0","-","-"
"launchpad","AppRoutePaths.launchpadAbiDiff","VitTabletUtilityPage","flutter_app/lib/shared/layout/vit_tablet_utility_page.dart","fixed_vit_header","vit_header_default_title_subtitle","detail","L2_detail","detail","no","yes","no","-","-","none","none","none","0","-","-"
"launchpad","AppRoutePaths.launchpadAddressBook","VitTabletUtilityPage","flutter_app/lib/shared/layout/vit_tablet_utility_page.dart","fixed_vit_header","vit_header_default_title_subtitle","detail","L3_transactionFlow","detail","no","yes","no","-","-","none","none","none","0","-","-"
"launchpad","AppRoutePaths.launchpadBatchClaim","VitTabletUtilityPage","flutter_app/lib/shared/layout/vit_tablet_utility_page.dart","fixed_vit_header","vit_header_default_title_subtitle","detail","L3_transactionFlow","detail","no","yes","no","-","-","none","none","none","0","-","-"
"launchpad","AppRoutePaths.launchpadBridgeCompare","VitTabletUtilityPage","flutter_app/lib/shared/layout/vit_tablet_utility_page.dart","fixed_vit_header","vit_header_default_title_subtitle","detail","L2_detail","detail","no","yes","no","-","-","none","none","none","0","-","-"
"launchpad","AppRoutePaths.launchpadBridgeOrderTx001","VitTabletUtilityPage","flutter_app/lib/shared/layout/vit_tablet_utility_page.dart","fixed_vit_header","vit_header_default_title_subtitle","detail","L3_transactionFlow","detail","no","yes","no","-","-","none","none","none","0","-","-"
"launchpad","AppRoutePaths.launchpadClaimReceiptPos001","VitTabletUtilityPage","flutter_app/lib/shared/layout/vit_tablet_utility_page.dart","fixed_vit_header","vit_header_default_title_subtitle","detail","L3_transactionFlow","detail","no","yes","no","-","-","none","none","none","0","-","-"
"launchpad","AppRoutePaths.launchpadContractSample","VitTabletUtilityPage","flutter_app/lib/shared/layout/vit_tablet_utility_page.dart","fixed_vit_header","vit_header_default_title_subtitle","detail","L2_detail","detail","no","yes","no","-","-","none","none","none","0","-","-"
"launchpad","AppRoutePaths.launchpadDcaBuilder","VitTabletUtilityPage","flutter_app/lib/shared/layout/vit_tablet_utility_page.dart","fixed_vit_header","vit_header_default_title_subtitle","detail","L3_transactionFlow","detail","no","yes","no","-","-","none","none","none","0","-","-"
"launchpad","AppRoutePaths.launchpadEventLog","VitTabletUtilityPage","flutter_app/lib/shared/layout/vit_tablet_utility_page.dart","fixed_vit_header","vit_header_default_title_subtitle","detail","L2_detail","detail","no","yes","no","-","-","none","none","none","0","-","-"
"launchpad","AppRoutePaths.launchpadGasTracker","VitTabletUtilityPage","flutter_app/lib/shared/layout/vit_tablet_utility_page.dart","fixed_vit_header","vit_header_default_title_subtitle","detail","L2_detail","detail","no","yes","no","-","-","none","none","none","0","-","-"
"launchpad","AppRoutePaths.launchpadIdoBridgeSample","VitTabletUtilityPage","flutter_app/lib/shared/layout/vit_tablet_utility_page.dart","fixed_vit_header","vit_header_default_title_subtitle","detail","L2_detail","detail","no","yes","no","-","-","none","none","none","0","-","-"
"launchpad","AppRoutePaths.launchpadLimitOrders","VitTabletUtilityPage","flutter_app/lib/shared/layout/vit_tablet_utility_page.dart","fixed_vit_header","vit_header_default_title_subtitle","detail","L2_detail","detail","no","yes","no","-","-","none","none","none","0","-","-"
"launchpad","AppRoutePaths.launchpadMultisig","VitTabletUtilityPage","flutter_app/lib/shared/layout/vit_tablet_utility_page.dart","fixed_vit_header","vit_header_default_title_subtitle","detail","L2_detail","detail","no","yes","no","-","-","none","none","none","0","-","-"
"launchpad","AppRoutePaths.launchpadNotifSound","VitTabletUtilityPage","flutter_app/lib/shared/layout/vit_tablet_utility_page.dart","fixed_vit_header","vit_header_default_title_subtitle","detail","L2_detail","detail","no","yes","no","-","-","none","none","none","0","-","-"
"launchpad","AppRoutePaths.launchpadPerformance","VitTabletUtilityPage","flutter_app/lib/shared/layout/vit_tablet_utility_page.dart","fixed_vit_header","vit_header_default_title_subtitle","detail","L2_detail","detail","no","yes","no","-","-","none","none","none","0","-","-"
"launchpad","AppRoutePaths.launchpadPortfolio","VitTabletUtilityPage","flutter_app/lib/shared/layout/vit_tablet_utility_page.dart","fixed_vit_header","vit_header_default_title_subtitle","detail","L2_utilityDetail","detail","no","yes","no","-","-","none","none","none","0","-","-"
"launchpad","AppRoutePaths.launchpadRebalance","VitTabletUtilityPage","flutter_app/lib/shared/layout/vit_tablet_utility_page.dart","fixed_vit_header","vit_header_default_title_subtitle","detail","L2_detail","detail","no","yes","no","-","-","none","none","none","0","-","-"
"launchpad","AppRoutePaths.launchpadReceiptSub001","VitTabletUtilityPage","flutter_app/lib/shared/layout/vit_tablet_utility_page.dart","fixed_vit_header","vit_header_default_title_subtitle","detail","L3_transactionFlow","detail","no","yes","no","-","-","none","none","none","0","-","-"
"launchpad","AppRoutePaths.launchpadRiskAnalytics","VitTabletUtilityPage","flutter_app/lib/shared/layout/vit_tablet_utility_page.dart","fixed_vit_header","vit_header_default_title_subtitle","detail","L2_utilityDetail","detail","no","yes","no","-","-","none","none","none","0","-","-"
"launchpad","AppRoutePaths.launchpadSample","VitTabletUtilityPage","flutter_app/lib/shared/layout/vit_tablet_utility_page.dart","fixed_vit_header","vit_header_default_title_subtitle","detail","L2_detail","detail","no","yes","no","-","-","none","none","none","0","-","-"
"launchpad","AppRoutePaths.launchpadStaking","VitTabletUtilityPage","flutter_app/lib/shared/layout/vit_tablet_utility_page.dart","fixed_vit_header","vit_header_default_title_subtitle","detail","L2_detail","detail","no","yes","no","-","-","none","none","none","0","-","-"
"launchpad","AppRoutePaths.launchpadSwapAggregator","VitTabletUtilityPage","flutter_app/lib/shared/layout/vit_tablet_utility_page.dart","fixed_vit_header","vit_header_default_title_subtitle","detail","L2_detail","detail","no","yes","no","-","-","none","none","none","0","-","-"
"launchpad","AppRoutePaths.launchpadWebhooks","VitTabletUtilityPage","flutter_app/lib/shared/layout/vit_tablet_utility_page.dart","fixed_vit_header","vit_header_default_title_subtitle","detail","L2_detail","detail","no","yes","no","-","-","none","none","none","0","-","-"
"markets","'/pair/:pairId'","VitTabletUtilityPage","flutter_app/lib/shared/layout/vit_tablet_utility_page.dart","fixed_vit_header","vit_header_default_title_subtitle","detail","L2_entityDetail","detail","no","yes","no","-","-","none","none","none","0","-","-"
"markets","'/pair/:pairId/depth'","VitTabletUtilityPage","flutter_app/lib/shared/layout/vit_tablet_utility_page.dart","fixed_vit_header","vit_header_default_title_subtitle","detail","L2_entityDetail","detail","no","yes","no","-","-","none","none","none","0","-","-"
"markets","'/pair/:pairId/info'","VitTabletUtilityPage","flutter_app/lib/shared/layout/vit_tablet_utility_page.dart","fixed_vit_header","vit_header_default_title_subtitle","detail","L2_entityDetail","detail","no","yes","no","-","-","none","none","none","0","-","-"
"markets","AppRoutePaths.markets","MarketListPage","flutter_app/lib/features/markets/presentation/phone/pages/market_list_page.dart","custom_scroll_header","vit_top_chrome_rootModule","rootModule","L1_primaryTabRoot","rootModule","no","no","yes","MarketListHeader","-","none","none","none","2","-","-"
"markets","AppRoutePaths.marketsAdvancedCharts","VitTabletUtilityPage","flutter_app/lib/shared/layout/vit_tablet_utility_page.dart","fixed_vit_header","vit_header_default_title_subtitle","detail","L2_detail","detail","no","yes","no","-","-","none","none","none","0","-","-"
"markets","AppRoutePaths.marketsAlerts","VitTabletUtilityPage","flutter_app/lib/shared/layout/vit_tablet_utility_page.dart","fixed_vit_header","vit_header_default_title_subtitle","detail","L2_utilityDetail","detail","no","yes","no","-","-","none","none","none","0","-","-"
"markets","AppRoutePaths.marketsCalendar","VitTabletUtilityPage","flutter_app/lib/shared/layout/vit_tablet_utility_page.dart","fixed_vit_header","vit_header_default_title_subtitle","detail","L2_utilityDetail","detail","no","yes","no","-","-","none","none","none","0","-","-"
"markets","AppRoutePaths.marketsCompare","VitTabletUtilityPage","flutter_app/lib/shared/layout/vit_tablet_utility_page.dart","fixed_vit_header","vit_header_default_title_subtitle","detail","L2_detail","detail","no","yes","no","-","-","none","none","none","0","-","-"
"markets","AppRoutePaths.marketsCorrelations","VitTabletUtilityPage","flutter_app/lib/shared/layout/vit_tablet_utility_page.dart","fixed_vit_header","vit_header_default_title_subtitle","detail","L2_detail","detail","no","yes","no","-","-","none","none","none","0","-","-"
"markets","AppRoutePaths.marketsDepth","VitTabletUtilityPage","flutter_app/lib/shared/layout/vit_tablet_utility_page.dart","fixed_vit_header","vit_header_default_title_subtitle","detail","L2_detail","detail","no","yes","no","-","-","none","none","none","0","-","-"
"markets","AppRoutePaths.marketsDerivatives","VitTabletUtilityPage","flutter_app/lib/shared/layout/vit_tablet_utility_page.dart","fixed_vit_header","vit_header_default_title_subtitle","detail","L2_detail","detail","no","yes","no","-","-","none","none","none","0","-","-"
"markets","AppRoutePaths.marketsHeatmap","VitTabletUtilityPage","flutter_app/lib/shared/layout/vit_tablet_utility_page.dart","fixed_vit_header","vit_header_default_title_subtitle","detail","L2_detail","detail","no","yes","no","-","-","none","none","none","0","-","-"
"markets","AppRoutePaths.marketsMovers","VitTabletUtilityPage","flutter_app/lib/shared/layout/vit_tablet_utility_page.dart","fixed_vit_header","vit_header_default_title_subtitle","detail","L2_detail","detail","no","yes","no","-","-","none","none","none","0","-","-"
"markets","AppRoutePaths.marketsNews","VitTabletUtilityPage","flutter_app/lib/shared/layout/vit_tablet_utility_page.dart","fixed_vit_header","vit_header_default_title_subtitle","detail","L1_utilityHub","detail","no","yes","no","-","-","none","none","none","0","-","-"
"markets","AppRoutePaths.marketsOverview","VitTabletUtilityPage","flutter_app/lib/shared/layout/vit_tablet_utility_page.dart","fixed_vit_header","vit_header_default_title_subtitle","detail","L2_sectionHub","detail","no","yes","no","-","-","none","none","none","0","-","-"
"markets","AppRoutePaths.marketsPortfolioTracker","VitTabletUtilityPage","flutter_app/lib/shared/layout/vit_tablet_utility_page.dart","fixed_vit_header","vit_header_default_title_subtitle","detail","L2_utilityDetail","detail","no","yes","no","-","-","none","none","none","0","-","-"
"markets","AppRoutePaths.marketsScreener","VitTabletUtilityPage","flutter_app/lib/shared/layout/vit_tablet_utility_page.dart","fixed_vit_header","vit_header_default_title_subtitle","detail","L2_detail","detail","no","yes","no","-","-","none","none","none","0","-","-"
"markets","AppRoutePaths.marketsSectors","VitTabletUtilityPage","flutter_app/lib/shared/layout/vit_tablet_utility_page.dart","fixed_vit_header","vit_header_default_title_subtitle","detail","L2_detail","detail","no","yes","no","-","-","none","none","none","0","-","-"
"markets","AppRoutePaths.marketsSignals","VitTabletUtilityPage","flutter_app/lib/shared/layout/vit_tablet_utility_page.dart","fixed_vit_header","vit_header_default_title_subtitle","detail","L2_detail","detail","no","yes","no","-","-","none","none","none","0","-","-"
"markets","AppRoutePaths.marketsSocialSentiment","VitTabletUtilityPage","flutter_app/lib/shared/layout/vit_tablet_utility_page.dart","fixed_vit_header","vit_header_default_title_subtitle","detail","L2_detail","detail","no","yes","no","-","-","none","none","none","0","-","-"
"markets","AppRoutePaths.marketsUnlocks","VitTabletUtilityPage","flutter_app/lib/shared/layout/vit_tablet_utility_page.dart","fixed_vit_header","vit_header_default_title_subtitle","detail","L2_detail","detail","no","yes","no","-","-","none","none","none","0","-","-"
"markets","AppRoutePaths.marketsWatchlist","VitTabletUtilityPage","flutter_app/lib/shared/layout/vit_tablet_utility_page.dart","fixed_vit_header","vit_header_default_title_subtitle","detail","L2_utilityDetail","detail","no","yes","no","-","-","none","none","none","0","-","-"
"p2p_account","'/p2p/merchant/:merchantId'","P2PMerchantProfilePage","flutter_app/lib/features/p2p_account/presentation/phone/pages/merchant/p2p_merchant_profile_page.dart","auto_hide_header","shared_auto_hide_scaffold","detail","L2_entityDetail","detail","no","yes","no","-","-","none","none","none","0","-","-"
"p2p_account","'/p2p/payment-method/ownership/:methodId'","P2PPaymentMethodOwnershipPage","flutter_app/lib/features/p2p_account/presentation/phone/pages/payment/p2p_payment_method_ownership_page.dart","auto_hide_header","shared_auto_hide_scaffold","detail","L3_transactionFlow","detail","no","yes","no","-","-","none","none","none","0","-","-"
"p2p_account","'/p2p/payment-method/verification/:methodId'","P2PPaymentMethodVerificationPage","flutter_app/lib/features/p2p_account/presentation/phone/pages/payment/p2p_payment_method_verification_page.dart","auto_hide_header","shared_auto_hide_scaffold","detail","L3_transactionFlow","detail","no","yes","no","-","-","none","none","none","0","-","-"
"p2p_account","AppRoutePaths.p2pKycAddress","P2PAddressProofPage","flutter_app/lib/features/p2p_account/presentation/phone/pages/merchant/p2p_address_proof_page.dart","auto_hide_header","shared_auto_hide_scaffold","detail","L3_transactionFlow","detail","no","yes","no","-","-","none","none","none","0","-","-"
"p2p_account","AppRoutePaths.p2pKycFaceMatch","P2PSelfieVerificationPage","flutter_app/lib/features/p2p_account/presentation/phone/pages/merchant/p2p_selfie_verification_page.dart","auto_hide_header","shared_auto_hide_scaffold","detail","L3_transactionFlow","detail","no","yes","no","-","-","none","none","none","0","-","-"
"p2p_account","AppRoutePaths.p2pKycIdentity","P2PIdentityVerificationPage","flutter_app/lib/features/p2p_account/presentation/phone/pages/merchant/p2p_identity_verification_page.dart","auto_hide_header","shared_auto_hide_scaffold","detail","L3_transactionFlow","detail","no","yes","no","-","-","none","none","none","0","-","-"
"p2p_account","AppRoutePaths.p2pKycRequirements","P2PKycRequirementsPage","flutter_app/lib/features/p2p_account/presentation/phone/pages/merchant/p2p_kyc_requirements_page.dart","auto_hide_header","shared_auto_hide_scaffold","detail","L3_transactionFlow","detail","no","yes","no","-","-","none","none","none","0","-","-"
"p2p_account","AppRoutePaths.p2pKycSelfie","P2PSelfieVerificationPage","flutter_app/lib/features/p2p_account/presentation/phone/pages/merchant/p2p_selfie_verification_page.dart","auto_hide_header","shared_auto_hide_scaffold","detail","L3_transactionFlow","detail","no","yes","no","-","-","none","none","none","0","-","-"
"p2p_account","AppRoutePaths.p2pKycStatus","P2PKycStatusPage","flutter_app/lib/features/p2p_account/presentation/phone/pages/merchant/p2p_kyc_status_page.dart","auto_hide_header","shared_auto_hide_scaffold","detail","L3_transactionFlow","detail","no","yes","no","-","-","none","none","none","0","-","-"
"p2p_account","AppRoutePaths.p2pKycVerify","P2PIdentityVerificationPage","flutter_app/lib/features/p2p_account/presentation/phone/pages/merchant/p2p_identity_verification_page.dart","auto_hide_header","shared_auto_hide_scaffold","detail","L3_transactionFlow","detail","no","yes","no","-","-","none","none","none","0","-","-"
"p2p_account","AppRoutePaths.p2pKycVideo","P2PVideoVerificationPage","flutter_app/lib/features/p2p_account/presentation/phone/pages/merchant/p2p_video_verification_page.dart","auto_hide_header","shared_auto_hide_scaffold","detail","L3_transactionFlow","detail","no","yes","no","-","-","none","none","none","0","-","-"
"p2p_account","AppRoutePaths.p2pMerchantApply","P2PMerchantApplyPage","flutter_app/lib/features/p2p_account/presentation/phone/pages/merchant/p2p_merchant_apply_page.dart","auto_hide_header","shared_auto_hide_scaffold","detail","L2_detail","detail","no","yes","no","-","-","none","none","none","0","-","-"
"p2p_account","AppRoutePaths.p2pPaymentMethodAdd","P2PPaymentMethodAddPage","flutter_app/lib/features/p2p_account/presentation/phone/pages/payment/p2p_payment_method_add_page.dart","auto_hide_header","shared_auto_hide_scaffold","detail","L3_transactionFlow","detail","no","yes","no","-","-","none","none","none","0","-","-"
"p2p_account","AppRoutePaths.p2pPaymentMethodCoolingPeriod","P2PPaymentMethodCoolingPeriodPage","flutter_app/lib/features/p2p_account/presentation/phone/pages/payment/p2p_payment_method_cooling_period_page.dart","auto_hide_header","shared_auto_hide_scaffold","detail","L3_transactionFlow","detail","no","yes","no","-","-","none","none","none","0","-","-"
"p2p_account","AppRoutePaths.p2pPaymentMethodHistory","P2PPaymentMethodHistoryPage","flutter_app/lib/features/p2p_account/presentation/phone/pages/payment/p2p_payment_method_history_page.dart","auto_hide_header","shared_auto_hide_scaffold","detail","L3_transactionFlow","detail","no","yes","no","-","-","none","none","none","0","-","-"
"p2p_account","AppRoutePaths.p2pPaymentMethods","P2PPaymentMethodsPage","flutter_app/lib/features/p2p_account/presentation/phone/pages/payment/p2p_payment_methods_page.dart","auto_hide_header","shared_auto_hide_scaffold","detail","L3_transactionFlow","detail","no","yes","no","-","-","none","none","none","0","-","-"
"p2p_dispute","'/p2p/dispute/:orderId'","P2PDisputePage","flutter_app/lib/features/p2p_dispute/presentation/phone/pages/dispute/p2p_dispute_page.dart","auto_hide_header","shared_auto_hide_scaffold","detail","L2_entityDetail","detail","no","yes","no","-","-","none","none","none","0","-","-"
"p2p_dispute","'/p2p/dispute/detail/:disputeId'","P2PDisputeDetailPage","flutter_app/lib/features/p2p_dispute/presentation/phone/pages/dispute/p2p_dispute_detail_page.dart","auto_hide_header","shared_auto_hide_scaffold","detail","L2_entityDetail","detail","no","yes","no","-","-","none","none","none","0","-","-"
"p2p_dispute","'/p2p/dispute/evidence/:disputeId'","P2PDisputeEvidencePage","flutter_app/lib/features/p2p_dispute/presentation/phone/pages/dispute/p2p_dispute_evidence_page.dart","auto_hide_header","shared_auto_hide_scaffold","detail","L2_entityDetail","detail","no","yes","no","-","-","none","none","none","0","-","-"
"p2p_dispute","'/p2p/dispute/resolution/:disputeId'","P2PDisputeResolutionPage","flutter_app/lib/features/p2p_dispute/presentation/phone/pages/dispute/p2p_dispute_resolution_page.dart","auto_hide_header","shared_auto_hide_scaffold","detail","L2_entityDetail","detail","no","yes","no","-","-","none","none","none","0","-","-"
"p2p_dispute","'/p2p/insurance/claim/:claimId'","P2PClaimDetailPage","flutter_app/lib/features/p2p_dispute/presentation/phone/pages/dispute/p2p_claim_detail_page.dart","auto_hide_header","shared_auto_hide_scaffold","detail","L3_transactionFlow","detail","no","yes","no","-","-","none","none","none","1","-","-"
"p2p_dispute","AppRoutePaths.p2pDisputes","P2PDisputesPage","flutter_app/lib/features/p2p_dispute/presentation/phone/pages/dispute/p2p_disputes_page.dart","auto_hide_header","shared_auto_hide_scaffold","detail","L2_detail","detail","no","yes","no","-","-","none","none","none","0","-","-"
"p2p_dispute","AppRoutePaths.p2pInsurance","P2PInsuranceFundPage","flutter_app/lib/features/p2p_dispute/presentation/phone/pages/dispute/p2p_insurance_fund_page.dart","auto_hide_header","shared_auto_hide_scaffold","detail","L2_detail","detail","no","yes","no","-","-","none","none","none","1","-","-"
"p2p_dispute","AppRoutePaths.p2pInsuranceCertificate","P2PInsuranceCertificatePage","flutter_app/lib/features/p2p_dispute/presentation/phone/pages/dispute/p2p_insurance_certificate_page.dart","auto_hide_header","shared_auto_hide_scaffold","detail","L2_detail","detail","no","yes","no","-","-","none","none","none","0","-","-"
"p2p_dispute","AppRoutePaths.p2pInsurancePolicy","P2PInsurancePolicyPage","flutter_app/lib/features/p2p_dispute/presentation/phone/pages/dispute/p2p_insurance_policy_page.dart","auto_hide_header","shared_auto_hide_scaffold","detail","L2_detail","detail","no","yes","no","-","-","none","none","none","0","-","-"
"p2p_dispute","AppRoutePaths.p2pInsuranceScore","P2PInsuranceScorePage","flutter_app/lib/features/p2p_dispute/presentation/phone/pages/dispute/p2p_insurance_score_page.dart","auto_hide_header","shared_auto_hide_scaffold","detail","L2_detail","detail","no","yes","no","-","-","none","none","none","0","-","-"
"p2p_marketplace","'/p2p/ad-analytics/:adId'","P2PAdAnalyticsPage","flutter_app/lib/features/p2p_marketplace/presentation/phone/pages/ads/p2p_ad_analytics_page.dart","auto_hide_header","shared_auto_hide_scaffold","detail","L2_entityDetail","detail","no","yes","no","-","-","none","none","none","0","-","-"
"p2p_marketplace","'/p2p/ad/:adId'","P2PAdDetailPage","flutter_app/lib/features/p2p_marketplace/presentation/phone/pages/ads/p2p_ad_detail_page.dart","auto_hide_header","shared_auto_hide_scaffold","detail","L3_transactionFlow","detail","no","yes","no","-","-","none","none","none","0","-","-"
"p2p_marketplace","AppRoutePaths.p2p","P2PHomePage","flutter_app/lib/features/p2p_marketplace/presentation/phone/pages/hub/p2p_home_page.dart","auto_hide_header","vit_top_chrome_rootModule","rootModule","L1_productModuleHub","rootModule","no","yes","yes","-","-","content","state_driven","offlineWithCache","3","-","-"
"p2p_marketplace","AppRoutePaths.p2pCreate","P2PCreateAdPage","flutter_app/lib/features/p2p_marketplace/presentation/phone/pages/ads/p2p_create_ad_page.dart","auto_hide_header","shared_auto_hide_scaffold","detail","L3_transactionFlow","detail","no","yes","no","-","-","none","none","none","0","-","-"
"p2p_marketplace","AppRoutePaths.p2pDashboard","P2PDashboardPage","flutter_app/lib/features/p2p_marketplace/presentation/phone/pages/hub/p2p_dashboard_page.dart","auto_hide_header","shared_auto_hide_scaffold","detail","L2_sectionHub","detail","no","yes","no","-","-","none","none","none","0","-","-"
"p2p_marketplace","AppRoutePaths.p2pExpress","P2PExpressPage","flutter_app/lib/features/p2p_marketplace/presentation/phone/pages/hub/p2p_express_page.dart","auto_hide_header","shared_auto_hide_scaffold","detail","L2_detail","detail","no","yes","no","-","-","none","none","none","1","-","-"
"p2p_marketplace","AppRoutePaths.p2pExpressConfirm","P2PExpressConfirmPage","flutter_app/lib/features/p2p_marketplace/presentation/phone/pages/hub/p2p_express_confirm_page.dart","auto_hide_header","shared_auto_hide_scaffold","detail","L3_transactionFlow","detail","no","yes","no","-","-","none","none","none","0","-","-"
"p2p_marketplace","AppRoutePaths.p2pGuide","P2PGuidePage","flutter_app/lib/features/p2p_marketplace/presentation/phone/pages/hub/p2p_guide_page.dart","auto_hide_header","shared_auto_hide_scaffold","detail","L2_utilityDetail","detail","no","yes","no","-","-","none","none","none","0","-","-"
"p2p_marketplace","AppRoutePaths.p2pMyAds","P2PMyAdsPage","flutter_app/lib/features/p2p_marketplace/presentation/phone/pages/ads/p2p_my_ads_page.dart","auto_hide_header","shared_auto_hide_scaffold","detail","L2_detail","detail","no","yes","no","-","-","none","none","none","1","-","-"
"p2p_marketplace","AppRoutePaths.p2pOrderBook","P2POrderBookPage","flutter_app/lib/features/p2p_marketplace/presentation/phone/pages/ads/p2p_order_book_page.dart","auto_hide_header","shared_auto_hide_scaffold","detail","L2_detail","detail","no","yes","no","-","-","none","none","none","0","-","-"
"p2p_marketplace","AppRoutePaths.p2pSettings","P2PSettingsPage","flutter_app/lib/features/p2p_marketplace/presentation/phone/pages/hub/p2p_settings_page.dart","auto_hide_header","shared_auto_hide_scaffold","detail","L2_utilityDetail","detail","no","yes","no","-","-","none","none","none","0","-","-"
"p2p_marketplace","AppRoutePaths.p2pSettingsNotifications","P2PNotificationsSettingsPage","flutter_app/lib/features/p2p_marketplace/presentation/phone/pages/hub/p2p_notifications_settings_page.dart","auto_hide_header","shared_auto_hide_scaffold","detail","L1_utilityHub","detail","no","yes","no","-","-","none","none","none","0","-","-"
"p2p_marketplace","AppRoutePaths.p2pTradingLevel","P2PTradingLevelPage","flutter_app/lib/features/p2p_marketplace/presentation/phone/pages/hub/p2p_trading_level_page.dart","auto_hide_header","shared_auto_hide_scaffold","detail","L2_detail","detail","no","yes","no","-","-","none","none","none","0","-","-"
"p2p_orders","'/p2p/chat/:orderId'","P2PChatPage","flutter_app/lib/features/p2p_orders/presentation/phone/pages/orders/p2p_chat_page.dart","no_top_header","no_top_header","fullscreenTool","L3_fullscreenTool","fullscreenTool","no","no","no","-","Conversation workspace; navigation must be provided in the chat UI.","none","none","none","0","Conversation workspace; navigation must be provided in the chat UI.","-"
"p2p_orders","'/p2p/escrow/:orderId'","P2PEscrowDetailPage","flutter_app/lib/features/p2p_orders/presentation/phone/pages/orders/p2p_escrow_detail_page.dart","auto_hide_header","shared_auto_hide_scaffold","detail","L2_entityDetail","detail","no","yes","no","-","-","none","none","none","0","-","-"
"p2p_orders","'/p2p/order/:orderId'","P2POrderPage","flutter_app/lib/features/p2p_orders/presentation/phone/pages/orders/p2p_order_page.dart","auto_hide_header","shared_auto_hide_scaffold","detail","L2_entityDetail","detail","no","yes","no","-","-","none","none","none","0","-","-"
"p2p_orders","'/p2p/order/cancel/:orderId'","P2POrderCancelPage","flutter_app/lib/features/p2p_orders/presentation/phone/pages/orders/p2p_order_cancel_page.dart","auto_hide_header","shared_auto_hide_scaffold","detail","L2_entityDetail","detail","no","yes","no","-","-","none","none","none","0","-","-"
"p2p_orders","'/p2p/order/proof/:orderId'","P2POrderProofPage","flutter_app/lib/features/p2p_orders/presentation/phone/pages/orders/p2p_order_proof_page.dart","auto_hide_header","shared_auto_hide_scaffold","detail","L2_entityDetail","detail","no","yes","no","-","-","none","none","none","0","-","-"
"p2p_orders","'/p2p/order/rate/:orderId'","P2POrderRatePage","flutter_app/lib/features/p2p_orders/presentation/phone/pages/orders/p2p_order_rate_page.dart","auto_hide_header","shared_auto_hide_scaffold","detail","L2_entityDetail","detail","no","yes","no","-","-","none","none","none","0","-","-"
"p2p_orders","'/p2p/order/timeline/:orderId'","P2POrderTimelinePage","flutter_app/lib/features/p2p_orders/presentation/phone/pages/orders/p2p_order_timeline_page.dart","auto_hide_header","shared_auto_hide_scaffold","detail","L2_entityDetail","detail","no","yes","no","-","-","none","none","none","0","-","-"
"p2p_orders","AppRoutePaths.p2pEscrowBalance","P2PEscrowBalancePage","flutter_app/lib/features/p2p_orders/presentation/phone/pages/orders/p2p_escrow_balance_page.dart","auto_hide_header","shared_auto_hide_scaffold","detail","L2_detail","detail","no","yes","no","-","-","none","none","none","0","-","-"
"p2p_orders","AppRoutePaths.p2pMyOrders","P2PMyOrdersPage","flutter_app/lib/features/p2p_orders/presentation/phone/pages/orders/p2p_my_orders_page.dart","auto_hide_header","shared_auto_hide_scaffold","detail","L2_detail","detail","no","yes","no","-","-","none","none","none","1","-","-"
"p2p_orders","AppRoutePaths.p2pWallet","P2PWalletPage","flutter_app/lib/features/p2p_orders/presentation/phone/pages/wallet/p2p_wallet_page.dart","auto_hide_header","shared_auto_hide_scaffold","detail","L2_detail","detail","no","yes","no","-","-","none","none","none","1","-","-"
"p2p_orders","AppRoutePaths.p2pWalletFundLockHistory","P2PFundLockHistoryPage","flutter_app/lib/features/p2p_orders/presentation/phone/pages/orders/p2p_fund_lock_history_page.dart","auto_hide_header","shared_auto_hide_scaffold","detail","L2_utilityDetail","detail","no","yes","no","-","-","none","none","none","0","-","-"
"p2p_orders","AppRoutePaths.p2pWalletHistory","P2PFundLockHistoryPage","flutter_app/lib/features/p2p_orders/presentation/phone/pages/orders/p2p_fund_lock_history_page.dart","auto_hide_header","shared_auto_hide_scaffold","detail","L2_utilityDetail","detail","no","yes","no","-","-","none","none","none","0","-","-"
"p2p_orders","AppRoutePaths.p2pWalletTransfer","P2PWalletTransferPage","flutter_app/lib/features/p2p_orders/presentation/phone/pages/wallet/p2p_wallet_transfer_page.dart","auto_hide_header","shared_auto_hide_scaffold","detail","L3_transactionFlow","detail","no","yes","no","-","-","none","none","none","0","-","-"
"p2p_security","'/p2p/report/:merchantId'","P2PReportMerchantPage","flutter_app/lib/features/p2p_security/presentation/phone/pages/security/p2p_report_merchant_page.dart","auto_hide_header","shared_auto_hide_scaffold","detail","L2_entityDetail","detail","no","yes","no","-","-","none","none","none","0","-","-"
"p2p_security","'/p2p/tax-report/detailed/:year'","P2PTaxReportingPage","flutter_app/lib/features/p2p_security/presentation/phone/pages/security/p2p_tax_reporting_page.dart","auto_hide_header","shared_auto_hide_scaffold","detail","L2_entityDetail","detail","no","yes","no","-","-","none","none","none","0","-","-"
"p2p_security","AppRoutePaths.p2pAchievements","P2PAchievementsPage","flutter_app/lib/features/p2p_security/presentation/phone/pages/security/p2p_achievements_page.dart","auto_hide_header","shared_auto_hide_scaffold","detail","L2_detail","detail","no","yes","no","-","-","none","none","none","0","-","-"
"p2p_security","AppRoutePaths.p2pBlacklist","P2PBlacklistPage","flutter_app/lib/features/p2p_security/presentation/phone/pages/security/p2p_blacklist_page.dart","auto_hide_header","shared_auto_hide_scaffold","detail","L2_detail","detail","no","yes","no","-","-","none","none","none","1","-","-"
"p2p_security","AppRoutePaths.p2pBlacklistAdd","P2PBlacklistAddPage","flutter_app/lib/features/p2p_security/presentation/phone/pages/security/p2p_blacklist_add_page.dart","auto_hide_header","shared_auto_hide_scaffold","detail","L3_transactionFlow","detail","no","yes","no","-","-","none","none","none","0","-","-"
"p2p_security","AppRoutePaths.p2pComplianceAmlScreening","P2PAmlScreeningPage","flutter_app/lib/features/p2p_security/presentation/phone/pages/security/p2p_aml_screening_page.dart","auto_hide_header","shared_auto_hide_scaffold","detail","L2_detail","detail","no","yes","no","-","-","none","none","none","0","-","-"
"p2p_security","AppRoutePaths.p2pComplianceLargeTransaction","P2PLargeTransactionJustificationPage","flutter_app/lib/features/p2p_security/presentation/phone/pages/security/p2p_large_transaction_justification_page.dart","auto_hide_header","shared_auto_hide_scaffold","detail","L2_detail","detail","no","yes","no","-","-","none","none","none","0","-","-"
"p2p_security","AppRoutePaths.p2pComplianceOverview","P2PComplianceOverviewPage","flutter_app/lib/features/p2p_security/presentation/phone/pages/security/p2p_compliance_overview_page.dart","auto_hide_header","shared_auto_hide_scaffold","detail","L2_sectionHub","detail","no","yes","no","-","-","none","none","none","0","-","-"
"p2p_security","AppRoutePaths.p2pComplianceRiskAssessment","P2PRiskAssessmentPage","flutter_app/lib/features/p2p_security/presentation/phone/pages/security/p2p_risk_assessment_page.dart","auto_hide_header","shared_auto_hide_scaffold","detail","L3_transactionFlow","detail","no","yes","no","-","-","none","none","none","0","-","-"
"p2p_security","AppRoutePaths.p2pComplianceSourceOfFunds","P2PSourceOfFundsPage","flutter_app/lib/features/p2p_security/presentation/phone/pages/security/p2p_source_of_funds_page.dart","auto_hide_header","shared_auto_hide_scaffold","detail","L2_detail","detail","no","yes","no","-","-","none","none","none","0","-","-"
"p2p_security","AppRoutePaths.p2pContributionHistory","P2PContributionHistoryPage","flutter_app/lib/features/p2p_security/presentation/phone/pages/security/p2p_contribution_history_page.dart","auto_hide_header","shared_auto_hide_scaffold","detail","L2_utilityDetail","detail","no","yes","no","-","-","none","none","none","0","-","-"
"p2p_security","AppRoutePaths.p2pE2EInfo","P2PE2EInfoPage","flutter_app/lib/features/p2p_security/presentation/phone/pages/security/p2p_e2e_info_page.dart","auto_hide_header","shared_auto_hide_scaffold","detail","L2_detail","detail","no","yes","no","-","-","none","none","none","0","-","-"
"p2p_security","AppRoutePaths.p2pFraudPrevention","P2PFraudPreventionPage","flutter_app/lib/features/p2p_security/presentation/phone/pages/security/p2p_fraud_prevention_page.dart","auto_hide_header","shared_auto_hide_scaffold","detail","L2_detail","detail","no","yes","no","-","-","none","none","none","0","-","-"
"p2p_security","AppRoutePaths.p2pLimits","P2PTransactionLimitsPage","flutter_app/lib/features/p2p_security/presentation/phone/pages/security/p2p_transaction_limits_page.dart","auto_hide_header","shared_auto_hide_scaffold","detail","L2_utilityDetail","detail","no","yes","no","-","-","none","none","none","0","-","-"
"p2p_security","AppRoutePaths.p2pLimitsTracker","P2PLimitTrackerPage","flutter_app/lib/features/p2p_security/presentation/phone/pages/security/p2p_limit_tracker_page.dart","auto_hide_header","shared_auto_hide_scaffold","detail","L2_utilityDetail","detail","no","yes","no","-","-","none","none","none","0","-","-"
"p2p_security","AppRoutePaths.p2pReviews","P2PReviewsPage","flutter_app/lib/features/p2p_security/presentation/phone/pages/security/p2p_reviews_page.dart","auto_hide_header","shared_auto_hide_scaffold","detail","L2_detail","detail","no","yes","no","-","-","none","none","none","0","-","-"
"p2p_security","AppRoutePaths.p2pSecurity2fa","P2P2FASettingsPage","flutter_app/lib/features/p2p_security/presentation/phone/pages/security/p2p_2fa_settings_page.dart","auto_hide_header","shared_auto_hide_scaffold","detail","L3_transactionFlow","detail","no","yes","no","-","-","none","none","none","0","-","-"
"p2p_security","AppRoutePaths.p2pSecurityAntiPhishing","P2PAntiPhishingCodePage","flutter_app/lib/features/p2p_security/presentation/phone/pages/security/p2p_anti_phishing_code_page.dart","auto_hide_header","shared_auto_hide_scaffold","detail","L2_detail","detail","no","yes","no","-","-","none","none","none","0","-","-"
"p2p_security","AppRoutePaths.p2pSecurityCenter","P2PSecurityCenterPage","flutter_app/lib/features/p2p_security/presentation/phone/pages/security/p2p_security_center_page.dart","auto_hide_header","shared_auto_hide_scaffold","detail","L2_sectionHub","detail","no","yes","no","-","-","none","none","none","1","-","-"
"p2p_security","AppRoutePaths.p2pSecurityDevices","P2PDeviceManagementPage","flutter_app/lib/features/p2p_security/presentation/phone/pages/security/p2p_device_management_page.dart","auto_hide_header","shared_auto_hide_scaffold","detail","L2_utilityDetail","detail","no","yes","no","-","-","none","none","none","0","-","-"
"p2p_security","AppRoutePaths.p2pSecurityLoginHistory","P2PLoginHistoryPage","flutter_app/lib/features/p2p_security/presentation/phone/pages/security/p2p_login_history_page.dart","auto_hide_header","shared_auto_hide_scaffold","detail","L2_utilityDetail","detail","no","yes","no","-","-","none","none","none","1","-","-"
"p2p_security","AppRoutePaths.p2pSecuritySuspiciousActivity","P2PSuspiciousActivityPage","flutter_app/lib/features/p2p_security/presentation/phone/pages/security/p2p_suspicious_activity_page.dart","auto_hide_header","shared_auto_hide_scaffold","detail","L2_detail","detail","no","yes","no","-","-","none","none","none","0","-","-"
"p2p_security","AppRoutePaths.p2pSecurityWhitelist","P2PWhitelistModePage","flutter_app/lib/features/p2p_security/presentation/phone/pages/security/p2p_security_center_page.dart","auto_hide_header","shared_auto_hide_scaffold","detail","L2_detail","detail","no","yes","no","-","-","none","none","none","1","-","-"
"p2p_security","AppRoutePaths.p2pTaxReporting","P2PTaxReportingPage","flutter_app/lib/features/p2p_security/presentation/phone/pages/security/p2p_tax_reporting_page.dart","auto_hide_header","shared_auto_hide_scaffold","detail","L2_utilityDetail","detail","no","yes","no","-","-","none","none","none","0","-","-"
"predictions","'/markets/predictions/advanced-chart/:eventId'","VitTabletUtilityPage","flutter_app/lib/shared/layout/vit_tablet_utility_page.dart","fixed_vit_header","vit_header_default_title_subtitle","detail","L2_entityDetail","detail","no","yes","no","-","-","none","none","none","0","-","-"
"predictions","'/markets/predictions/event/:eventId'","VitTabletUtilityPage","flutter_app/lib/shared/layout/vit_tablet_utility_page.dart","fixed_vit_header","vit_header_default_title_subtitle","detail","L2_entityDetail","detail","no","yes","no","-","-","none","none","none","0","-","-"
"predictions","'/markets/predictions/receipt/:receiptId'","VitTabletUtilityPage","flutter_app/lib/shared/layout/vit_tablet_utility_page.dart","fixed_vit_header","vit_header_default_title_subtitle","detail","L3_transactionFlow","detail","no","yes","no","-","-","none","none","none","0","-","-"
"predictions","'/markets/predictions/tournament/:tournamentId'","VitTabletUtilityPage","flutter_app/lib/shared/layout/vit_tablet_utility_page.dart","fixed_vit_header","vit_header_default_title_subtitle","detail","L2_entityDetail","detail","no","yes","no","-","-","none","none","none","0","-","-"
"predictions","AppRoutePaths.marketsPredictions","VitTabletUtilityPage","flutter_app/lib/shared/layout/vit_tablet_utility_page.dart","fixed_vit_header","vit_header_default_title_subtitle","rootModule","L1_productModuleHub","rootModule","no","yes","no","-","-","none","none","none","0","-","-"
"predictions","AppRoutePaths.marketsPredictionsActivity","VitTabletUtilityPage","flutter_app/lib/shared/layout/vit_tablet_utility_page.dart","fixed_vit_header","vit_header_default_title_subtitle","detail","L2_detail","detail","no","yes","no","-","-","none","none","none","0","-","-"
"predictions","AppRoutePaths.marketsPredictionsBreaking","VitTabletUtilityPage","flutter_app/lib/shared/layout/vit_tablet_utility_page.dart","fixed_vit_header","vit_header_default_title_subtitle","detail","L2_detail","detail","no","yes","no","-","-","none","none","none","0","-","-"
"predictions","AppRoutePaths.marketsPredictionsDataIntegration","VitTabletUtilityPage","flutter_app/lib/shared/layout/vit_tablet_utility_page.dart","fixed_vit_header","vit_header_default_title_subtitle","detail","L2_detail","detail","no","yes","no","-","-","none","none","none","0","-","-"
"predictions","AppRoutePaths.marketsPredictionsEventCalendar","VitTabletUtilityPage","flutter_app/lib/shared/layout/vit_tablet_utility_page.dart","fixed_vit_header","vit_header_default_title_subtitle","detail","L2_utilityDetail","detail","no","yes","no","-","-","none","none","none","0","-","-"
"predictions","AppRoutePaths.marketsPredictionsLeaderboard","VitTabletUtilityPage","flutter_app/lib/shared/layout/vit_tablet_utility_page.dart","fixed_vit_header","vit_header_default_title_subtitle","detail","L2_detail","detail","no","yes","no","-","-","none","none","none","0","-","-"
"predictions","AppRoutePaths.marketsPredictionsMarketMaker","VitTabletUtilityPage","flutter_app/lib/shared/layout/vit_tablet_utility_page.dart","fixed_vit_header","vit_header_default_title_subtitle","detail","L2_detail","detail","no","yes","no","-","-","none","none","none","0","-","-"
"predictions","AppRoutePaths.marketsPredictionsPortfolio","VitTabletUtilityPage","flutter_app/lib/shared/layout/vit_tablet_utility_page.dart","fixed_vit_header","vit_header_default_title_subtitle","detail","L2_utilityDetail","detail","no","yes","no","-","-","none","none","none","0","-","-"
"predictions","AppRoutePaths.marketsPredictionsPortfolioAnalyzer","VitTabletUtilityPage","flutter_app/lib/shared/layout/vit_tablet_utility_page.dart","fixed_vit_header","vit_header_default_title_subtitle","detail","L2_utilityDetail","detail","no","yes","no","-","-","none","none","none","0","-","-"
"predictions","AppRoutePaths.marketsPredictionsRewards","VitTabletUtilityPage","flutter_app/lib/shared/layout/vit_tablet_utility_page.dart","fixed_vit_header","vit_header_default_title_subtitle","detail","L2_detail","detail","no","yes","no","-","-","none","none","none","0","-","-"
"predictions","AppRoutePaths.marketsPredictionsRiskCalculator","VitTabletUtilityPage","flutter_app/lib/shared/layout/vit_tablet_utility_page.dart","fixed_vit_header","vit_header_default_title_subtitle","detail","L2_utilityDetail","detail","no","yes","no","-","-","none","none","none","0","-","-"
"predictions","AppRoutePaths.marketsPredictionsSearch","VitTabletUtilityPage","flutter_app/lib/shared/layout/vit_tablet_utility_page.dart","fixed_vit_header","vit_header_default_title_subtitle","detail","L1_utilityHub","detail","no","yes","no","-","-","none","none","none","0","-","-"
"predictions","AppRoutePaths.marketsPredictionsSocial","VitTabletUtilityPage","flutter_app/lib/shared/layout/vit_tablet_utility_page.dart","fixed_vit_header","vit_header_default_title_subtitle","detail","L2_detail","detail","no","yes","no","-","-","none","none","none","0","-","-"
"predictions","AppRoutePaths.marketsPredictionsTournaments","VitTabletUtilityPage","flutter_app/lib/shared/layout/vit_tablet_utility_page.dart","fixed_vit_header","vit_header_default_title_subtitle","detail","L2_detail","detail","no","yes","no","-","-","none","none","none","0","-","-"
"profile","AppRoutePaths.profile","ProfilePage","flutter_app/lib/features/profile/presentation/phone/pages/profile_page.dart","auto_hide_header","vit_top_chrome_rootModule","rootModule","L1_primaryTabRoot","rootModule","no","no","yes","-","-","content","state_driven","offlineNoCache","0","-","-"
"profile","AppRoutePaths.profileActivity","ActivityLogPage","flutter_app/lib/features/profile/presentation/phone/pages/activity_log_page.dart","auto_hide_header","shared_auto_hide_scaffold","detail","L2_detail","detail","no","yes","no","-","-","none","none","none","0","-","-"
"profile","AppRoutePaths.profileApi","ApiManagementPage","flutter_app/lib/features/profile/presentation/phone/pages/api_management_page.dart","auto_hide_header","shared_auto_hide_scaffold","detail","L2_utilityDetail","detail","no","yes","no","-","-","none","none","none","1","-","-"
"profile","AppRoutePaths.profileApiCreate","ApiKeyCreatePage","flutter_app/lib/features/profile/presentation/phone/pages/api_key_create_page.dart","auto_hide_header","shared_auto_hide_scaffold","detail","L3_transactionFlow","detail","no","yes","no","-","-","none","none","none","0","-","-"
"profile","AppRoutePaths.profileDevices","DeviceManagementPage","flutter_app/lib/features/profile/presentation/phone/pages/device_management_page.dart","auto_hide_header","shared_auto_hide_scaffold","detail","L2_utilityDetail","detail","no","yes","no","-","-","none","none","none","0","-","-"
"profile","AppRoutePaths.profileEdit","EditProfilePage","flutter_app/lib/features/profile/presentation/phone/pages/edit_profile_page.dart","auto_hide_header","shared_auto_hide_scaffold","detail","L3_transactionFlow","detail","no","yes","no","-","-","none","none","none","0","-","-"
"profile","AppRoutePaths.profileKyc","KYCPage","flutter_app/lib/features/profile/presentation/phone/pages/kyc_page.dart","auto_hide_header","shared_auto_hide_scaffold","detail","L3_transactionFlow","detail","no","yes","no","-","-","none","none","none","0","-","-"
"profile","AppRoutePaths.profileSecurity","SecurityPage","flutter_app/lib/features/profile/presentation/phone/pages/security_page.dart","auto_hide_header","shared_auto_hide_scaffold","detail","L2_detail","detail","no","yes","no","-","-","none","none","none","0","-","-"
"profile","AppRoutePaths.profileSettings","SettingsPage","flutter_app/lib/features/profile/presentation/phone/pages/settings_page.dart","auto_hide_header","shared_auto_hide_scaffold","detail","L2_utilityDetail","detail","no","yes","no","-","-","none","none","none","0","-","-"
"profile","AppRoutePaths.profileSubAccounts","SubAccountPage","flutter_app/lib/features/profile/presentation/phone/pages/sub_account_page.dart","auto_hide_header","shared_auto_hide_scaffold","detail","L2_detail","detail","no","yes","no","-","-","content","state_driven","offlineNoCache","0","-","-"
"profile","AppRoutePaths.profileVip","VIPPage","flutter_app/lib/features/profile/presentation/phone/pages/vip_page.dart","auto_hide_header","shared_auto_hide_scaffold","detail","L2_detail","detail","no","yes","no","-","-","content","state_driven","offlineNoCache","0","-","-"
"profile","AppRoutePaths.settingsSecurity","ProfileTabletUtilityPage","flutter_app/lib/features/profile/presentation/tablet/pages/profile_tablet_utility_page.dart","fixed_vit_header","vit_header_default_title_subtitle","detail","L2_utilityDetail","detail","no","yes","no","-","-","none","none","none","0","-","-"
"profile","AppRoutePaths.settingsSecurityBiometric","ProfileTabletUtilityPage","flutter_app/lib/features/profile/presentation/tablet/pages/profile_tablet_utility_page.dart","fixed_vit_header","vit_header_default_title_subtitle","detail","L2_utilityDetail","detail","no","yes","no","-","-","none","none","none","0","-","-"
"profile","AppRoutePaths.settingsSecurityChangePassword","ProfileTabletUtilityPage","flutter_app/lib/features/profile/presentation/tablet/pages/profile_tablet_utility_page.dart","fixed_vit_header","vit_header_default_title_subtitle","detail","L2_utilityDetail","detail","no","yes","no","-","-","none","none","none","0","-","-"
"support","AppRoutePaths.support","VitTabletUtilityPage","flutter_app/lib/shared/layout/vit_tablet_utility_page.dart","fixed_vit_header","vit_header_default_title_subtitle","detail","L1_utilityHub","detail","no","yes","no","-","-","none","none","none","0","-","-"
"support","AppRoutePaths.supportAnnouncements","VitTabletUtilityPage","flutter_app/lib/shared/layout/vit_tablet_utility_page.dart","fixed_vit_header","vit_header_default_title_subtitle","detail","L1_utilityHub","detail","no","yes","no","-","-","none","none","none","0","-","-"
"support","AppRoutePaths.supportHelp","VitTabletUtilityPage","flutter_app/lib/shared/layout/vit_tablet_utility_page.dart","fixed_vit_header","vit_header_default_title_subtitle","detail","L1_utilityHub","detail","no","yes","no","-","-","none","none","none","0","-","-"
"trade","'/trade/:pairId'","TradeTabletPage","flutter_app/lib/features/trade/presentation/tablet/pages/trade_tablet_page.dart","fixed_vit_header","vit_header_default_title_subtitle","detail","L2_entityDetail","detail","no","yes","no","-","-","none","none","none","2","-","-"
"trade","'/trade/:pairId/futures'","FuturesPage","flutter_app/lib/features/trade/presentation/phone/pages/futures/futures_page.dart","auto_hide_header","shared_auto_hide_scaffold","instrument","L1_instrumentWorkspace","instrument","no","yes","no","-","-","none","none","none","0","-","-"
"trade","'/trade/:pairId/futures/leverage'","LeveragePage","flutter_app/lib/features/trade/presentation/phone/pages/futures/leverage_page.dart","auto_hide_header","shared_auto_hide_scaffold","detail","L2_entityDetail","detail","no","yes","no","-","-","none","none","none","0","-","-"
"trade","AppRoutePaths.trade","TradePage","flutter_app/lib/features/trade/presentation/phone/pages/trade_page.dart","auto_hide_header","shared_auto_hide_scaffold","instrument","L1_instrumentWorkspace","instrument","no","yes","no","-","-","none","none","none","2","-","-"
"trade","AppRoutePaths.tradeConvert","ConvertPage","flutter_app/lib/features/trade/presentation/phone/pages/convert/convert_page.dart","auto_hide_header","shared_auto_hide_scaffold","detail","L2_detail","detail","no","yes","no","-","-","content","state_driven","offlineNoCache","1","-","-"
"trade","AppRoutePaths.tradeExport","TradeHistoryExportPage","flutter_app/lib/features/trade/presentation/phone/pages/hub/trade_history_export_page.dart","fixed_vit_header","vit_header_default_title_subtitle","detail","L2_utilityDetail","detail","no","yes","no","-","-","none","none","none","0","-","-"
"trade","AppRoutePaths.tradeMargin","MarginTradingPage","flutter_app/lib/features/trade/presentation/phone/pages/margin/margin_trading_page.dart","auto_hide_header","shared_auto_hide_scaffold","instrument","L1_instrumentWorkspace","instrument","no","yes","no","-","-","none","none","none","0","-","-"
"trade","AppRoutePaths.tradeMarginBtcusdt","MarginTradingPage","flutter_app/lib/features/trade/presentation/phone/pages/margin/margin_trading_page.dart","auto_hide_header","shared_auto_hide_scaffold","instrument","L1_instrumentWorkspace","instrument","no","yes","no","-","-","none","none","none","0","-","-"
"trade","AppRoutePaths.tradeMarginHub","MarginTradingHubPage","flutter_app/lib/features/trade/presentation/phone/pages/margin/margin_trading_hub_page.dart","auto_hide_header","shared_auto_hide_scaffold","detail","L2_sectionHub","detail","no","yes","no","-","-","none","none","none","0","-","-"
"trade","AppRoutePaths.tradeOrderReceipt","OrderReceiptPage","flutter_app/lib/features/trade/presentation/phone/pages/order_receipt_page.dart","fixed_vit_header","vit_header_default_with_actions","detail","L3_transactionFlow","detail","no","yes","no","-","-","none","none","none","0","-","-"
"trade","AppRoutePaths.tradeOrdersHistory","OrdersHistoryPage","flutter_app/lib/features/trade/presentation/phone/pages/hub/orders_history_page.dart","auto_hide_header","shared_auto_hide_scaffold","detail","L2_utilityDetail","detail","no","yes","no","-","-","none","none","none","0","-","-"
"trade","AppRoutePaths.tradePositions","PositionDashboardPage","flutter_app/lib/features/trade/presentation/phone/pages/hub/position_dashboard_page.dart","auto_hide_header","shared_auto_hide_scaffold","detail","L3_transactionFlow","detail","no","yes","no","-","-","none","none","none","0","-","-"
"trade","AppRoutePaths.tradeSettings","TradeSettingsPage","flutter_app/lib/features/trade/presentation/phone/pages/hub/trade_settings_page.dart","auto_hide_header","shared_auto_hide_scaffold","detail","L2_utilityDetail","detail","no","yes","no","-","-","none","none","none","0","-","-"
"trade_bots","AppRoutePaths.tradeBotApiDocumentation","VitTabletUtilityPage","flutter_app/lib/shared/layout/vit_tablet_utility_page.dart","fixed_vit_header","vit_header_default_title_subtitle","detail","L2_detail","detail","no","yes","no","-","-","none","none","none","0","-","-"
"trade_bots","AppRoutePaths.tradeBotBacktesting","VitTabletUtilityPage","flutter_app/lib/shared/layout/vit_tablet_utility_page.dart","fixed_vit_header","vit_header_default_title_subtitle","detail","L2_detail","detail","no","yes","no","-","-","none","none","none","0","-","-"
"trade_bots","AppRoutePaths.tradeBotDrawdownAnalyzer","VitTabletUtilityPage","flutter_app/lib/shared/layout/vit_tablet_utility_page.dart","fixed_vit_header","vit_header_default_title_subtitle","detail","L2_detail","detail","no","yes","no","-","-","none","none","none","0","-","-"
"trade_bots","AppRoutePaths.tradeBotEmergencyStop","VitTabletUtilityPage","flutter_app/lib/shared/layout/vit_tablet_utility_page.dart","fixed_vit_header","vit_header_default_title_subtitle","detail","L2_detail","detail","no","yes","no","-","-","none","none","none","0","-","-"
"trade_bots","AppRoutePaths.tradeBotEquityCurve","VitTabletUtilityPage","flutter_app/lib/shared/layout/vit_tablet_utility_page.dart","fixed_vit_header","vit_header_default_title_subtitle","detail","L2_detail","detail","no","yes","no","-","-","none","none","none","0","-","-"
"trade_bots","AppRoutePaths.tradeBotFaq","VitTabletUtilityPage","flutter_app/lib/shared/layout/vit_tablet_utility_page.dart","fixed_vit_header","vit_header_default_title_subtitle","detail","L2_utilityDetail","detail","no","yes","no","-","-","none","none","none","0","-","-"
"trade_bots","AppRoutePaths.tradeBotGuide","VitTabletUtilityPage","flutter_app/lib/shared/layout/vit_tablet_utility_page.dart","fixed_vit_header","vit_header_default_title_subtitle","detail","L2_utilityDetail","detail","no","yes","no","-","-","none","none","none","0","-","-"
"trade_bots","AppRoutePaths.tradeBotHistory","VitTabletUtilityPage","flutter_app/lib/shared/layout/vit_tablet_utility_page.dart","fixed_vit_header","vit_header_default_title_subtitle","detail","L2_utilityDetail","detail","no","yes","no","-","-","none","none","none","0","-","-"
"trade_bots","AppRoutePaths.tradeBotOptimization","VitTabletUtilityPage","flutter_app/lib/shared/layout/vit_tablet_utility_page.dart","fixed_vit_header","vit_header_default_title_subtitle","detail","L2_detail","detail","no","yes","no","-","-","none","none","none","0","-","-"
"trade_bots","AppRoutePaths.tradeBotPerformanceAnalytics","VitTabletUtilityPage","flutter_app/lib/shared/layout/vit_tablet_utility_page.dart","fixed_vit_header","vit_header_default_title_subtitle","detail","L2_utilityDetail","detail","no","yes","no","-","-","none","none","none","0","-","-"
"trade_bots","AppRoutePaths.tradeBotPortfolioDashboard","VitTabletUtilityPage","flutter_app/lib/shared/layout/vit_tablet_utility_page.dart","fixed_vit_header","vit_header_default_title_subtitle","detail","L2_sectionHub","detail","no","yes","no","-","-","none","none","none","0","-","-"
"trade_bots","AppRoutePaths.tradeBotRiskDashboard","VitTabletUtilityPage","flutter_app/lib/shared/layout/vit_tablet_utility_page.dart","fixed_vit_header","vit_header_default_title_subtitle","detail","L2_sectionHub","detail","no","yes","no","-","-","none","none","none","0","-","-"
"trade_bots","AppRoutePaths.tradeBotRiskDisclosure","VitTabletUtilityPage","flutter_app/lib/shared/layout/vit_tablet_utility_page.dart","fixed_vit_header","vit_header_default_title_subtitle","detail","L2_utilityDetail","detail","no","yes","no","-","-","none","none","none","0","-","-"
"trade_bots","AppRoutePaths.tradeBotSecuritySettings","VitTabletUtilityPage","flutter_app/lib/shared/layout/vit_tablet_utility_page.dart","fixed_vit_header","vit_header_default_title_subtitle","detail","L2_utilityDetail","detail","no","yes","no","-","-","none","none","none","0","-","-"
"trade_bots","AppRoutePaths.tradeBotStrategyCompare","VitTabletUtilityPage","flutter_app/lib/shared/layout/vit_tablet_utility_page.dart","fixed_vit_header","vit_header_default_title_subtitle","detail","L2_detail","detail","no","yes","no","-","-","none","none","none","0","-","-"
"trade_bots","AppRoutePaths.tradeBotSuitabilityAssessment","VitTabletUtilityPage","flutter_app/lib/shared/layout/vit_tablet_utility_page.dart","fixed_vit_header","vit_header_default_title_subtitle","detail","L3_transactionFlow","detail","no","yes","no","-","-","none","none","none","0","-","-"
"trade_bots","AppRoutePaths.tradeBotTaxReporting","VitTabletUtilityPage","flutter_app/lib/shared/layout/vit_tablet_utility_page.dart","fixed_vit_header","vit_header_default_title_subtitle","detail","L2_utilityDetail","detail","no","yes","no","-","-","none","none","none","0","-","-"
"trade_bots","AppRoutePaths.tradeBotTermsOfService","VitTabletUtilityPage","flutter_app/lib/shared/layout/vit_tablet_utility_page.dart","fixed_vit_header","vit_header_default_title_subtitle","detail","L2_detail","detail","no","yes","no","-","-","none","none","none","0","-","-"
"trade_bots","AppRoutePaths.tradeBots","VitTabletUtilityPage","flutter_app/lib/shared/layout/vit_tablet_utility_page.dart","fixed_vit_header","vit_header_default_title_subtitle","detail","L2_detail","detail","no","yes","no","-","-","none","none","none","0","-","-"
"trade_compliance","'${AppRoutePaths.tradeCopyTargetMarketDefinition}/:productId'","VitTabletUtilityPage","flutter_app/lib/shared/layout/vit_tablet_utility_page.dart","fixed_vit_header","vit_header_default_title_subtitle","detail","L2_entityDetail","detail","no","yes","no","-","-","none","none","none","0","-","-"
"trade_compliance","'/trade/copy-trading/complaint-tracking/:complaintId'","VitTabletUtilityPage","flutter_app/lib/shared/layout/vit_tablet_utility_page.dart","fixed_vit_header","vit_header_default_title_subtitle","detail","L2_entityDetail","detail","no","yes","no","-","-","none","none","none","0","-","-"
"trade_compliance","AppRoutePaths.tradeCopyArmIntegrationStatus","VitTabletUtilityPage","flutter_app/lib/shared/layout/vit_tablet_utility_page.dart","fixed_vit_header","vit_header_default_title_subtitle","detail","L2_detail","detail","no","yes","no","-","-","none","none","none","0","-","-"
"trade_compliance","AppRoutePaths.tradeCopyAuditTrail","VitTabletUtilityPage","flutter_app/lib/shared/layout/vit_tablet_utility_page.dart","fixed_vit_header","vit_header_default_title_subtitle","detail","L2_detail","detail","no","yes","no","-","-","none","none","none","0","-","-"
"trade_compliance","AppRoutePaths.tradeCopyBestExecutionReports","VitTabletUtilityPage","flutter_app/lib/shared/layout/vit_tablet_utility_page.dart","fixed_vit_header","vit_header_default_title_subtitle","detail","L2_utilityDetail","detail","no","yes","no","-","-","none","none","none","0","-","-"
"trade_compliance","AppRoutePaths.tradeCopyCassReconciliation","VitTabletUtilityPage","flutter_app/lib/shared/layout/vit_tablet_utility_page.dart","fixed_vit_header","vit_header_default_title_subtitle","detail","L2_detail","detail","no","yes","no","-","-","none","none","none","0","-","-"
"trade_compliance","AppRoutePaths.tradeCopyClientCategorization","VitTabletUtilityPage","flutter_app/lib/shared/layout/vit_tablet_utility_page.dart","fixed_vit_header","vit_header_default_title_subtitle","detail","L2_detail","detail","no","yes","no","-","-","none","none","none","0","-","-"
"trade_compliance","AppRoutePaths.tradeCopyClientMoneyProtection","VitTabletUtilityPage","flutter_app/lib/shared/layout/vit_tablet_utility_page.dart","fixed_vit_header","vit_header_default_title_subtitle","detail","L2_detail","detail","no","yes","no","-","-","none","none","none","0","-","-"
"trade_compliance","AppRoutePaths.tradeCopyClientOptUpRequest","VitTabletUtilityPage","flutter_app/lib/shared/layout/vit_tablet_utility_page.dart","fixed_vit_header","vit_header_default_title_subtitle","detail","L2_detail","detail","no","yes","no","-","-","none","none","none","0","-","-"
"trade_compliance","AppRoutePaths.tradeCopyComplaintSubmission","VitTabletUtilityPage","flutter_app/lib/shared/layout/vit_tablet_utility_page.dart","fixed_vit_header","vit_header_default_title_subtitle","detail","L2_detail","detail","no","yes","no","-","-","none","none","none","0","-","-"
"trade_compliance","AppRoutePaths.tradeCopyComplaintTrackingBase","VitTabletUtilityPage","flutter_app/lib/shared/layout/vit_tablet_utility_page.dart","fixed_vit_header","vit_header_default_title_subtitle","detail","L2_detail","detail","no","yes","no","-","-","none","none","none","0","-","-"
"trade_compliance","AppRoutePaths.tradeCopyComplaintsHandling","VitTabletUtilityPage","flutter_app/lib/shared/layout/vit_tablet_utility_page.dart","fixed_vit_header","vit_header_default_title_subtitle","detail","L2_detail","detail","no","yes","no","-","-","none","none","none","0","-","-"
"trade_compliance","AppRoutePaths.tradeCopyExAnteCosts","VitTabletUtilityPage","flutter_app/lib/shared/layout/vit_tablet_utility_page.dart","fixed_vit_header","vit_header_default_title_subtitle","detail","L2_detail","detail","no","yes","no","-","-","none","none","none","0","-","-"
"trade_compliance","AppRoutePaths.tradeCopyExPostCostsReport","VitTabletUtilityPage","flutter_app/lib/shared/layout/vit_tablet_utility_page.dart","fixed_vit_header","vit_header_default_title_subtitle","detail","L2_detail","detail","no","yes","no","-","-","none","none","none","0","-","-"
"trade_compliance","AppRoutePaths.tradeCopyExecutionVenueAnalysis","VitTabletUtilityPage","flutter_app/lib/shared/layout/vit_tablet_utility_page.dart","fixed_vit_header","vit_header_default_title_subtitle","detail","L2_detail","detail","no","yes","no","-","-","none","none","none","0","-","-"
"trade_compliance","AppRoutePaths.tradeCopyInvestorCompensation","VitTabletUtilityPage","flutter_app/lib/shared/layout/vit_tablet_utility_page.dart","fixed_vit_header","vit_header_default_title_subtitle","detail","L2_detail","detail","no","yes","no","-","-","none","none","none","0","-","-"
"trade_compliance","AppRoutePaths.tradeCopyKidGenerator","VitTabletUtilityPage","flutter_app/lib/shared/layout/vit_tablet_utility_page.dart","fixed_vit_header","vit_header_default_title_subtitle","detail","L2_detail","detail","no","yes","no","-","-","none","none","none","0","-","-"
"trade_compliance","AppRoutePaths.tradeCopyOmbudsmanReferral","VitTabletUtilityPage","flutter_app/lib/shared/layout/vit_tablet_utility_page.dart","fixed_vit_header","vit_header_default_title_subtitle","detail","L1_utilityHub","detail","no","yes","no","-","-","none","none","none","0","-","-"
"trade_compliance","AppRoutePaths.tradeCopyPerformanceScenarios","VitTabletUtilityPage","flutter_app/lib/shared/layout/vit_tablet_utility_page.dart","fixed_vit_header","vit_header_default_title_subtitle","detail","L2_detail","detail","no","yes","no","-","-","none","none","none","0","-","-"
"trade_compliance","AppRoutePaths.tradeCopyProductGovernance","VitTabletUtilityPage","flutter_app/lib/shared/layout/vit_tablet_utility_page.dart","fixed_vit_header","vit_header_default_title_subtitle","detail","L2_detail","detail","no","yes","no","-","-","none","none","none","0","-","-"
"trade_compliance","AppRoutePaths.tradeCopyRegulatoryDisclosures","VitTabletUtilityPage","flutter_app/lib/shared/layout/vit_tablet_utility_page.dart","fixed_vit_header","vit_header_default_title_subtitle","detail","L2_detail","detail","no","yes","no","-","-","none","none","none","0","-","-"
"trade_compliance","AppRoutePaths.tradeCopyRegulatoryInspectionReady","VitTabletUtilityPage","flutter_app/lib/shared/layout/vit_tablet_utility_page.dart","fixed_vit_header","vit_header_default_title_subtitle","detail","L2_detail","detail","no","yes","no","-","-","none","none","none","0","-","-"
"trade_compliance","AppRoutePaths.tradeCopyRegulatoryReportsDashboard","VitTabletUtilityPage","flutter_app/lib/shared/layout/vit_tablet_utility_page.dart","fixed_vit_header","vit_header_default_title_subtitle","detail","L2_sectionHub","detail","no","yes","no","-","-","none","none","none","0","-","-"
"trade_compliance","AppRoutePaths.tradeCopyRiskIndicatorExplainer","VitTabletUtilityPage","flutter_app/lib/shared/layout/vit_tablet_utility_page.dart","fixed_vit_header","vit_header_default_title_subtitle","detail","L2_utilityDetail","detail","no","yes","no","-","-","none","none","none","0","-","-"
"trade_compliance","AppRoutePaths.tradeCopyRiyCalculator","VitTabletUtilityPage","flutter_app/lib/shared/layout/vit_tablet_utility_page.dart","fixed_vit_header","vit_header_default_title_subtitle","detail","L2_detail","detail","no","yes","no","-","-","none","none","none","0","-","-"
"trade_compliance","AppRoutePaths.tradeCopySlippageMonitoring","VitTabletUtilityPage","flutter_app/lib/shared/layout/vit_tablet_utility_page.dart","fixed_vit_header","vit_header_default_title_subtitle","detail","L2_detail","detail","no","yes","no","-","-","none","none","none","0","-","-"
"trade_compliance","AppRoutePaths.tradeCopyTargetMarketDefinition","VitTabletUtilityPage","flutter_app/lib/shared/layout/vit_tablet_utility_page.dart","fixed_vit_header","vit_header_default_title_subtitle","detail","L2_detail","detail","no","yes","no","-","-","none","none","none","0","-","-"
"trade_compliance","AppRoutePaths.tradeCopyTransactionReporting","VitTabletUtilityPage","flutter_app/lib/shared/layout/vit_tablet_utility_page.dart","fixed_vit_header","vit_header_default_title_subtitle","detail","L2_utilityDetail","detail","no","yes","no","-","-","none","none","none","0","-","-"
"trade_compliance","AppRoutePaths.tradeMarginLiveMarketDataAnalytics","VitTabletUtilityPage","flutter_app/lib/shared/layout/vit_tablet_utility_page.dart","fixed_vit_header","vit_header_default_title_subtitle","detail","L2_utilityDetail","detail","no","yes","no","-","-","none","none","none","0","-","-"
"trade_compliance","AppRoutePaths.tradeMarginMarketDataAnalytics","VitTabletUtilityPage","flutter_app/lib/shared/layout/vit_tablet_utility_page.dart","fixed_vit_header","vit_header_default_title_subtitle","detail","L2_utilityDetail","detail","no","yes","no","-","-","none","none","none","0","-","-"
"trade_copy","'/trade/copy-audit-log/:copyId'","VitTabletUtilityPage","flutter_app/lib/shared/layout/vit_tablet_utility_page.dart","fixed_vit_header","vit_header_default_title_subtitle","detail","L2_entityDetail","detail","no","yes","no","-","-","none","none","none","0","-","-"
"trade_copy","'/trade/copy-performance/:copyId'","VitTabletUtilityPage","flutter_app/lib/shared/layout/vit_tablet_utility_page.dart","fixed_vit_header","vit_header_default_title_subtitle","detail","L2_entityDetail","detail","no","yes","no","-","-","none","none","none","0","-","-"
"trade_copy","'/trade/copy-performance/:copyId/attribution'","VitTabletUtilityPage","flutter_app/lib/shared/layout/vit_tablet_utility_page.dart","fixed_vit_header","vit_header_default_title_subtitle","detail","L2_entityDetail","detail","no","yes","no","-","-","none","none","none","0","-","-"
"trade_copy","'/trade/copy-provider/:providerId'","VitTabletUtilityPage","flutter_app/lib/shared/layout/vit_tablet_utility_page.dart","fixed_vit_header","vit_header_default_title_subtitle","detail","L2_entityDetail","detail","no","yes","no","-","-","none","none","none","0","-","-"
"trade_copy","'/trade/copy-provider/:providerId/assessment'","VitTabletUtilityPage","flutter_app/lib/shared/layout/vit_tablet_utility_page.dart","fixed_vit_header","vit_header_default_title_subtitle","detail","L3_transactionFlow","detail","no","yes","no","-","-","none","none","none","0","-","-"
"trade_copy","'/trade/copy-provider/:providerId/configuration'","VitTabletUtilityPage","flutter_app/lib/shared/layout/vit_tablet_utility_page.dart","fixed_vit_header","vit_header_default_title_subtitle","detail","L3_transactionFlow","detail","no","yes","no","-","-","none","none","none","0","-","-"
"trade_copy","'/trade/copy-provider/:providerId/confirmation'","VitTabletUtilityPage","flutter_app/lib/shared/layout/vit_tablet_utility_page.dart","fixed_vit_header","vit_header_default_title_subtitle","detail","L3_transactionFlow","detail","no","yes","no","-","-","none","none","none","0","-","-"
"trade_copy","'/trade/trader/:traderId'","VitTabletUtilityPage","flutter_app/lib/shared/layout/vit_tablet_utility_page.dart","fixed_vit_header","vit_header_default_title_subtitle","detail","L2_entityDetail","detail","no","yes","no","-","-","none","none","none","0","-","-"
"trade_copy","AppRoutePaths.demoCopyCard","VitTabletUtilityPage","flutter_app/lib/shared/layout/vit_tablet_utility_page.dart","fixed_vit_header","vit_header_default_title_subtitle","detail","L2_detail","detail","no","yes","no","-","-","none","none","none","0","-","-"
"trade_copy","AppRoutePaths.tradeCopyActive","VitTabletUtilityPage","flutter_app/lib/shared/layout/vit_tablet_utility_page.dart","fixed_vit_header","vit_header_default_title_subtitle","detail","L2_detail","detail","no","yes","no","-","-","none","none","none","0","-","-"
"trade_copy","AppRoutePaths.tradeCopyComparison","VitTabletUtilityPage","flutter_app/lib/shared/layout/vit_tablet_utility_page.dart","fixed_vit_header","vit_header_default_title_subtitle","detail","L2_detail","detail","no","yes","no","-","-","none","none","none","0","-","-"
"trade_copy","AppRoutePaths.tradeCopyDisputeResolution","VitTabletUtilityPage","flutter_app/lib/shared/layout/vit_tablet_utility_page.dart","fixed_vit_header","vit_header_default_title_subtitle","detail","L2_detail","detail","no","yes","no","-","-","none","none","none","0","-","-"
"trade_copy","AppRoutePaths.tradeCopyEducation","VitTabletUtilityPage","flutter_app/lib/shared/layout/vit_tablet_utility_page.dart","fixed_vit_header","vit_header_default_title_subtitle","detail","L2_detail","detail","no","yes","no","-","-","none","none","none","0","-","-"
"trade_copy","AppRoutePaths.tradeCopyLeaderboard","VitTabletUtilityPage","flutter_app/lib/shared/layout/vit_tablet_utility_page.dart","fixed_vit_header","vit_header_default_title_subtitle","detail","L2_detail","detail","no","yes","no","-","-","none","none","none","0","-","-"
"trade_copy","AppRoutePaths.tradeCopyNotifications","VitTabletUtilityPage","flutter_app/lib/shared/layout/vit_tablet_utility_page.dart","fixed_vit_header","vit_header_default_title_subtitle","detail","L1_utilityHub","detail","no","yes","no","-","-","none","none","none","0","-","-"
"trade_copy","AppRoutePaths.tradeCopyProviderApply","VitTabletUtilityPage","flutter_app/lib/shared/layout/vit_tablet_utility_page.dart","fixed_vit_header","vit_header_default_title_subtitle","detail","L2_detail","detail","no","yes","no","-","-","none","none","none","0","-","-"
"trade_copy","AppRoutePaths.tradeCopyProviderGovernance","VitTabletUtilityPage","flutter_app/lib/shared/layout/vit_tablet_utility_page.dart","fixed_vit_header","vit_header_default_title_subtitle","detail","L2_detail","detail","no","yes","no","-","-","none","none","none","0","-","-"
"trade_copy","AppRoutePaths.tradeCopyRiskAnalysis","VitTabletUtilityPage","flutter_app/lib/shared/layout/vit_tablet_utility_page.dart","fixed_vit_header","vit_header_default_title_subtitle","detail","L2_utilityDetail","detail","no","yes","no","-","-","none","none","none","0","-","-"
"trade_copy","AppRoutePaths.tradeCopySafety","VitTabletUtilityPage","flutter_app/lib/shared/layout/vit_tablet_utility_page.dart","fixed_vit_header","vit_header_default_title_subtitle","detail","L2_detail","detail","no","yes","no","-","-","none","none","none","0","-","-"
"trade_copy","AppRoutePaths.tradeCopySafetyCenter","VitTabletUtilityPage","flutter_app/lib/shared/layout/vit_tablet_utility_page.dart","fixed_vit_header","vit_header_default_title_subtitle","detail","L2_sectionHub","detail","no","yes","no","-","-","none","none","none","0","-","-"
"trade_copy","AppRoutePaths.tradeCopySettings","VitTabletUtilityPage","flutter_app/lib/shared/layout/vit_tablet_utility_page.dart","fixed_vit_header","vit_header_default_title_subtitle","detail","L2_utilityDetail","detail","no","yes","no","-","-","none","none","none","0","-","-"
"trade_copy","AppRoutePaths.tradeCopyTrading","VitTabletUtilityPage","flutter_app/lib/shared/layout/vit_tablet_utility_page.dart","fixed_vit_header","vit_header_default_title_subtitle","detail","L2_detail","detail","no","yes","no","-","-","none","none","none","0","-","-"
"trade_terminal","'/trade/advanced-chart/:pairId'","VitTabletUtilityPage","flutter_app/lib/shared/layout/vit_tablet_utility_page.dart","fixed_vit_header","vit_header_default_title_subtitle","detail","L2_entityDetail","detail","no","yes","no","-","-","none","none","none","0","-","-"
"trade_terminal","AppRoutePaths.tradeAdvancedTools","VitTabletUtilityPage","flutter_app/lib/shared/layout/vit_tablet_utility_page.dart","fixed_vit_header","vit_header_default_title_subtitle","detail","L2_detail","detail","no","yes","no","-","-","none","none","none","0","-","-"
"trade_terminal","AppRoutePaths.tradeExecutionQuality","VitTabletUtilityPage","flutter_app/lib/shared/layout/vit_tablet_utility_page.dart","fixed_vit_header","vit_header_default_title_subtitle","detail","L2_detail","detail","no","yes","no","-","-","none","none","none","0","-","-"
"trade_terminal","AppRoutePaths.tradeMarginAdvancedAnalytics","VitTabletUtilityPage","flutter_app/lib/shared/layout/vit_tablet_utility_page.dart","fixed_vit_header","vit_header_default_title_subtitle","detail","L2_utilityDetail","detail","no","yes","no","-","-","none","none","none","0","-","-"
"trade_terminal","AppRoutePaths.tradeMarginAdvancedDemo","VitTabletUtilityPage","flutter_app/lib/shared/layout/vit_tablet_utility_page.dart","fixed_vit_header","vit_header_default_title_subtitle","detail","L2_detail","detail","no","yes","no","-","-","none","none","none","0","-","-"
"trade_terminal","AppRoutePaths.tradeRiskManagement","VitTabletUtilityPage","flutter_app/lib/shared/layout/vit_tablet_utility_page.dart","fixed_vit_header","vit_header_default_title_subtitle","detail","L2_utilityDetail","detail","no","yes","no","-","-","none","none","none","0","-","-"
"utility","'/referral/friend/:friendId'","VitTabletUtilityPage","flutter_app/lib/shared/layout/vit_tablet_utility_page.dart","fixed_vit_header","vit_header_default_title_subtitle","detail","L1_utilityHub","detail","no","yes","no","-","-","none","none","none","0","-","-"
"utility","AppRoutePaths.crossModuleAnalytics","VitTabletUtilityPage","flutter_app/lib/shared/layout/vit_tablet_utility_page.dart","fixed_vit_header","vit_header_default_title_subtitle","detail","L1_utilityHub","detail","no","yes","no","-","-","none","none","none","0","-","-"
"utility","AppRoutePaths.devDcaOverview","VitTabletUtilityPage","flutter_app/lib/shared/layout/vit_tablet_utility_page.dart","fixed_vit_header","vit_header_default_title_subtitle","detail","L2_sectionHub","detail","no","yes","no","-","-","none","none","none","0","-","-"
"utility","AppRoutePaths.devDesignSystem","VitTabletUtilityPage","flutter_app/lib/shared/layout/vit_tablet_utility_page.dart","fixed_vit_header","vit_header_default_title_subtitle","detail","L2_detail","detail","no","yes","no","-","-","none","none","none","0","-","-"
"utility","AppRoutePaths.devShowcase","VitTabletUtilityPage","flutter_app/lib/shared/layout/vit_tablet_utility_page.dart","fixed_vit_header","vit_header_default_title_subtitle","detail","L2_detail","detail","no","yes","no","-","-","none","none","none","0","-","-"
"utility","AppRoutePaths.enterpriseStates","VitTabletUtilityPage","flutter_app/lib/shared/layout/vit_tablet_utility_page.dart","fixed_vit_header","vit_header_default_title_subtitle","detail","L2_detail","detail","no","yes","no","-","-","none","none","none","0","-","-"
"utility","AppRoutePaths.notifications","VitTabletUtilityPage","flutter_app/lib/shared/layout/vit_tablet_utility_page.dart","fixed_vit_header","vit_header_default_title_subtitle","detail","L1_utilityHub","detail","no","yes","no","-","-","none","none","none","0","-","-"
"utility","AppRoutePaths.performanceMonitor","VitTabletUtilityPage","flutter_app/lib/shared/layout/vit_tablet_utility_page.dart","fixed_vit_header","vit_header_default_title_subtitle","detail","L2_detail","detail","no","yes","no","-","-","none","none","none","0","-","-"
"utility","AppRoutePaths.referral","VitTabletUtilityPage","flutter_app/lib/shared/layout/vit_tablet_utility_page.dart","fixed_vit_header","vit_header_default_title_subtitle","detail","L1_utilityHub","detail","no","yes","no","-","-","none","none","none","0","-","-"
"utility","AppRoutePaths.referralHistory","VitTabletUtilityPage","flutter_app/lib/shared/layout/vit_tablet_utility_page.dart","fixed_vit_header","vit_header_default_title_subtitle","detail","L1_utilityHub","detail","no","yes","no","-","-","none","none","none","0","-","-"
"utility","AppRoutePaths.referralRewards","VitTabletUtilityPage","flutter_app/lib/shared/layout/vit_tablet_utility_page.dart","fixed_vit_header","vit_header_default_title_subtitle","detail","L1_utilityHub","detail","no","yes","no","-","-","none","none","none","0","-","-"
"utility","AppRoutePaths.referralRules","VitTabletUtilityPage","flutter_app/lib/shared/layout/vit_tablet_utility_page.dart","fixed_vit_header","vit_header_default_title_subtitle","detail","L1_utilityHub","detail","no","yes","no","-","-","none","none","none","0","-","-"
"utility","AppRoutePaths.rewards","VitTabletUtilityPage","flutter_app/lib/shared/layout/vit_tablet_utility_page.dart","fixed_vit_header","vit_header_default_title_subtitle","detail","L2_detail","detail","no","yes","no","-","-","none","none","none","0","-","-"
"utility","AppRoutePaths.routeChecker","VitTabletUtilityPage","flutter_app/lib/shared/layout/vit_tablet_utility_page.dart","fixed_vit_header","vit_header_default_title_subtitle","detail","L2_detail","detail","no","yes","no","-","-","none","none","none","0","-","-"
"utility","AppRoutePaths.search","VitTabletUtilityPage","flutter_app/lib/shared/layout/vit_tablet_utility_page.dart","fixed_vit_header","vit_header_default_title_subtitle","detail","L1_utilityHub","detail","no","yes","no","-","-","none","none","none","0","-","-"
"utility","AppRoutePaths.smartAlerts","VitTabletUtilityPage","flutter_app/lib/shared/layout/vit_tablet_utility_page.dart","fixed_vit_header","vit_header_default_title_subtitle","detail","L2_utilityDetail","detail","no","yes","no","-","-","none","none","none","0","-","-"
"utility","AppRoutePaths.taxReports","VitTabletUtilityPage","flutter_app/lib/shared/layout/vit_tablet_utility_page.dart","fixed_vit_header","vit_header_default_title_subtitle","detail","L2_utilityDetail","detail","no","yes","no","-","-","none","none","none","0","-","-"
"utility","AppRoutePaths.topicCrypto","VitTabletUtilityPage","flutter_app/lib/shared/layout/vit_tablet_utility_page.dart","fixed_vit_header","vit_header_default_title_subtitle","detail","L1_utilityHub","detail","no","yes","no","-","-","none","none","none","0","-","-"
"utility","AppRoutePaths.topics","VitTabletUtilityPage","flutter_app/lib/shared/layout/vit_tablet_utility_page.dart","fixed_vit_header","vit_header_default_title_subtitle","detail","L1_utilityHub","detail","no","yes","no","-","-","none","none","none","0","-","-"
"utility","AppRoutePaths.unifiedPortfolio","VitTabletUtilityPage","flutter_app/lib/shared/layout/vit_tablet_utility_page.dart","fixed_vit_header","vit_header_default_title_subtitle","detail","L1_utilityHub","detail","no","yes","no","-","-","none","none","none","0","-","-"
"wallet","'${AppRoutePaths.walletDeposit}/:asset'","DepositTabletPage","flutter_app/lib/features/wallet/presentation/tablet/pages/deposit_tablet_page.dart","fixed_vit_header","vit_header_default_title_subtitle","detail","L3_transactionFlow","detail","no","yes","no","-","-","none","none","none","0","-","-"
"wallet","'${AppRoutePaths.walletWithdraw}/:asset'","WithdrawTabletPage","flutter_app/lib/features/wallet/presentation/tablet/pages/withdraw_tablet_page.dart","fixed_vit_header","vit_header_default_title_subtitle","detail","L3_transactionFlow","detail","no","yes","no","-","-","none","none","none","0","-","-"
"wallet","'/wallet/asset/:assetId'","AssetDetailTabletPage","flutter_app/lib/features/wallet/presentation/tablet/pages/asset_detail_tablet_page.dart","fixed_vit_header","vit_header_default_title_subtitle","detail","L2_entityDetail","detail","no","yes","no","-","-","none","none","none","0","-","-"
"wallet","'/wallet/transaction/:txId'","TransactionDetailTabletPage","flutter_app/lib/features/wallet/presentation/tablet/pages/transaction_detail_tablet_page.dart","fixed_vit_header","vit_header_default_with_actions","detail","L2_entityDetail","detail","no","yes","no","-","-","none","none","none","0","-","-"
"wallet","AppRoutePaths.wallet","WalletPage","flutter_app/lib/features/wallet/presentation/phone/pages/wallet_page.dart","auto_hide_header","vit_top_chrome_rootModule","rootModule","L1_primaryTabRoot","rootModule","no","no","yes","-","-","none","none","none","0","-","-"
"wallet","AppRoutePaths.walletAddressBook","AddressBookTabletPage","flutter_app/lib/features/wallet/presentation/tablet/pages/address_book_tablet_page.dart","fixed_vit_header","vit_header_default_title_subtitle","detail","L3_transactionFlow","detail","no","yes","no","-","-","none","none","none","0","-","-"
"wallet","AppRoutePaths.walletAddressBookAdd","AddressAddTabletPage","flutter_app/lib/features/wallet/presentation/tablet/pages/address_add_tablet_page.dart","fixed_vit_header","vit_header_default_title_subtitle","detail","L3_transactionFlow","detail","no","yes","no","-","-","none","none","none","0","-","-"
"wallet","AppRoutePaths.walletBuyCrypto","BuyCryptoTabletPage","flutter_app/lib/features/wallet/presentation/tablet/pages/buy_crypto_tablet_page.dart","fixed_vit_header","vit_header_default_title_subtitle","detail","L1_utilityHub","detail","no","yes","no","-","-","none","none","none","0","-","-"
"wallet","AppRoutePaths.walletDeposit","DepositTabletPage","flutter_app/lib/features/wallet/presentation/tablet/pages/deposit_tablet_page.dart","fixed_vit_header","vit_header_default_title_subtitle","detail","L3_transactionFlow","detail","no","yes","no","-","-","none","none","none","0","-","-"
"wallet","AppRoutePaths.walletDustConverter","DustConverterTabletPage","flutter_app/lib/features/wallet/presentation/tablet/pages/dust_converter_tablet_page.dart","fixed_vit_header","vit_header_default_title_subtitle","detail","L2_detail","detail","no","yes","no","-","-","none","none","none","0","-","-"
"wallet","AppRoutePaths.walletGasOptimizer","WalletGasOptimizerTabletPage","flutter_app/lib/features/wallet/presentation/tablet/pages/wallet_gas_optimizer_tablet_page.dart","fixed_vit_header","vit_header_default_title_subtitle","detail","L2_detail","detail","no","yes","no","-","-","none","none","none","0","-","-"
"wallet","AppRoutePaths.walletHealthScore","WalletHealthScoreTabletPage","flutter_app/lib/features/wallet/presentation/tablet/pages/wallet_health_score_tablet_page.dart","fixed_vit_header","vit_header_default_title_subtitle","detail","L2_detail","detail","no","yes","no","-","-","none","none","none","0","-","-"
"wallet","AppRoutePaths.walletHistory","TransactionHistoryTabletPage","flutter_app/lib/features/wallet/presentation/tablet/pages/transaction_history_tablet_page.dart","fixed_vit_header","vit_header_default_with_actions","detail","L2_utilityDetail","detail","no","yes","no","-","-","none","none","none","0","-","-"
"wallet","AppRoutePaths.walletLimits","WithdrawLimitsTabletPage","flutter_app/lib/features/wallet/presentation/tablet/pages/withdraw_limits_tablet_page.dart","fixed_vit_header","vit_header_default_title_subtitle","detail","L3_transactionFlow","detail","no","yes","no","-","-","none","none","none","0","-","-"
"wallet","AppRoutePaths.walletMultiManager","WalletMultiManagerTabletPage","flutter_app/lib/features/wallet/presentation/tablet/pages/wallet_multi_manager_tablet_page.dart","fixed_vit_header","vit_header_default_title_subtitle","detail","L2_detail","detail","no","yes","no","-","-","none","none","none","0","-","-"
"wallet","AppRoutePaths.walletNetworkStatus","NetworkStatusTabletPage","flutter_app/lib/features/wallet/presentation/tablet/pages/network_status_tablet_page.dart","fixed_vit_header","vit_header_default_title_subtitle","detail","L2_detail","detail","no","yes","no","-","-","none","none","none","0","-","-"
"wallet","AppRoutePaths.walletPendingDeposits","PendingDepositsTabletPage","flutter_app/lib/features/wallet/presentation/tablet/pages/pending_deposits_tablet_page.dart","fixed_vit_header","vit_header_default_with_actions","detail","L3_transactionFlow","detail","no","yes","no","-","-","none","none","none","0","-","-"
"wallet","AppRoutePaths.walletPortfolioAnalytics","PortfolioAnalyticsTabletPage","flutter_app/lib/features/wallet/presentation/tablet/pages/portfolio_analytics_tablet_page.dart","fixed_vit_header","vit_header_default_title_subtitle","detail","L2_utilityDetail","detail","no","yes","no","-","-","none","none","none","0","-","-"
"wallet","AppRoutePaths.walletTokenApproval","WalletTokenApprovalTabletPage","flutter_app/lib/features/wallet/presentation/tablet/pages/wallet_token_approval_tablet_page.dart","fixed_vit_header","vit_header_default_title_subtitle","detail","L2_detail","detail","no","yes","no","-","-","none","none","none","0","-","-"
"wallet","AppRoutePaths.walletTransfer","TransferTabletPage","flutter_app/lib/features/wallet/presentation/tablet/pages/transfer_tablet_page.dart","fixed_vit_header","vit_header_default_title_subtitle","detail","L3_transactionFlow","detail","no","yes","no","-","-","none","none","none","0","-","-"
"wallet","AppRoutePaths.walletWithdraw","WithdrawTabletPage","flutter_app/lib/features/wallet/presentation/tablet/pages/withdraw_tablet_page.dart","fixed_vit_header","vit_header_default_title_subtitle","detail","L3_transactionFlow","detail","no","yes","no","-","-","none","none","none","0","-","-"
