feature,route,page,page_file,screen_level,archetype,body_grade,issue_priority,layout_status,surface_status,controls_status,state_status,financial_safety_status,responsive_status,copy_boundary_status,shared_component_count,custom_body_count,fixed_size_count,local_font_count,source_file_count,primary_issue,recommended_action,test_scope,source_files
admin,AppRoutePaths.admin,VitTabletUtilityPage,flutter_app/lib/shared/layout/vit_tablet_utility_page.dart,L2_detail,detail,A,P3,pass,pass,pass,pass,not_applicable,pass,pass,19,0,0,0,1,none,No body refactor required; keep visual smoke coverage when touched.,flutter test --reporter=compact,flutter_app/lib/shared/layout/vit_tablet_utility_page.dart
admin,AppRoutePaths.adminAbtests,VitTabletUtilityPage,flutter_app/lib/shared/layout/vit_tablet_utility_page.dart,L2_detail,detail,A,P3,pass,pass,pass,pass,not_applicable,pass,pass,19,0,0,0,1,none,No body refactor required; keep visual smoke coverage when touched.,flutter test --reporter=compact,flutter_app/lib/shared/layout/vit_tablet_utility_page.dart
admin,AppRoutePaths.adminAnalytics,VitTabletUtilityPage,flutter_app/lib/shared/layout/vit_tablet_utility_page.dart,L2_utilityDetail,detail,A,P3,pass,pass,pass,pass,not_applicable,pass,pass,19,0,0,0,1,none,No body refactor required; keep visual smoke coverage when touched.,flutter test --reporter=compact,flutter_app/lib/shared/layout/vit_tablet_utility_page.dart
admin,AppRoutePaths.adminFunnels,VitTabletUtilityPage,flutter_app/lib/shared/layout/vit_tablet_utility_page.dart,L2_detail,detail,A,P3,pass,pass,pass,pass,not_applicable,pass,pass,19,0,0,0,1,none,No body refactor required; keep visual smoke coverage when touched.,flutter test --reporter=compact,flutter_app/lib/shared/layout/vit_tablet_utility_page.dart
admin,AppRoutePaths.adminSettings,VitTabletUtilityPage,flutter_app/lib/shared/layout/vit_tablet_utility_page.dart,L2_utilityDetail,detail,A,P3,pass,pass,pass,pass,not_applicable,pass,pass,19,0,0,0,1,none,No body refactor required; keep visual smoke coverage when touched.,flutter test --reporter=compact,flutter_app/lib/shared/layout/vit_tablet_utility_page.dart
arena,'/arena/challenge/:challengeId',VitTabletUtilityPage,flutter_app/lib/shared/layout/vit_tablet_utility_page.dart,L2_entityDetail,detail,A,P3,pass,pass,pass,pass,not_applicable,pass,pass,19,0,0,0,1,none,No body refactor required; keep visual smoke coverage when touched.,flutter test test/features/arena --reporter=compact,flutter_app/lib/shared/layout/vit_tablet_utility_page.dart
arena,'/arena/creator/:creatorId',VitTabletUtilityPage,flutter_app/lib/shared/layout/vit_tablet_utility_page.dart,L2_entityDetail,detail,A,P3,pass,pass,pass,pass,not_applicable,pass,pass,19,0,0,0,1,none,No body refactor required; keep visual smoke coverage when touched.,flutter test test/features/arena --reporter=compact,flutter_app/lib/shared/layout/vit_tablet_utility_page.dart
arena,'/arena/join/:challengeId',VitTabletUtilityPage,flutter_app/lib/shared/layout/vit_tablet_utility_page.dart,L2_entityDetail,detail,A,P3,pass,pass,pass,pass,not_applicable,pass,pass,19,0,0,0,1,none,No body refactor required; keep visual smoke coverage when touched.,flutter test test/features/arena --reporter=compact,flutter_app/lib/shared/layout/vit_tablet_utility_page.dart
arena,'/arena/ledger/entry/:entryId',VitTabletUtilityPage,flutter_app/lib/shared/layout/vit_tablet_utility_page.dart,L2_entityDetail,detail,A,P3,pass,pass,pass,pass,not_applicable,pass,pass,19,0,0,0,1,none,No body refactor required; keep visual smoke coverage when touched.,flutter test test/features/arena --reporter=compact,flutter_app/lib/shared/layout/vit_tablet_utility_page.dart
arena,'/arena/mode/:modeId',VitTabletUtilityPage,flutter_app/lib/shared/layout/vit_tablet_utility_page.dart,L2_entityDetail,detail,A,P3,pass,pass,pass,pass,not_applicable,pass,pass,19,0,0,0,1,none,No body refactor required; keep visual smoke coverage when touched.,flutter test test/features/arena --reporter=compact,flutter_app/lib/shared/layout/vit_tablet_utility_page.dart
arena,'/arena/report/:caseId',VitTabletUtilityPage,flutter_app/lib/shared/layout/vit_tablet_utility_page.dart,L2_entityDetail,detail,A,P3,pass,pass,pass,pass,not_applicable,pass,pass,19,0,0,0,1,none,No body refactor required; keep visual smoke coverage when touched.,flutter test test/features/arena --reporter=compact,flutter_app/lib/shared/layout/vit_tablet_utility_page.dart
arena,'/arena/trust/:userId',VitTabletUtilityPage,flutter_app/lib/shared/layout/vit_tablet_utility_page.dart,L2_entityDetail,detail,A,P3,pass,pass,pass,pass,not_applicable,pass,pass,19,0,0,0,1,none,No body refactor required; keep visual smoke coverage when touched.,flutter test test/features/arena --reporter=compact,flutter_app/lib/shared/layout/vit_tablet_utility_page.dart
arena,AppRoutePaths.arena,VitTabletUtilityPage,flutter_app/lib/shared/layout/vit_tablet_utility_page.dart,L1_productModuleHub,rootModule,A,P3,pass,pass,pass,pass,not_applicable,pass,pass,19,0,0,0,1,none,No body refactor required; keep visual smoke coverage when touched.,flutter test test/features/arena --reporter=compact,flutter_app/lib/shared/layout/vit_tablet_utility_page.dart
arena,AppRoutePaths.arenaBlocked,VitTabletUtilityPage,flutter_app/lib/shared/layout/vit_tablet_utility_page.dart,L2_detail,detail,A,P3,pass,pass,pass,pass,not_applicable,pass,pass,19,0,0,0,1,none,No body refactor required; keep visual smoke coverage when touched.,flutter test test/features/arena --reporter=compact,flutter_app/lib/shared/layout/vit_tablet_utility_page.dart
arena,AppRoutePaths.arenaBridge,VitTabletUtilityPage,flutter_app/lib/shared/layout/vit_tablet_utility_page.dart,L2_detail,detail,A,P3,pass,pass,pass,pass,not_applicable,pass,pass,19,0,0,0,1,none,No body refactor required; keep visual smoke coverage when touched.,flutter test test/features/arena --reporter=compact,flutter_app/lib/shared/layout/vit_tablet_utility_page.dart
arena,AppRoutePaths.arenaEcosystem,VitTabletUtilityPage,flutter_app/lib/shared/layout/vit_tablet_utility_page.dart,L2_detail,detail,A,P3,pass,pass,pass,pass,not_applicable,pass,pass,19,0,0,0,1,none,No body refactor required; keep visual smoke coverage when touched.,flutter test test/features/arena --reporter=compact,flutter_app/lib/shared/layout/vit_tablet_utility_page.dart
arena,AppRoutePaths.arenaFlowMap,VitTabletUtilityPage,flutter_app/lib/shared/layout/vit_tablet_utility_page.dart,L2_detail,detail,A,P3,pass,pass,pass,pass,not_applicable,pass,pass,19,0,0,0,1,none,No body refactor required; keep visual smoke coverage when touched.,flutter test test/features/arena --reporter=compact,flutter_app/lib/shared/layout/vit_tablet_utility_page.dart
arena,AppRoutePaths.arenaGuide,VitTabletUtilityPage,flutter_app/lib/shared/layout/vit_tablet_utility_page.dart,L2_utilityDetail,detail,A,P3,pass,pass,pass,pass,not_applicable,pass,pass,19,0,0,0,1,none,No body refactor required; keep visual smoke coverage when touched.,flutter test test/features/arena --reporter=compact,flutter_app/lib/shared/layout/vit_tablet_utility_page.dart
arena,AppRoutePaths.arenaLeaderboard,VitTabletUtilityPage,flutter_app/lib/shared/layout/vit_tablet_utility_page.dart,L2_detail,detail,A,P3,pass,pass,pass,pass,not_applicable,pass,pass,19,0,0,0,1,none,No body refactor required; keep visual smoke coverage when touched.,flutter test test/features/arena --reporter=compact,flutter_app/lib/shared/layout/vit_tablet_utility_page.dart
arena,AppRoutePaths.arenaLedger,VitTabletUtilityPage,flutter_app/lib/shared/layout/vit_tablet_utility_page.dart,L2_detail,detail,A,P3,pass,pass,pass,pass,not_applicable,pass,pass,19,0,0,0,1,none,No body refactor required; keep visual smoke coverage when touched.,flutter test test/features/arena --reporter=compact,flutter_app/lib/shared/layout/vit_tablet_utility_page.dart
arena,AppRoutePaths.arenaMy,VitTabletUtilityPage,flutter_app/lib/shared/layout/vit_tablet_utility_page.dart,L2_detail,detail,A,P3,pass,pass,pass,pass,not_applicable,pass,pass,19,0,0,0,1,none,No body refactor required; keep visual smoke coverage when touched.,flutter test test/features/arena --reporter=compact,flutter_app/lib/shared/layout/vit_tablet_utility_page.dart
arena,AppRoutePaths.arenaMyReports,VitTabletUtilityPage,flutter_app/lib/shared/layout/vit_tablet_utility_page.dart,L2_utilityDetail,detail,A,P3,pass,pass,pass,pass,not_applicable,pass,pass,19,0,0,0,1,none,No body refactor required; keep visual smoke coverage when touched.,flutter test test/features/arena --reporter=compact,flutter_app/lib/shared/layout/vit_tablet_utility_page.dart
arena,AppRoutePaths.arenaProduction,VitTabletUtilityPage,flutter_app/lib/shared/layout/vit_tablet_utility_page.dart,L2_detail,detail,A,P3,pass,pass,pass,pass,not_applicable,pass,pass,19,0,0,0,1,none,No body refactor required; keep visual smoke coverage when touched.,flutter test test/features/arena --reporter=compact,flutter_app/lib/shared/layout/vit_tablet_utility_page.dart
arena,AppRoutePaths.arenaResolution,VitTabletUtilityPage,flutter_app/lib/shared/layout/vit_tablet_utility_page.dart,L2_detail,detail,A,P3,pass,pass,pass,pass,not_applicable,pass,pass,19,0,0,0,1,none,No body refactor required; keep visual smoke coverage when touched.,flutter test test/features/arena --reporter=compact,flutter_app/lib/shared/layout/vit_tablet_utility_page.dart
arena,AppRoutePaths.arenaSafety,VitTabletUtilityPage,flutter_app/lib/shared/layout/vit_tablet_utility_page.dart,L2_detail,detail,A,P3,pass,pass,pass,pass,not_applicable,pass,pass,19,0,0,0,1,none,No body refactor required; keep visual smoke coverage when touched.,flutter test test/features/arena --reporter=compact,flutter_app/lib/shared/layout/vit_tablet_utility_page.dart
arena,AppRoutePaths.arenaStudio,VitTabletUtilityPage,flutter_app/lib/shared/layout/vit_tablet_utility_page.dart,L2_detail,detail,A,P3,pass,pass,pass,pass,not_applicable,pass,pass,19,0,0,0,1,none,No body refactor required; keep visual smoke coverage when touched.,flutter test test/features/arena --reporter=compact,flutter_app/lib/shared/layout/vit_tablet_utility_page.dart
arena,AppRoutePaths.arenaStudioGovernance,VitTabletUtilityPage,flutter_app/lib/shared/layout/vit_tablet_utility_page.dart,L2_detail,detail,A,P3,pass,pass,pass,pass,not_applicable,pass,pass,19,0,0,0,1,none,No body refactor required; keep visual smoke coverage when touched.,flutter test test/features/arena --reporter=compact,flutter_app/lib/shared/layout/vit_tablet_utility_page.dart
arena,AppRoutePaths.arenaStudioPresets,VitTabletUtilityPage,flutter_app/lib/shared/layout/vit_tablet_utility_page.dart,L2_detail,detail,A,P3,pass,pass,pass,pass,not_applicable,pass,pass,19,0,0,0,1,none,No body refactor required; keep visual smoke coverage when touched.,flutter test test/features/arena --reporter=compact,flutter_app/lib/shared/layout/vit_tablet_utility_page.dart
arena,AppRoutePaths.arenaStudioSmartRules,VitTabletUtilityPage,flutter_app/lib/shared/layout/vit_tablet_utility_page.dart,L2_detail,detail,A,P3,pass,pass,pass,pass,not_applicable,pass,pass,19,0,0,0,1,none,No body refactor required; keep visual smoke coverage when touched.,flutter test test/features/arena --reporter=compact,flutter_app/lib/shared/layout/vit_tablet_utility_page.dart
arena,AppRoutePaths.arenaVerified,VitTabletUtilityPage,flutter_app/lib/shared/layout/vit_tablet_utility_page.dart,L2_detail,detail,A,P3,pass,pass,pass,pass,not_applicable,pass,pass,19,0,0,0,1,none,No body refactor required; keep visual smoke coverage when touched.,flutter test test/features/arena --reporter=compact,flutter_app/lib/shared/layout/vit_tablet_utility_page.dart
auth,AppRoutePaths.authForgotPassword,ForgotPasswordPage,flutter_app/lib/features/auth/presentation/phone/pages/forgot_password_page.dart,L1_authFlow,detail,A,P3,pass,pass,pass,pass,not_applicable,pass,pass,20,2,0,0,2,none,No body refactor required; keep visual smoke coverage when touched.,flutter test --reporter=compact,flutter_app/lib/features/auth/presentation/phone/pages/forgot_password_page.dart;flutter_app/lib/features/auth/presentation/phone/widgets/forgot_password_page_sections.dart
auth,AppRoutePaths.authLogin,LoginPage,flutter_app/lib/features/auth/presentation/phone/pages/login_page.dart,L0_authEntry,authOnboarding,A,P3,pass,pass,pass,pass,not_applicable,pass,pass,20,1,0,0,1,none,No body refactor required; keep visual smoke coverage when touched.,flutter test --reporter=compact,flutter_app/lib/features/auth/presentation/phone/pages/login_page.dart
auth,AppRoutePaths.authOtp,OTPPage,flutter_app/lib/features/auth/presentation/phone/pages/otp_page.dart,L1_authFlow,detail,A,P3,pass,pass,pass,pass,not_applicable,pass,pass,16,0,0,0,3,none,No body refactor required; keep visual smoke coverage when touched.,flutter test --reporter=compact,flutter_app/lib/features/auth/presentation/phone/pages/otp_page.dart;flutter_app/lib/features/auth/presentation/phone/widgets/otp_identity_intro.dart;flutter_app/lib/features/auth/presentation/phone/widgets/otp_input_status.dart
auth,AppRoutePaths.authRegister,RegisterPage,flutter_app/lib/features/auth/presentation/phone/pages/register_page.dart,L1_authFlow,detail,A,P3,pass,pass,pass,pass,not_applicable,pass,pass,21,0,0,0,2,none,No body refactor required; keep visual smoke coverage when touched.,flutter test --reporter=compact,flutter_app/lib/features/auth/presentation/phone/pages/register_page.dart;flutter_app/lib/features/auth/presentation/phone/widgets/register_page_sections.dart
auth,AppRoutePaths.authResetPassword,ResetPasswordPage,flutter_app/lib/features/auth/presentation/phone/pages/reset_password_page.dart,L1_authFlow,detail,A,P3,pass,pass,pass,pass,not_applicable,pass,pass,35,0,0,0,2,none,No body refactor required; keep visual smoke coverage when touched.,flutter test --reporter=compact,flutter_app/lib/features/auth/presentation/phone/pages/reset_password_page.dart;flutter_app/lib/features/auth/presentation/phone/widgets/reset_password_page_sections.dart
auth,AppRoutePaths.auth2faSetup,TwoFASetupPage,flutter_app/lib/features/auth/presentation/phone/pages/two_fa_setup_page.dart,L1_authFlow,detail,A,P3,pass,pass,pass,pass,not_applicable,pass,pass,21,2,0,0,5,none,No body refactor required; keep visual smoke coverage when touched.,flutter test --reporter=compact,flutter_app/lib/features/auth/presentation/phone/pages/two_fa_setup_page.dart;flutter_app/lib/features/auth/presentation/phone/widgets/two_fa_setup_backup.dart;flutter_app/lib/features/auth/presentation/phone/widgets/two_fa_setup_qr.dart;flutter_app/lib/features/auth/presentation/phone/widgets/two_fa_setup_steps.dart;flutter_app/lib/features/auth/presentation/phone/widgets/two_fa_setup_verify.dart
auth,AppRoutePaths.forceUpdateGate,VitWebUtilityPage,flutter_app/lib/shared/layout/vit_web_utility_page.dart,L1_authFlow,detail,A,P3,pass,pass,pass,pass,not_applicable,pass,pass,19,0,0,0,1,none,No body refactor required; keep visual smoke coverage when touched.,flutter test --reporter=compact,flutter_app/lib/shared/layout/vit_web_utility_page.dart
auth,AppRoutePaths.maintenanceGate,VitWebUtilityPage,flutter_app/lib/shared/layout/vit_web_utility_page.dart,L1_authFlow,detail,A,P3,pass,pass,pass,pass,not_applicable,pass,pass,19,0,0,0,1,none,No body refactor required; keep visual smoke coverage when touched.,flutter test --reporter=compact,flutter_app/lib/shared/layout/vit_web_utility_page.dart
auth,AppRoutePaths.onboarding,VitWebUtilityPage,flutter_app/lib/shared/layout/vit_web_utility_page.dart,L1_authFlow,detail,A,P3,pass,pass,pass,pass,not_applicable,pass,pass,19,0,0,0,1,none,No body refactor required; keep visual smoke coverage when touched.,flutter test --reporter=compact,flutter_app/lib/shared/layout/vit_web_utility_page.dart
dca,'/dca/rebalance/:configId/edit',VitTabletUtilityPage,flutter_app/lib/shared/layout/vit_tablet_utility_page.dart,L3_transactionFlow,detail,A,P3,pass,pass,pass,pass,pass,pass,pass,19,0,0,0,1,none,No body refactor required; keep visual smoke coverage when touched.,flutter test test/features/dca --reporter=compact,flutter_app/lib/shared/layout/vit_tablet_utility_page.dart
dca,'/dca/rebalance/:configId/history',VitTabletUtilityPage,flutter_app/lib/shared/layout/vit_tablet_utility_page.dart,L2_entityDetail,detail,A,P3,pass,pass,pass,pass,pass,pass,pass,19,0,0,0,1,none,No body refactor required; keep visual smoke coverage when touched.,flutter test test/features/dca --reporter=compact,flutter_app/lib/shared/layout/vit_tablet_utility_page.dart
dca,AppRoutePaths.dca,VitTabletUtilityPage,flutter_app/lib/shared/layout/vit_tablet_utility_page.dart,L1_productModuleHub,rootModule,A,P3,pass,pass,pass,pass,pass,pass,pass,19,0,0,0,1,none,No body refactor required; keep visual smoke coverage when touched.,flutter test test/features/dca --reporter=compact,flutter_app/lib/shared/layout/vit_tablet_utility_page.dart
dca,AppRoutePaths.dcaBacktester,VitTabletUtilityPage,flutter_app/lib/shared/layout/vit_tablet_utility_page.dart,L2_detail,detail,A,P3,pass,pass,pass,pass,pass,pass,pass,19,0,0,0,1,none,No body refactor required; keep visual smoke coverage when touched.,flutter test test/features/dca --reporter=compact,flutter_app/lib/shared/layout/vit_tablet_utility_page.dart
dca,AppRoutePaths.dcaDynamicAmount,VitTabletUtilityPage,flutter_app/lib/shared/layout/vit_tablet_utility_page.dart,L2_detail,detail,A,P3,pass,pass,pass,pass,pass,pass,pass,19,0,0,0,1,none,No body refactor required; keep visual smoke coverage when touched.,flutter test test/features/dca --reporter=compact,flutter_app/lib/shared/layout/vit_tablet_utility_page.dart
dca,AppRoutePaths.dcaMultiAsset,VitTabletUtilityPage,flutter_app/lib/shared/layout/vit_tablet_utility_page.dart,L2_detail,detail,A,P3,pass,pass,pass,pass,pass,pass,pass,19,0,0,0,1,none,No body refactor required; keep visual smoke coverage when touched.,flutter test test/features/dca --reporter=compact,flutter_app/lib/shared/layout/vit_tablet_utility_page.dart
dca,AppRoutePaths.dcaPerformanceCompare,VitTabletUtilityPage,flutter_app/lib/shared/layout/vit_tablet_utility_page.dart,L2_detail,detail,A,P3,pass,pass,pass,pass,pass,pass,pass,19,0,0,0,1,none,No body refactor required; keep visual smoke coverage when touched.,flutter test test/features/dca --reporter=compact,flutter_app/lib/shared/layout/vit_tablet_utility_page.dart
dca,AppRoutePaths.dcaPortfolioOptimizer,VitTabletUtilityPage,flutter_app/lib/shared/layout/vit_tablet_utility_page.dart,L2_utilityDetail,detail,A,P3,pass,pass,pass,pass,pass,pass,pass,19,0,0,0,1,none,No body refactor required; keep visual smoke coverage when touched.,flutter test test/features/dca --reporter=compact,flutter_app/lib/shared/layout/vit_tablet_utility_page.dart
dca,AppRoutePaths.dcaRebalanceConfig,VitTabletUtilityPage,flutter_app/lib/shared/layout/vit_tablet_utility_page.dart,L2_detail,detail,A,P3,pass,pass,pass,pass,pass,pass,pass,19,0,0,0,1,none,No body refactor required; keep visual smoke coverage when touched.,flutter test test/features/dca --reporter=compact,flutter_app/lib/shared/layout/vit_tablet_utility_page.dart
dca,AppRoutePaths.dcaRebalanceDashboard,VitTabletUtilityPage,flutter_app/lib/shared/layout/vit_tablet_utility_page.dart,L2_sectionHub,detail,A,P3,pass,pass,pass,pass,pass,pass,pass,19,0,0,0,1,none,No body refactor required; keep visual smoke coverage when touched.,flutter test test/features/dca --reporter=compact,flutter_app/lib/shared/layout/vit_tablet_utility_page.dart
dca,AppRoutePaths.dcaScheduleAnalytics,VitTabletUtilityPage,flutter_app/lib/shared/layout/vit_tablet_utility_page.dart,L2_utilityDetail,detail,A,P3,pass,pass,pass,pass,pass,pass,pass,19,0,0,0,1,none,No body refactor required; keep visual smoke coverage when touched.,flutter test test/features/dca --reporter=compact,flutter_app/lib/shared/layout/vit_tablet_utility_page.dart
dca,AppRoutePaths.dcaScheduleConfig,VitTabletUtilityPage,flutter_app/lib/shared/layout/vit_tablet_utility_page.dart,L2_detail,detail,A,P3,pass,pass,pass,pass,pass,pass,pass,19,0,0,0,1,none,No body refactor required; keep visual smoke coverage when touched.,flutter test test/features/dca --reporter=compact,flutter_app/lib/shared/layout/vit_tablet_utility_page.dart
dca,AppRoutePaths.dcaSmartRules,VitTabletUtilityPage,flutter_app/lib/shared/layout/vit_tablet_utility_page.dart,L2_detail,detail,A,P3,pass,pass,pass,pass,pass,pass,pass,19,0,0,0,1,none,No body refactor required; keep visual smoke coverage when touched.,flutter test test/features/dca --reporter=compact,flutter_app/lib/shared/layout/vit_tablet_utility_page.dart
earn_savings,AppRoutePaths.earnSavings,VitTabletUtilityPage,flutter_app/lib/shared/layout/vit_tablet_utility_page.dart,L1_productModuleHub,rootModule,A,P3,pass,pass,pass,pass,not_applicable,pass,pass,19,0,0,0,1,none,No body refactor required; keep visual smoke coverage when touched.,flutter test test/features/earn_savings --reporter=compact,flutter_app/lib/shared/layout/vit_tablet_utility_page.dart
earn_savings,AppRoutePaths.earnSavingsAnalytics,VitTabletUtilityPage,flutter_app/lib/shared/layout/vit_tablet_utility_page.dart,L2_utilityDetail,detail,A,P3,pass,pass,pass,pass,not_applicable,pass,pass,19,0,0,0,1,none,No body refactor required; keep visual smoke coverage when touched.,flutter test test/features/earn_savings --reporter=compact,flutter_app/lib/shared/layout/vit_tablet_utility_page.dart
earn_savings,AppRoutePaths.earnSavingsAutoCompound,VitTabletUtilityPage,flutter_app/lib/shared/layout/vit_tablet_utility_page.dart,L2_detail,detail,A,P3,pass,pass,pass,pass,not_applicable,pass,pass,19,0,0,0,1,none,No body refactor required; keep visual smoke coverage when touched.,flutter test test/features/earn_savings --reporter=compact,flutter_app/lib/shared/layout/vit_tablet_utility_page.dart
earn_savings,AppRoutePaths.earnSavingsAutoPilot,VitTabletUtilityPage,flutter_app/lib/shared/layout/vit_tablet_utility_page.dart,L2_detail,detail,A,P3,pass,pass,pass,pass,not_applicable,pass,pass,19,0,0,0,1,none,No body refactor required; keep visual smoke coverage when touched.,flutter test test/features/earn_savings --reporter=compact,flutter_app/lib/shared/layout/vit_tablet_utility_page.dart
earn_savings,AppRoutePaths.earnSavingsBacktest,VitTabletUtilityPage,flutter_app/lib/shared/layout/vit_tablet_utility_page.dart,L2_detail,detail,A,P3,pass,pass,pass,pass,not_applicable,pass,pass,19,0,0,0,1,none,No body refactor required; keep visual smoke coverage when touched.,flutter test test/features/earn_savings --reporter=compact,flutter_app/lib/shared/layout/vit_tablet_utility_page.dart
earn_savings,AppRoutePaths.earnSavingsComparison,VitTabletUtilityPage,flutter_app/lib/shared/layout/vit_tablet_utility_page.dart,L2_detail,detail,A,P3,pass,pass,pass,pass,not_applicable,pass,pass,19,0,0,0,1,none,No body refactor required; keep visual smoke coverage when touched.,flutter test test/features/earn_savings --reporter=compact,flutter_app/lib/shared/layout/vit_tablet_utility_page.dart
earn_savings,AppRoutePaths.earnSavingsDca,VitTabletUtilityPage,flutter_app/lib/shared/layout/vit_tablet_utility_page.dart,L2_detail,detail,A,P3,pass,pass,pass,pass,not_applicable,pass,pass,19,0,0,0,1,none,No body refactor required; keep visual smoke coverage when touched.,flutter test test/features/earn_savings --reporter=compact,flutter_app/lib/shared/layout/vit_tablet_utility_page.dart
earn_savings,AppRoutePaths.earnSavingsExport,VitTabletUtilityPage,flutter_app/lib/shared/layout/vit_tablet_utility_page.dart,L2_detail,detail,A,P3,pass,pass,pass,pass,not_applicable,pass,pass,19,0,0,0,1,none,No body refactor required; keep visual smoke coverage when touched.,flutter test test/features/earn_savings --reporter=compact,flutter_app/lib/shared/layout/vit_tablet_utility_page.dart
earn_savings,AppRoutePaths.earnSavingsFAQ,VitTabletUtilityPage,flutter_app/lib/shared/layout/vit_tablet_utility_page.dart,L2_utilityDetail,detail,A,P3,pass,pass,pass,pass,not_applicable,pass,pass,19,0,0,0,1,none,No body refactor required; keep visual smoke coverage when touched.,flutter test test/features/earn_savings --reporter=compact,flutter_app/lib/shared/layout/vit_tablet_utility_page.dart
earn_savings,AppRoutePaths.earnSavingsGoals,VitTabletUtilityPage,flutter_app/lib/shared/layout/vit_tablet_utility_page.dart,L2_detail,detail,A,P3,pass,pass,pass,pass,not_applicable,pass,pass,19,0,0,0,1,none,No body refactor required; keep visual smoke coverage when touched.,flutter test test/features/earn_savings --reporter=compact,flutter_app/lib/shared/layout/vit_tablet_utility_page.dart
earn_savings,AppRoutePaths.earnSavingsGuide,VitTabletUtilityPage,flutter_app/lib/shared/layout/vit_tablet_utility_page.dart,L2_utilityDetail,detail,A,P3,pass,pass,pass,pass,not_applicable,pass,pass,19,0,0,0,1,none,No body refactor required; keep visual smoke coverage when touched.,flutter test test/features/earn_savings --reporter=compact,flutter_app/lib/shared/layout/vit_tablet_utility_page.dart
earn_savings,AppRoutePaths.earnSavingsHistory,VitTabletUtilityPage,flutter_app/lib/shared/layout/vit_tablet_utility_page.dart,L2_utilityDetail,detail,A,P3,pass,pass,pass,pass,not_applicable,pass,pass,19,0,0,0,1,none,No body refactor required; keep visual smoke coverage when touched.,flutter test test/features/earn_savings --reporter=compact,flutter_app/lib/shared/layout/vit_tablet_utility_page.dart
earn_savings,AppRoutePaths.earnSavingsLadder,VitTabletUtilityPage,flutter_app/lib/shared/layout/vit_tablet_utility_page.dart,L3_transactionFlow,detail,A,P3,pass,pass,pass,pass,not_applicable,pass,pass,19,0,0,0,1,none,No body refactor required; keep visual smoke coverage when touched.,flutter test test/features/earn_savings --reporter=compact,flutter_app/lib/shared/layout/vit_tablet_utility_page.dart
earn_savings,AppRoutePaths.earnSavingsNotificationPreferences,VitTabletUtilityPage,flutter_app/lib/shared/layout/vit_tablet_utility_page.dart,L2_detail,detail,A,P3,pass,pass,pass,pass,not_applicable,pass,pass,19,0,0,0,1,none,No body refactor required; keep visual smoke coverage when touched.,flutter test test/features/earn_savings --reporter=compact,flutter_app/lib/shared/layout/vit_tablet_utility_page.dart
earn_savings,AppRoutePaths.earnSavingsNotifications,VitTabletUtilityPage,flutter_app/lib/shared/layout/vit_tablet_utility_page.dart,L1_utilityHub,detail,A,P3,pass,pass,pass,pass,not_applicable,pass,pass,19,0,0,0,1,none,No body refactor required; keep visual smoke coverage when touched.,flutter test test/features/earn_savings --reporter=compact,flutter_app/lib/shared/layout/vit_tablet_utility_page.dart
earn_savings,AppRoutePaths.earnSavingsPortfolio,VitTabletUtilityPage,flutter_app/lib/shared/layout/vit_tablet_utility_page.dart,L2_utilityDetail,detail,A,P3,pass,pass,pass,pass,not_applicable,pass,pass,19,0,0,0,1,none,No body refactor required; keep visual smoke coverage when touched.,flutter test test/features/earn_savings --reporter=compact,flutter_app/lib/shared/layout/vit_tablet_utility_page.dart
earn_savings,AppRoutePaths.earnSavingsProductSample,VitTabletUtilityPage,flutter_app/lib/shared/layout/vit_tablet_utility_page.dart,L2_detail,detail,A,P3,pass,pass,pass,pass,not_applicable,pass,pass,19,0,0,0,1,none,No body refactor required; keep visual smoke coverage when touched.,flutter test test/features/earn_savings --reporter=compact,flutter_app/lib/shared/layout/vit_tablet_utility_page.dart
earn_savings,AppRoutePaths.earnSavingsRebalance,VitTabletUtilityPage,flutter_app/lib/shared/layout/vit_tablet_utility_page.dart,L2_detail,detail,A,P3,pass,pass,pass,pass,not_applicable,pass,pass,19,0,0,0,1,none,No body refactor required; keep visual smoke coverage when touched.,flutter test test/features/earn_savings --reporter=compact,flutter_app/lib/shared/layout/vit_tablet_utility_page.dart
earn_savings,AppRoutePaths.earnSavingsReceipt,VitTabletUtilityPage,flutter_app/lib/shared/layout/vit_tablet_utility_page.dart,L3_transactionFlow,detail,A,P3,pass,pass,pass,pass,not_applicable,pass,pass,19,0,0,0,1,none,No body refactor required; keep visual smoke coverage when touched.,flutter test test/features/earn_savings --reporter=compact,flutter_app/lib/shared/layout/vit_tablet_utility_page.dart
earn_savings,AppRoutePaths.earnSavingsRecommendations,VitTabletUtilityPage,flutter_app/lib/shared/layout/vit_tablet_utility_page.dart,L2_detail,detail,A,P3,pass,pass,pass,pass,not_applicable,pass,pass,19,0,0,0,1,none,No body refactor required; keep visual smoke coverage when touched.,flutter test test/features/earn_savings --reporter=compact,flutter_app/lib/shared/layout/vit_tablet_utility_page.dart
earn_savings,AppRoutePaths.earnSavingsRedeemPos001,VitTabletUtilityPage,flutter_app/lib/shared/layout/vit_tablet_utility_page.dart,L3_transactionFlow,detail,A,P3,pass,pass,pass,pass,not_applicable,pass,pass,19,0,0,0,1,none,No body refactor required; keep visual smoke coverage when touched.,flutter test test/features/earn_savings --reporter=compact,flutter_app/lib/shared/layout/vit_tablet_utility_page.dart
earn_savings,AppRoutePaths.earnSavingsRiskAssessment,VitTabletUtilityPage,flutter_app/lib/shared/layout/vit_tablet_utility_page.dart,L3_transactionFlow,detail,A,P3,pass,pass,pass,pass,not_applicable,pass,pass,19,0,0,0,1,none,No body refactor required; keep visual smoke coverage when touched.,flutter test test/features/earn_savings --reporter=compact,flutter_app/lib/shared/layout/vit_tablet_utility_page.dart
earn_savings,AppRoutePaths.earnSavingsSmartSuggestions,VitTabletUtilityPage,flutter_app/lib/shared/layout/vit_tablet_utility_page.dart,L2_detail,detail,A,P3,pass,pass,pass,pass,not_applicable,pass,pass,19,0,0,0,1,none,No body refactor required; keep visual smoke coverage when touched.,flutter test test/features/earn_savings --reporter=compact,flutter_app/lib/shared/layout/vit_tablet_utility_page.dart
earn_savings,AppRoutePaths.earnSavingsWhatIf,VitTabletUtilityPage,flutter_app/lib/shared/layout/vit_tablet_utility_page.dart,L2_detail,detail,A,P3,pass,pass,pass,pass,not_applicable,pass,pass,19,0,0,0,1,none,No body refactor required; keep visual smoke coverage when touched.,flutter test test/features/earn_savings --reporter=compact,flutter_app/lib/shared/layout/vit_tablet_utility_page.dart
earn_staking,AppRoutePaths.earn,VitTabletUtilityPage,flutter_app/lib/shared/layout/vit_tablet_utility_page.dart,L1_productModuleHub,rootModule,A,P3,pass,pass,pass,pass,not_applicable,pass,pass,19,0,0,0,1,none,No body refactor required; keep visual smoke coverage when touched.,flutter test test/features/earn_staking --reporter=compact,flutter_app/lib/shared/layout/vit_tablet_utility_page.dart
earn_staking,AppRoutePaths.earnAdvancedOrders,VitTabletUtilityPage,flutter_app/lib/shared/layout/vit_tablet_utility_page.dart,L2_detail,detail,A,P3,pass,pass,pass,pass,not_applicable,pass,pass,19,0,0,0,1,none,No body refactor required; keep visual smoke coverage when touched.,flutter test test/features/earn_staking --reporter=compact,flutter_app/lib/shared/layout/vit_tablet_utility_page.dart
earn_staking,AppRoutePaths.earnAnalytics,VitTabletUtilityPage,flutter_app/lib/shared/layout/vit_tablet_utility_page.dart,L2_utilityDetail,detail,A,P3,pass,pass,pass,pass,not_applicable,pass,pass,19,0,0,0,1,none,No body refactor required; keep visual smoke coverage when touched.,flutter test test/features/earn_staking --reporter=compact,flutter_app/lib/shared/layout/vit_tablet_utility_page.dart
earn_staking,AppRoutePaths.earnApiDocumentation,VitTabletUtilityPage,flutter_app/lib/shared/layout/vit_tablet_utility_page.dart,L2_detail,detail,A,P3,pass,pass,pass,pass,not_applicable,pass,pass,19,0,0,0,1,none,No body refactor required; keep visual smoke coverage when touched.,flutter test test/features/earn_staking --reporter=compact,flutter_app/lib/shared/layout/vit_tablet_utility_page.dart
earn_staking,AppRoutePaths.earnAuditReports,VitTabletUtilityPage,flutter_app/lib/shared/layout/vit_tablet_utility_page.dart,L2_utilityDetail,detail,A,P3,pass,pass,pass,pass,not_applicable,pass,pass,19,0,0,0,1,none,No body refactor required; keep visual smoke coverage when touched.,flutter test test/features/earn_staking --reporter=compact,flutter_app/lib/shared/layout/vit_tablet_utility_page.dart
earn_staking,AppRoutePaths.earnAutoCompound,VitTabletUtilityPage,flutter_app/lib/shared/layout/vit_tablet_utility_page.dart,L2_detail,detail,A,P3,pass,pass,pass,pass,not_applicable,pass,pass,19,0,0,0,1,none,No body refactor required; keep visual smoke coverage when touched.,flutter test test/features/earn_staking --reporter=compact,flutter_app/lib/shared/layout/vit_tablet_utility_page.dart
earn_staking,AppRoutePaths.earnCalendar,VitTabletUtilityPage,flutter_app/lib/shared/layout/vit_tablet_utility_page.dart,L2_utilityDetail,detail,A,P3,pass,pass,pass,pass,not_applicable,pass,pass,19,0,0,0,1,none,No body refactor required; keep visual smoke coverage when touched.,flutter test test/features/earn_staking --reporter=compact,flutter_app/lib/shared/layout/vit_tablet_utility_page.dart
earn_staking,AppRoutePaths.earnCommunityGovernance,VitTabletUtilityPage,flutter_app/lib/shared/layout/vit_tablet_utility_page.dart,L2_detail,detail,A,P3,pass,pass,pass,pass,not_applicable,pass,pass,19,0,0,0,1,none,No body refactor required; keep visual smoke coverage when touched.,flutter test test/features/earn_staking --reporter=compact,flutter_app/lib/shared/layout/vit_tablet_utility_page.dart
earn_staking,AppRoutePaths.earnContingencyPlan,VitTabletUtilityPage,flutter_app/lib/shared/layout/vit_tablet_utility_page.dart,L2_detail,detail,A,P3,pass,pass,pass,pass,not_applicable,pass,pass,19,0,0,0,1,none,No body refactor required; keep visual smoke coverage when touched.,flutter test test/features/earn_staking --reporter=compact,flutter_app/lib/shared/layout/vit_tablet_utility_page.dart
earn_staking,AppRoutePaths.earnCustody,VitTabletUtilityPage,flutter_app/lib/shared/layout/vit_tablet_utility_page.dart,L2_detail,detail,A,P3,pass,pass,pass,pass,not_applicable,pass,pass,19,0,0,0,1,none,No body refactor required; keep visual smoke coverage when touched.,flutter test test/features/earn_staking --reporter=compact,flutter_app/lib/shared/layout/vit_tablet_utility_page.dart
earn_staking,AppRoutePaths.earnDashboard,VitTabletUtilityPage,flutter_app/lib/shared/layout/vit_tablet_utility_page.dart,L2_sectionHub,detail,A,P3,pass,pass,pass,pass,not_applicable,pass,pass,19,0,0,0,1,none,No body refactor required; keep visual smoke coverage when touched.,flutter test test/features/earn_staking --reporter=compact,flutter_app/lib/shared/layout/vit_tablet_utility_page.dart
earn_staking,AppRoutePaths.earnDataExport,VitTabletUtilityPage,flutter_app/lib/shared/layout/vit_tablet_utility_page.dart,L2_detail,detail,A,P3,pass,pass,pass,pass,not_applicable,pass,pass,19,0,0,0,1,none,No body refactor required; keep visual smoke coverage when touched.,flutter test test/features/earn_staking --reporter=compact,flutter_app/lib/shared/layout/vit_tablet_utility_page.dart
earn_staking,AppRoutePaths.earnDeveloperConsole,VitTabletUtilityPage,flutter_app/lib/shared/layout/vit_tablet_utility_page.dart,L2_detail,detail,A,P3,pass,pass,pass,pass,not_applicable,pass,pass,19,0,0,0,1,none,No body refactor required; keep visual smoke coverage when touched.,flutter test test/features/earn_staking --reporter=compact,flutter_app/lib/shared/layout/vit_tablet_utility_page.dart
earn_staking,AppRoutePaths.earnEmergencyActions,VitTabletUtilityPage,flutter_app/lib/shared/layout/vit_tablet_utility_page.dart,L2_detail,detail,A,P3,pass,pass,pass,pass,not_applicable,pass,pass,19,0,0,0,1,none,No body refactor required; keep visual smoke coverage when touched.,flutter test test/features/earn_staking --reporter=compact,flutter_app/lib/shared/layout/vit_tablet_utility_page.dart
earn_staking,AppRoutePaths.earnFAQ,VitTabletUtilityPage,flutter_app/lib/shared/layout/vit_tablet_utility_page.dart,L2_utilityDetail,detail,A,P3,pass,pass,pass,pass,not_applicable,pass,pass,19,0,0,0,1,none,No body refactor required; keep visual smoke coverage when touched.,flutter test test/features/earn_staking --reporter=compact,flutter_app/lib/shared/layout/vit_tablet_utility_page.dart
earn_staking,AppRoutePaths.earnForum,VitTabletUtilityPage,flutter_app/lib/shared/layout/vit_tablet_utility_page.dart,L2_detail,detail,A,P3,pass,pass,pass,pass,not_applicable,pass,pass,19,0,0,0,1,none,No body refactor required; keep visual smoke coverage when touched.,flutter test test/features/earn_staking --reporter=compact,flutter_app/lib/shared/layout/vit_tablet_utility_page.dart
earn_staking,AppRoutePaths.earnGuide,VitTabletUtilityPage,flutter_app/lib/shared/layout/vit_tablet_utility_page.dart,L2_utilityDetail,detail,A,P3,pass,pass,pass,pass,not_applicable,pass,pass,19,0,0,0,1,none,No body refactor required; keep visual smoke coverage when touched.,flutter test test/features/earn_staking --reporter=compact,flutter_app/lib/shared/layout/vit_tablet_utility_page.dart
earn_staking,AppRoutePaths.earnHistory,VitTabletUtilityPage,flutter_app/lib/shared/layout/vit_tablet_utility_page.dart,L2_utilityDetail,detail,A,P3,pass,pass,pass,pass,not_applicable,pass,pass,19,0,0,0,1,none,No body refactor required; keep visual smoke coverage when touched.,flutter test test/features/earn_staking --reporter=compact,flutter_app/lib/shared/layout/vit_tablet_utility_page.dart
earn_staking,AppRoutePaths.earnInstitutional,VitTabletUtilityPage,flutter_app/lib/shared/layout/vit_tablet_utility_page.dart,L2_detail,detail,A,P3,pass,pass,pass,pass,not_applicable,pass,pass,19,0,0,0,1,none,No body refactor required; keep visual smoke coverage when touched.,flutter test test/features/earn_staking --reporter=compact,flutter_app/lib/shared/layout/vit_tablet_utility_page.dart
earn_staking,AppRoutePaths.earnInsurance,VitTabletUtilityPage,flutter_app/lib/shared/layout/vit_tablet_utility_page.dart,L2_detail,detail,A,P3,pass,pass,pass,pass,not_applicable,pass,pass,19,0,0,0,1,none,No body refactor required; keep visual smoke coverage when touched.,flutter test test/features/earn_staking --reporter=compact,flutter_app/lib/shared/layout/vit_tablet_utility_page.dart
earn_staking,AppRoutePaths.earnInsuranceFundTransparency,VitTabletUtilityPage,flutter_app/lib/shared/layout/vit_tablet_utility_page.dart,L2_detail,detail,A,P3,pass,pass,pass,pass,not_applicable,pass,pass,19,0,0,0,1,none,No body refactor required; keep visual smoke coverage when touched.,flutter test test/features/earn_staking --reporter=compact,flutter_app/lib/shared/layout/vit_tablet_utility_page.dart
earn_staking,AppRoutePaths.earnLiquidStaking,VitTabletUtilityPage,flutter_app/lib/shared/layout/vit_tablet_utility_page.dart,L2_detail,detail,A,P3,pass,pass,pass,pass,not_applicable,pass,pass,19,0,0,0,1,none,No body refactor required; keep visual smoke coverage when touched.,flutter test test/features/earn_staking --reporter=compact,flutter_app/lib/shared/layout/vit_tablet_utility_page.dart
earn_staking,AppRoutePaths.earnMultiChain,VitTabletUtilityPage,flutter_app/lib/shared/layout/vit_tablet_utility_page.dart,L2_detail,detail,A,P3,pass,pass,pass,pass,not_applicable,pass,pass,19,0,0,0,1,none,No body refactor required; keep visual smoke coverage when touched.,flutter test test/features/earn_staking --reporter=compact,flutter_app/lib/shared/layout/vit_tablet_utility_page.dart
earn_staking,AppRoutePaths.earnNotifications,VitTabletUtilityPage,flutter_app/lib/shared/layout/vit_tablet_utility_page.dart,L1_utilityHub,detail,A,P3,pass,pass,pass,pass,not_applicable,pass,pass,19,0,0,0,1,none,No body refactor required; keep visual smoke coverage when touched.,flutter test test/features/earn_staking --reporter=compact,flutter_app/lib/shared/layout/vit_tablet_utility_page.dart
earn_staking,AppRoutePaths.earnProofOfReserves,VitTabletUtilityPage,flutter_app/lib/shared/layout/vit_tablet_utility_page.dart,L2_detail,detail,A,P3,pass,pass,pass,pass,not_applicable,pass,pass,19,0,0,0,1,none,No body refactor required; keep visual smoke coverage when touched.,flutter test test/features/earn_staking --reporter=compact,flutter_app/lib/shared/layout/vit_tablet_utility_page.dart
earn_staking,AppRoutePaths.earnProposals,VitTabletUtilityPage,flutter_app/lib/shared/layout/vit_tablet_utility_page.dart,L2_detail,detail,A,P3,pass,pass,pass,pass,not_applicable,pass,pass,19,0,0,0,1,none,No body refactor required; keep visual smoke coverage when touched.,flutter test test/features/earn_staking --reporter=compact,flutter_app/lib/shared/layout/vit_tablet_utility_page.dart
earn_staking,AppRoutePaths.earnRecommendations,VitTabletUtilityPage,flutter_app/lib/shared/layout/vit_tablet_utility_page.dart,L2_detail,detail,A,P3,pass,pass,pass,pass,not_applicable,pass,pass,19,0,0,0,1,none,No body refactor required; keep visual smoke coverage when touched.,flutter test test/features/earn_staking --reporter=compact,flutter_app/lib/shared/layout/vit_tablet_utility_page.dart
earn_staking,AppRoutePaths.earnRegulatoryFramework,VitTabletUtilityPage,flutter_app/lib/shared/layout/vit_tablet_utility_page.dart,L2_detail,detail,A,P3,pass,pass,pass,pass,not_applicable,pass,pass,19,0,0,0,1,none,No body refactor required; keep visual smoke coverage when touched.,flutter test test/features/earn_staking --reporter=compact,flutter_app/lib/shared/layout/vit_tablet_utility_page.dart
earn_staking,AppRoutePaths.earnRiskDashboard,VitTabletUtilityPage,flutter_app/lib/shared/layout/vit_tablet_utility_page.dart,L2_sectionHub,detail,A,P3,pass,pass,pass,pass,not_applicable,pass,pass,19,0,0,0,1,none,No body refactor required; keep visual smoke coverage when touched.,flutter test test/features/earn_staking --reporter=compact,flutter_app/lib/shared/layout/vit_tablet_utility_page.dart
earn_staking,AppRoutePaths.earnRiskScoreCalculator,VitTabletUtilityPage,flutter_app/lib/shared/layout/vit_tablet_utility_page.dart,L2_utilityDetail,detail,A,P3,pass,pass,pass,pass,not_applicable,pass,pass,19,0,0,0,1,none,No body refactor required; keep visual smoke coverage when touched.,flutter test test/features/earn_staking --reporter=compact,flutter_app/lib/shared/layout/vit_tablet_utility_page.dart
earn_staking,AppRoutePaths.earnSlashingHistory,VitTabletUtilityPage,flutter_app/lib/shared/layout/vit_tablet_utility_page.dart,L2_utilityDetail,detail,A,P3,pass,pass,pass,pass,not_applicable,pass,pass,19,0,0,0,1,none,No body refactor required; keep visual smoke coverage when touched.,flutter test test/features/earn_staking --reporter=compact,flutter_app/lib/shared/layout/vit_tablet_utility_page.dart
earn_staking,AppRoutePaths.earnSocialFeed,VitTabletUtilityPage,flutter_app/lib/shared/layout/vit_tablet_utility_page.dart,L2_detail,detail,A,P3,pass,pass,pass,pass,not_applicable,pass,pass,19,0,0,0,1,none,No body refactor required; keep visual smoke coverage when touched.,flutter test test/features/earn_staking --reporter=compact,flutter_app/lib/shared/layout/vit_tablet_utility_page.dart
earn_staking,AppRoutePaths.earnStaking,VitTabletUtilityPage,flutter_app/lib/shared/layout/vit_tablet_utility_page.dart,L2_detail,detail,A,P3,pass,pass,pass,pass,not_applicable,pass,pass,19,0,0,0,1,none,No body refactor required; keep visual smoke coverage when touched.,flutter test test/features/earn_staking --reporter=compact,flutter_app/lib/shared/layout/vit_tablet_utility_page.dart
earn_staking,AppRoutePaths.earnStakingRiskAssessment,VitTabletUtilityPage,flutter_app/lib/shared/layout/vit_tablet_utility_page.dart,L3_transactionFlow,detail,A,P3,pass,pass,pass,pass,not_applicable,pass,pass,19,0,0,0,1,none,No body refactor required; keep visual smoke coverage when touched.,flutter test test/features/earn_staking --reporter=compact,flutter_app/lib/shared/layout/vit_tablet_utility_page.dart
earn_staking,AppRoutePaths.earnStakingRiskDisclosure,VitTabletUtilityPage,flutter_app/lib/shared/layout/vit_tablet_utility_page.dart,L2_utilityDetail,detail,A,P3,pass,pass,pass,pass,not_applicable,pass,pass,19,0,0,0,1,none,No body refactor required; keep visual smoke coverage when touched.,flutter test test/features/earn_staking --reporter=compact,flutter_app/lib/shared/layout/vit_tablet_utility_page.dart
earn_staking,AppRoutePaths.earnStakingTaxGuide,VitTabletUtilityPage,flutter_app/lib/shared/layout/vit_tablet_utility_page.dart,L2_utilityDetail,detail,A,P3,pass,pass,pass,pass,not_applicable,pass,pass,19,0,0,0,1,none,No body refactor required; keep visual smoke coverage when touched.,flutter test test/features/earn_staking --reporter=compact,flutter_app/lib/shared/layout/vit_tablet_utility_page.dart
earn_staking,AppRoutePaths.earnStakingTerms,VitTabletUtilityPage,flutter_app/lib/shared/layout/vit_tablet_utility_page.dart,L2_detail,detail,A,P3,pass,pass,pass,pass,not_applicable,pass,pass,19,0,0,0,1,none,No body refactor required; keep visual smoke coverage when touched.,flutter test test/features/earn_staking --reporter=compact,flutter_app/lib/shared/layout/vit_tablet_utility_page.dart
earn_staking,AppRoutePaths.earnStakingWithdrawalPolicy,VitTabletUtilityPage,flutter_app/lib/shared/layout/vit_tablet_utility_page.dart,L3_transactionFlow,detail,A,P3,pass,pass,pass,pass,not_applicable,pass,pass,19,0,0,0,1,none,No body refactor required; keep visual smoke coverage when touched.,flutter test test/features/earn_staking --reporter=compact,flutter_app/lib/shared/layout/vit_tablet_utility_page.dart
earn_staking,AppRoutePaths.earnSuitabilityAssessment,VitTabletUtilityPage,flutter_app/lib/shared/layout/vit_tablet_utility_page.dart,L3_transactionFlow,detail,A,P3,pass,pass,pass,pass,not_applicable,pass,pass,19,0,0,0,1,none,No body refactor required; keep visual smoke coverage when touched.,flutter test test/features/earn_staking --reporter=compact,flutter_app/lib/shared/layout/vit_tablet_utility_page.dart
earn_staking,AppRoutePaths.earnThirdPartyIntegrations,VitTabletUtilityPage,flutter_app/lib/shared/layout/vit_tablet_utility_page.dart,L2_detail,detail,A,P3,pass,pass,pass,pass,not_applicable,pass,pass,19,0,0,0,1,none,No body refactor required; keep visual smoke coverage when touched.,flutter test test/features/earn_staking --reporter=compact,flutter_app/lib/shared/layout/vit_tablet_utility_page.dart
earn_staking,AppRoutePaths.earnTransactionReporting,VitTabletUtilityPage,flutter_app/lib/shared/layout/vit_tablet_utility_page.dart,L2_utilityDetail,detail,A,P3,pass,pass,pass,pass,not_applicable,pass,pass,19,0,0,0,1,none,No body refactor required; keep visual smoke coverage when touched.,flutter test test/features/earn_staking --reporter=compact,flutter_app/lib/shared/layout/vit_tablet_utility_page.dart
earn_staking,AppRoutePaths.earnValidatorHealthMonitor,VitTabletUtilityPage,flutter_app/lib/shared/layout/vit_tablet_utility_page.dart,L2_detail,detail,A,P3,pass,pass,pass,pass,not_applicable,pass,pass,19,0,0,0,1,none,No body refactor required; keep visual smoke coverage when touched.,flutter test test/features/earn_staking --reporter=compact,flutter_app/lib/shared/layout/vit_tablet_utility_page.dart
earn_staking,AppRoutePaths.earnValidatorSelection,VitTabletUtilityPage,flutter_app/lib/shared/layout/vit_tablet_utility_page.dart,L2_detail,detail,A,P3,pass,pass,pass,pass,not_applicable,pass,pass,19,0,0,0,1,none,No body refactor required; keep visual smoke coverage when touched.,flutter test test/features/earn_staking --reporter=compact,flutter_app/lib/shared/layout/vit_tablet_utility_page.dart
earn_staking,AppRoutePaths.earnVoting,VitTabletUtilityPage,flutter_app/lib/shared/layout/vit_tablet_utility_page.dart,L2_detail,detail,A,P3,pass,pass,pass,pass,not_applicable,pass,pass,19,0,0,0,1,none,No body refactor required; keep visual smoke coverage when touched.,flutter test test/features/earn_staking --reporter=compact,flutter_app/lib/shared/layout/vit_tablet_utility_page.dart
earn_staking,AppRoutePaths.earnVotingProposalRoute,VitTabletUtilityPage,flutter_app/lib/shared/layout/vit_tablet_utility_page.dart,L2_detail,detail,A,P3,pass,pass,pass,pass,not_applicable,pass,pass,19,0,0,0,1,none,No body refactor required; keep visual smoke coverage when touched.,flutter test test/features/earn_staking --reporter=compact,flutter_app/lib/shared/layout/vit_tablet_utility_page.dart
earn_staking,AppRoutePaths.earnWebhooks,VitTabletUtilityPage,flutter_app/lib/shared/layout/vit_tablet_utility_page.dart,L2_detail,detail,A,P3,pass,pass,pass,pass,not_applicable,pass,pass,19,0,0,0,1,none,No body refactor required; keep visual smoke coverage when touched.,flutter test test/features/earn_staking --reporter=compact,flutter_app/lib/shared/layout/vit_tablet_utility_page.dart
home,AppRoutePaths.home,HomePage,flutter_app/lib/features/home/presentation/phone/pages/home_page.dart,L0_homeRoot,rootBrand,A,P3,pass,pass,pass,pass,not_applicable,pass,pass,49,18,0,0,15,none,No body refactor required; keep visual smoke coverage when touched.,flutter test --reporter=compact,flutter_app/lib/features/home/presentation/phone/pages/home_page.dart;flutter_app/lib/features/home/presentation/phone/pages/home_page_common.dart;flutter_app/lib/features/home/presentation/phone/pages/home_page_sections.dart;flutter_app/lib/features/home/presentation/phone/pages/home_page_state.dart;flutter_app/lib/features/home/presentation/widgets/phone/home_announcement_banner.dart;flutter_app/lib/features/home/presentation/widgets/phone/home_formatters.dart;flutter_app/lib/features/home/presentation/widgets/phone/home_header.dart;flutter_app/lib/features/home/presentation/widgets/phone/home_market_ticker_section.dart;flutter_app/lib/features/home/presentation/widgets/phone/home_more_products_sheet.dart;flutter_app/lib/features/home/presentation/widgets/phone/home_next_action_section.dart;flutter_app/lib/features/home/presentation/widgets/phone/home_portfolio_card.dart;flutter_app/lib/features/home/presentation/widgets/phone/home_products_section.dart;flutter_app/lib/features/home/presentation/widgets/phone/home_recent_products_section.dart;flutter_app/lib/features/home/presentation/widgets/phone/home_scroll_shell.dart;flutter_app/lib/features/home/presentation/widgets/phone/home_status_content.dart
home,AppRoutePaths.news,VitWebUtilityPage,flutter_app/lib/shared/layout/vit_web_utility_page.dart,L1_utilityHub,detail,A,P3,pass,pass,pass,pass,not_applicable,pass,pass,19,0,0,0,1,none,No body refactor required; keep visual smoke coverage when touched.,flutter test --reporter=compact,flutter_app/lib/shared/layout/vit_web_utility_page.dart
launchpad,AppRoutePaths.launchpad,VitTabletUtilityPage,flutter_app/lib/shared/layout/vit_tablet_utility_page.dart,L1_productModuleHub,rootModule,A,P3,pass,pass,pass,pass,pass,pass,pass,19,0,0,0,1,none,No body refactor required; keep visual smoke coverage when touched.,flutter test test/features/launchpad --reporter=compact,flutter_app/lib/shared/layout/vit_tablet_utility_page.dart
launchpad,AppRoutePaths.launchpadAbiDiff,VitTabletUtilityPage,flutter_app/lib/shared/layout/vit_tablet_utility_page.dart,L2_detail,detail,A,P3,pass,pass,pass,pass,pass,pass,pass,19,0,0,0,1,none,No body refactor required; keep visual smoke coverage when touched.,flutter test test/features/launchpad --reporter=compact,flutter_app/lib/shared/layout/vit_tablet_utility_page.dart
launchpad,AppRoutePaths.launchpadAddressBook,VitTabletUtilityPage,flutter_app/lib/shared/layout/vit_tablet_utility_page.dart,L3_transactionFlow,detail,A,P3,pass,pass,pass,pass,pass,pass,pass,19,0,0,0,1,none,No body refactor required; keep visual smoke coverage when touched.,flutter test test/features/launchpad --reporter=compact,flutter_app/lib/shared/layout/vit_tablet_utility_page.dart
launchpad,AppRoutePaths.launchpadBatchClaim,VitTabletUtilityPage,flutter_app/lib/shared/layout/vit_tablet_utility_page.dart,L3_transactionFlow,detail,A,P3,pass,pass,pass,pass,pass,pass,pass,19,0,0,0,1,none,No body refactor required; keep visual smoke coverage when touched.,flutter test test/features/launchpad --reporter=compact,flutter_app/lib/shared/layout/vit_tablet_utility_page.dart
launchpad,AppRoutePaths.launchpadBridgeCompare,VitTabletUtilityPage,flutter_app/lib/shared/layout/vit_tablet_utility_page.dart,L2_detail,detail,A,P3,pass,pass,pass,pass,pass,pass,pass,19,0,0,0,1,none,No body refactor required; keep visual smoke coverage when touched.,flutter test test/features/launchpad --reporter=compact,flutter_app/lib/shared/layout/vit_tablet_utility_page.dart
launchpad,AppRoutePaths.launchpadBridgeOrderTx001,VitTabletUtilityPage,flutter_app/lib/shared/layout/vit_tablet_utility_page.dart,L3_transactionFlow,detail,A,P3,pass,pass,pass,pass,pass,pass,pass,19,0,0,0,1,none,No body refactor required; keep visual smoke coverage when touched.,flutter test test/features/launchpad --reporter=compact,flutter_app/lib/shared/layout/vit_tablet_utility_page.dart
launchpad,AppRoutePaths.launchpadClaimReceiptPos001,VitTabletUtilityPage,flutter_app/lib/shared/layout/vit_tablet_utility_page.dart,L3_transactionFlow,detail,A,P3,pass,pass,pass,pass,pass,pass,pass,19,0,0,0,1,none,No body refactor required; keep visual smoke coverage when touched.,flutter test test/features/launchpad --reporter=compact,flutter_app/lib/shared/layout/vit_tablet_utility_page.dart
launchpad,AppRoutePaths.launchpadContractSample,VitTabletUtilityPage,flutter_app/lib/shared/layout/vit_tablet_utility_page.dart,L2_detail,detail,A,P3,pass,pass,pass,pass,pass,pass,pass,19,0,0,0,1,none,No body refactor required; keep visual smoke coverage when touched.,flutter test test/features/launchpad --reporter=compact,flutter_app/lib/shared/layout/vit_tablet_utility_page.dart
launchpad,AppRoutePaths.launchpadDcaBuilder,VitTabletUtilityPage,flutter_app/lib/shared/layout/vit_tablet_utility_page.dart,L3_transactionFlow,detail,A,P3,pass,pass,pass,pass,pass,pass,pass,19,0,0,0,1,none,No body refactor required; keep visual smoke coverage when touched.,flutter test test/features/launchpad --reporter=compact,flutter_app/lib/shared/layout/vit_tablet_utility_page.dart
launchpad,AppRoutePaths.launchpadEventLog,VitTabletUtilityPage,flutter_app/lib/shared/layout/vit_tablet_utility_page.dart,L2_detail,detail,A,P3,pass,pass,pass,pass,pass,pass,pass,19,0,0,0,1,none,No body refactor required; keep visual smoke coverage when touched.,flutter test test/features/launchpad --reporter=compact,flutter_app/lib/shared/layout/vit_tablet_utility_page.dart
launchpad,AppRoutePaths.launchpadGasTracker,VitTabletUtilityPage,flutter_app/lib/shared/layout/vit_tablet_utility_page.dart,L2_detail,detail,A,P3,pass,pass,pass,pass,pass,pass,pass,19,0,0,0,1,none,No body refactor required; keep visual smoke coverage when touched.,flutter test test/features/launchpad --reporter=compact,flutter_app/lib/shared/layout/vit_tablet_utility_page.dart
launchpad,AppRoutePaths.launchpadIdoBridgeSample,VitTabletUtilityPage,flutter_app/lib/shared/layout/vit_tablet_utility_page.dart,L2_detail,detail,A,P3,pass,pass,pass,pass,pass,pass,pass,19,0,0,0,1,none,No body refactor required; keep visual smoke coverage when touched.,flutter test test/features/launchpad --reporter=compact,flutter_app/lib/shared/layout/vit_tablet_utility_page.dart
launchpad,AppRoutePaths.launchpadLimitOrders,VitTabletUtilityPage,flutter_app/lib/shared/layout/vit_tablet_utility_page.dart,L2_detail,detail,A,P3,pass,pass,pass,pass,pass,pass,pass,19,0,0,0,1,none,No body refactor required; keep visual smoke coverage when touched.,flutter test test/features/launchpad --reporter=compact,flutter_app/lib/shared/layout/vit_tablet_utility_page.dart
launchpad,AppRoutePaths.launchpadMultisig,VitTabletUtilityPage,flutter_app/lib/shared/layout/vit_tablet_utility_page.dart,L2_detail,detail,A,P3,pass,pass,pass,pass,pass,pass,pass,19,0,0,0,1,none,No body refactor required; keep visual smoke coverage when touched.,flutter test test/features/launchpad --reporter=compact,flutter_app/lib/shared/layout/vit_tablet_utility_page.dart
launchpad,AppRoutePaths.launchpadNotifSound,VitTabletUtilityPage,flutter_app/lib/shared/layout/vit_tablet_utility_page.dart,L2_detail,detail,A,P3,pass,pass,pass,pass,pass,pass,pass,19,0,0,0,1,none,No body refactor required; keep visual smoke coverage when touched.,flutter test test/features/launchpad --reporter=compact,flutter_app/lib/shared/layout/vit_tablet_utility_page.dart
launchpad,AppRoutePaths.launchpadPerformance,VitTabletUtilityPage,flutter_app/lib/shared/layout/vit_tablet_utility_page.dart,L2_detail,detail,A,P3,pass,pass,pass,pass,pass,pass,pass,19,0,0,0,1,none,No body refactor required; keep visual smoke coverage when touched.,flutter test test/features/launchpad --reporter=compact,flutter_app/lib/shared/layout/vit_tablet_utility_page.dart
launchpad,AppRoutePaths.launchpadPortfolio,VitTabletUtilityPage,flutter_app/lib/shared/layout/vit_tablet_utility_page.dart,L2_utilityDetail,detail,A,P3,pass,pass,pass,pass,pass,pass,pass,19,0,0,0,1,none,No body refactor required; keep visual smoke coverage when touched.,flutter test test/features/launchpad --reporter=compact,flutter_app/lib/shared/layout/vit_tablet_utility_page.dart
launchpad,AppRoutePaths.launchpadRebalance,VitTabletUtilityPage,flutter_app/lib/shared/layout/vit_tablet_utility_page.dart,L2_detail,detail,A,P3,pass,pass,pass,pass,pass,pass,pass,19,0,0,0,1,none,No body refactor required; keep visual smoke coverage when touched.,flutter test test/features/launchpad --reporter=compact,flutter_app/lib/shared/layout/vit_tablet_utility_page.dart
launchpad,AppRoutePaths.launchpadReceiptSub001,VitTabletUtilityPage,flutter_app/lib/shared/layout/vit_tablet_utility_page.dart,L3_transactionFlow,detail,A,P3,pass,pass,pass,pass,pass,pass,pass,19,0,0,0,1,none,No body refactor required; keep visual smoke coverage when touched.,flutter test test/features/launchpad --reporter=compact,flutter_app/lib/shared/layout/vit_tablet_utility_page.dart
launchpad,AppRoutePaths.launchpadRiskAnalytics,VitTabletUtilityPage,flutter_app/lib/shared/layout/vit_tablet_utility_page.dart,L2_utilityDetail,detail,A,P3,pass,pass,pass,pass,pass,pass,pass,19,0,0,0,1,none,No body refactor required; keep visual smoke coverage when touched.,flutter test test/features/launchpad --reporter=compact,flutter_app/lib/shared/layout/vit_tablet_utility_page.dart
launchpad,AppRoutePaths.launchpadSample,VitTabletUtilityPage,flutter_app/lib/shared/layout/vit_tablet_utility_page.dart,L2_detail,detail,A,P3,pass,pass,pass,pass,pass,pass,pass,19,0,0,0,1,none,No body refactor required; keep visual smoke coverage when touched.,flutter test test/features/launchpad --reporter=compact,flutter_app/lib/shared/layout/vit_tablet_utility_page.dart
launchpad,AppRoutePaths.launchpadStaking,VitTabletUtilityPage,flutter_app/lib/shared/layout/vit_tablet_utility_page.dart,L2_detail,detail,A,P3,pass,pass,pass,pass,pass,pass,pass,19,0,0,0,1,none,No body refactor required; keep visual smoke coverage when touched.,flutter test test/features/launchpad --reporter=compact,flutter_app/lib/shared/layout/vit_tablet_utility_page.dart
launchpad,AppRoutePaths.launchpadSwapAggregator,VitTabletUtilityPage,flutter_app/lib/shared/layout/vit_tablet_utility_page.dart,L2_detail,detail,A,P3,pass,pass,pass,pass,pass,pass,pass,19,0,0,0,1,none,No body refactor required; keep visual smoke coverage when touched.,flutter test test/features/launchpad --reporter=compact,flutter_app/lib/shared/layout/vit_tablet_utility_page.dart
launchpad,AppRoutePaths.launchpadWebhooks,VitTabletUtilityPage,flutter_app/lib/shared/layout/vit_tablet_utility_page.dart,L2_detail,detail,A,P3,pass,pass,pass,pass,pass,pass,pass,19,0,0,0,1,none,No body refactor required; keep visual smoke coverage when touched.,flutter test test/features/launchpad --reporter=compact,flutter_app/lib/shared/layout/vit_tablet_utility_page.dart
markets,AppRoutePaths.markets,MarketListPage,flutter_app/lib/features/markets/presentation/phone/pages/market_list_page.dart,L1_primaryTabRoot,rootModule,A,P3,pass,pass,pass,pass,not_applicable,pass,pass,25,1,0,0,8,none,No body refactor required; keep visual smoke coverage when touched.,flutter test test/features/markets --reporter=compact,flutter_app/lib/features/markets/presentation/phone/pages/market_list_page.dart;flutter_app/lib/features/markets/presentation/widgets/phone/market_list_common.dart;flutter_app/lib/features/markets/presentation/widgets/phone/market_list_discover.dart;flutter_app/lib/features/markets/presentation/widgets/phone/market_list_filters.dart;flutter_app/lib/features/markets/presentation/widgets/phone/market_list_header.dart;flutter_app/lib/features/markets/presentation/widgets/phone/market_list_movers.dart;flutter_app/lib/features/markets/presentation/widgets/phone/market_list_pairs.dart;flutter_app/lib/features/markets/presentation/widgets/phone/market_list_tools.dart
markets,'/pair/:pairId',VitTabletUtilityPage,flutter_app/lib/shared/layout/vit_tablet_utility_page.dart,L2_entityDetail,detail,A,P3,pass,pass,pass,pass,not_applicable,pass,pass,19,0,0,0,1,none,No body refactor required; keep visual smoke coverage when touched.,flutter test test/features/markets --reporter=compact,flutter_app/lib/shared/layout/vit_tablet_utility_page.dart
markets,'/pair/:pairId/depth',VitTabletUtilityPage,flutter_app/lib/shared/layout/vit_tablet_utility_page.dart,L2_entityDetail,detail,A,P3,pass,pass,pass,pass,not_applicable,pass,pass,19,0,0,0,1,none,No body refactor required; keep visual smoke coverage when touched.,flutter test test/features/markets --reporter=compact,flutter_app/lib/shared/layout/vit_tablet_utility_page.dart
markets,'/pair/:pairId/info',VitTabletUtilityPage,flutter_app/lib/shared/layout/vit_tablet_utility_page.dart,L2_entityDetail,detail,A,P3,pass,pass,pass,pass,not_applicable,pass,pass,19,0,0,0,1,none,No body refactor required; keep visual smoke coverage when touched.,flutter test test/features/markets --reporter=compact,flutter_app/lib/shared/layout/vit_tablet_utility_page.dart
markets,AppRoutePaths.marketsAdvancedCharts,VitTabletUtilityPage,flutter_app/lib/shared/layout/vit_tablet_utility_page.dart,L2_detail,detail,A,P3,pass,pass,pass,pass,not_applicable,pass,pass,19,0,0,0,1,none,No body refactor required; keep visual smoke coverage when touched.,flutter test test/features/markets --reporter=compact,flutter_app/lib/shared/layout/vit_tablet_utility_page.dart
markets,AppRoutePaths.marketsAlerts,VitTabletUtilityPage,flutter_app/lib/shared/layout/vit_tablet_utility_page.dart,L2_utilityDetail,detail,A,P3,pass,pass,pass,pass,not_applicable,pass,pass,19,0,0,0,1,none,No body refactor required; keep visual smoke coverage when touched.,flutter test test/features/markets --reporter=compact,flutter_app/lib/shared/layout/vit_tablet_utility_page.dart
markets,AppRoutePaths.marketsCalendar,VitTabletUtilityPage,flutter_app/lib/shared/layout/vit_tablet_utility_page.dart,L2_utilityDetail,detail,A,P3,pass,pass,pass,pass,not_applicable,pass,pass,19,0,0,0,1,none,No body refactor required; keep visual smoke coverage when touched.,flutter test test/features/markets --reporter=compact,flutter_app/lib/shared/layout/vit_tablet_utility_page.dart
markets,AppRoutePaths.marketsCompare,VitTabletUtilityPage,flutter_app/lib/shared/layout/vit_tablet_utility_page.dart,L2_detail,detail,A,P3,pass,pass,pass,pass,not_applicable,pass,pass,19,0,0,0,1,none,No body refactor required; keep visual smoke coverage when touched.,flutter test test/features/markets --reporter=compact,flutter_app/lib/shared/layout/vit_tablet_utility_page.dart
markets,AppRoutePaths.marketsCorrelations,VitTabletUtilityPage,flutter_app/lib/shared/layout/vit_tablet_utility_page.dart,L2_detail,detail,A,P3,pass,pass,pass,pass,not_applicable,pass,pass,19,0,0,0,1,none,No body refactor required; keep visual smoke coverage when touched.,flutter test test/features/markets --reporter=compact,flutter_app/lib/shared/layout/vit_tablet_utility_page.dart
markets,AppRoutePaths.marketsDepth,VitTabletUtilityPage,flutter_app/lib/shared/layout/vit_tablet_utility_page.dart,L2_detail,detail,A,P3,pass,pass,pass,pass,not_applicable,pass,pass,19,0,0,0,1,none,No body refactor required; keep visual smoke coverage when touched.,flutter test test/features/markets --reporter=compact,flutter_app/lib/shared/layout/vit_tablet_utility_page.dart
markets,AppRoutePaths.marketsDerivatives,VitTabletUtilityPage,flutter_app/lib/shared/layout/vit_tablet_utility_page.dart,L2_detail,detail,A,P3,pass,pass,pass,pass,not_applicable,pass,pass,19,0,0,0,1,none,No body refactor required; keep visual smoke coverage when touched.,flutter test test/features/markets --reporter=compact,flutter_app/lib/shared/layout/vit_tablet_utility_page.dart
markets,AppRoutePaths.marketsHeatmap,VitTabletUtilityPage,flutter_app/lib/shared/layout/vit_tablet_utility_page.dart,L2_detail,detail,A,P3,pass,pass,pass,pass,not_applicable,pass,pass,19,0,0,0,1,none,No body refactor required; keep visual smoke coverage when touched.,flutter test test/features/markets --reporter=compact,flutter_app/lib/shared/layout/vit_tablet_utility_page.dart
markets,AppRoutePaths.marketsMovers,VitTabletUtilityPage,flutter_app/lib/shared/layout/vit_tablet_utility_page.dart,L2_detail,detail,A,P3,pass,pass,pass,pass,not_applicable,pass,pass,19,0,0,0,1,none,No body refactor required; keep visual smoke coverage when touched.,flutter test test/features/markets --reporter=compact,flutter_app/lib/shared/layout/vit_tablet_utility_page.dart
markets,AppRoutePaths.marketsNews,VitTabletUtilityPage,flutter_app/lib/shared/layout/vit_tablet_utility_page.dart,L1_utilityHub,detail,A,P3,pass,pass,pass,pass,not_applicable,pass,pass,19,0,0,0,1,none,No body refactor required; keep visual smoke coverage when touched.,flutter test test/features/markets --reporter=compact,flutter_app/lib/shared/layout/vit_tablet_utility_page.dart
markets,AppRoutePaths.marketsOverview,VitTabletUtilityPage,flutter_app/lib/shared/layout/vit_tablet_utility_page.dart,L2_sectionHub,detail,A,P3,pass,pass,pass,pass,not_applicable,pass,pass,19,0,0,0,1,none,No body refactor required; keep visual smoke coverage when touched.,flutter test test/features/markets --reporter=compact,flutter_app/lib/shared/layout/vit_tablet_utility_page.dart
markets,AppRoutePaths.marketsPortfolioTracker,VitTabletUtilityPage,flutter_app/lib/shared/layout/vit_tablet_utility_page.dart,L2_utilityDetail,detail,A,P3,pass,pass,pass,pass,not_applicable,pass,pass,19,0,0,0,1,none,No body refactor required; keep visual smoke coverage when touched.,flutter test test/features/markets --reporter=compact,flutter_app/lib/shared/layout/vit_tablet_utility_page.dart
markets,AppRoutePaths.marketsScreener,VitTabletUtilityPage,flutter_app/lib/shared/layout/vit_tablet_utility_page.dart,L2_detail,detail,A,P3,pass,pass,pass,pass,not_applicable,pass,pass,19,0,0,0,1,none,No body refactor required; keep visual smoke coverage when touched.,flutter test test/features/markets --reporter=compact,flutter_app/lib/shared/layout/vit_tablet_utility_page.dart
markets,AppRoutePaths.marketsSectors,VitTabletUtilityPage,flutter_app/lib/shared/layout/vit_tablet_utility_page.dart,L2_detail,detail,A,P3,pass,pass,pass,pass,not_applicable,pass,pass,19,0,0,0,1,none,No body refactor required; keep visual smoke coverage when touched.,flutter test test/features/markets --reporter=compact,flutter_app/lib/shared/layout/vit_tablet_utility_page.dart
markets,AppRoutePaths.marketsSignals,VitTabletUtilityPage,flutter_app/lib/shared/layout/vit_tablet_utility_page.dart,L2_detail,detail,A,P3,pass,pass,pass,pass,not_applicable,pass,pass,19,0,0,0,1,none,No body refactor required; keep visual smoke coverage when touched.,flutter test test/features/markets --reporter=compact,flutter_app/lib/shared/layout/vit_tablet_utility_page.dart
markets,AppRoutePaths.marketsSocialSentiment,VitTabletUtilityPage,flutter_app/lib/shared/layout/vit_tablet_utility_page.dart,L2_detail,detail,A,P3,pass,pass,pass,pass,not_applicable,pass,pass,19,0,0,0,1,none,No body refactor required; keep visual smoke coverage when touched.,flutter test test/features/markets --reporter=compact,flutter_app/lib/shared/layout/vit_tablet_utility_page.dart
markets,AppRoutePaths.marketsUnlocks,VitTabletUtilityPage,flutter_app/lib/shared/layout/vit_tablet_utility_page.dart,L2_detail,detail,A,P3,pass,pass,pass,pass,not_applicable,pass,pass,19,0,0,0,1,none,No body refactor required; keep visual smoke coverage when touched.,flutter test test/features/markets --reporter=compact,flutter_app/lib/shared/layout/vit_tablet_utility_page.dart
markets,AppRoutePaths.marketsWatchlist,VitTabletUtilityPage,flutter_app/lib/shared/layout/vit_tablet_utility_page.dart,L2_utilityDetail,detail,A,P3,pass,pass,pass,pass,not_applicable,pass,pass,19,0,0,0,1,none,No body refactor required; keep visual smoke coverage when touched.,flutter test test/features/markets --reporter=compact,flutter_app/lib/shared/layout/vit_tablet_utility_page.dart
p2p_account,AppRoutePaths.p2pKycAddress,P2PAddressProofPage,flutter_app/lib/features/p2p_account/presentation/phone/pages/merchant/p2p_address_proof_page.dart,L3_transactionFlow,detail,A,P3,pass,pass,pass,pass,pass,pass,pass,31,13,0,0,3,none,No body refactor required; keep visual smoke coverage when touched.,flutter test test/features/p2p_account --reporter=compact,flutter_app/lib/features/p2p_account/presentation/phone/pages/merchant/p2p_address_proof_page.dart;flutter_app/lib/features/p2p_account/presentation/widgets/merchant/p2p_address_proof_page_common.dart;flutter_app/lib/features/p2p_account/presentation/widgets/merchant/p2p_address_proof_page_sections.dart
p2p_account,AppRoutePaths.p2pKycIdentity,P2PIdentityVerificationPage,flutter_app/lib/features/p2p_account/presentation/phone/pages/merchant/p2p_identity_verification_page.dart,L3_transactionFlow,detail,A,P3,pass,pass,pass,pass,pass,pass,pass,26,10,0,0,3,none,No body refactor required; keep visual smoke coverage when touched.,flutter test test/features/p2p_account --reporter=compact,flutter_app/lib/features/p2p_account/presentation/phone/pages/merchant/p2p_identity_verification_page.dart;flutter_app/lib/features/p2p_account/presentation/widgets/merchant/p2p_identity_verification_page_common.dart;flutter_app/lib/features/p2p_account/presentation/widgets/merchant/p2p_identity_verification_page_sections.dart
p2p_account,AppRoutePaths.p2pKycVerify,P2PIdentityVerificationPage,flutter_app/lib/features/p2p_account/presentation/phone/pages/merchant/p2p_identity_verification_page.dart,L3_transactionFlow,detail,A,P3,pass,pass,pass,pass,pass,pass,pass,26,10,0,0,3,none,No body refactor required; keep visual smoke coverage when touched.,flutter test test/features/p2p_account --reporter=compact,flutter_app/lib/features/p2p_account/presentation/phone/pages/merchant/p2p_identity_verification_page.dart;flutter_app/lib/features/p2p_account/presentation/widgets/merchant/p2p_identity_verification_page_common.dart;flutter_app/lib/features/p2p_account/presentation/widgets/merchant/p2p_identity_verification_page_sections.dart
p2p_account,AppRoutePaths.p2pKycRequirements,P2PKycRequirementsPage,flutter_app/lib/features/p2p_account/presentation/phone/pages/merchant/p2p_kyc_requirements_page.dart,L3_transactionFlow,detail,A,P3,pass,pass,pass,pass,pass,pass,pass,40,6,0,0,3,none,No body refactor required; keep visual smoke coverage when touched.,flutter test test/features/p2p_account --reporter=compact,flutter_app/lib/features/p2p_account/presentation/phone/pages/merchant/p2p_kyc_requirements_page.dart;flutter_app/lib/features/p2p_account/presentation/widgets/merchant/p2p_kyc_requirements_page_common.dart;flutter_app/lib/features/p2p_account/presentation/widgets/merchant/p2p_kyc_requirements_page_sections.dart
p2p_account,AppRoutePaths.p2pKycStatus,P2PKycStatusPage,flutter_app/lib/features/p2p_account/presentation/phone/pages/merchant/p2p_kyc_status_page.dart,L3_transactionFlow,detail,A,P3,pass,pass,pass,pass,pass,pass,pass,38,14,0,0,3,none,No body refactor required; keep visual smoke coverage when touched.,flutter test test/features/p2p_account --reporter=compact,flutter_app/lib/features/p2p_account/presentation/phone/pages/merchant/p2p_kyc_status_page.dart;flutter_app/lib/features/p2p_account/presentation/widgets/merchant/p2p_kyc_status_page_common.dart;flutter_app/lib/features/p2p_account/presentation/widgets/merchant/p2p_kyc_status_page_sections.dart
p2p_account,AppRoutePaths.p2pMerchantApply,P2PMerchantApplyPage,flutter_app/lib/features/p2p_account/presentation/phone/pages/merchant/p2p_merchant_apply_page.dart,L2_detail,detail,A,P3,pass,pass,pass,pass,not_applicable,pass,pass,32,20,0,0,4,none,No body refactor required; keep visual smoke coverage when touched.,flutter test test/features/p2p_account --reporter=compact,flutter_app/lib/features/p2p_account/presentation/phone/pages/merchant/p2p_merchant_apply_page.dart;flutter_app/lib/features/p2p_account/presentation/phone/pages/merchant/p2p_merchant_apply_page_common.dart;flutter_app/lib/features/p2p_account/presentation/phone/pages/merchant/p2p_merchant_apply_page_state.dart;flutter_app/lib/features/p2p_account/presentation/phone/pages/merchant/p2p_merchant_apply_steps.dart
p2p_account,'/p2p/merchant/:merchantId',P2PMerchantProfilePage,flutter_app/lib/features/p2p_account/presentation/phone/pages/merchant/p2p_merchant_profile_page.dart,L2_entityDetail,detail,A,P3,pass,pass,pass,pass,pass,pass,pass,42,18,0,0,3,none,No body refactor required; keep visual smoke coverage when touched.,flutter test test/features/p2p_account --reporter=compact,flutter_app/lib/features/p2p_account/presentation/phone/pages/merchant/p2p_merchant_profile_page.dart;flutter_app/lib/features/p2p_account/presentation/widgets/merchant/p2p_merchant_profile_ads_reviews.dart;flutter_app/lib/features/p2p_account/presentation/widgets/merchant/p2p_merchant_profile_header_stats.dart
p2p_account,AppRoutePaths.p2pKycFaceMatch,P2PSelfieVerificationPage,flutter_app/lib/features/p2p_account/presentation/phone/pages/merchant/p2p_selfie_verification_page.dart,L3_transactionFlow,detail,A,P3,pass,pass,pass,pass,pass,pass,pass,39,25,0,0,3,none,No body refactor required; keep visual smoke coverage when touched.,flutter test test/features/p2p_account --reporter=compact,flutter_app/lib/features/p2p_account/presentation/phone/pages/merchant/p2p_selfie_verification_page.dart;flutter_app/lib/features/p2p_account/presentation/widgets/merchant/p2p_selfie_verification_page_common.dart;flutter_app/lib/features/p2p_account/presentation/widgets/merchant/p2p_selfie_verification_page_sections.dart
p2p_account,AppRoutePaths.p2pKycSelfie,P2PSelfieVerificationPage,flutter_app/lib/features/p2p_account/presentation/phone/pages/merchant/p2p_selfie_verification_page.dart,L3_transactionFlow,detail,A,P3,pass,pass,pass,pass,pass,pass,pass,39,25,0,0,3,none,No body refactor required; keep visual smoke coverage when touched.,flutter test test/features/p2p_account --reporter=compact,flutter_app/lib/features/p2p_account/presentation/phone/pages/merchant/p2p_selfie_verification_page.dart;flutter_app/lib/features/p2p_account/presentation/widgets/merchant/p2p_selfie_verification_page_common.dart;flutter_app/lib/features/p2p_account/presentation/widgets/merchant/p2p_selfie_verification_page_sections.dart
p2p_account,AppRoutePaths.p2pKycVideo,P2PVideoVerificationPage,flutter_app/lib/features/p2p_account/presentation/phone/pages/merchant/p2p_video_verification_page.dart,L3_transactionFlow,detail,A,P3,pass,pass,pass,pass,pass,pass,pass,23,6,0,0,1,none,No body refactor required; keep visual smoke coverage when touched.,flutter test test/features/p2p_account --reporter=compact,flutter_app/lib/features/p2p_account/presentation/phone/pages/merchant/p2p_video_verification_page.dart
p2p_account,AppRoutePaths.p2pPaymentMethodAdd,P2PPaymentMethodAddPage,flutter_app/lib/features/p2p_account/presentation/phone/pages/payment/p2p_payment_method_add_page.dart,L3_transactionFlow,detail,A,P3,pass,pass,pass,pass,pass,pass,pass,19,5,0,0,3,none,No body refactor required; keep visual smoke coverage when touched.,flutter test test/features/p2p_account --reporter=compact,flutter_app/lib/features/p2p_account/presentation/phone/pages/payment/p2p_payment_method_add_page.dart;flutter_app/lib/features/p2p_account/presentation/widgets/payment/p2p_payment_method_add_page_common.dart;flutter_app/lib/features/p2p_account/presentation/widgets/payment/p2p_payment_method_add_page_sections.dart
p2p_account,AppRoutePaths.p2pPaymentMethodCoolingPeriod,P2PPaymentMethodCoolingPeriodPage,flutter_app/lib/features/p2p_account/presentation/phone/pages/payment/p2p_payment_method_cooling_period_page.dart,L3_transactionFlow,detail,A,P3,pass,pass,pass,pass,pass,pass,pass,15,7,0,0,1,none,No body refactor required; keep visual smoke coverage when touched.,flutter test test/features/p2p_account --reporter=compact,flutter_app/lib/features/p2p_account/presentation/phone/pages/payment/p2p_payment_method_cooling_period_page.dart
p2p_account,AppRoutePaths.p2pPaymentMethodHistory,P2PPaymentMethodHistoryPage,flutter_app/lib/features/p2p_account/presentation/phone/pages/payment/p2p_payment_method_history_page.dart,L3_transactionFlow,detail,A,P3,pass,pass,pass,pass,pass,pass,pass,17,3,0,0,1,none,No body refactor required; keep visual smoke coverage when touched.,flutter test test/features/p2p_account --reporter=compact,flutter_app/lib/features/p2p_account/presentation/phone/pages/payment/p2p_payment_method_history_page.dart
p2p_account,'/p2p/payment-method/ownership/:methodId',P2PPaymentMethodOwnershipPage,flutter_app/lib/features/p2p_account/presentation/phone/pages/payment/p2p_payment_method_ownership_page.dart,L3_transactionFlow,detail,A,P3,pass,pass,pass,pass,pass,pass,pass,18,2,0,0,1,none,No body refactor required; keep visual smoke coverage when touched.,flutter test test/features/p2p_account --reporter=compact,flutter_app/lib/features/p2p_account/presentation/phone/pages/payment/p2p_payment_method_ownership_page.dart
p2p_account,'/p2p/payment-method/verification/:methodId',P2PPaymentMethodVerificationPage,flutter_app/lib/features/p2p_account/presentation/phone/pages/payment/p2p_payment_method_verification_page.dart,L3_transactionFlow,detail,A,P3,pass,pass,pass,pass,pass,pass,pass,27,13,0,0,3,none,No body refactor required; keep visual smoke coverage when touched.,flutter test test/features/p2p_account --reporter=compact,flutter_app/lib/features/p2p_account/presentation/phone/pages/payment/p2p_payment_method_verification_page.dart;flutter_app/lib/features/p2p_account/presentation/widgets/payment/p2p_payment_method_verification_flow.dart;flutter_app/lib/features/p2p_account/presentation/widgets/payment/p2p_payment_method_verification_methods.dart
p2p_account,AppRoutePaths.p2pPaymentMethods,P2PPaymentMethodsPage,flutter_app/lib/features/p2p_account/presentation/phone/pages/payment/p2p_payment_methods_page.dart,L3_transactionFlow,detail,A,P3,pass,pass,pass,pass,pass,pass,pass,25,3,0,0,3,none,No body refactor required; keep visual smoke coverage when touched.,flutter test test/features/p2p_account --reporter=compact,flutter_app/lib/features/p2p_account/presentation/phone/pages/payment/p2p_payment_methods_page.dart;flutter_app/lib/features/p2p_account/presentation/widgets/payment/p2p_payment_methods_page_common.dart;flutter_app/lib/features/p2p_account/presentation/widgets/payment/p2p_payment_methods_page_sections.dart
p2p_dispute,'/p2p/insurance/claim/:claimId',P2PClaimDetailPage,flutter_app/lib/features/p2p_dispute/presentation/phone/pages/dispute/p2p_claim_detail_page.dart,L3_transactionFlow,detail,A,P3,pass,pass,pass,pass,pass,pass,pass,50,26,0,0,4,none,No body refactor required; keep visual smoke coverage when touched.,flutter test test/features/p2p_dispute --reporter=compact,flutter_app/lib/features/p2p_dispute/presentation/phone/pages/dispute/p2p_claim_detail_page.dart;flutter_app/lib/features/p2p_dispute/presentation/phone/pages/dispute/p2p_claim_detail_page_common.dart;flutter_app/lib/features/p2p_dispute/presentation/phone/pages/dispute/p2p_claim_detail_page_sections.dart;flutter_app/lib/features/p2p_dispute/presentation/phone/pages/dispute/p2p_claim_detail_page_state.dart
p2p_dispute,'/p2p/dispute/detail/:disputeId',P2PDisputeDetailPage,flutter_app/lib/features/p2p_dispute/presentation/phone/pages/dispute/p2p_dispute_detail_page.dart,L2_entityDetail,detail,A,P3,pass,pass,pass,pass,not_applicable,pass,pass,19,20,0,0,9,none,No body refactor required; keep visual smoke coverage when touched.,flutter test test/features/p2p_dispute --reporter=compact,flutter_app/lib/features/p2p_dispute/presentation/phone/pages/dispute/p2p_dispute_detail_page.dart;flutter_app/lib/features/p2p_dispute/presentation/widgets/dispute/p2p_dispute_actions_card.dart;flutter_app/lib/features/p2p_dispute/presentation/widgets/dispute/p2p_dispute_detail_common.dart;flutter_app/lib/features/p2p_dispute/presentation/widgets/dispute/p2p_dispute_escalation_card.dart;flutter_app/lib/features/p2p_dispute/presentation/widgets/dispute/p2p_dispute_evidence_card.dart;flutter_app/lib/features/p2p_dispute/presentation/widgets/dispute/p2p_dispute_status_banner.dart;flutter_app/lib/features/p2p_dispute/presentation/widgets/dispute/p2p_dispute_support_chat.dart;flutter_app/lib/features/p2p_dispute/presentation/widgets/dispute/p2p_dispute_timeline_card.dart;flutter_app/lib/features/p2p_dispute/presentation/widgets/dispute/p2p_dispute_widgets.dart
p2p_dispute,'/p2p/dispute/evidence/:disputeId',P2PDisputeEvidencePage,flutter_app/lib/features/p2p_dispute/presentation/phone/pages/dispute/p2p_dispute_evidence_page.dart,L2_entityDetail,detail,A,P3,pass,pass,pass,pass,pass,pass,pass,13,2,0,0,1,none,No body refactor required; keep visual smoke coverage when touched.,flutter test test/features/p2p_dispute --reporter=compact,flutter_app/lib/features/p2p_dispute/presentation/phone/pages/dispute/p2p_dispute_evidence_page.dart
p2p_dispute,'/p2p/dispute/:orderId',P2PDisputePage,flutter_app/lib/features/p2p_dispute/presentation/phone/pages/dispute/p2p_dispute_page.dart,L2_entityDetail,detail,A,P3,pass,pass,pass,pass,pass,pass,pass,19,4,0,0,1,none,No body refactor required; keep visual smoke coverage when touched.,flutter test test/features/p2p_dispute --reporter=compact,flutter_app/lib/features/p2p_dispute/presentation/phone/pages/dispute/p2p_dispute_page.dart
p2p_dispute,'/p2p/dispute/resolution/:disputeId',P2PDisputeResolutionPage,flutter_app/lib/features/p2p_dispute/presentation/phone/pages/dispute/p2p_dispute_resolution_page.dart,L2_entityDetail,detail,A,P3,pass,pass,pass,pass,pass,pass,pass,16,8,0,0,1,none,No body refactor required; keep visual smoke coverage when touched.,flutter test test/features/p2p_dispute --reporter=compact,flutter_app/lib/features/p2p_dispute/presentation/phone/pages/dispute/p2p_dispute_resolution_page.dart
p2p_dispute,AppRoutePaths.p2pDisputes,P2PDisputesPage,flutter_app/lib/features/p2p_dispute/presentation/phone/pages/dispute/p2p_disputes_page.dart,L2_detail,detail,A,P3,pass,pass,pass,pass,not_applicable,pass,pass,13,8,0,0,1,none,No body refactor required; keep visual smoke coverage when touched.,flutter test test/features/p2p_dispute --reporter=compact,flutter_app/lib/features/p2p_dispute/presentation/phone/pages/dispute/p2p_disputes_page.dart
p2p_dispute,AppRoutePaths.p2pInsuranceCertificate,P2PInsuranceCertificatePage,flutter_app/lib/features/p2p_dispute/presentation/phone/pages/dispute/p2p_insurance_certificate_page.dart,L2_detail,detail,A,P3,pass,pass,pass,pass,pass,pass,pass,24,14,0,0,3,none,No body refactor required; keep visual smoke coverage when touched.,flutter test test/features/p2p_dispute --reporter=compact,flutter_app/lib/features/p2p_dispute/presentation/phone/pages/dispute/p2p_insurance_certificate_page.dart;flutter_app/lib/features/p2p_dispute/presentation/widgets/dispute/p2p_insurance_certificate_page_common.dart;flutter_app/lib/features/p2p_dispute/presentation/widgets/dispute/p2p_insurance_certificate_page_sections.dart
p2p_dispute,AppRoutePaths.p2pInsurance,P2PInsuranceFundPage,flutter_app/lib/features/p2p_dispute/presentation/phone/pages/dispute/p2p_insurance_fund_page.dart,L2_detail,detail,A,P3,pass,pass,pass,pass,pass,pass,pass,93,25,0,0,4,none,No body refactor required; keep visual smoke coverage when touched.,flutter test test/features/p2p_dispute --reporter=compact,flutter_app/lib/features/p2p_dispute/presentation/phone/pages/dispute/p2p_insurance_fund_claims_tour.dart;flutter_app/lib/features/p2p_dispute/presentation/phone/pages/dispute/p2p_insurance_fund_overview_cards.dart;flutter_app/lib/features/p2p_dispute/presentation/phone/pages/dispute/p2p_insurance_fund_page.dart;flutter_app/lib/features/p2p_dispute/presentation/phone/pages/dispute/p2p_insurance_fund_page_common.dart
p2p_dispute,AppRoutePaths.p2pInsurancePolicy,P2PInsurancePolicyPage,flutter_app/lib/features/p2p_dispute/presentation/phone/pages/dispute/p2p_insurance_policy_page.dart,L2_detail,detail,A,P3,pass,pass,pass,pass,pass,pass,pass,21,5,0,0,1,none,No body refactor required; keep visual smoke coverage when touched.,flutter test test/features/p2p_dispute --reporter=compact,flutter_app/lib/features/p2p_dispute/presentation/phone/pages/dispute/p2p_insurance_policy_page.dart
p2p_dispute,AppRoutePaths.p2pInsuranceScore,P2PInsuranceScorePage,flutter_app/lib/features/p2p_dispute/presentation/phone/pages/dispute/p2p_insurance_score_page.dart,L2_detail,detail,A,P3,pass,pass,pass,pass,pass,pass,pass,34,17,0,0,3,none,No body refactor required; keep visual smoke coverage when touched.,flutter test test/features/p2p_dispute --reporter=compact,flutter_app/lib/features/p2p_dispute/presentation/phone/pages/dispute/p2p_insurance_score_page.dart;flutter_app/lib/features/p2p_dispute/presentation/widgets/dispute/p2p_insurance_score_page_common.dart;flutter_app/lib/features/p2p_dispute/presentation/widgets/dispute/p2p_insurance_score_page_sections.dart
p2p_marketplace,'/p2p/ad-analytics/:adId',P2PAdAnalyticsPage,flutter_app/lib/features/p2p_marketplace/presentation/phone/pages/ads/p2p_ad_analytics_page.dart,L2_entityDetail,detail,A,P3,pass,pass,pass,pass,pass,pass,pass,22,22,0,0,4,none,No body refactor required; keep visual smoke coverage when touched.,flutter test test/features/p2p_marketplace --reporter=compact,flutter_app/lib/features/p2p_marketplace/presentation/phone/pages/ads/p2p_ad_analytics_page.dart;flutter_app/lib/features/p2p_marketplace/presentation/widgets/ads/p2p_ad_analytics_breakdown_cards.dart;flutter_app/lib/features/p2p_marketplace/presentation/widgets/ads/p2p_ad_analytics_charts_common.dart;flutter_app/lib/features/p2p_marketplace/presentation/widgets/ads/p2p_ad_analytics_overview_cards.dart
p2p_marketplace,'/p2p/ad/:adId',P2PAdDetailPage,flutter_app/lib/features/p2p_marketplace/presentation/phone/pages/ads/p2p_ad_detail_page.dart,L3_transactionFlow,detail,A,P3,pass,pass,pass,pass,pass,pass,pass,14,13,0,0,3,none,No body refactor required; keep visual smoke coverage when touched.,flutter test test/features/p2p_marketplace --reporter=compact,flutter_app/lib/features/p2p_marketplace/presentation/phone/pages/ads/p2p_ad_detail_page.dart;flutter_app/lib/features/p2p_marketplace/presentation/widgets/ads/p2p_ad_detail_amount_terms.dart;flutter_app/lib/features/p2p_marketplace/presentation/widgets/ads/p2p_ad_detail_merchant_info.dart
p2p_marketplace,AppRoutePaths.p2pCreate,P2PCreateAdPage,flutter_app/lib/features/p2p_marketplace/presentation/phone/pages/ads/p2p_create_ad_page.dart,L3_transactionFlow,detail,A,P3,pass,pass,pass,pass,pass,pass,pass,37,12,0,0,5,none,No body refactor required; keep visual smoke coverage when touched.,flutter test test/features/p2p_marketplace --reporter=compact,flutter_app/lib/features/p2p_marketplace/presentation/phone/pages/ads/p2p_create_ad_page.dart;flutter_app/lib/features/p2p_marketplace/presentation/widgets/ads/p2p_create_ad_choice_chips.dart;flutter_app/lib/features/p2p_marketplace/presentation/widgets/ads/p2p_create_ad_page_sections.dart;flutter_app/lib/features/p2p_marketplace/presentation/widgets/ads/p2p_create_ad_preview_confirm.dart;flutter_app/lib/features/p2p_marketplace/presentation/widgets/ads/p2p_create_ad_sections.dart
p2p_marketplace,AppRoutePaths.p2pMyAds,P2PMyAdsPage,flutter_app/lib/features/p2p_marketplace/presentation/phone/pages/ads/p2p_my_ads_page.dart,L2_detail,detail,A,P3,pass,pass,pass,pass,pass,pass,pass,29,12,0,0,3,none,No body refactor required; keep visual smoke coverage when touched.,flutter test test/features/p2p_marketplace --reporter=compact,flutter_app/lib/features/p2p_marketplace/presentation/phone/pages/ads/p2p_my_ads_page.dart;flutter_app/lib/features/p2p_marketplace/presentation/widgets/ads/p2p_my_ads_empty_links.dart;flutter_app/lib/features/p2p_marketplace/presentation/widgets/ads/p2p_my_ads_stats_cards.dart
p2p_marketplace,AppRoutePaths.p2pOrderBook,P2POrderBookPage,flutter_app/lib/features/p2p_marketplace/presentation/phone/pages/ads/p2p_order_book_page.dart,L2_detail,detail,A,P3,pass,pass,pass,pass,pass,pass,pass,19,11,0,0,4,none,No body refactor required; keep visual smoke coverage when touched.,flutter test test/features/p2p_marketplace --reporter=compact,flutter_app/lib/features/p2p_marketplace/presentation/phone/pages/ads/p2p_order_book_page.dart;flutter_app/lib/features/p2p_marketplace/presentation/widgets/ads/p2p_order_book_cards_lists.dart;flutter_app/lib/features/p2p_marketplace/presentation/widgets/ads/p2p_order_book_painter.dart;flutter_app/lib/features/p2p_marketplace/presentation/widgets/ads/p2p_order_book_selector_ticker.dart
p2p_marketplace,AppRoutePaths.p2pDashboard,P2PDashboardPage,flutter_app/lib/features/p2p_marketplace/presentation/phone/pages/hub/p2p_dashboard_page.dart,L2_sectionHub,detail,A,P3,pass,pass,pass,pass,not_applicable,pass,pass,42,22,0,0,5,none,No body refactor required; keep visual smoke coverage when touched.,flutter test test/features/p2p_marketplace --reporter=compact,flutter_app/lib/features/p2p_marketplace/presentation/phone/pages/hub/p2p_dashboard_page.dart;flutter_app/lib/features/p2p_marketplace/presentation/widgets/phone/p2p_dashboard_activity_cards.dart;flutter_app/lib/features/p2p_marketplace/presentation/widgets/phone/p2p_dashboard_overview_cards.dart;flutter_app/lib/features/p2p_marketplace/presentation/widgets/phone/p2p_dashboard_page_common.dart;flutter_app/lib/features/p2p_marketplace/presentation/widgets/phone/p2p_dashboard_row_widgets.dart
p2p_marketplace,AppRoutePaths.p2pExpressConfirm,P2PExpressConfirmPage,flutter_app/lib/features/p2p_marketplace/presentation/phone/pages/hub/p2p_express_confirm_page.dart,L3_transactionFlow,detail,A,P3,pass,pass,pass,pass,pass,pass,pass,22,1,0,0,1,none,No body refactor required; keep visual smoke coverage when touched.,flutter test test/features/p2p_marketplace --reporter=compact,flutter_app/lib/features/p2p_marketplace/presentation/phone/pages/hub/p2p_express_confirm_page.dart
p2p_marketplace,AppRoutePaths.p2pExpress,P2PExpressPage,flutter_app/lib/features/p2p_marketplace/presentation/phone/pages/hub/p2p_express_page.dart,L2_detail,detail,A,P3,pass,pass,pass,pass,pass,pass,pass,30,12,0,0,4,none,No body refactor required; keep visual smoke coverage when touched.,flutter test test/features/p2p_marketplace --reporter=compact,flutter_app/lib/features/p2p_marketplace/presentation/phone/pages/hub/p2p_express_page.dart;flutter_app/lib/features/p2p_marketplace/presentation/widgets/phone/p2p_express_form_cards.dart;flutter_app/lib/features/p2p_marketplace/presentation/widgets/phone/p2p_express_page_common.dart;flutter_app/lib/features/p2p_marketplace/presentation/widgets/phone/p2p_express_page_state.dart
p2p_marketplace,AppRoutePaths.p2pGuide,P2PGuidePage,flutter_app/lib/features/p2p_marketplace/presentation/phone/pages/hub/p2p_guide_page.dart,L2_utilityDetail,detail,A,P3,pass,pass,pass,pass,not_applicable,pass,pass,32,25,0,0,4,none,No body refactor required; keep visual smoke coverage when touched.,flutter test test/features/p2p_marketplace --reporter=compact,flutter_app/lib/features/p2p_marketplace/presentation/phone/pages/hub/p2p_guide_page.dart;flutter_app/lib/features/p2p_marketplace/presentation/widgets/phone/p2p_guide_steps_safety.dart;flutter_app/lib/features/p2p_marketplace/presentation/widgets/phone/p2p_guide_tabs_faq.dart;flutter_app/lib/features/p2p_marketplace/presentation/widgets/phone/p2p_guide_video_common.dart
p2p_marketplace,AppRoutePaths.p2p,P2PHomePage,flutter_app/lib/features/p2p_marketplace/presentation/phone/pages/hub/p2p_home_page.dart,L1_productModuleHub,rootModule,A,P3,pass,pass,pass,pass,pass,pass,pass,49,17,0,0,5,none,No body refactor required; keep visual smoke coverage when touched.,flutter test test/features/p2p_marketplace --reporter=compact,flutter_app/lib/features/p2p_marketplace/presentation/phone/pages/hub/p2p_home_page.dart;flutter_app/lib/features/p2p_marketplace/presentation/widgets/phone/p2p_home_offer_list.dart;flutter_app/lib/features/p2p_marketplace/presentation/widgets/phone/p2p_home_page_common.dart;flutter_app/lib/features/p2p_marketplace/presentation/widgets/phone/p2p_home_page_state.dart;flutter_app/lib/features/p2p_marketplace/presentation/widgets/phone/p2p_home_tools.dart
p2p_marketplace,AppRoutePaths.p2pSettingsNotifications,P2PNotificationsSettingsPage,flutter_app/lib/features/p2p_marketplace/presentation/phone/pages/hub/p2p_notifications_settings_page.dart,L1_utilityHub,detail,A,P3,pass,pass,pass,pass,pass,pass,pass,15,3,0,0,1,none,No body refactor required; keep visual smoke coverage when touched.,flutter test test/features/p2p_marketplace --reporter=compact,flutter_app/lib/features/p2p_marketplace/presentation/phone/pages/hub/p2p_notifications_settings_page.dart
p2p_marketplace,AppRoutePaths.p2pSettings,P2PSettingsPage,flutter_app/lib/features/p2p_marketplace/presentation/phone/pages/hub/p2p_settings_page.dart,L2_utilityDetail,detail,A,P3,pass,pass,pass,pass,pass,pass,pass,32,13,0,0,3,none,No body refactor required; keep visual smoke coverage when touched.,flutter test test/features/p2p_marketplace --reporter=compact,flutter_app/lib/features/p2p_marketplace/presentation/phone/pages/hub/p2p_settings_page.dart;flutter_app/lib/features/p2p_marketplace/presentation/widgets/phone/p2p_settings_hours_common.dart;flutter_app/lib/features/p2p_marketplace/presentation/widgets/phone/p2p_settings_trade_security.dart
p2p_marketplace,AppRoutePaths.p2pTradingLevel,P2PTradingLevelPage,flutter_app/lib/features/p2p_marketplace/presentation/phone/pages/hub/p2p_trading_level_page.dart,L2_detail,detail,A,P3,pass,pass,pass,pass,not_applicable,pass,pass,33,11,0,0,3,none,No body refactor required; keep visual smoke coverage when touched.,flutter test test/features/p2p_marketplace --reporter=compact,flutter_app/lib/features/p2p_marketplace/presentation/phone/pages/hub/p2p_trading_level_page.dart;flutter_app/lib/features/p2p_marketplace/presentation/widgets/phone/p2p_trading_level_cards.dart;flutter_app/lib/features/p2p_marketplace/presentation/widgets/phone/p2p_trading_level_hero_progress.dart
p2p_orders,'/p2p/chat/:orderId',P2PChatPage,flutter_app/lib/features/p2p_orders/presentation/phone/pages/orders/p2p_chat_page.dart,L3_fullscreenTool,fullscreenTool,Tool,P3,pass,pass,warn,pass,pass,pass,pass,15,5,0,0,4,fullscreen_tool_manual_visual_qa_required,"Document fullscreen exception and verify safe close/back controls, safe areas, and nonblank rendering.",flutter test test/features/p2p_orders --reporter=compact,flutter_app/lib/features/p2p_orders/presentation/phone/pages/orders/p2p_chat_page.dart;flutter_app/lib/features/p2p_orders/presentation/widgets/orders/p2p_chat_composer_actions.dart;flutter_app/lib/features/p2p_orders/presentation/widgets/orders/p2p_chat_header_banners.dart;flutter_app/lib/features/p2p_orders/presentation/widgets/orders/p2p_chat_messages.dart
p2p_orders,AppRoutePaths.p2pEscrowBalance,P2PEscrowBalancePage,flutter_app/lib/features/p2p_orders/presentation/phone/pages/orders/p2p_escrow_balance_page.dart,L2_detail,detail,A,P3,pass,pass,pass,pass,pass,pass,pass,41,13,0,0,3,none,No body refactor required; keep visual smoke coverage when touched.,flutter test test/features/p2p_orders --reporter=compact,flutter_app/lib/features/p2p_orders/presentation/phone/pages/orders/p2p_escrow_balance_page.dart;flutter_app/lib/features/p2p_orders/presentation/widgets/orders/p2p_escrow_balance_page_common.dart;flutter_app/lib/features/p2p_orders/presentation/widgets/orders/p2p_escrow_balance_page_sections.dart
p2p_orders,'/p2p/escrow/:orderId',P2PEscrowDetailPage,flutter_app/lib/features/p2p_orders/presentation/phone/pages/orders/p2p_escrow_detail_page.dart,L2_entityDetail,detail,A,P3,pass,pass,pass,pass,pass,pass,pass,41,12,0,0,4,none,No body refactor required; keep visual smoke coverage when touched.,flutter test test/features/p2p_orders --reporter=compact,flutter_app/lib/features/p2p_orders/presentation/phone/pages/orders/p2p_escrow_detail_page.dart;flutter_app/lib/features/p2p_orders/presentation/widgets/orders/p2p_escrow_detail_multisig_order.dart;flutter_app/lib/features/p2p_orders/presentation/widgets/orders/p2p_escrow_detail_status_address.dart;flutter_app/lib/features/p2p_orders/presentation/widgets/orders/p2p_escrow_detail_timeline_actions.dart
p2p_orders,AppRoutePaths.p2pWalletFundLockHistory,P2PFundLockHistoryPage,flutter_app/lib/features/p2p_orders/presentation/phone/pages/orders/p2p_fund_lock_history_page.dart,L2_utilityDetail,detail,A,P3,pass,pass,pass,pass,not_applicable,pass,pass,18,4,0,0,1,none,No body refactor required; keep visual smoke coverage when touched.,flutter test test/features/p2p_orders --reporter=compact,flutter_app/lib/features/p2p_orders/presentation/phone/pages/orders/p2p_fund_lock_history_page.dart
p2p_orders,AppRoutePaths.p2pWalletHistory,P2PFundLockHistoryPage,flutter_app/lib/features/p2p_orders/presentation/phone/pages/orders/p2p_fund_lock_history_page.dart,L2_utilityDetail,detail,A,P3,pass,pass,pass,pass,not_applicable,pass,pass,18,4,0,0,1,none,No body refactor required; keep visual smoke coverage when touched.,flutter test test/features/p2p_orders --reporter=compact,flutter_app/lib/features/p2p_orders/presentation/phone/pages/orders/p2p_fund_lock_history_page.dart
p2p_orders,AppRoutePaths.p2pMyOrders,P2PMyOrdersPage,flutter_app/lib/features/p2p_orders/presentation/phone/pages/orders/p2p_my_orders_page.dart,L2_detail,detail,A,P3,pass,pass,pass,pass,pass,pass,pass,38,10,0,0,3,none,No body refactor required; keep visual smoke coverage when touched.,flutter test test/features/p2p_orders --reporter=compact,flutter_app/lib/features/p2p_orders/presentation/phone/pages/orders/p2p_my_orders_page.dart;flutter_app/lib/features/p2p_orders/presentation/widgets/orders/p2p_my_orders_page_common.dart;flutter_app/lib/features/p2p_orders/presentation/widgets/orders/p2p_my_orders_page_sections.dart
p2p_orders,'/p2p/order/cancel/:orderId',P2POrderCancelPage,flutter_app/lib/features/p2p_orders/presentation/phone/pages/orders/p2p_order_cancel_page.dart,L2_entityDetail,detail,A,P3,pass,pass,pass,pass,pass,pass,pass,15,4,0,0,1,none,No body refactor required; keep visual smoke coverage when touched.,flutter test test/features/p2p_orders --reporter=compact,flutter_app/lib/features/p2p_orders/presentation/phone/pages/orders/p2p_order_cancel_page.dart
p2p_orders,'/p2p/order/:orderId',P2POrderPage,flutter_app/lib/features/p2p_orders/presentation/phone/pages/orders/p2p_order_page.dart,L2_entityDetail,detail,A,P3,pass,pass,pass,pass,pass,pass,pass,24,16,0,0,4,none,No body refactor required; keep visual smoke coverage when touched.,flutter test test/features/p2p_orders --reporter=compact,flutter_app/lib/features/p2p_orders/presentation/phone/pages/orders/p2p_order_page.dart;flutter_app/lib/features/p2p_orders/presentation/widgets/orders/p2p_order_content_cards.dart;flutter_app/lib/features/p2p_orders/presentation/widgets/orders/p2p_order_page_common.dart;flutter_app/lib/features/p2p_orders/presentation/widgets/orders/p2p_order_page_state.dart
p2p_orders,'/p2p/order/proof/:orderId',P2POrderProofPage,flutter_app/lib/features/p2p_orders/presentation/phone/pages/orders/p2p_order_proof_page.dart,L2_entityDetail,detail,A,P3,pass,pass,pass,pass,pass,pass,pass,18,10,0,0,2,none,No body refactor required; keep visual smoke coverage when touched.,flutter test test/features/p2p_orders --reporter=compact,flutter_app/lib/features/p2p_orders/presentation/phone/pages/orders/p2p_order_proof_page.dart;flutter_app/lib/features/p2p_orders/presentation/widgets/orders/p2p_order_proof_widgets.dart
p2p_orders,'/p2p/order/rate/:orderId',P2POrderRatePage,flutter_app/lib/features/p2p_orders/presentation/phone/pages/orders/p2p_order_rate_page.dart,L2_entityDetail,detail,A,P3,pass,pass,pass,pass,pass,pass,pass,19,8,0,0,2,none,No body refactor required; keep visual smoke coverage when touched.,flutter test test/features/p2p_orders --reporter=compact,flutter_app/lib/features/p2p_orders/presentation/phone/pages/orders/p2p_order_rate_page.dart;flutter_app/lib/features/p2p_orders/presentation/widgets/orders/p2p_order_rate_widgets.dart
p2p_orders,'/p2p/order/timeline/:orderId',P2POrderTimelinePage,flutter_app/lib/features/p2p_orders/presentation/phone/pages/orders/p2p_order_timeline_page.dart,L2_entityDetail,detail,A,P3,pass,pass,pass,pass,pass,pass,pass,18,5,0,0,1,none,No body refactor required; keep visual smoke coverage when touched.,flutter test test/features/p2p_orders --reporter=compact,flutter_app/lib/features/p2p_orders/presentation/phone/pages/orders/p2p_order_timeline_page.dart
p2p_orders,AppRoutePaths.p2pWallet,P2PWalletPage,flutter_app/lib/features/p2p_orders/presentation/phone/pages/wallet/p2p_wallet_page.dart,L2_detail,detail,A,P3,pass,pass,pass,pass,pass,pass,pass,26,7,0,0,4,none,No body refactor required; keep visual smoke coverage when touched.,flutter test test/features/p2p_orders --reporter=compact,flutter_app/lib/features/p2p_orders/presentation/phone/pages/wallet/p2p_wallet_page.dart;flutter_app/lib/features/p2p_orders/presentation/widgets/wallet/p2p_wallet_actions_history.dart;flutter_app/lib/features/p2p_orders/presentation/widgets/wallet/p2p_wallet_balances.dart;flutter_app/lib/features/p2p_orders/presentation/widgets/wallet/p2p_wallet_hero.dart
p2p_orders,AppRoutePaths.p2pWalletTransfer,P2PWalletTransferPage,flutter_app/lib/features/p2p_orders/presentation/phone/pages/wallet/p2p_wallet_transfer_page.dart,L3_transactionFlow,detail,A,P3,pass,pass,pass,pass,pass,pass,pass,25,10,0,0,4,none,No body refactor required; keep visual smoke coverage when touched.,flutter test test/features/p2p_orders --reporter=compact,flutter_app/lib/features/p2p_orders/presentation/phone/pages/wallet/p2p_wallet_transfer_page.dart;flutter_app/lib/features/p2p_orders/presentation/widgets/wallet/p2p_wallet_transfer_amount.dart;flutter_app/lib/features/p2p_orders/presentation/widgets/wallet/p2p_wallet_transfer_confirm.dart;flutter_app/lib/features/p2p_orders/presentation/widgets/wallet/p2p_wallet_transfer_form.dart
p2p_security,AppRoutePaths.p2pSecurity2fa,P2P2FASettingsPage,flutter_app/lib/features/p2p_security/presentation/phone/pages/security/p2p_2fa_settings_page.dart,L3_transactionFlow,detail,A,P3,pass,pass,pass,pass,pass,pass,pass,29,7,0,0,3,none,No body refactor required; keep visual smoke coverage when touched.,flutter test test/features/p2p_security --reporter=compact,flutter_app/lib/features/p2p_security/presentation/phone/pages/security/p2p_2fa_settings_page.dart;flutter_app/lib/features/p2p_security/presentation/widgets/security/p2p_2fa_settings_page_common.dart;flutter_app/lib/features/p2p_security/presentation/widgets/security/p2p_2fa_settings_page_sections.dart
p2p_security,AppRoutePaths.p2pAchievements,P2PAchievementsPage,flutter_app/lib/features/p2p_security/presentation/phone/pages/security/p2p_achievements_page.dart,L2_detail,detail,A,P3,pass,pass,pass,pass,not_applicable,pass,pass,23,12,0,0,3,none,No body refactor required; keep visual smoke coverage when touched.,flutter test test/features/p2p_security --reporter=compact,flutter_app/lib/features/p2p_security/presentation/phone/pages/security/p2p_achievements_page.dart;flutter_app/lib/features/p2p_security/presentation/widgets/security/p2p_achievements_page_common.dart;flutter_app/lib/features/p2p_security/presentation/widgets/security/p2p_achievements_page_sections.dart
p2p_security,AppRoutePaths.p2pComplianceAmlScreening,P2PAmlScreeningPage,flutter_app/lib/features/p2p_security/presentation/phone/pages/security/p2p_aml_screening_page.dart,L2_detail,detail,A,P3,pass,pass,pass,pass,not_applicable,pass,pass,21,4,0,0,1,none,No body refactor required; keep visual smoke coverage when touched.,flutter test test/features/p2p_security --reporter=compact,flutter_app/lib/features/p2p_security/presentation/phone/pages/security/p2p_aml_screening_page.dart
p2p_security,AppRoutePaths.p2pSecurityAntiPhishing,P2PAntiPhishingCodePage,flutter_app/lib/features/p2p_security/presentation/phone/pages/security/p2p_anti_phishing_code_page.dart,L2_detail,detail,A,P3,pass,pass,pass,pass,pass,pass,pass,29,12,0,0,3,none,No body refactor required; keep visual smoke coverage when touched.,flutter test test/features/p2p_security --reporter=compact,flutter_app/lib/features/p2p_security/presentation/phone/pages/security/p2p_anti_phishing_code_page.dart;flutter_app/lib/features/p2p_security/presentation/widgets/security/p2p_anti_phishing_code_page_common.dart;flutter_app/lib/features/p2p_security/presentation/widgets/security/p2p_anti_phishing_code_page_sections.dart
p2p_security,AppRoutePaths.p2pBlacklistAdd,P2PBlacklistAddPage,flutter_app/lib/features/p2p_security/presentation/phone/pages/security/p2p_blacklist_add_page.dart,L3_transactionFlow,detail,A,P3,pass,pass,pass,pass,pass,pass,pass,19,4,0,0,1,none,No body refactor required; keep visual smoke coverage when touched.,flutter test test/features/p2p_security --reporter=compact,flutter_app/lib/features/p2p_security/presentation/phone/pages/security/p2p_blacklist_add_page.dart
p2p_security,AppRoutePaths.p2pBlacklist,P2PBlacklistPage,flutter_app/lib/features/p2p_security/presentation/phone/pages/security/p2p_blacklist_page.dart,L2_detail,detail,A,P3,pass,pass,pass,pass,pass,pass,pass,29,11,0,0,4,none,No body refactor required; keep visual smoke coverage when touched.,flutter test test/features/p2p_security --reporter=compact,flutter_app/lib/features/p2p_security/presentation/phone/pages/security/p2p_blacklist_page.dart;flutter_app/lib/features/p2p_security/presentation/widgets/security/p2p_blacklist_common.dart;flutter_app/lib/features/p2p_security/presentation/widgets/security/p2p_blacklist_entries.dart;flutter_app/lib/features/p2p_security/presentation/widgets/security/p2p_blacklist_summary_filters.dart
p2p_security,AppRoutePaths.p2pComplianceOverview,P2PComplianceOverviewPage,flutter_app/lib/features/p2p_security/presentation/phone/pages/security/p2p_compliance_overview_page.dart,L2_sectionHub,detail,A,P3,pass,pass,pass,pass,pass,pass,pass,15,2,0,0,1,none,No body refactor required; keep visual smoke coverage when touched.,flutter test test/features/p2p_security --reporter=compact,flutter_app/lib/features/p2p_security/presentation/phone/pages/security/p2p_compliance_overview_page.dart
p2p_security,AppRoutePaths.p2pContributionHistory,P2PContributionHistoryPage,flutter_app/lib/features/p2p_security/presentation/phone/pages/security/p2p_contribution_history_page.dart,L2_utilityDetail,detail,A,P3,pass,pass,pass,pass,pass,pass,pass,20,11,0,0,1,none,No body refactor required; keep visual smoke coverage when touched.,flutter test test/features/p2p_security --reporter=compact,flutter_app/lib/features/p2p_security/presentation/phone/pages/security/p2p_contribution_history_page.dart
p2p_security,AppRoutePaths.p2pSecurityDevices,P2PDeviceManagementPage,flutter_app/lib/features/p2p_security/presentation/phone/pages/security/p2p_device_management_page.dart,L2_utilityDetail,detail,A,P3,pass,pass,pass,pass,pass,pass,pass,23,12,0,0,4,none,No body refactor required; keep visual smoke coverage when touched.,flutter test test/features/p2p_security --reporter=compact,flutter_app/lib/features/p2p_security/presentation/phone/pages/security/p2p_device_management_page.dart;flutter_app/lib/features/p2p_security/presentation/widgets/security/p2p_device_management_cards.dart;flutter_app/lib/features/p2p_security/presentation/widgets/security/p2p_device_management_overview.dart;flutter_app/lib/features/p2p_security/presentation/widgets/security/p2p_device_management_tips.dart
p2p_security,AppRoutePaths.p2pE2EInfo,P2PE2EInfoPage,flutter_app/lib/features/p2p_security/presentation/phone/pages/security/p2p_e2e_info_page.dart,L2_detail,detail,A,P3,pass,pass,pass,pass,pass,pass,pass,21,8,0,0,1,none,No body refactor required; keep visual smoke coverage when touched.,flutter test test/features/p2p_security --reporter=compact,flutter_app/lib/features/p2p_security/presentation/phone/pages/security/p2p_e2e_info_page.dart
p2p_security,AppRoutePaths.p2pFraudPrevention,P2PFraudPreventionPage,flutter_app/lib/features/p2p_security/presentation/phone/pages/security/p2p_fraud_prevention_page.dart,L2_detail,detail,A,P3,pass,pass,pass,pass,pass,pass,pass,33,15,0,0,4,none,No body refactor required; keep visual smoke coverage when touched.,flutter test test/features/p2p_security --reporter=compact,flutter_app/lib/features/p2p_security/presentation/phone/pages/security/p2p_fraud_prevention_page.dart;flutter_app/lib/features/p2p_security/presentation/widgets/security/p2p_fraud_checklist_actions.dart;flutter_app/lib/features/p2p_security/presentation/widgets/security/p2p_fraud_common.dart;flutter_app/lib/features/p2p_security/presentation/widgets/security/p2p_fraud_score_patterns.dart
p2p_security,AppRoutePaths.p2pComplianceLargeTransaction,P2PLargeTransactionJustificationPage,flutter_app/lib/features/p2p_security/presentation/phone/pages/security/p2p_large_transaction_justification_page.dart,L2_detail,detail,A,P3,pass,pass,pass,pass,pass,pass,pass,17,2,0,0,1,none,No body refactor required; keep visual smoke coverage when touched.,flutter test test/features/p2p_security --reporter=compact,flutter_app/lib/features/p2p_security/presentation/phone/pages/security/p2p_large_transaction_justification_page.dart
p2p_security,AppRoutePaths.p2pLimitsTracker,P2PLimitTrackerPage,flutter_app/lib/features/p2p_security/presentation/phone/pages/security/p2p_limit_tracker_page.dart,L2_utilityDetail,detail,A,P3,pass,pass,pass,pass,pass,pass,pass,13,7,0,0,1,none,No body refactor required; keep visual smoke coverage when touched.,flutter test test/features/p2p_security --reporter=compact,flutter_app/lib/features/p2p_security/presentation/phone/pages/security/p2p_limit_tracker_page.dart
p2p_security,AppRoutePaths.p2pSecurityLoginHistory,P2PLoginHistoryPage,flutter_app/lib/features/p2p_security/presentation/phone/pages/security/p2p_login_history_page.dart,L2_utilityDetail,detail,A,P3,pass,pass,pass,pass,pass,pass,pass,24,13,0,0,4,none,No body refactor required; keep visual smoke coverage when touched.,flutter test test/features/p2p_security --reporter=compact,flutter_app/lib/features/p2p_security/presentation/phone/pages/security/p2p_login_history_page.dart;flutter_app/lib/features/p2p_security/presentation/widgets/security/p2p_login_history_common.dart;flutter_app/lib/features/p2p_security/presentation/widgets/security/p2p_login_history_events.dart;flutter_app/lib/features/p2p_security/presentation/widgets/security/p2p_login_history_summary_filters.dart
p2p_security,'/p2p/report/:merchantId',P2PReportMerchantPage,flutter_app/lib/features/p2p_security/presentation/phone/pages/security/p2p_report_merchant_page.dart,L2_entityDetail,detail,A,P3,pass,pass,pass,pass,pass,pass,pass,25,5,0,0,3,none,No body refactor required; keep visual smoke coverage when touched.,flutter test test/features/p2p_security --reporter=compact,flutter_app/lib/features/p2p_security/presentation/phone/pages/security/p2p_report_merchant_page.dart;flutter_app/lib/features/p2p_security/presentation/widgets/security/p2p_report_merchant_reasons_details.dart;flutter_app/lib/features/p2p_security/presentation/widgets/security/p2p_report_merchant_summary_actions.dart
p2p_security,AppRoutePaths.p2pReviews,P2PReviewsPage,flutter_app/lib/features/p2p_security/presentation/phone/pages/security/p2p_reviews_page.dart,L2_detail,detail,A,P3,pass,pass,pass,pass,pass,pass,pass,12,9,0,0,1,none,No body refactor required; keep visual smoke coverage when touched.,flutter test test/features/p2p_security --reporter=compact,flutter_app/lib/features/p2p_security/presentation/phone/pages/security/p2p_reviews_page.dart
p2p_security,AppRoutePaths.p2pComplianceRiskAssessment,P2PRiskAssessmentPage,flutter_app/lib/features/p2p_security/presentation/phone/pages/security/p2p_risk_assessment_page.dart,L3_transactionFlow,detail,A,P3,pass,pass,pass,pass,not_applicable,pass,pass,15,3,0,0,1,none,No body refactor required; keep visual smoke coverage when touched.,flutter test test/features/p2p_security --reporter=compact,flutter_app/lib/features/p2p_security/presentation/phone/pages/security/p2p_risk_assessment_page.dart
p2p_security,AppRoutePaths.p2pSecurityCenter,P2PSecurityCenterPage,flutter_app/lib/features/p2p_security/presentation/phone/pages/security/p2p_security_center_page.dart,L2_sectionHub,detail,A,P3,pass,pass,pass,pass,pass,pass,pass,46,8,0,0,3,none,No body refactor required; keep visual smoke coverage when touched.,flutter test test/features/p2p_security --reporter=compact,flutter_app/lib/features/p2p_security/presentation/phone/pages/security/p2p_security_center_page.dart;flutter_app/lib/features/p2p_security/presentation/widgets/security/p2p_security_center_actions_events.dart;flutter_app/lib/features/p2p_security/presentation/widgets/security/p2p_security_center_score_features.dart
p2p_security,AppRoutePaths.p2pSecurityWhitelist,P2PWhitelistModePage,flutter_app/lib/features/p2p_security/presentation/phone/pages/security/p2p_security_center_page.dart,L2_detail,detail,A,P3,pass,pass,pass,pass,pass,pass,pass,46,8,0,0,3,none,No body refactor required; keep visual smoke coverage when touched.,flutter test test/features/p2p_security --reporter=compact,flutter_app/lib/features/p2p_security/presentation/phone/pages/security/p2p_security_center_page.dart;flutter_app/lib/features/p2p_security/presentation/widgets/security/p2p_security_center_actions_events.dart;flutter_app/lib/features/p2p_security/presentation/widgets/security/p2p_security_center_score_features.dart
p2p_security,AppRoutePaths.p2pComplianceSourceOfFunds,P2PSourceOfFundsPage,flutter_app/lib/features/p2p_security/presentation/phone/pages/security/p2p_source_of_funds_page.dart,L2_detail,detail,A,P3,pass,pass,pass,pass,pass,pass,pass,16,2,0,0,1,none,No body refactor required; keep visual smoke coverage when touched.,flutter test test/features/p2p_security --reporter=compact,flutter_app/lib/features/p2p_security/presentation/phone/pages/security/p2p_source_of_funds_page.dart
p2p_security,AppRoutePaths.p2pSecuritySuspiciousActivity,P2PSuspiciousActivityPage,flutter_app/lib/features/p2p_security/presentation/phone/pages/security/p2p_suspicious_activity_page.dart,L2_detail,detail,A,P3,pass,pass,pass,pass,pass,pass,pass,18,5,0,0,1,none,No body refactor required; keep visual smoke coverage when touched.,flutter test test/features/p2p_security --reporter=compact,flutter_app/lib/features/p2p_security/presentation/phone/pages/security/p2p_suspicious_activity_page.dart
p2p_security,'/p2p/tax-report/detailed/:year',P2PTaxReportingPage,flutter_app/lib/features/p2p_security/presentation/phone/pages/security/p2p_tax_reporting_page.dart,L2_entityDetail,detail,A,P3,pass,pass,pass,pass,not_applicable,pass,pass,23,11,0,0,3,none,No body refactor required; keep visual smoke coverage when touched.,flutter test test/features/p2p_security --reporter=compact,flutter_app/lib/features/p2p_security/presentation/phone/pages/security/p2p_tax_reporting_page.dart;flutter_app/lib/features/p2p_security/presentation/widgets/security/p2p_tax_reporting_page_common.dart;flutter_app/lib/features/p2p_security/presentation/widgets/security/p2p_tax_reporting_page_sections.dart
p2p_security,AppRoutePaths.p2pTaxReporting,P2PTaxReportingPage,flutter_app/lib/features/p2p_security/presentation/phone/pages/security/p2p_tax_reporting_page.dart,L2_utilityDetail,detail,A,P3,pass,pass,pass,pass,not_applicable,pass,pass,23,11,0,0,3,none,No body refactor required; keep visual smoke coverage when touched.,flutter test test/features/p2p_security --reporter=compact,flutter_app/lib/features/p2p_security/presentation/phone/pages/security/p2p_tax_reporting_page.dart;flutter_app/lib/features/p2p_security/presentation/widgets/security/p2p_tax_reporting_page_common.dart;flutter_app/lib/features/p2p_security/presentation/widgets/security/p2p_tax_reporting_page_sections.dart
p2p_security,AppRoutePaths.p2pLimits,P2PTransactionLimitsPage,flutter_app/lib/features/p2p_security/presentation/phone/pages/security/p2p_transaction_limits_page.dart,L2_utilityDetail,detail,A,P3,pass,pass,pass,pass,pass,pass,pass,25,15,0,0,3,none,No body refactor required; keep visual smoke coverage when touched.,flutter test test/features/p2p_security --reporter=compact,flutter_app/lib/features/p2p_security/presentation/phone/pages/security/p2p_transaction_limits_page.dart;flutter_app/lib/features/p2p_security/presentation/widgets/security/p2p_transaction_limits_page_common.dart;flutter_app/lib/features/p2p_security/presentation/widgets/security/p2p_transaction_limits_page_sections.dart
predictions,'/markets/predictions/advanced-chart/:eventId',VitTabletUtilityPage,flutter_app/lib/shared/layout/vit_tablet_utility_page.dart,L2_entityDetail,detail,A,P3,pass,pass,pass,pass,pass,pass,pass,19,0,0,0,1,none,No body refactor required; keep visual smoke coverage when touched.,flutter test test/features/predictions --reporter=compact,flutter_app/lib/shared/layout/vit_tablet_utility_page.dart
predictions,'/markets/predictions/event/:eventId',VitTabletUtilityPage,flutter_app/lib/shared/layout/vit_tablet_utility_page.dart,L2_entityDetail,detail,A,P3,pass,pass,pass,pass,pass,pass,pass,19,0,0,0,1,none,No body refactor required; keep visual smoke coverage when touched.,flutter test test/features/predictions --reporter=compact,flutter_app/lib/shared/layout/vit_tablet_utility_page.dart
predictions,'/markets/predictions/receipt/:receiptId',VitTabletUtilityPage,flutter_app/lib/shared/layout/vit_tablet_utility_page.dart,L3_transactionFlow,detail,A,P3,pass,pass,pass,pass,pass,pass,pass,19,0,0,0,1,none,No body refactor required; keep visual smoke coverage when touched.,flutter test test/features/predictions --reporter=compact,flutter_app/lib/shared/layout/vit_tablet_utility_page.dart
predictions,'/markets/predictions/tournament/:tournamentId',VitTabletUtilityPage,flutter_app/lib/shared/layout/vit_tablet_utility_page.dart,L2_entityDetail,detail,A,P3,pass,pass,pass,pass,pass,pass,pass,19,0,0,0,1,none,No body refactor required; keep visual smoke coverage when touched.,flutter test test/features/predictions --reporter=compact,flutter_app/lib/shared/layout/vit_tablet_utility_page.dart
predictions,AppRoutePaths.marketsPredictions,VitTabletUtilityPage,flutter_app/lib/shared/layout/vit_tablet_utility_page.dart,L1_productModuleHub,rootModule,A,P3,pass,pass,pass,pass,pass,pass,pass,19,0,0,0,1,none,No body refactor required; keep visual smoke coverage when touched.,flutter test test/features/predictions --reporter=compact,flutter_app/lib/shared/layout/vit_tablet_utility_page.dart
predictions,AppRoutePaths.marketsPredictionsActivity,VitTabletUtilityPage,flutter_app/lib/shared/layout/vit_tablet_utility_page.dart,L2_detail,detail,A,P3,pass,pass,pass,pass,pass,pass,pass,19,0,0,0,1,none,No body refactor required; keep visual smoke coverage when touched.,flutter test test/features/predictions --reporter=compact,flutter_app/lib/shared/layout/vit_tablet_utility_page.dart
predictions,AppRoutePaths.marketsPredictionsBreaking,VitTabletUtilityPage,flutter_app/lib/shared/layout/vit_tablet_utility_page.dart,L2_detail,detail,A,P3,pass,pass,pass,pass,pass,pass,pass,19,0,0,0,1,none,No body refactor required; keep visual smoke coverage when touched.,flutter test test/features/predictions --reporter=compact,flutter_app/lib/shared/layout/vit_tablet_utility_page.dart
predictions,AppRoutePaths.marketsPredictionsDataIntegration,VitTabletUtilityPage,flutter_app/lib/shared/layout/vit_tablet_utility_page.dart,L2_detail,detail,A,P3,pass,pass,pass,pass,pass,pass,pass,19,0,0,0,1,none,No body refactor required; keep visual smoke coverage when touched.,flutter test test/features/predictions --reporter=compact,flutter_app/lib/shared/layout/vit_tablet_utility_page.dart
predictions,AppRoutePaths.marketsPredictionsEventCalendar,VitTabletUtilityPage,flutter_app/lib/shared/layout/vit_tablet_utility_page.dart,L2_utilityDetail,detail,A,P3,pass,pass,pass,pass,pass,pass,pass,19,0,0,0,1,none,No body refactor required; keep visual smoke coverage when touched.,flutter test test/features/predictions --reporter=compact,flutter_app/lib/shared/layout/vit_tablet_utility_page.dart
predictions,AppRoutePaths.marketsPredictionsLeaderboard,VitTabletUtilityPage,flutter_app/lib/shared/layout/vit_tablet_utility_page.dart,L2_detail,detail,A,P3,pass,pass,pass,pass,pass,pass,pass,19,0,0,0,1,none,No body refactor required; keep visual smoke coverage when touched.,flutter test test/features/predictions --reporter=compact,flutter_app/lib/shared/layout/vit_tablet_utility_page.dart
predictions,AppRoutePaths.marketsPredictionsMarketMaker,VitTabletUtilityPage,flutter_app/lib/shared/layout/vit_tablet_utility_page.dart,L2_detail,detail,A,P3,pass,pass,pass,pass,pass,pass,pass,19,0,0,0,1,none,No body refactor required; keep visual smoke coverage when touched.,flutter test test/features/predictions --reporter=compact,flutter_app/lib/shared/layout/vit_tablet_utility_page.dart
predictions,AppRoutePaths.marketsPredictionsPortfolio,VitTabletUtilityPage,flutter_app/lib/shared/layout/vit_tablet_utility_page.dart,L2_utilityDetail,detail,A,P3,pass,pass,pass,pass,pass,pass,pass,19,0,0,0,1,none,No body refactor required; keep visual smoke coverage when touched.,flutter test test/features/predictions --reporter=compact,flutter_app/lib/shared/layout/vit_tablet_utility_page.dart
predictions,AppRoutePaths.marketsPredictionsPortfolioAnalyzer,VitTabletUtilityPage,flutter_app/lib/shared/layout/vit_tablet_utility_page.dart,L2_utilityDetail,detail,A,P3,pass,pass,pass,pass,pass,pass,pass,19,0,0,0,1,none,No body refactor required; keep visual smoke coverage when touched.,flutter test test/features/predictions --reporter=compact,flutter_app/lib/shared/layout/vit_tablet_utility_page.dart
predictions,AppRoutePaths.marketsPredictionsRewards,VitTabletUtilityPage,flutter_app/lib/shared/layout/vit_tablet_utility_page.dart,L2_detail,detail,A,P3,pass,pass,pass,pass,pass,pass,pass,19,0,0,0,1,none,No body refactor required; keep visual smoke coverage when touched.,flutter test test/features/predictions --reporter=compact,flutter_app/lib/shared/layout/vit_tablet_utility_page.dart
predictions,AppRoutePaths.marketsPredictionsRiskCalculator,VitTabletUtilityPage,flutter_app/lib/shared/layout/vit_tablet_utility_page.dart,L2_utilityDetail,detail,A,P3,pass,pass,pass,pass,pass,pass,pass,19,0,0,0,1,none,No body refactor required; keep visual smoke coverage when touched.,flutter test test/features/predictions --reporter=compact,flutter_app/lib/shared/layout/vit_tablet_utility_page.dart
predictions,AppRoutePaths.marketsPredictionsSearch,VitTabletUtilityPage,flutter_app/lib/shared/layout/vit_tablet_utility_page.dart,L1_utilityHub,detail,A,P3,pass,pass,pass,pass,pass,pass,pass,19,0,0,0,1,none,No body refactor required; keep visual smoke coverage when touched.,flutter test test/features/predictions --reporter=compact,flutter_app/lib/shared/layout/vit_tablet_utility_page.dart
predictions,AppRoutePaths.marketsPredictionsSocial,VitTabletUtilityPage,flutter_app/lib/shared/layout/vit_tablet_utility_page.dart,L2_detail,detail,A,P3,pass,pass,pass,pass,pass,pass,pass,19,0,0,0,1,none,No body refactor required; keep visual smoke coverage when touched.,flutter test test/features/predictions --reporter=compact,flutter_app/lib/shared/layout/vit_tablet_utility_page.dart
predictions,AppRoutePaths.marketsPredictionsTournaments,VitTabletUtilityPage,flutter_app/lib/shared/layout/vit_tablet_utility_page.dart,L2_detail,detail,A,P3,pass,pass,pass,pass,pass,pass,pass,19,0,0,0,1,none,No body refactor required; keep visual smoke coverage when touched.,flutter test test/features/predictions --reporter=compact,flutter_app/lib/shared/layout/vit_tablet_utility_page.dart
profile,AppRoutePaths.profileActivity,ActivityLogPage,flutter_app/lib/features/profile/presentation/phone/pages/activity_log_page.dart,L2_detail,detail,A,P3,pass,pass,pass,pass,not_applicable,pass,pass,8,7,0,0,3,none,No body refactor required; keep visual smoke coverage when touched.,flutter test test/features/profile --reporter=compact,flutter_app/lib/features/profile/presentation/phone/pages/activity_log_page.dart;flutter_app/lib/features/profile/presentation/widgets/activity_log_page_common.dart;flutter_app/lib/features/profile/presentation/widgets/activity_log_page_sections.dart
profile,AppRoutePaths.profileApiCreate,ApiKeyCreatePage,flutter_app/lib/features/profile/presentation/phone/pages/api_key_create_page.dart,L3_transactionFlow,detail,A,P3,pass,pass,pass,pass,pass,pass,pass,26,10,0,0,3,none,No body refactor required; keep visual smoke coverage when touched.,flutter test test/features/profile --reporter=compact,flutter_app/lib/features/profile/presentation/phone/pages/api_key_create_page.dart;flutter_app/lib/features/profile/presentation/widgets/profile_api_key_create_form.dart;flutter_app/lib/features/profile/presentation/widgets/profile_api_key_create_result.dart
profile,AppRoutePaths.profileApi,ApiManagementPage,flutter_app/lib/features/profile/presentation/phone/pages/api_management_page.dart,L2_utilityDetail,detail,A,P3,pass,pass,pass,pass,pass,pass,pass,19,6,0,0,4,none,No body refactor required; keep visual smoke coverage when touched.,flutter test test/features/profile --reporter=compact,flutter_app/lib/features/profile/presentation/phone/pages/api_management_page.dart;flutter_app/lib/features/profile/presentation/widgets/api_management_docs.dart;flutter_app/lib/features/profile/presentation/widgets/api_management_key_controls.dart;flutter_app/lib/features/profile/presentation/widgets/api_management_keys.dart
profile,AppRoutePaths.profileDevices,DeviceManagementPage,flutter_app/lib/features/profile/presentation/phone/pages/device_management_page.dart,L2_utilityDetail,detail,A,P3,pass,pass,pass,pass,pass,pass,pass,25,10,0,0,3,none,No body refactor required; keep visual smoke coverage when touched.,flutter test test/features/profile --reporter=compact,flutter_app/lib/features/profile/presentation/phone/pages/device_management_page.dart;flutter_app/lib/features/profile/presentation/widgets/device_management_page_common.dart;flutter_app/lib/features/profile/presentation/widgets/device_management_page_sections.dart
profile,AppRoutePaths.profileEdit,EditProfilePage,flutter_app/lib/features/profile/presentation/phone/pages/edit_profile_page.dart,L3_transactionFlow,detail,A,P3,pass,pass,pass,pass,pass,pass,pass,11,5,0,0,1,none,No body refactor required; keep visual smoke coverage when touched.,flutter test test/features/profile --reporter=compact,flutter_app/lib/features/profile/presentation/phone/pages/edit_profile_page.dart
profile,AppRoutePaths.profileKyc,KYCPage,flutter_app/lib/features/profile/presentation/phone/pages/kyc_page.dart,L3_transactionFlow,detail,A,P3,pass,pass,pass,pass,pass,pass,pass,14,5,0,0,3,none,No body refactor required; keep visual smoke coverage when touched.,flutter test test/features/profile --reporter=compact,flutter_app/lib/features/profile/presentation/phone/pages/kyc_page.dart;flutter_app/lib/features/profile/presentation/widgets/kyc_details_privacy.dart;flutter_app/lib/features/profile/presentation/widgets/kyc_status_levels.dart
profile,AppRoutePaths.profile,ProfilePage,flutter_app/lib/features/profile/presentation/phone/pages/profile_page.dart,L1_primaryTabRoot,rootModule,A,P3,pass,pass,pass,pass,not_applicable,pass,pass,27,11,0,0,7,none,No body refactor required; keep visual smoke coverage when touched.,flutter test test/features/profile --reporter=compact,flutter_app/lib/features/profile/presentation/phone/pages/profile_home_arena_stats.dart;flutter_app/lib/features/profile/presentation/phone/pages/profile_home_hero.dart;flutter_app/lib/features/profile/presentation/phone/pages/profile_home_legal_accordion.dart;flutter_app/lib/features/profile/presentation/phone/pages/profile_home_menu_actions.dart;flutter_app/lib/features/profile/presentation/phone/pages/profile_home_vip_prediction.dart;flutter_app/lib/features/profile/presentation/phone/pages/profile_page.dart;flutter_app/lib/features/profile/presentation/widgets/common/profile_icon_registry.dart
profile,AppRoutePaths.profileSecurity,SecurityPage,flutter_app/lib/features/profile/presentation/phone/pages/security_page.dart,L2_detail,detail,A,P3,pass,pass,pass,pass,pass,pass,pass,14,8,0,0,4,none,No body refactor required; keep visual smoke coverage when touched.,flutter test test/features/profile --reporter=compact,flutter_app/lib/features/profile/presentation/phone/pages/security_page.dart;flutter_app/lib/features/profile/presentation/widgets/common/profile_icon_registry.dart;flutter_app/lib/features/profile/presentation/widgets/security_page_common.dart;flutter_app/lib/features/profile/presentation/widgets/security_page_sections.dart
profile,AppRoutePaths.profileSettings,SettingsPage,flutter_app/lib/features/profile/presentation/phone/pages/settings_page.dart,L2_utilityDetail,detail,A,P3,pass,pass,pass,pass,not_applicable,pass,pass,16,4,0,0,4,none,No body refactor required; keep visual smoke coverage when touched.,flutter test test/features/profile --reporter=compact,flutter_app/lib/features/profile/presentation/phone/pages/settings_page.dart;flutter_app/lib/features/profile/presentation/widgets/common/profile_icon_registry.dart;flutter_app/lib/features/profile/presentation/widgets/settings_page_common.dart;flutter_app/lib/features/profile/presentation/widgets/settings_page_sections.dart
profile,AppRoutePaths.profileSubAccounts,SubAccountPage,flutter_app/lib/features/profile/presentation/phone/pages/sub_account_page.dart,L2_detail,detail,A,P3,pass,pass,pass,pass,pass,pass,pass,21,17,0,0,7,none,No body refactor required; keep visual smoke coverage when touched.,flutter test test/features/profile --reporter=compact,flutter_app/lib/features/profile/presentation/phone/pages/sub_account_page.dart;flutter_app/lib/features/profile/presentation/widgets/profile_sub_account_card_details.dart;flutter_app/lib/features/profile/presentation/widgets/profile_sub_account_cards.dart;flutter_app/lib/features/profile/presentation/widgets/profile_sub_account_create.dart;flutter_app/lib/features/profile/presentation/widgets/profile_sub_account_formatters.dart;flutter_app/lib/features/profile/presentation/widgets/profile_sub_account_primitives.dart;flutter_app/lib/features/profile/presentation/widgets/profile_sub_account_summary.dart
profile,AppRoutePaths.profileVip,VIPPage,flutter_app/lib/features/profile/presentation/phone/pages/vip_page.dart,L2_detail,detail,A,P3,pass,pass,pass,pass,not_applicable,pass,pass,29,23,0,0,5,none,No body refactor required; keep visual smoke coverage when touched.,flutter test test/features/profile --reporter=compact,flutter_app/lib/features/profile/presentation/phone/pages/vip_page.dart;flutter_app/lib/features/profile/presentation/widgets/profile_vip_benefits.dart;flutter_app/lib/features/profile/presentation/widgets/profile_vip_hero.dart;flutter_app/lib/features/profile/presentation/widgets/profile_vip_overview.dart;flutter_app/lib/features/profile/presentation/widgets/vip_history_widgets.dart
profile,AppRoutePaths.settingsSecurity,ProfileTabletUtilityPage,flutter_app/lib/features/profile/presentation/tablet/pages/profile_tablet_utility_page.dart,L2_utilityDetail,detail,B,P2,warn,pass,pass,pass,pass,pass,pass,16,0,0,0,1,partial_shared_body_layout,Complete shared body composition with VitPageContent and section primitives.,flutter test test/features/profile --reporter=compact,flutter_app/lib/features/profile/presentation/tablet/pages/profile_tablet_utility_page.dart
profile,AppRoutePaths.settingsSecurityBiometric,ProfileTabletUtilityPage,flutter_app/lib/features/profile/presentation/tablet/pages/profile_tablet_utility_page.dart,L2_utilityDetail,detail,B,P2,warn,pass,pass,pass,pass,pass,pass,16,0,0,0,1,partial_shared_body_layout,Complete shared body composition with VitPageContent and section primitives.,flutter test test/features/profile --reporter=compact,flutter_app/lib/features/profile/presentation/tablet/pages/profile_tablet_utility_page.dart
profile,AppRoutePaths.settingsSecurityChangePassword,ProfileTabletUtilityPage,flutter_app/lib/features/profile/presentation/tablet/pages/profile_tablet_utility_page.dart,L2_utilityDetail,detail,B,P2,warn,pass,pass,pass,pass,pass,pass,16,0,0,0,1,partial_shared_body_layout,Complete shared body composition with VitPageContent and section primitives.,flutter test test/features/profile --reporter=compact,flutter_app/lib/features/profile/presentation/tablet/pages/profile_tablet_utility_page.dart
support,AppRoutePaths.support,VitTabletUtilityPage,flutter_app/lib/shared/layout/vit_tablet_utility_page.dart,L1_utilityHub,detail,A,P3,pass,pass,pass,pass,not_applicable,pass,pass,19,0,0,0,1,none,No body refactor required; keep visual smoke coverage when touched.,flutter test --reporter=compact,flutter_app/lib/shared/layout/vit_tablet_utility_page.dart
support,AppRoutePaths.supportAnnouncements,VitTabletUtilityPage,flutter_app/lib/shared/layout/vit_tablet_utility_page.dart,L1_utilityHub,detail,A,P3,pass,pass,pass,pass,not_applicable,pass,pass,19,0,0,0,1,none,No body refactor required; keep visual smoke coverage when touched.,flutter test --reporter=compact,flutter_app/lib/shared/layout/vit_tablet_utility_page.dart
support,AppRoutePaths.supportHelp,VitTabletUtilityPage,flutter_app/lib/shared/layout/vit_tablet_utility_page.dart,L1_utilityHub,detail,A,P3,pass,pass,pass,pass,not_applicable,pass,pass,19,0,0,0,1,none,No body refactor required; keep visual smoke coverage when touched.,flutter test --reporter=compact,flutter_app/lib/shared/layout/vit_tablet_utility_page.dart
trade,AppRoutePaths.tradeConvert,ConvertPage,flutter_app/lib/features/trade/presentation/phone/pages/convert/convert_page.dart,L2_detail,detail,A,P3,pass,pass,pass,pass,pass,pass,pass,47,9,0,0,7,none,No body refactor required; keep visual smoke coverage when touched.,flutter test test/features/trade --reporter=compact,flutter_app/lib/features/trade/presentation/phone/pages/convert/convert_page.dart;flutter_app/lib/features/trade/presentation/widgets/convert/convert_page_amount_widgets.dart;flutter_app/lib/features/trade/presentation/widgets/convert/convert_page_common.dart;flutter_app/lib/features/trade/presentation/widgets/convert/convert_page_sections.dart;flutter_app/lib/features/trade/presentation/widgets/convert/convert_page_widgets.dart;flutter_app/lib/features/trade/presentation/widgets/phone/vit_trade_confirm_sheet.dart;flutter_app/lib/features/trade/presentation/widgets/phone/vit_trade_simple_shell.dart
trade,'/trade/:pairId/futures',FuturesPage,flutter_app/lib/features/trade/presentation/phone/pages/futures/futures_page.dart,L1_instrumentWorkspace,instrument,Tool,P3,pass,pass,pass,pass,pass,pass,pass,36,13,0,0,6,fullscreen_tool_manual_visual_qa_required,"Document fullscreen exception and verify safe close/back controls, safe areas, and nonblank rendering.",flutter test test/features/trade --reporter=compact,flutter_app/lib/features/trade/presentation/phone/pages/futures/futures_page.dart;flutter_app/lib/features/trade/presentation/widgets/futures/futures_page_form_controls.dart;flutter_app/lib/features/trade/presentation/widgets/futures/futures_page_state.dart;flutter_app/lib/features/trade/presentation/widgets/phone/vit_trade_confirm_sheet.dart;flutter_app/lib/features/trade/presentation/widgets/phone/vit_trade_simple_hero.dart;flutter_app/lib/features/trade/presentation/widgets/phone/vit_trade_simple_shell.dart
trade,'/trade/:pairId/futures/leverage',LeveragePage,flutter_app/lib/features/trade/presentation/phone/pages/futures/leverage_page.dart,L2_entityDetail,detail,A,P3,pass,pass,pass,pass,pass,pass,pass,30,10,0,0,4,none,No body refactor required; keep visual smoke coverage when touched.,flutter test test/features/trade --reporter=compact,flutter_app/lib/features/trade/presentation/phone/pages/futures/leverage_page.dart;flutter_app/lib/features/trade/presentation/widgets/futures/leverage_controls_presets.dart;flutter_app/lib/features/trade/presentation/widgets/futures/leverage_header_hero_risk.dart;flutter_app/lib/features/trade/presentation/widgets/futures/leverage_impact_confirm.dart
trade,AppRoutePaths.tradeOrdersHistory,OrdersHistoryPage,flutter_app/lib/features/trade/presentation/phone/pages/hub/orders_history_page.dart,L2_utilityDetail,detail,A,P3,pass,pass,pass,pass,not_applicable,pass,pass,28,8,0,0,3,none,No body refactor required; keep visual smoke coverage when touched.,flutter test test/features/trade --reporter=compact,flutter_app/lib/features/trade/presentation/phone/pages/hub/orders_history_page.dart;flutter_app/lib/features/trade/presentation/widgets/phone/orders_history_page_common.dart;flutter_app/lib/features/trade/presentation/widgets/phone/orders_history_page_sections.dart
trade,AppRoutePaths.tradePositions,PositionDashboardPage,flutter_app/lib/features/trade/presentation/phone/pages/hub/position_dashboard_page.dart,L3_transactionFlow,detail,A,P3,pass,pass,pass,pass,pass,pass,pass,47,5,0,0,3,none,No body refactor required; keep visual smoke coverage when touched.,flutter test test/features/trade --reporter=compact,flutter_app/lib/features/trade/presentation/phone/pages/hub/position_dashboard_page.dart;flutter_app/lib/features/trade/presentation/widgets/phone/position_dashboard_page_common.dart;flutter_app/lib/features/trade/presentation/widgets/phone/position_dashboard_page_sections.dart
trade,AppRoutePaths.tradeExport,TradeHistoryExportPage,flutter_app/lib/features/trade/presentation/phone/pages/hub/trade_history_export_page.dart,L2_utilityDetail,detail,A,P3,pass,pass,pass,pass,pass,pass,pass,43,8,0,0,4,none,No body refactor required; keep visual smoke coverage when touched.,flutter test test/features/trade --reporter=compact,flutter_app/lib/features/trade/presentation/phone/pages/hub/trade_history_export_page.dart;flutter_app/lib/features/trade/presentation/widgets/phone/trade_history_export_footer.dart;flutter_app/lib/features/trade/presentation/widgets/phone/trade_history_export_selectors_includes.dart;flutter_app/lib/features/trade/presentation/widgets/phone/trade_history_export_summary_sections.dart
trade,AppRoutePaths.tradeSettings,TradeSettingsPage,flutter_app/lib/features/trade/presentation/phone/pages/hub/trade_settings_page.dart,L2_utilityDetail,detail,A,P3,pass,pass,pass,pass,pass,pass,pass,31,6,0,0,3,none,No body refactor required; keep visual smoke coverage when touched.,flutter test test/features/trade --reporter=compact,flutter_app/lib/features/trade/presentation/phone/pages/hub/trade_settings_page.dart;flutter_app/lib/features/trade/presentation/widgets/phone/trade_settings_page_common.dart;flutter_app/lib/features/trade/presentation/widgets/phone/trade_settings_page_sections.dart
trade,AppRoutePaths.tradeMarginHub,MarginTradingHubPage,flutter_app/lib/features/trade/presentation/phone/pages/margin/margin_trading_hub_page.dart,L2_sectionHub,detail,A,P3,pass,pass,pass,pass,pass,pass,pass,39,11,0,0,4,none,No body refactor required; keep visual smoke coverage when touched.,flutter test test/features/trade --reporter=compact,flutter_app/lib/features/trade/presentation/phone/pages/margin/margin_trading_hub_page.dart;flutter_app/lib/features/trade/presentation/widgets/margin/margin_trading_hub_cards.dart;flutter_app/lib/features/trade/presentation/widgets/margin/margin_trading_hub_hero_nav.dart;flutter_app/lib/features/trade/presentation/widgets/margin/margin_trading_hub_widgets.dart
trade,AppRoutePaths.tradeMargin,MarginTradingPage,flutter_app/lib/features/trade/presentation/phone/pages/margin/margin_trading_page.dart,L1_instrumentWorkspace,instrument,A,P3,pass,pass,pass,pass,pass,pass,pass,48,17,0,0,10,none,No body refactor required; keep visual smoke coverage when touched.,flutter test test/features/trade --reporter=compact,flutter_app/lib/features/trade/presentation/phone/pages/margin/margin_trading_page.dart;flutter_app/lib/features/trade/presentation/widgets/margin/margin_trading_common.dart;flutter_app/lib/features/trade/presentation/widgets/margin/margin_trading_order_summary.dart;flutter_app/lib/features/trade/presentation/widgets/margin/margin_trading_positions_orders.dart;flutter_app/lib/features/trade/presentation/widgets/margin/margin_trading_reserved.dart;flutter_app/lib/features/trade/presentation/widgets/margin/margin_trading_shared_helpers.dart;flutter_app/lib/features/trade/presentation/widgets/margin/margin_trading_simple_form.dart;flutter_app/lib/features/trade/presentation/widgets/phone/vit_trade_confirm_sheet.dart;flutter_app/lib/features/trade/presentation/widgets/phone/vit_trade_simple_hero.dart;flutter_app/lib/features/trade/presentation/widgets/phone/vit_trade_simple_shell.dart
trade,AppRoutePaths.tradeMarginBtcusdt,MarginTradingPage,flutter_app/lib/features/trade/presentation/phone/pages/margin/margin_trading_page.dart,L1_instrumentWorkspace,instrument,A,P3,pass,pass,pass,pass,pass,pass,pass,48,17,0,0,10,none,No body refactor required; keep visual smoke coverage when touched.,flutter test test/features/trade --reporter=compact,flutter_app/lib/features/trade/presentation/phone/pages/margin/margin_trading_page.dart;flutter_app/lib/features/trade/presentation/widgets/margin/margin_trading_common.dart;flutter_app/lib/features/trade/presentation/widgets/margin/margin_trading_order_summary.dart;flutter_app/lib/features/trade/presentation/widgets/margin/margin_trading_positions_orders.dart;flutter_app/lib/features/trade/presentation/widgets/margin/margin_trading_reserved.dart;flutter_app/lib/features/trade/presentation/widgets/margin/margin_trading_shared_helpers.dart;flutter_app/lib/features/trade/presentation/widgets/margin/margin_trading_simple_form.dart;flutter_app/lib/features/trade/presentation/widgets/phone/vit_trade_confirm_sheet.dart;flutter_app/lib/features/trade/presentation/widgets/phone/vit_trade_simple_hero.dart;flutter_app/lib/features/trade/presentation/widgets/phone/vit_trade_simple_shell.dart
trade,AppRoutePaths.tradeOrderReceipt,OrderReceiptPage,flutter_app/lib/features/trade/presentation/phone/pages/order_receipt_page.dart,L3_transactionFlow,detail,A,P3,pass,pass,pass,pass,pass,pass,pass,34,3,0,0,3,none,No body refactor required; keep visual smoke coverage when touched.,flutter test test/features/trade --reporter=compact,flutter_app/lib/features/trade/presentation/phone/pages/order_receipt_page.dart;flutter_app/lib/features/trade/presentation/widgets/phone/order_receipt_page_common.dart;flutter_app/lib/features/trade/presentation/widgets/phone/order_receipt_page_sections.dart
trade,AppRoutePaths.trade,TradePage,flutter_app/lib/features/trade/presentation/phone/pages/trade_page.dart,L1_instrumentWorkspace,instrument,A,P3,pass,pass,pass,pass,pass,pass,pass,35,12,0,0,5,none,No body refactor required; keep visual smoke coverage when touched.,flutter test test/features/trade --reporter=compact,flutter_app/lib/features/trade/presentation/phone/pages/trade_page.dart;flutter_app/lib/features/trade/presentation/phone/pages/trade_page_state.dart;flutter_app/lib/features/trade/presentation/widgets/phone/vit_trade_simple_hero.dart;flutter_app/lib/features/trade/presentation/widgets/phone/vit_trade_simple_order_form.dart;flutter_app/lib/features/trade/presentation/widgets/phone/vit_trade_simple_shell.dart
trade,'/trade/:pairId',TradeTabletPage,flutter_app/lib/features/trade/presentation/tablet/pages/trade_tablet_page.dart,L2_entityDetail,detail,B,P2,warn,pass,pass,pass,pass,pass,pass,20,10,0,0,5,partial_shared_body_layout,Complete shared body composition with VitPageContent and section primitives.,flutter test test/features/trade --reporter=compact,flutter_app/lib/features/trade/presentation/tablet/pages/trade_tablet_page.dart;flutter_app/lib/features/trade/presentation/widgets/tablet/trade_positions_panel.dart;flutter_app/lib/features/trade/presentation/widgets/tablet/trade_tablet_keys.dart;flutter_app/lib/features/trade/presentation/widgets/tablet/vit_trade_simple_hero.dart;flutter_app/lib/features/trade/presentation/widgets/tablet/vit_trade_simple_order_form.dart
trade_bots,AppRoutePaths.tradeBotApiDocumentation,VitTabletUtilityPage,flutter_app/lib/shared/layout/vit_tablet_utility_page.dart,L2_detail,detail,A,P3,pass,pass,pass,pass,not_applicable,pass,pass,19,0,0,0,1,none,No body refactor required; keep visual smoke coverage when touched.,flutter test --reporter=compact,flutter_app/lib/shared/layout/vit_tablet_utility_page.dart
trade_bots,AppRoutePaths.tradeBotBacktesting,VitTabletUtilityPage,flutter_app/lib/shared/layout/vit_tablet_utility_page.dart,L2_detail,detail,A,P3,pass,pass,pass,pass,not_applicable,pass,pass,19,0,0,0,1,none,No body refactor required; keep visual smoke coverage when touched.,flutter test --reporter=compact,flutter_app/lib/shared/layout/vit_tablet_utility_page.dart
trade_bots,AppRoutePaths.tradeBotDrawdownAnalyzer,VitTabletUtilityPage,flutter_app/lib/shared/layout/vit_tablet_utility_page.dart,L2_detail,detail,A,P3,pass,pass,pass,pass,not_applicable,pass,pass,19,0,0,0,1,none,No body refactor required; keep visual smoke coverage when touched.,flutter test --reporter=compact,flutter_app/lib/shared/layout/vit_tablet_utility_page.dart
trade_bots,AppRoutePaths.tradeBotEmergencyStop,VitTabletUtilityPage,flutter_app/lib/shared/layout/vit_tablet_utility_page.dart,L2_detail,detail,A,P3,pass,pass,pass,pass,not_applicable,pass,pass,19,0,0,0,1,none,No body refactor required; keep visual smoke coverage when touched.,flutter test --reporter=compact,flutter_app/lib/shared/layout/vit_tablet_utility_page.dart
trade_bots,AppRoutePaths.tradeBotEquityCurve,VitTabletUtilityPage,flutter_app/lib/shared/layout/vit_tablet_utility_page.dart,L2_detail,detail,A,P3,pass,pass,pass,pass,not_applicable,pass,pass,19,0,0,0,1,none,No body refactor required; keep visual smoke coverage when touched.,flutter test --reporter=compact,flutter_app/lib/shared/layout/vit_tablet_utility_page.dart
trade_bots,AppRoutePaths.tradeBotFaq,VitTabletUtilityPage,flutter_app/lib/shared/layout/vit_tablet_utility_page.dart,L2_utilityDetail,detail,A,P3,pass,pass,pass,pass,not_applicable,pass,pass,19,0,0,0,1,none,No body refactor required; keep visual smoke coverage when touched.,flutter test --reporter=compact,flutter_app/lib/shared/layout/vit_tablet_utility_page.dart
trade_bots,AppRoutePaths.tradeBotGuide,VitTabletUtilityPage,flutter_app/lib/shared/layout/vit_tablet_utility_page.dart,L2_utilityDetail,detail,A,P3,pass,pass,pass,pass,not_applicable,pass,pass,19,0,0,0,1,none,No body refactor required; keep visual smoke coverage when touched.,flutter test --reporter=compact,flutter_app/lib/shared/layout/vit_tablet_utility_page.dart
trade_bots,AppRoutePaths.tradeBotHistory,VitTabletUtilityPage,flutter_app/lib/shared/layout/vit_tablet_utility_page.dart,L2_utilityDetail,detail,A,P3,pass,pass,pass,pass,not_applicable,pass,pass,19,0,0,0,1,none,No body refactor required; keep visual smoke coverage when touched.,flutter test --reporter=compact,flutter_app/lib/shared/layout/vit_tablet_utility_page.dart
trade_bots,AppRoutePaths.tradeBotOptimization,VitTabletUtilityPage,flutter_app/lib/shared/layout/vit_tablet_utility_page.dart,L2_detail,detail,A,P3,pass,pass,pass,pass,not_applicable,pass,pass,19,0,0,0,1,none,No body refactor required; keep visual smoke coverage when touched.,flutter test --reporter=compact,flutter_app/lib/shared/layout/vit_tablet_utility_page.dart
trade_bots,AppRoutePaths.tradeBotPerformanceAnalytics,VitTabletUtilityPage,flutter_app/lib/shared/layout/vit_tablet_utility_page.dart,L2_utilityDetail,detail,A,P3,pass,pass,pass,pass,not_applicable,pass,pass,19,0,0,0,1,none,No body refactor required; keep visual smoke coverage when touched.,flutter test --reporter=compact,flutter_app/lib/shared/layout/vit_tablet_utility_page.dart
trade_bots,AppRoutePaths.tradeBotPortfolioDashboard,VitTabletUtilityPage,flutter_app/lib/shared/layout/vit_tablet_utility_page.dart,L2_sectionHub,detail,A,P3,pass,pass,pass,pass,not_applicable,pass,pass,19,0,0,0,1,none,No body refactor required; keep visual smoke coverage when touched.,flutter test --reporter=compact,flutter_app/lib/shared/layout/vit_tablet_utility_page.dart
trade_bots,AppRoutePaths.tradeBotRiskDashboard,VitTabletUtilityPage,flutter_app/lib/shared/layout/vit_tablet_utility_page.dart,L2_sectionHub,detail,A,P3,pass,pass,pass,pass,not_applicable,pass,pass,19,0,0,0,1,none,No body refactor required; keep visual smoke coverage when touched.,flutter test --reporter=compact,flutter_app/lib/shared/layout/vit_tablet_utility_page.dart
trade_bots,AppRoutePaths.tradeBotRiskDisclosure,VitTabletUtilityPage,flutter_app/lib/shared/layout/vit_tablet_utility_page.dart,L2_utilityDetail,detail,A,P3,pass,pass,pass,pass,not_applicable,pass,pass,19,0,0,0,1,none,No body refactor required; keep visual smoke coverage when touched.,flutter test --reporter=compact,flutter_app/lib/shared/layout/vit_tablet_utility_page.dart
trade_bots,AppRoutePaths.tradeBotSecuritySettings,VitTabletUtilityPage,flutter_app/lib/shared/layout/vit_tablet_utility_page.dart,L2_utilityDetail,detail,A,P3,pass,pass,pass,pass,not_applicable,pass,pass,19,0,0,0,1,none,No body refactor required; keep visual smoke coverage when touched.,flutter test --reporter=compact,flutter_app/lib/shared/layout/vit_tablet_utility_page.dart
trade_bots,AppRoutePaths.tradeBotStrategyCompare,VitTabletUtilityPage,flutter_app/lib/shared/layout/vit_tablet_utility_page.dart,L2_detail,detail,A,P3,pass,pass,pass,pass,not_applicable,pass,pass,19,0,0,0,1,none,No body refactor required; keep visual smoke coverage when touched.,flutter test --reporter=compact,flutter_app/lib/shared/layout/vit_tablet_utility_page.dart
trade_bots,AppRoutePaths.tradeBotSuitabilityAssessment,VitTabletUtilityPage,flutter_app/lib/shared/layout/vit_tablet_utility_page.dart,L3_transactionFlow,detail,A,P3,pass,pass,pass,pass,not_applicable,pass,pass,19,0,0,0,1,none,No body refactor required; keep visual smoke coverage when touched.,flutter test --reporter=compact,flutter_app/lib/shared/layout/vit_tablet_utility_page.dart
trade_bots,AppRoutePaths.tradeBotTaxReporting,VitTabletUtilityPage,flutter_app/lib/shared/layout/vit_tablet_utility_page.dart,L2_utilityDetail,detail,A,P3,pass,pass,pass,pass,not_applicable,pass,pass,19,0,0,0,1,none,No body refactor required; keep visual smoke coverage when touched.,flutter test --reporter=compact,flutter_app/lib/shared/layout/vit_tablet_utility_page.dart
trade_bots,AppRoutePaths.tradeBotTermsOfService,VitTabletUtilityPage,flutter_app/lib/shared/layout/vit_tablet_utility_page.dart,L2_detail,detail,A,P3,pass,pass,pass,pass,not_applicable,pass,pass,19,0,0,0,1,none,No body refactor required; keep visual smoke coverage when touched.,flutter test --reporter=compact,flutter_app/lib/shared/layout/vit_tablet_utility_page.dart
trade_bots,AppRoutePaths.tradeBots,VitTabletUtilityPage,flutter_app/lib/shared/layout/vit_tablet_utility_page.dart,L2_detail,detail,A,P3,pass,pass,pass,pass,not_applicable,pass,pass,19,0,0,0,1,none,No body refactor required; keep visual smoke coverage when touched.,flutter test --reporter=compact,flutter_app/lib/shared/layout/vit_tablet_utility_page.dart
trade_compliance,'${AppRoutePaths.tradeCopyTargetMarketDefinition}/:productId',VitTabletUtilityPage,flutter_app/lib/shared/layout/vit_tablet_utility_page.dart,L2_entityDetail,detail,A,P3,pass,pass,pass,pass,not_applicable,pass,pass,19,0,0,0,1,none,No body refactor required; keep visual smoke coverage when touched.,flutter test --reporter=compact,flutter_app/lib/shared/layout/vit_tablet_utility_page.dart
trade_compliance,'/trade/copy-trading/complaint-tracking/:complaintId',VitTabletUtilityPage,flutter_app/lib/shared/layout/vit_tablet_utility_page.dart,L2_entityDetail,detail,A,P3,pass,pass,pass,pass,not_applicable,pass,pass,19,0,0,0,1,none,No body refactor required; keep visual smoke coverage when touched.,flutter test --reporter=compact,flutter_app/lib/shared/layout/vit_tablet_utility_page.dart
trade_compliance,AppRoutePaths.tradeCopyArmIntegrationStatus,VitTabletUtilityPage,flutter_app/lib/shared/layout/vit_tablet_utility_page.dart,L2_detail,detail,A,P3,pass,pass,pass,pass,not_applicable,pass,pass,19,0,0,0,1,none,No body refactor required; keep visual smoke coverage when touched.,flutter test --reporter=compact,flutter_app/lib/shared/layout/vit_tablet_utility_page.dart
trade_compliance,AppRoutePaths.tradeCopyAuditTrail,VitTabletUtilityPage,flutter_app/lib/shared/layout/vit_tablet_utility_page.dart,L2_detail,detail,A,P3,pass,pass,pass,pass,not_applicable,pass,pass,19,0,0,0,1,none,No body refactor required; keep visual smoke coverage when touched.,flutter test --reporter=compact,flutter_app/lib/shared/layout/vit_tablet_utility_page.dart
trade_compliance,AppRoutePaths.tradeCopyBestExecutionReports,VitTabletUtilityPage,flutter_app/lib/shared/layout/vit_tablet_utility_page.dart,L2_utilityDetail,detail,A,P3,pass,pass,pass,pass,not_applicable,pass,pass,19,0,0,0,1,none,No body refactor required; keep visual smoke coverage when touched.,flutter test --reporter=compact,flutter_app/lib/shared/layout/vit_tablet_utility_page.dart
trade_compliance,AppRoutePaths.tradeCopyCassReconciliation,VitTabletUtilityPage,flutter_app/lib/shared/layout/vit_tablet_utility_page.dart,L2_detail,detail,A,P3,pass,pass,pass,pass,not_applicable,pass,pass,19,0,0,0,1,none,No body refactor required; keep visual smoke coverage when touched.,flutter test --reporter=compact,flutter_app/lib/shared/layout/vit_tablet_utility_page.dart
trade_compliance,AppRoutePaths.tradeCopyClientCategorization,VitTabletUtilityPage,flutter_app/lib/shared/layout/vit_tablet_utility_page.dart,L2_detail,detail,A,P3,pass,pass,pass,pass,not_applicable,pass,pass,19,0,0,0,1,none,No body refactor required; keep visual smoke coverage when touched.,flutter test --reporter=compact,flutter_app/lib/shared/layout/vit_tablet_utility_page.dart
trade_compliance,AppRoutePaths.tradeCopyClientMoneyProtection,VitTabletUtilityPage,flutter_app/lib/shared/layout/vit_tablet_utility_page.dart,L2_detail,detail,A,P3,pass,pass,pass,pass,not_applicable,pass,pass,19,0,0,0,1,none,No body refactor required; keep visual smoke coverage when touched.,flutter test --reporter=compact,flutter_app/lib/shared/layout/vit_tablet_utility_page.dart
trade_compliance,AppRoutePaths.tradeCopyClientOptUpRequest,VitTabletUtilityPage,flutter_app/lib/shared/layout/vit_tablet_utility_page.dart,L2_detail,detail,A,P3,pass,pass,pass,pass,not_applicable,pass,pass,19,0,0,0,1,none,No body refactor required; keep visual smoke coverage when touched.,flutter test --reporter=compact,flutter_app/lib/shared/layout/vit_tablet_utility_page.dart
trade_compliance,AppRoutePaths.tradeCopyComplaintSubmission,VitTabletUtilityPage,flutter_app/lib/shared/layout/vit_tablet_utility_page.dart,L2_detail,detail,A,P3,pass,pass,pass,pass,not_applicable,pass,pass,19,0,0,0,1,none,No body refactor required; keep visual smoke coverage when touched.,flutter test --reporter=compact,flutter_app/lib/shared/layout/vit_tablet_utility_page.dart
trade_compliance,AppRoutePaths.tradeCopyComplaintTrackingBase,VitTabletUtilityPage,flutter_app/lib/shared/layout/vit_tablet_utility_page.dart,L2_detail,detail,A,P3,pass,pass,pass,pass,not_applicable,pass,pass,19,0,0,0,1,none,No body refactor required; keep visual smoke coverage when touched.,flutter test --reporter=compact,flutter_app/lib/shared/layout/vit_tablet_utility_page.dart
trade_compliance,AppRoutePaths.tradeCopyComplaintsHandling,VitTabletUtilityPage,flutter_app/lib/shared/layout/vit_tablet_utility_page.dart,L2_detail,detail,A,P3,pass,pass,pass,pass,not_applicable,pass,pass,19,0,0,0,1,none,No body refactor required; keep visual smoke coverage when touched.,flutter test --reporter=compact,flutter_app/lib/shared/layout/vit_tablet_utility_page.dart
trade_compliance,AppRoutePaths.tradeCopyExAnteCosts,VitTabletUtilityPage,flutter_app/lib/shared/layout/vit_tablet_utility_page.dart,L2_detail,detail,A,P3,pass,pass,pass,pass,not_applicable,pass,pass,19,0,0,0,1,none,No body refactor required; keep visual smoke coverage when touched.,flutter test --reporter=compact,flutter_app/lib/shared/layout/vit_tablet_utility_page.dart
trade_compliance,AppRoutePaths.tradeCopyExPostCostsReport,VitTabletUtilityPage,flutter_app/lib/shared/layout/vit_tablet_utility_page.dart,L2_detail,detail,A,P3,pass,pass,pass,pass,not_applicable,pass,pass,19,0,0,0,1,none,No body refactor required; keep visual smoke coverage when touched.,flutter test --reporter=compact,flutter_app/lib/shared/layout/vit_tablet_utility_page.dart
trade_compliance,AppRoutePaths.tradeCopyExecutionVenueAnalysis,VitTabletUtilityPage,flutter_app/lib/shared/layout/vit_tablet_utility_page.dart,L2_detail,detail,A,P3,pass,pass,pass,pass,not_applicable,pass,pass,19,0,0,0,1,none,No body refactor required; keep visual smoke coverage when touched.,flutter test --reporter=compact,flutter_app/lib/shared/layout/vit_tablet_utility_page.dart
trade_compliance,AppRoutePaths.tradeCopyInvestorCompensation,VitTabletUtilityPage,flutter_app/lib/shared/layout/vit_tablet_utility_page.dart,L2_detail,detail,A,P3,pass,pass,pass,pass,not_applicable,pass,pass,19,0,0,0,1,none,No body refactor required; keep visual smoke coverage when touched.,flutter test --reporter=compact,flutter_app/lib/shared/layout/vit_tablet_utility_page.dart
trade_compliance,AppRoutePaths.tradeCopyKidGenerator,VitTabletUtilityPage,flutter_app/lib/shared/layout/vit_tablet_utility_page.dart,L2_detail,detail,A,P3,pass,pass,pass,pass,not_applicable,pass,pass,19,0,0,0,1,none,No body refactor required; keep visual smoke coverage when touched.,flutter test --reporter=compact,flutter_app/lib/shared/layout/vit_tablet_utility_page.dart
trade_compliance,AppRoutePaths.tradeCopyOmbudsmanReferral,VitTabletUtilityPage,flutter_app/lib/shared/layout/vit_tablet_utility_page.dart,L1_utilityHub,detail,A,P3,pass,pass,pass,pass,not_applicable,pass,pass,19,0,0,0,1,none,No body refactor required; keep visual smoke coverage when touched.,flutter test --reporter=compact,flutter_app/lib/shared/layout/vit_tablet_utility_page.dart
trade_compliance,AppRoutePaths.tradeCopyPerformanceScenarios,VitTabletUtilityPage,flutter_app/lib/shared/layout/vit_tablet_utility_page.dart,L2_detail,detail,A,P3,pass,pass,pass,pass,not_applicable,pass,pass,19,0,0,0,1,none,No body refactor required; keep visual smoke coverage when touched.,flutter test --reporter=compact,flutter_app/lib/shared/layout/vit_tablet_utility_page.dart
trade_compliance,AppRoutePaths.tradeCopyProductGovernance,VitTabletUtilityPage,flutter_app/lib/shared/layout/vit_tablet_utility_page.dart,L2_detail,detail,A,P3,pass,pass,pass,pass,not_applicable,pass,pass,19,0,0,0,1,none,No body refactor required; keep visual smoke coverage when touched.,flutter test --reporter=compact,flutter_app/lib/shared/layout/vit_tablet_utility_page.dart
trade_compliance,AppRoutePaths.tradeCopyRegulatoryDisclosures,VitTabletUtilityPage,flutter_app/lib/shared/layout/vit_tablet_utility_page.dart,L2_detail,detail,A,P3,pass,pass,pass,pass,not_applicable,pass,pass,19,0,0,0,1,none,No body refactor required; keep visual smoke coverage when touched.,flutter test --reporter=compact,flutter_app/lib/shared/layout/vit_tablet_utility_page.dart
trade_compliance,AppRoutePaths.tradeCopyRegulatoryInspectionReady,VitTabletUtilityPage,flutter_app/lib/shared/layout/vit_tablet_utility_page.dart,L2_detail,detail,A,P3,pass,pass,pass,pass,not_applicable,pass,pass,19,0,0,0,1,none,No body refactor required; keep visual smoke coverage when touched.,flutter test --reporter=compact,flutter_app/lib/shared/layout/vit_tablet_utility_page.dart
trade_compliance,AppRoutePaths.tradeCopyRegulatoryReportsDashboard,VitTabletUtilityPage,flutter_app/lib/shared/layout/vit_tablet_utility_page.dart,L2_sectionHub,detail,A,P3,pass,pass,pass,pass,not_applicable,pass,pass,19,0,0,0,1,none,No body refactor required; keep visual smoke coverage when touched.,flutter test --reporter=compact,flutter_app/lib/shared/layout/vit_tablet_utility_page.dart
trade_compliance,AppRoutePaths.tradeCopyRiskIndicatorExplainer,VitTabletUtilityPage,flutter_app/lib/shared/layout/vit_tablet_utility_page.dart,L2_utilityDetail,detail,A,P3,pass,pass,pass,pass,not_applicable,pass,pass,19,0,0,0,1,none,No body refactor required; keep visual smoke coverage when touched.,flutter test --reporter=compact,flutter_app/lib/shared/layout/vit_tablet_utility_page.dart
trade_compliance,AppRoutePaths.tradeCopyRiyCalculator,VitTabletUtilityPage,flutter_app/lib/shared/layout/vit_tablet_utility_page.dart,L2_detail,detail,A,P3,pass,pass,pass,pass,not_applicable,pass,pass,19,0,0,0,1,none,No body refactor required; keep visual smoke coverage when touched.,flutter test --reporter=compact,flutter_app/lib/shared/layout/vit_tablet_utility_page.dart
trade_compliance,AppRoutePaths.tradeCopySlippageMonitoring,VitTabletUtilityPage,flutter_app/lib/shared/layout/vit_tablet_utility_page.dart,L2_detail,detail,A,P3,pass,pass,pass,pass,not_applicable,pass,pass,19,0,0,0,1,none,No body refactor required; keep visual smoke coverage when touched.,flutter test --reporter=compact,flutter_app/lib/shared/layout/vit_tablet_utility_page.dart
trade_compliance,AppRoutePaths.tradeCopyTargetMarketDefinition,VitTabletUtilityPage,flutter_app/lib/shared/layout/vit_tablet_utility_page.dart,L2_detail,detail,A,P3,pass,pass,pass,pass,not_applicable,pass,pass,19,0,0,0,1,none,No body refactor required; keep visual smoke coverage when touched.,flutter test --reporter=compact,flutter_app/lib/shared/layout/vit_tablet_utility_page.dart
trade_compliance,AppRoutePaths.tradeCopyTransactionReporting,VitTabletUtilityPage,flutter_app/lib/shared/layout/vit_tablet_utility_page.dart,L2_utilityDetail,detail,A,P3,pass,pass,pass,pass,not_applicable,pass,pass,19,0,0,0,1,none,No body refactor required; keep visual smoke coverage when touched.,flutter test --reporter=compact,flutter_app/lib/shared/layout/vit_tablet_utility_page.dart
trade_compliance,AppRoutePaths.tradeMarginLiveMarketDataAnalytics,VitTabletUtilityPage,flutter_app/lib/shared/layout/vit_tablet_utility_page.dart,L2_utilityDetail,detail,A,P3,pass,pass,pass,pass,not_applicable,pass,pass,19,0,0,0,1,none,No body refactor required; keep visual smoke coverage when touched.,flutter test --reporter=compact,flutter_app/lib/shared/layout/vit_tablet_utility_page.dart
trade_compliance,AppRoutePaths.tradeMarginMarketDataAnalytics,VitTabletUtilityPage,flutter_app/lib/shared/layout/vit_tablet_utility_page.dart,L2_utilityDetail,detail,A,P3,pass,pass,pass,pass,not_applicable,pass,pass,19,0,0,0,1,none,No body refactor required; keep visual smoke coverage when touched.,flutter test --reporter=compact,flutter_app/lib/shared/layout/vit_tablet_utility_page.dart
trade_copy,'/trade/copy-audit-log/:copyId',VitTabletUtilityPage,flutter_app/lib/shared/layout/vit_tablet_utility_page.dart,L2_entityDetail,detail,A,P3,pass,pass,pass,pass,not_applicable,pass,pass,19,0,0,0,1,none,No body refactor required; keep visual smoke coverage when touched.,flutter test --reporter=compact,flutter_app/lib/shared/layout/vit_tablet_utility_page.dart
trade_copy,'/trade/copy-performance/:copyId',VitTabletUtilityPage,flutter_app/lib/shared/layout/vit_tablet_utility_page.dart,L2_entityDetail,detail,A,P3,pass,pass,pass,pass,not_applicable,pass,pass,19,0,0,0,1,none,No body refactor required; keep visual smoke coverage when touched.,flutter test --reporter=compact,flutter_app/lib/shared/layout/vit_tablet_utility_page.dart
trade_copy,'/trade/copy-performance/:copyId/attribution',VitTabletUtilityPage,flutter_app/lib/shared/layout/vit_tablet_utility_page.dart,L2_entityDetail,detail,A,P3,pass,pass,pass,pass,not_applicable,pass,pass,19,0,0,0,1,none,No body refactor required; keep visual smoke coverage when touched.,flutter test --reporter=compact,flutter_app/lib/shared/layout/vit_tablet_utility_page.dart
trade_copy,'/trade/copy-provider/:providerId',VitTabletUtilityPage,flutter_app/lib/shared/layout/vit_tablet_utility_page.dart,L2_entityDetail,detail,A,P3,pass,pass,pass,pass,not_applicable,pass,pass,19,0,0,0,1,none,No body refactor required; keep visual smoke coverage when touched.,flutter test --reporter=compact,flutter_app/lib/shared/layout/vit_tablet_utility_page.dart
trade_copy,'/trade/copy-provider/:providerId/assessment',VitTabletUtilityPage,flutter_app/lib/shared/layout/vit_tablet_utility_page.dart,L3_transactionFlow,detail,A,P3,pass,pass,pass,pass,not_applicable,pass,pass,19,0,0,0,1,none,No body refactor required; keep visual smoke coverage when touched.,flutter test --reporter=compact,flutter_app/lib/shared/layout/vit_tablet_utility_page.dart
trade_copy,'/trade/copy-provider/:providerId/configuration',VitTabletUtilityPage,flutter_app/lib/shared/layout/vit_tablet_utility_page.dart,L3_transactionFlow,detail,A,P3,pass,pass,pass,pass,not_applicable,pass,pass,19,0,0,0,1,none,No body refactor required; keep visual smoke coverage when touched.,flutter test --reporter=compact,flutter_app/lib/shared/layout/vit_tablet_utility_page.dart
trade_copy,'/trade/copy-provider/:providerId/confirmation',VitTabletUtilityPage,flutter_app/lib/shared/layout/vit_tablet_utility_page.dart,L3_transactionFlow,detail,A,P3,pass,pass,pass,pass,not_applicable,pass,pass,19,0,0,0,1,none,No body refactor required; keep visual smoke coverage when touched.,flutter test --reporter=compact,flutter_app/lib/shared/layout/vit_tablet_utility_page.dart
trade_copy,'/trade/trader/:traderId',VitTabletUtilityPage,flutter_app/lib/shared/layout/vit_tablet_utility_page.dart,L2_entityDetail,detail,A,P3,pass,pass,pass,pass,not_applicable,pass,pass,19,0,0,0,1,none,No body refactor required; keep visual smoke coverage when touched.,flutter test --reporter=compact,flutter_app/lib/shared/layout/vit_tablet_utility_page.dart
trade_copy,AppRoutePaths.demoCopyCard,VitTabletUtilityPage,flutter_app/lib/shared/layout/vit_tablet_utility_page.dart,L2_detail,detail,A,P3,pass,pass,pass,pass,not_applicable,pass,pass,19,0,0,0,1,none,No body refactor required; keep visual smoke coverage when touched.,flutter test --reporter=compact,flutter_app/lib/shared/layout/vit_tablet_utility_page.dart
trade_copy,AppRoutePaths.tradeCopyActive,VitTabletUtilityPage,flutter_app/lib/shared/layout/vit_tablet_utility_page.dart,L2_detail,detail,A,P3,pass,pass,pass,pass,not_applicable,pass,pass,19,0,0,0,1,none,No body refactor required; keep visual smoke coverage when touched.,flutter test --reporter=compact,flutter_app/lib/shared/layout/vit_tablet_utility_page.dart
trade_copy,AppRoutePaths.tradeCopyComparison,VitTabletUtilityPage,flutter_app/lib/shared/layout/vit_tablet_utility_page.dart,L2_detail,detail,A,P3,pass,pass,pass,pass,not_applicable,pass,pass,19,0,0,0,1,none,No body refactor required; keep visual smoke coverage when touched.,flutter test --reporter=compact,flutter_app/lib/shared/layout/vit_tablet_utility_page.dart
trade_copy,AppRoutePaths.tradeCopyDisputeResolution,VitTabletUtilityPage,flutter_app/lib/shared/layout/vit_tablet_utility_page.dart,L2_detail,detail,A,P3,pass,pass,pass,pass,not_applicable,pass,pass,19,0,0,0,1,none,No body refactor required; keep visual smoke coverage when touched.,flutter test --reporter=compact,flutter_app/lib/shared/layout/vit_tablet_utility_page.dart
trade_copy,AppRoutePaths.tradeCopyEducation,VitTabletUtilityPage,flutter_app/lib/shared/layout/vit_tablet_utility_page.dart,L2_detail,detail,A,P3,pass,pass,pass,pass,not_applicable,pass,pass,19,0,0,0,1,none,No body refactor required; keep visual smoke coverage when touched.,flutter test --reporter=compact,flutter_app/lib/shared/layout/vit_tablet_utility_page.dart
trade_copy,AppRoutePaths.tradeCopyLeaderboard,VitTabletUtilityPage,flutter_app/lib/shared/layout/vit_tablet_utility_page.dart,L2_detail,detail,A,P3,pass,pass,pass,pass,not_applicable,pass,pass,19,0,0,0,1,none,No body refactor required; keep visual smoke coverage when touched.,flutter test --reporter=compact,flutter_app/lib/shared/layout/vit_tablet_utility_page.dart
trade_copy,AppRoutePaths.tradeCopyNotifications,VitTabletUtilityPage,flutter_app/lib/shared/layout/vit_tablet_utility_page.dart,L1_utilityHub,detail,A,P3,pass,pass,pass,pass,not_applicable,pass,pass,19,0,0,0,1,none,No body refactor required; keep visual smoke coverage when touched.,flutter test --reporter=compact,flutter_app/lib/shared/layout/vit_tablet_utility_page.dart
trade_copy,AppRoutePaths.tradeCopyProviderApply,VitTabletUtilityPage,flutter_app/lib/shared/layout/vit_tablet_utility_page.dart,L2_detail,detail,A,P3,pass,pass,pass,pass,not_applicable,pass,pass,19,0,0,0,1,none,No body refactor required; keep visual smoke coverage when touched.,flutter test --reporter=compact,flutter_app/lib/shared/layout/vit_tablet_utility_page.dart
trade_copy,AppRoutePaths.tradeCopyProviderGovernance,VitTabletUtilityPage,flutter_app/lib/shared/layout/vit_tablet_utility_page.dart,L2_detail,detail,A,P3,pass,pass,pass,pass,not_applicable,pass,pass,19,0,0,0,1,none,No body refactor required; keep visual smoke coverage when touched.,flutter test --reporter=compact,flutter_app/lib/shared/layout/vit_tablet_utility_page.dart
trade_copy,AppRoutePaths.tradeCopyRiskAnalysis,VitTabletUtilityPage,flutter_app/lib/shared/layout/vit_tablet_utility_page.dart,L2_utilityDetail,detail,A,P3,pass,pass,pass,pass,not_applicable,pass,pass,19,0,0,0,1,none,No body refactor required; keep visual smoke coverage when touched.,flutter test --reporter=compact,flutter_app/lib/shared/layout/vit_tablet_utility_page.dart
trade_copy,AppRoutePaths.tradeCopySafety,VitTabletUtilityPage,flutter_app/lib/shared/layout/vit_tablet_utility_page.dart,L2_detail,detail,A,P3,pass,pass,pass,pass,not_applicable,pass,pass,19,0,0,0,1,none,No body refactor required; keep visual smoke coverage when touched.,flutter test --reporter=compact,flutter_app/lib/shared/layout/vit_tablet_utility_page.dart
trade_copy,AppRoutePaths.tradeCopySafetyCenter,VitTabletUtilityPage,flutter_app/lib/shared/layout/vit_tablet_utility_page.dart,L2_sectionHub,detail,A,P3,pass,pass,pass,pass,not_applicable,pass,pass,19,0,0,0,1,none,No body refactor required; keep visual smoke coverage when touched.,flutter test --reporter=compact,flutter_app/lib/shared/layout/vit_tablet_utility_page.dart
trade_copy,AppRoutePaths.tradeCopySettings,VitTabletUtilityPage,flutter_app/lib/shared/layout/vit_tablet_utility_page.dart,L2_utilityDetail,detail,A,P3,pass,pass,pass,pass,not_applicable,pass,pass,19,0,0,0,1,none,No body refactor required; keep visual smoke coverage when touched.,flutter test --reporter=compact,flutter_app/lib/shared/layout/vit_tablet_utility_page.dart
trade_copy,AppRoutePaths.tradeCopyTrading,VitTabletUtilityPage,flutter_app/lib/shared/layout/vit_tablet_utility_page.dart,L2_detail,detail,A,P3,pass,pass,pass,pass,not_applicable,pass,pass,19,0,0,0,1,none,No body refactor required; keep visual smoke coverage when touched.,flutter test --reporter=compact,flutter_app/lib/shared/layout/vit_tablet_utility_page.dart
trade_terminal,'/trade/advanced-chart/:pairId',VitTabletUtilityPage,flutter_app/lib/shared/layout/vit_tablet_utility_page.dart,L2_entityDetail,detail,A,P3,pass,pass,pass,pass,not_applicable,pass,pass,19,0,0,0,1,none,No body refactor required; keep visual smoke coverage when touched.,flutter test --reporter=compact,flutter_app/lib/shared/layout/vit_tablet_utility_page.dart
trade_terminal,AppRoutePaths.tradeAdvancedTools,VitTabletUtilityPage,flutter_app/lib/shared/layout/vit_tablet_utility_page.dart,L2_detail,detail,A,P3,pass,pass,pass,pass,not_applicable,pass,pass,19,0,0,0,1,none,No body refactor required; keep visual smoke coverage when touched.,flutter test --reporter=compact,flutter_app/lib/shared/layout/vit_tablet_utility_page.dart
trade_terminal,AppRoutePaths.tradeExecutionQuality,VitTabletUtilityPage,flutter_app/lib/shared/layout/vit_tablet_utility_page.dart,L2_detail,detail,A,P3,pass,pass,pass,pass,not_applicable,pass,pass,19,0,0,0,1,none,No body refactor required; keep visual smoke coverage when touched.,flutter test --reporter=compact,flutter_app/lib/shared/layout/vit_tablet_utility_page.dart
trade_terminal,AppRoutePaths.tradeMarginAdvancedAnalytics,VitTabletUtilityPage,flutter_app/lib/shared/layout/vit_tablet_utility_page.dart,L2_utilityDetail,detail,A,P3,pass,pass,pass,pass,not_applicable,pass,pass,19,0,0,0,1,none,No body refactor required; keep visual smoke coverage when touched.,flutter test --reporter=compact,flutter_app/lib/shared/layout/vit_tablet_utility_page.dart
trade_terminal,AppRoutePaths.tradeMarginAdvancedDemo,VitTabletUtilityPage,flutter_app/lib/shared/layout/vit_tablet_utility_page.dart,L2_detail,detail,A,P3,pass,pass,pass,pass,not_applicable,pass,pass,19,0,0,0,1,none,No body refactor required; keep visual smoke coverage when touched.,flutter test --reporter=compact,flutter_app/lib/shared/layout/vit_tablet_utility_page.dart
trade_terminal,AppRoutePaths.tradeRiskManagement,VitTabletUtilityPage,flutter_app/lib/shared/layout/vit_tablet_utility_page.dart,L2_utilityDetail,detail,A,P3,pass,pass,pass,pass,not_applicable,pass,pass,19,0,0,0,1,none,No body refactor required; keep visual smoke coverage when touched.,flutter test --reporter=compact,flutter_app/lib/shared/layout/vit_tablet_utility_page.dart
utility,'/referral/friend/:friendId',VitTabletUtilityPage,flutter_app/lib/shared/layout/vit_tablet_utility_page.dart,L1_utilityHub,detail,A,P3,pass,pass,pass,pass,not_applicable,pass,pass,19,0,0,0,1,none,No body refactor required; keep visual smoke coverage when touched.,flutter test --reporter=compact,flutter_app/lib/shared/layout/vit_tablet_utility_page.dart
utility,AppRoutePaths.crossModuleAnalytics,VitTabletUtilityPage,flutter_app/lib/shared/layout/vit_tablet_utility_page.dart,L1_utilityHub,detail,A,P3,pass,pass,pass,pass,not_applicable,pass,pass,19,0,0,0,1,none,No body refactor required; keep visual smoke coverage when touched.,flutter test --reporter=compact,flutter_app/lib/shared/layout/vit_tablet_utility_page.dart
utility,AppRoutePaths.devDcaOverview,VitTabletUtilityPage,flutter_app/lib/shared/layout/vit_tablet_utility_page.dart,L2_sectionHub,detail,A,P3,pass,pass,pass,pass,not_applicable,pass,pass,19,0,0,0,1,none,No body refactor required; keep visual smoke coverage when touched.,flutter test --reporter=compact,flutter_app/lib/shared/layout/vit_tablet_utility_page.dart
utility,AppRoutePaths.devDesignSystem,VitTabletUtilityPage,flutter_app/lib/shared/layout/vit_tablet_utility_page.dart,L2_detail,detail,A,P3,pass,pass,pass,pass,not_applicable,pass,pass,19,0,0,0,1,none,No body refactor required; keep visual smoke coverage when touched.,flutter test --reporter=compact,flutter_app/lib/shared/layout/vit_tablet_utility_page.dart
utility,AppRoutePaths.devShowcase,VitTabletUtilityPage,flutter_app/lib/shared/layout/vit_tablet_utility_page.dart,L2_detail,detail,A,P3,pass,pass,pass,pass,not_applicable,pass,pass,19,0,0,0,1,none,No body refactor required; keep visual smoke coverage when touched.,flutter test --reporter=compact,flutter_app/lib/shared/layout/vit_tablet_utility_page.dart
utility,AppRoutePaths.enterpriseStates,VitTabletUtilityPage,flutter_app/lib/shared/layout/vit_tablet_utility_page.dart,L2_detail,detail,A,P3,pass,pass,pass,pass,not_applicable,pass,pass,19,0,0,0,1,none,No body refactor required; keep visual smoke coverage when touched.,flutter test --reporter=compact,flutter_app/lib/shared/layout/vit_tablet_utility_page.dart
utility,AppRoutePaths.notifications,VitTabletUtilityPage,flutter_app/lib/shared/layout/vit_tablet_utility_page.dart,L1_utilityHub,detail,A,P3,pass,pass,pass,pass,not_applicable,pass,pass,19,0,0,0,1,none,No body refactor required; keep visual smoke coverage when touched.,flutter test --reporter=compact,flutter_app/lib/shared/layout/vit_tablet_utility_page.dart
utility,AppRoutePaths.performanceMonitor,VitTabletUtilityPage,flutter_app/lib/shared/layout/vit_tablet_utility_page.dart,L2_detail,detail,A,P3,pass,pass,pass,pass,not_applicable,pass,pass,19,0,0,0,1,none,No body refactor required; keep visual smoke coverage when touched.,flutter test --reporter=compact,flutter_app/lib/shared/layout/vit_tablet_utility_page.dart
utility,AppRoutePaths.referral,VitTabletUtilityPage,flutter_app/lib/shared/layout/vit_tablet_utility_page.dart,L1_utilityHub,detail,A,P3,pass,pass,pass,pass,not_applicable,pass,pass,19,0,0,0,1,none,No body refactor required; keep visual smoke coverage when touched.,flutter test --reporter=compact,flutter_app/lib/shared/layout/vit_tablet_utility_page.dart
utility,AppRoutePaths.referralHistory,VitTabletUtilityPage,flutter_app/lib/shared/layout/vit_tablet_utility_page.dart,L1_utilityHub,detail,A,P3,pass,pass,pass,pass,not_applicable,pass,pass,19,0,0,0,1,none,No body refactor required; keep visual smoke coverage when touched.,flutter test --reporter=compact,flutter_app/lib/shared/layout/vit_tablet_utility_page.dart
utility,AppRoutePaths.referralRewards,VitTabletUtilityPage,flutter_app/lib/shared/layout/vit_tablet_utility_page.dart,L1_utilityHub,detail,A,P3,pass,pass,pass,pass,not_applicable,pass,pass,19,0,0,0,1,none,No body refactor required; keep visual smoke coverage when touched.,flutter test --reporter=compact,flutter_app/lib/shared/layout/vit_tablet_utility_page.dart
utility,AppRoutePaths.referralRules,VitTabletUtilityPage,flutter_app/lib/shared/layout/vit_tablet_utility_page.dart,L1_utilityHub,detail,A,P3,pass,pass,pass,pass,not_applicable,pass,pass,19,0,0,0,1,none,No body refactor required; keep visual smoke coverage when touched.,flutter test --reporter=compact,flutter_app/lib/shared/layout/vit_tablet_utility_page.dart
utility,AppRoutePaths.rewards,VitTabletUtilityPage,flutter_app/lib/shared/layout/vit_tablet_utility_page.dart,L2_detail,detail,A,P3,pass,pass,pass,pass,not_applicable,pass,pass,19,0,0,0,1,none,No body refactor required; keep visual smoke coverage when touched.,flutter test --reporter=compact,flutter_app/lib/shared/layout/vit_tablet_utility_page.dart
utility,AppRoutePaths.routeChecker,VitTabletUtilityPage,flutter_app/lib/shared/layout/vit_tablet_utility_page.dart,L2_detail,detail,A,P3,pass,pass,pass,pass,not_applicable,pass,pass,19,0,0,0,1,none,No body refactor required; keep visual smoke coverage when touched.,flutter test --reporter=compact,flutter_app/lib/shared/layout/vit_tablet_utility_page.dart
utility,AppRoutePaths.search,VitTabletUtilityPage,flutter_app/lib/shared/layout/vit_tablet_utility_page.dart,L1_utilityHub,detail,A,P3,pass,pass,pass,pass,not_applicable,pass,pass,19,0,0,0,1,none,No body refactor required; keep visual smoke coverage when touched.,flutter test --reporter=compact,flutter_app/lib/shared/layout/vit_tablet_utility_page.dart
utility,AppRoutePaths.smartAlerts,VitTabletUtilityPage,flutter_app/lib/shared/layout/vit_tablet_utility_page.dart,L2_utilityDetail,detail,A,P3,pass,pass,pass,pass,not_applicable,pass,pass,19,0,0,0,1,none,No body refactor required; keep visual smoke coverage when touched.,flutter test --reporter=compact,flutter_app/lib/shared/layout/vit_tablet_utility_page.dart
utility,AppRoutePaths.taxReports,VitTabletUtilityPage,flutter_app/lib/shared/layout/vit_tablet_utility_page.dart,L2_utilityDetail,detail,A,P3,pass,pass,pass,pass,not_applicable,pass,pass,19,0,0,0,1,none,No body refactor required; keep visual smoke coverage when touched.,flutter test --reporter=compact,flutter_app/lib/shared/layout/vit_tablet_utility_page.dart
utility,AppRoutePaths.topicCrypto,VitTabletUtilityPage,flutter_app/lib/shared/layout/vit_tablet_utility_page.dart,L1_utilityHub,detail,A,P3,pass,pass,pass,pass,not_applicable,pass,pass,19,0,0,0,1,none,No body refactor required; keep visual smoke coverage when touched.,flutter test --reporter=compact,flutter_app/lib/shared/layout/vit_tablet_utility_page.dart
utility,AppRoutePaths.topics,VitTabletUtilityPage,flutter_app/lib/shared/layout/vit_tablet_utility_page.dart,L1_utilityHub,detail,A,P3,pass,pass,pass,pass,not_applicable,pass,pass,19,0,0,0,1,none,No body refactor required; keep visual smoke coverage when touched.,flutter test --reporter=compact,flutter_app/lib/shared/layout/vit_tablet_utility_page.dart
utility,AppRoutePaths.unifiedPortfolio,VitTabletUtilityPage,flutter_app/lib/shared/layout/vit_tablet_utility_page.dart,L1_utilityHub,detail,A,P3,pass,pass,pass,pass,not_applicable,pass,pass,19,0,0,0,1,none,No body refactor required; keep visual smoke coverage when touched.,flutter test --reporter=compact,flutter_app/lib/shared/layout/vit_tablet_utility_page.dart
wallet,AppRoutePaths.wallet,WalletPage,flutter_app/lib/features/wallet/presentation/phone/pages/wallet_page.dart,L1_primaryTabRoot,rootModule,A,P3,pass,pass,pass,pass,not_applicable,pass,pass,53,18,0,0,7,none,No body refactor required; keep visual smoke coverage when touched.,flutter test test/features/wallet --reporter=compact,flutter_app/lib/features/wallet/presentation/phone/pages/wallet_page.dart;flutter_app/lib/features/wallet/presentation/widgets/phone/wallet_page_allocation_sections.dart;flutter_app/lib/features/wallet/presentation/widgets/phone/wallet_page_asset_sections.dart;flutter_app/lib/features/wallet/presentation/widgets/phone/wallet_page_balance_sections.dart;flutter_app/lib/features/wallet/presentation/widgets/phone/wallet_page_dca_tool_sections.dart;flutter_app/lib/features/wallet/presentation/widgets/phone/wallet_page_sections.dart;flutter_app/lib/features/wallet/presentation/widgets/phone/wallet_unavailable_banner.dart
wallet,AppRoutePaths.walletAddressBookAdd,AddressAddTabletPage,flutter_app/lib/features/wallet/presentation/tablet/pages/address_add_tablet_page.dart,L3_transactionFlow,detail,A,P3,pass,pass,pass,pass,pass,pass,pass,19,6,0,0,4,none,No body refactor required; keep visual smoke coverage when touched.,flutter test test/features/wallet --reporter=compact,flutter_app/lib/features/wallet/presentation/tablet/pages/address_add_tablet_page.dart;flutter_app/lib/features/wallet/presentation/widgets/address/wallet_address_add_common.dart;flutter_app/lib/features/wallet/presentation/widgets/address/wallet_address_add_form.dart;flutter_app/lib/features/wallet/presentation/widgets/address/wallet_address_add_preview.dart
wallet,AppRoutePaths.walletAddressBook,AddressBookTabletPage,flutter_app/lib/features/wallet/presentation/tablet/pages/address_book_tablet_page.dart,L3_transactionFlow,detail,A,P3,pass,pass,pass,pass,pass,pass,pass,28,3,0,0,1,none,No body refactor required; keep visual smoke coverage when touched.,flutter test test/features/wallet --reporter=compact,flutter_app/lib/features/wallet/presentation/tablet/pages/address_book_tablet_page.dart
wallet,'/wallet/asset/:assetId',AssetDetailTabletPage,flutter_app/lib/features/wallet/presentation/tablet/pages/asset_detail_tablet_page.dart,L2_entityDetail,detail,A,P3,pass,pass,pass,pass,not_applicable,pass,pass,22,5,0,0,1,none,No body refactor required; keep visual smoke coverage when touched.,flutter test test/features/wallet --reporter=compact,flutter_app/lib/features/wallet/presentation/tablet/pages/asset_detail_tablet_page.dart
wallet,AppRoutePaths.walletBuyCrypto,BuyCryptoTabletPage,flutter_app/lib/features/wallet/presentation/tablet/pages/buy_crypto_tablet_page.dart,L1_utilityHub,detail,A,P3,pass,pass,pass,pass,pass,pass,pass,50,11,0,0,5,none,No body refactor required; keep visual smoke coverage when touched.,flutter test test/features/wallet --reporter=compact,flutter_app/lib/features/wallet/presentation/tablet/pages/buy_crypto_tablet_page.dart;flutter_app/lib/features/wallet/presentation/widgets/assets/wallet_buy_crypto_input_sections.dart;flutter_app/lib/features/wallet/presentation/widgets/assets/wallet_buy_crypto_payment_sections.dart;flutter_app/lib/features/wallet/presentation/widgets/assets/wallet_buy_crypto_result_sections.dart;flutter_app/lib/features/wallet/presentation/widgets/assets/wallet_buy_crypto_sections.dart
wallet,'${AppRoutePaths.walletDeposit}/:asset',DepositTabletPage,flutter_app/lib/features/wallet/presentation/tablet/pages/deposit_tablet_page.dart,L3_transactionFlow,detail,A,P3,pass,pass,pass,pass,pass,pass,pass,22,5,0,0,1,none,No body refactor required; keep visual smoke coverage when touched.,flutter test test/features/wallet --reporter=compact,flutter_app/lib/features/wallet/presentation/tablet/pages/deposit_tablet_page.dart
wallet,AppRoutePaths.walletDeposit,DepositTabletPage,flutter_app/lib/features/wallet/presentation/tablet/pages/deposit_tablet_page.dart,L3_transactionFlow,detail,A,P3,pass,pass,pass,pass,pass,pass,pass,22,5,0,0,1,none,No body refactor required; keep visual smoke coverage when touched.,flutter test test/features/wallet --reporter=compact,flutter_app/lib/features/wallet/presentation/tablet/pages/deposit_tablet_page.dart
wallet,AppRoutePaths.walletDustConverter,DustConverterTabletPage,flutter_app/lib/features/wallet/presentation/tablet/pages/dust_converter_tablet_page.dart,L2_detail,detail,A,P3,pass,pass,pass,pass,pass,pass,pass,26,2,0,0,1,none,No body refactor required; keep visual smoke coverage when touched.,flutter test test/features/wallet --reporter=compact,flutter_app/lib/features/wallet/presentation/tablet/pages/dust_converter_tablet_page.dart
wallet,AppRoutePaths.walletNetworkStatus,NetworkStatusTabletPage,flutter_app/lib/features/wallet/presentation/tablet/pages/network_status_tablet_page.dart,L2_detail,detail,A,P3,pass,pass,pass,pass,pass,pass,pass,54,13,0,0,1,none,No body refactor required; keep visual smoke coverage when touched.,flutter test test/features/wallet --reporter=compact,flutter_app/lib/features/wallet/presentation/tablet/pages/network_status_tablet_page.dart
wallet,AppRoutePaths.walletPendingDeposits,PendingDepositsTabletPage,flutter_app/lib/features/wallet/presentation/tablet/pages/pending_deposits_tablet_page.dart,L3_transactionFlow,detail,A,P3,pass,pass,pass,pass,pass,pass,pass,34,7,0,0,1,none,No body refactor required; keep visual smoke coverage when touched.,flutter test test/features/wallet --reporter=compact,flutter_app/lib/features/wallet/presentation/tablet/pages/pending_deposits_tablet_page.dart
wallet,AppRoutePaths.walletPortfolioAnalytics,PortfolioAnalyticsTabletPage,flutter_app/lib/features/wallet/presentation/tablet/pages/portfolio_analytics_tablet_page.dart,L2_utilityDetail,detail,A,P3,pass,pass,pass,pass,pass,pass,pass,25,6,0,0,1,none,No body refactor required; keep visual smoke coverage when touched.,flutter test test/features/wallet --reporter=compact,flutter_app/lib/features/wallet/presentation/tablet/pages/portfolio_analytics_tablet_page.dart
wallet,'/wallet/transaction/:txId',TransactionDetailTabletPage,flutter_app/lib/features/wallet/presentation/tablet/pages/transaction_detail_tablet_page.dart,L2_entityDetail,detail,A,P3,pass,pass,pass,pass,not_applicable,pass,pass,24,3,0,0,1,none,No body refactor required; keep visual smoke coverage when touched.,flutter test test/features/wallet --reporter=compact,flutter_app/lib/features/wallet/presentation/tablet/pages/transaction_detail_tablet_page.dart
wallet,AppRoutePaths.walletHistory,TransactionHistoryTabletPage,flutter_app/lib/features/wallet/presentation/tablet/pages/transaction_history_tablet_page.dart,L2_utilityDetail,detail,A,P3,pass,pass,pass,pass,pass,pass,pass,27,3,0,0,1,none,No body refactor required; keep visual smoke coverage when touched.,flutter test test/features/wallet --reporter=compact,flutter_app/lib/features/wallet/presentation/tablet/pages/transaction_history_tablet_page.dart
wallet,AppRoutePaths.walletTransfer,TransferTabletPage,flutter_app/lib/features/wallet/presentation/tablet/pages/transfer_tablet_page.dart,L3_transactionFlow,detail,A,P3,pass,pass,pass,pass,pass,pass,pass,36,9,0,0,6,none,No body refactor required; keep visual smoke coverage when touched.,flutter test test/features/wallet --reporter=compact,flutter_app/lib/features/wallet/presentation/tablet/pages/transfer_tablet_page.dart;flutter_app/lib/features/wallet/presentation/widgets/transfer/wallet_transfer_asset_amount.dart;flutter_app/lib/features/wallet/presentation/widgets/transfer/wallet_transfer_confirm_sheet.dart;flutter_app/lib/features/wallet/presentation/widgets/transfer/wallet_transfer_history_picker.dart;flutter_app/lib/features/wallet/presentation/widgets/transfer/wallet_transfer_sections.dart;flutter_app/lib/features/wallet/presentation/widgets/transfer/wallet_transfer_wallet_cards.dart
wallet,AppRoutePaths.walletGasOptimizer,WalletGasOptimizerTabletPage,flutter_app/lib/features/wallet/presentation/tablet/pages/wallet_gas_optimizer_tablet_page.dart,L2_detail,detail,A,P3,pass,pass,pass,pass,pass,pass,pass,36,5,0,0,1,none,No body refactor required; keep visual smoke coverage when touched.,flutter test test/features/wallet --reporter=compact,flutter_app/lib/features/wallet/presentation/tablet/pages/wallet_gas_optimizer_tablet_page.dart
wallet,AppRoutePaths.walletHealthScore,WalletHealthScoreTabletPage,flutter_app/lib/features/wallet/presentation/tablet/pages/wallet_health_score_tablet_page.dart,L2_detail,detail,A,P3,pass,pass,pass,pass,pass,pass,pass,32,7,0,0,1,none,No body refactor required; keep visual smoke coverage when touched.,flutter test test/features/wallet --reporter=compact,flutter_app/lib/features/wallet/presentation/tablet/pages/wallet_health_score_tablet_page.dart
wallet,AppRoutePaths.walletMultiManager,WalletMultiManagerTabletPage,flutter_app/lib/features/wallet/presentation/tablet/pages/wallet_multi_manager_tablet_page.dart,L2_detail,detail,A,P3,pass,pass,pass,pass,pass,pass,pass,29,5,0,0,1,none,No body refactor required; keep visual smoke coverage when touched.,flutter test test/features/wallet --reporter=compact,flutter_app/lib/features/wallet/presentation/tablet/pages/wallet_multi_manager_tablet_page.dart
wallet,AppRoutePaths.walletTokenApproval,WalletTokenApprovalTabletPage,flutter_app/lib/features/wallet/presentation/tablet/pages/wallet_token_approval_tablet_page.dart,L2_detail,detail,A,P3,pass,pass,pass,pass,pass,pass,pass,40,6,0,0,1,none,No body refactor required; keep visual smoke coverage when touched.,flutter test test/features/wallet --reporter=compact,flutter_app/lib/features/wallet/presentation/tablet/pages/wallet_token_approval_tablet_page.dart
wallet,AppRoutePaths.walletLimits,WithdrawLimitsTabletPage,flutter_app/lib/features/wallet/presentation/tablet/pages/withdraw_limits_tablet_page.dart,L3_transactionFlow,detail,A,P3,pass,pass,pass,pass,pass,pass,pass,34,7,0,0,1,none,No body refactor required; keep visual smoke coverage when touched.,flutter test test/features/wallet --reporter=compact,flutter_app/lib/features/wallet/presentation/tablet/pages/withdraw_limits_tablet_page.dart
wallet,'${AppRoutePaths.walletWithdraw}/:asset',WithdrawTabletPage,flutter_app/lib/features/wallet/presentation/tablet/pages/withdraw_tablet_page.dart,L3_transactionFlow,detail,A,P3,pass,pass,pass,pass,pass,pass,pass,38,12,0,0,6,none,No body refactor required; keep visual smoke coverage when touched.,flutter test test/features/wallet --reporter=compact,flutter_app/lib/features/wallet/presentation/tablet/pages/withdraw_tablet_page.dart;flutter_app/lib/features/wallet/presentation/widgets/transfer/withdraw_amount_actions.dart;flutter_app/lib/features/wallet/presentation/widgets/transfer/withdraw_common.dart;flutter_app/lib/features/wallet/presentation/widgets/transfer/withdraw_form_sections.dart;flutter_app/lib/features/wallet/presentation/widgets/transfer/withdraw_network_picker.dart;flutter_app/lib/features/wallet/presentation/widgets/transfer/withdraw_preview_sheet.dart
wallet,AppRoutePaths.walletWithdraw,WithdrawTabletPage,flutter_app/lib/features/wallet/presentation/tablet/pages/withdraw_tablet_page.dart,L3_transactionFlow,detail,A,P3,pass,pass,pass,pass,pass,pass,pass,38,12,0,0,6,none,No body refactor required; keep visual smoke coverage when touched.,flutter test test/features/wallet --reporter=compact,flutter_app/lib/features/wallet/presentation/tablet/pages/withdraw_tablet_page.dart;flutter_app/lib/features/wallet/presentation/widgets/transfer/withdraw_amount_actions.dart;flutter_app/lib/features/wallet/presentation/widgets/transfer/withdraw_common.dart;flutter_app/lib/features/wallet/presentation/widgets/transfer/withdraw_form_sections.dart;flutter_app/lib/features/wallet/presentation/widgets/transfer/withdraw_network_picker.dart;flutter_app/lib/features/wallet/presentation/widgets/transfer/withdraw_preview_sheet.dart
