feature,route,page,page_file,screen_level,archetype,body_grade,official_density_score,visual_density_risk_score,visual_density_priority,tokenized_fixed_height_refs,tokenized_gap_refs,spacer_refs,manual_content_refs,bottom_inset_refs,root_top_chrome_refs,detail_top_chrome_refs,scroll_refs,grid_or_wrap_refs,root_causes,recommendation,source_files,unresolved_source_files
p2p_orders,'/p2p/chat/:orderId',P2PChatPage,flutter_app/lib/features/p2p_orders/presentation/pages/orders/p2p_chat_page.dart,L3_fullscreenTool,fullscreenTool,Tool,14,32,P1_TOOL_VISUAL_QA,0,0,0,0,9,0,0,2,0,fullscreen_tool_manual_visual_qa;bottom_nav_inset_pressure,"Keep fullscreen-tool treatment; verify safe areas, controls, nonblank render, and emulator screenshot evidence.",flutter_app/lib/features/p2p_orders/presentation/pages/orders/p2p_chat_page.dart;flutter_app/lib/features/p2p_orders/presentation/widgets/orders/p2p_chat_composer_actions.dart;flutter_app/lib/features/p2p_orders/presentation/widgets/orders/p2p_chat_header_banners.dart;flutter_app/lib/features/p2p_orders/presentation/widgets/orders/p2p_chat_messages.dart,
trade_terminal,'/trade/advanced-chart/:pairId',AdvancedChartPage,flutter_app/lib/features/trade_terminal/presentation/pages/tools/advanced_chart_page.dart,L3_fullscreenTool,fullscreenTool,Tool,13,19,P1_TOOL_VISUAL_QA,2,0,0,0,0,0,0,2,0,fullscreen_tool_manual_visual_qa,"Keep fullscreen-tool treatment; verify safe areas, controls, nonblank render, and emulator screenshot evidence.",flutter_app/lib/features/trade_terminal/presentation/pages/tools/advanced_chart_page.dart;flutter_app/lib/features/trade_terminal/presentation/widgets/tools/advanced_chart_area_actions.dart;flutter_app/lib/features/trade_terminal/presentation/widgets/tools/advanced_chart_header_toolbar.dart;flutter_app/lib/features/trade_terminal/presentation/widgets/tools/advanced_chart_painter.dart,
dev,AppRoutePaths.devDesignSystem,DesignSystemPage,flutter_app/lib/features/dev/presentation/pages/design_system_page.dart,L2_detail,detail,A,6,36,P2_MEDIUM_DENSITY_REVIEW,0,0,0,1,12,0,1,1,4,bottom_nav_inset_pressure;official_audit_blind_spot;shared_component_compliant_but_sparse,Recheck bottom-nav/sticky-footer clearance and keep primary content visible above chrome.,flutter_app/lib/features/dev/presentation/pages/design_system_page.dart;flutter_app/lib/features/dev/presentation/widgets/design_system_color_section.dart;flutter_app/lib/features/dev/presentation/widgets/design_system_cta_section.dart;flutter_app/lib/features/dev/presentation/widgets/design_system_footer.dart;flutter_app/lib/features/dev/presentation/widgets/design_system_hero.dart;flutter_app/lib/features/dev/presentation/widgets/design_system_input_section.dart;flutter_app/lib/features/dev/presentation/widgets/design_system_playground.dart;flutter_app/lib/features/dev/presentation/widgets/design_system_section_header_section.dart;flutter_app/lib/features/dev/presentation/widgets/design_system_tokens_section.dart;flutter_app/lib/features/dev/presentation/widgets/dev_state_bar.dart,
enterprise_states,AppRoutePaths.enterpriseStates,EnterpriseStatesPage,flutter_app/lib/features/enterprise_states/presentation/pages/enterprise_states_page.dart,L2_detail,detail,Tool,16,30,P2_MEDIUM_DENSITY_REVIEW,1,0,0,0,4,0,3,1,0,bottom_nav_inset_pressure,Recheck bottom-nav/sticky-footer clearance and keep primary content visible above chrome.,flutter_app/lib/features/enterprise_states/presentation/pages/enterprise_states_page.dart;flutter_app/lib/features/enterprise_states/presentation/widgets/enterprise_states_hero_tabs.dart;flutter_app/lib/features/enterprise_states/presentation/widgets/enterprise_states_preview_kit.dart;flutter_app/lib/features/enterprise_states/presentation/widgets/enterprise_states_references.dart,
dev,AppRoutePaths.devShowcase,MissingScreensShowcasePage,flutter_app/lib/features/dev/presentation/pages/missing_screens_showcase_page.dart,L2_detail,detail,A,0,28,P2_MEDIUM_DENSITY_REVIEW,1,0,0,0,12,0,1,1,2,bottom_nav_inset_pressure;official_audit_blind_spot;shared_component_compliant_but_sparse,Recheck bottom-nav/sticky-footer clearance and keep primary content visible above chrome.,flutter_app/lib/features/dev/presentation/pages/missing_screens_showcase_page.dart;flutter_app/lib/features/dev/presentation/widgets/dev_state_bar.dart;flutter_app/lib/features/dev/presentation/widgets/missing_screens_showcase_page_common.dart;flutter_app/lib/features/dev/presentation/widgets/missing_screens_showcase_page_sections.dart,
dev,AppRoutePaths.performanceMonitor,PerformanceMonitor,flutter_app/lib/features/dev/presentation/pages/performance_monitor.dart,L2_detail,detail,A,0,25,P2_MEDIUM_DENSITY_REVIEW,0,0,0,0,12,0,1,1,0,bottom_nav_inset_pressure;official_audit_blind_spot;shared_component_compliant_but_sparse,Recheck bottom-nav/sticky-footer clearance and keep primary content visible above chrome.,flutter_app/lib/features/dev/presentation/pages/performance_monitor.dart;flutter_app/lib/features/dev/presentation/widgets/dev_state_bar.dart;flutter_app/lib/features/dev/presentation/widgets/performance_monitor_common.dart;flutter_app/lib/features/dev/presentation/widgets/performance_monitor_sections.dart,
dev,AppRoutePaths.routeChecker,RouteChecker,flutter_app/lib/features/dev/presentation/pages/route_checker_page.dart,L2_detail,detail,A,0,25,P2_MEDIUM_DENSITY_REVIEW,0,0,0,0,12,0,1,2,1,bottom_nav_inset_pressure;official_audit_blind_spot;shared_component_compliant_but_sparse,Recheck bottom-nav/sticky-footer clearance and keep primary content visible above chrome.,flutter_app/lib/features/dev/presentation/pages/route_checker_page.dart;flutter_app/lib/features/dev/presentation/widgets/dev_state_bar.dart;flutter_app/lib/features/dev/presentation/widgets/route_checker_page_common.dart;flutter_app/lib/features/dev/presentation/widgets/route_checker_page_sections.dart,
wallet,AppRoutePaths.walletMultiManager,WalletMultiManagerPage,flutter_app/lib/features/wallet/presentation/pages/tools/wallet_multi_manager_page.dart,L2_detail,detail,B,12,23,P3_LOW_DENSITY_REVIEW,0,0,0,0,5,0,1,1,0,bottom_nav_inset_pressure,Recheck bottom-nav/sticky-footer clearance and keep primary content visible above chrome.,flutter_app/lib/features/wallet/presentation/pages/tools/wallet_multi_manager_page.dart;flutter_app/lib/features/wallet/presentation/widgets/tools/wallet_multi_manager_sections.dart,
earn_staking,AppRoutePaths.earn,StakingEarnPage,flutter_app/lib/features/earn_staking/presentation/pages/staking/staking_earn_page.dart,L1_productModuleHub,rootModule,A,0,22,P3_LOW_DENSITY_REVIEW,3,1,0,0,1,3,0,2,2,root_top_chrome_first_viewport_cost,Review first viewport manually and apply shared compact primitives without removing safety or domain-copy requirements.,flutter_app/lib/features/earn_staking/presentation/pages/staking/staking_earn_page.dart;flutter_app/lib/features/earn_staking/presentation/widgets/staking/staking_earn_hero_tabs.dart;flutter_app/lib/features/earn_staking/presentation/widgets/staking/staking_earn_positions_common.dart;flutter_app/lib/features/earn_staking/presentation/widgets/staking/staking_earn_products.dart;flutter_app/lib/features/earn_staking/presentation/widgets/staking/staking_earn_tools.dart,
earn_staking,AppRoutePaths.earnStaking,StakingEarnPage,flutter_app/lib/features/earn_staking/presentation/pages/staking/staking_earn_page.dart,L1_productModuleHub,rootModule,A,0,22,P3_LOW_DENSITY_REVIEW,3,1,0,0,1,3,0,2,2,root_top_chrome_first_viewport_cost,Review first viewport manually and apply shared compact primitives without removing safety or domain-copy requirements.,flutter_app/lib/features/earn_staking/presentation/pages/staking/staking_earn_page.dart;flutter_app/lib/features/earn_staking/presentation/widgets/staking/staking_earn_hero_tabs.dart;flutter_app/lib/features/earn_staking/presentation/widgets/staking/staking_earn_positions_common.dart;flutter_app/lib/features/earn_staking/presentation/widgets/staking/staking_earn_products.dart;flutter_app/lib/features/earn_staking/presentation/widgets/staking/staking_earn_tools.dart,
profile,AppRoutePaths.profile,ProfilePage,flutter_app/lib/features/profile/presentation/phone/pages/profile_page.dart,L1_primaryTabRoot,rootModule,B,11,22,P3_LOW_DENSITY_REVIEW,0,0,0,0,4,1,0,1,2,bottom_nav_inset_pressure;root_top_chrome_first_viewport_cost,Recheck bottom-nav/sticky-footer clearance and keep primary content visible above chrome.,flutter_app/lib/features/profile/presentation/phone/pages/profile_home_arena_stats.dart;flutter_app/lib/features/profile/presentation/phone/pages/profile_home_hero.dart;flutter_app/lib/features/profile/presentation/phone/pages/profile_home_legal_accordion.dart;flutter_app/lib/features/profile/presentation/phone/pages/profile_home_menu_actions.dart;flutter_app/lib/features/profile/presentation/phone/pages/profile_home_vip_prediction.dart;flutter_app/lib/features/profile/presentation/phone/pages/profile_page.dart;flutter_app/lib/features/profile/presentation/widgets/common/profile_icon_registry.dart,
wallet,AppRoutePaths.wallet,WalletPage,flutter_app/lib/features/wallet/presentation/phone/pages/wallet_page.dart,L1_primaryTabRoot,rootModule,B,9,22,P3_LOW_DENSITY_REVIEW,0,0,0,0,5,1,0,1,2,bottom_nav_inset_pressure;root_top_chrome_first_viewport_cost,Recheck bottom-nav/sticky-footer clearance and keep primary content visible above chrome.,flutter_app/lib/features/wallet/presentation/phone/pages/wallet_page.dart;flutter_app/lib/features/wallet/presentation/widgets/phone/wallet_page_allocation_sections.dart;flutter_app/lib/features/wallet/presentation/widgets/phone/wallet_page_asset_sections.dart;flutter_app/lib/features/wallet/presentation/widgets/phone/wallet_page_balance_sections.dart;flutter_app/lib/features/wallet/presentation/widgets/phone/wallet_page_dca_tool_sections.dart;flutter_app/lib/features/wallet/presentation/widgets/phone/wallet_page_sections.dart;flutter_app/lib/features/wallet/presentation/widgets/phone/wallet_unavailable_banner.dart,
earn_staking,AppRoutePaths.earnLiquidStaking,StakingLiquidStakingPage,flutter_app/lib/features/earn_staking/presentation/pages/staking/staking_liquid_staking_page.dart,L2_detail,detail,A,0,21,P3_LOW_DENSITY_REVIEW,2,0,1,0,4,0,3,2,0,spacer_inside_cards;bottom_nav_inset_pressure,Remove Spacer-driven loose card expansion or replace with fixed compact content rhythm.,flutter_app/lib/features/earn_staking/presentation/pages/staking/staking_liquid_staking_page.dart;flutter_app/lib/features/earn_staking/presentation/widgets/staking/staking_liquid_staking_benefits.dart;flutter_app/lib/features/earn_staking/presentation/widgets/staking/staking_liquid_staking_common.dart;flutter_app/lib/features/earn_staking/presentation/widgets/staking/staking_liquid_staking_detail_sheet.dart;flutter_app/lib/features/earn_staking/presentation/widgets/staking/staking_liquid_staking_holdings.dart;flutter_app/lib/features/earn_staking/presentation/widgets/staking/staking_liquid_staking_stake.dart;flutter_app/lib/features/earn_staking/presentation/widgets/staking/staking_liquid_staking_swap.dart;flutter_app/lib/features/earn_staking/presentation/widgets/staking/staking_liquid_staking_swap_fields.dart,
launchpad,AppRoutePaths.launchpadContractSample,LaunchpadContractPage,flutter_app/lib/features/launchpad/presentation/pages/hub/launchpad_contract_page.dart,L2_detail,detail,A,0,21,P3_LOW_DENSITY_REVIEW,0,0,0,0,9,0,3,1,1,bottom_nav_inset_pressure,Recheck bottom-nav/sticky-footer clearance and keep primary content visible above chrome.,flutter_app/lib/features/launchpad/presentation/pages/hub/launchpad_contract_page.dart,
launchpad,AppRoutePaths.launchpadSample,LaunchpadDetailPage,flutter_app/lib/features/launchpad/presentation/pages/hub/launchpad_detail_page.dart,L3_transactionFlow,detail,A,0,21,P3_LOW_DENSITY_REVIEW,0,0,0,0,9,0,3,1,2,bottom_nav_inset_pressure,Recheck bottom-nav/sticky-footer clearance and keep primary content visible above chrome.,flutter_app/lib/features/launchpad/presentation/pages/hub/launchpad_detail_page.dart,
launchpad,AppRoutePaths.launchpadIdoBridgeSample,LaunchpadIdoBridgePage,flutter_app/lib/features/launchpad/presentation/pages/bridge/launchpad_ido_bridge_page.dart,L2_detail,detail,A,0,21,P3_LOW_DENSITY_REVIEW,0,0,0,0,9,0,3,1,0,bottom_nav_inset_pressure,Recheck bottom-nav/sticky-footer clearance and keep primary content visible above chrome.,flutter_app/lib/features/launchpad/presentation/pages/bridge/launchpad_ido_bridge_page.dart,
p2p_orders,'/p2p/order/timeline/:orderId',P2POrderTimelinePage,flutter_app/lib/features/p2p_orders/presentation/pages/orders/p2p_order_timeline_page.dart,L2_entityDetail,detail,B,12,21,P3_LOW_DENSITY_REVIEW,0,0,0,0,4,0,1,1,0,bottom_nav_inset_pressure,Recheck bottom-nav/sticky-footer clearance and keep primary content visible above chrome.,flutter_app/lib/features/p2p_orders/presentation/pages/orders/p2p_order_timeline_page.dart,
predictions,AppRoutePaths.marketsPredictionsSearch,PredictionsSearchPage,flutter_app/lib/features/predictions/presentation/pages/hub/predictions_search_page.dart,L1_utilityHub,detail,B,12,21,P3_LOW_DENSITY_REVIEW,0,0,1,0,2,0,1,3,1,spacer_inside_cards;bottom_nav_inset_pressure,Remove Spacer-driven loose card expansion or replace with fixed compact content rhythm.,flutter_app/lib/features/predictions/presentation/pages/hub/predictions_search_page.dart;flutter_app/lib/features/predictions/presentation/widgets/hub/predictions_search_page_common.dart;flutter_app/lib/features/predictions/presentation/widgets/hub/predictions_search_page_sections.dart;flutter_app/lib/features/predictions/presentation/widgets/predictions_outcome_widgets.dart;flutter_app/lib/features/predictions/presentation/widgets/predictions_time_remaining.dart,
referral,AppRoutePaths.referralHistory,ReferralHistoryPage,flutter_app/lib/features/referral/presentation/pages/referral_history_page.dart,L1_utilityHub,detail,B,12,21,P3_LOW_DENSITY_REVIEW,0,0,0,0,4,0,1,2,1,bottom_nav_inset_pressure,Recheck bottom-nav/sticky-footer clearance and keep primary content visible above chrome.,flutter_app/lib/features/referral/presentation/pages/referral_history_page.dart;flutter_app/lib/features/referral/presentation/widgets/referral_history_page_common.dart;flutter_app/lib/features/referral/presentation/widgets/referral_history_page_sections.dart,
earn_savings,AppRoutePaths.earnSavingsProductSample,SavingsProductDetailPage,flutter_app/lib/features/earn_savings/presentation/pages/savings/savings_product_detail_page.dart,L2_entityDetail,detail,A,4,20,P3_LOW_DENSITY_REVIEW,1,0,0,0,5,0,3,1,0,bottom_nav_inset_pressure,Recheck bottom-nav/sticky-footer clearance and keep primary content visible above chrome.,flutter_app/lib/features/earn_savings/presentation/pages/savings/savings_product_detail_page.dart,
earn_savings,AppRoutePaths.earnSavingsExport,SavingsExportPage,flutter_app/lib/features/earn_savings/presentation/pages/savings/savings_export_page.dart,L2_detail,detail,A,0,19,P3_LOW_DENSITY_REVIEW,0,3,0,0,5,0,3,1,0,bottom_nav_inset_pressure,Recheck bottom-nav/sticky-footer clearance and keep primary content visible above chrome.,flutter_app/lib/features/earn_savings/presentation/pages/savings/savings_export_page.dart;flutter_app/lib/features/earn_savings/presentation/widgets/savings/savings_export_config_widgets.dart;flutter_app/lib/features/earn_savings/presentation/widgets/savings/savings_export_option_widgets.dart;flutter_app/lib/features/earn_savings/presentation/widgets/savings/savings_export_summary_widgets.dart,
earn_savings,AppRoutePaths.earnSavingsHistory,SavingsHistoryPage,flutter_app/lib/features/earn_savings/presentation/pages/savings/savings_history_page.dart,L2_utilityDetail,detail,B,12,19,P3_LOW_DENSITY_REVIEW,0,0,0,0,2,0,3,2,0,bottom_nav_inset_pressure,Recheck bottom-nav/sticky-footer clearance and keep primary content visible above chrome.,flutter_app/lib/features/earn_savings/presentation/pages/savings/savings_history_page.dart;flutter_app/lib/features/earn_savings/presentation/widgets/savings/savings_history_page_common.dart;flutter_app/lib/features/earn_savings/presentation/widgets/savings/savings_history_page_sections.dart,
p2p_security,AppRoutePaths.p2pComplianceAmlScreening,P2PAmlScreeningPage,flutter_app/lib/features/p2p_security/presentation/pages/security/p2p_aml_screening_page.dart,L2_detail,detail,B,12,19,P3_LOW_DENSITY_REVIEW,0,0,0,0,2,0,3,1,0,bottom_nav_inset_pressure,Recheck bottom-nav/sticky-footer clearance and keep primary content visible above chrome.,flutter_app/lib/features/p2p_security/presentation/pages/security/p2p_aml_screening_page.dart,
wallet,AppRoutePaths.walletNetworkStatus,NetworkStatusPage,flutter_app/lib/features/wallet/presentation/pages/tools/network_status_page.dart,L2_detail,detail,B,8,19,P3_LOW_DENSITY_REVIEW,0,0,0,0,5,0,1,1,1,bottom_nav_inset_pressure,Recheck bottom-nav/sticky-footer clearance and keep primary content visible above chrome.,flutter_app/lib/features/wallet/presentation/pages/tools/network_status_page.dart;flutter_app/lib/features/wallet/presentation/widgets/tools/network_status_cards_stats.dart;flutter_app/lib/features/wallet/presentation/widgets/tools/network_status_legend_common.dart;flutter_app/lib/features/wallet/presentation/widgets/tools/network_status_summary.dart,
wallet,'${AppRoutePaths.walletWithdraw}/:asset',WithdrawTabletPage,flutter_app/lib/features/wallet/presentation/tablet/pages/withdraw_tablet_page.dart,L3_transactionFlow,detail,A,0,19,P3_LOW_DENSITY_REVIEW,5,2,0,0,0,0,0,1,0,tokenized_fixed_height_pressure,Compact first viewport: reduce tall tokenized cards/gaps and verify first repeated/actionable section above bottom nav.,flutter_app/lib/features/wallet/presentation/tablet/pages/withdraw_tablet_page.dart;flutter_app/lib/features/wallet/presentation/widgets/transfer/withdraw_amount_actions.dart;flutter_app/lib/features/wallet/presentation/widgets/transfer/withdraw_common.dart;flutter_app/lib/features/wallet/presentation/widgets/transfer/withdraw_form_sections.dart;flutter_app/lib/features/wallet/presentation/widgets/transfer/withdraw_network_picker.dart;flutter_app/lib/features/wallet/presentation/widgets/transfer/withdraw_preview_sheet.dart,
wallet,AppRoutePaths.walletWithdraw,WithdrawTabletPage,flutter_app/lib/features/wallet/presentation/tablet/pages/withdraw_tablet_page.dart,L3_transactionFlow,detail,A,0,19,P3_LOW_DENSITY_REVIEW,5,2,0,0,0,0,0,1,0,tokenized_fixed_height_pressure,Compact first viewport: reduce tall tokenized cards/gaps and verify first repeated/actionable section above bottom nav.,flutter_app/lib/features/wallet/presentation/tablet/pages/withdraw_tablet_page.dart;flutter_app/lib/features/wallet/presentation/widgets/transfer/withdraw_amount_actions.dart;flutter_app/lib/features/wallet/presentation/widgets/transfer/withdraw_common.dart;flutter_app/lib/features/wallet/presentation/widgets/transfer/withdraw_form_sections.dart;flutter_app/lib/features/wallet/presentation/widgets/transfer/withdraw_network_picker.dart;flutter_app/lib/features/wallet/presentation/widgets/transfer/withdraw_preview_sheet.dart,
earn_staking,AppRoutePaths.earnInstitutional,StakingInstitutionalPage,flutter_app/lib/features/earn_staking/presentation/pages/staking/staking_institutional_page.dart,L2_detail,detail,A,1,18,P3_LOW_DENSITY_REVIEW,0,0,1,0,5,0,3,2,0,spacer_inside_cards;bottom_nav_inset_pressure,Remove Spacer-driven loose card expansion or replace with fixed compact content rhythm.,flutter_app/lib/features/earn_staking/presentation/pages/staking/staking_institutional_page.dart;flutter_app/lib/features/earn_staking/presentation/widgets/staking/staking_institutional_overview_batches.dart;flutter_app/lib/features/earn_staking/presentation/widgets/staking/staking_institutional_sheet_painter.dart;flutter_app/lib/features/earn_staking/presentation/widgets/staking/staking_institutional_signers_features.dart,
support,AppRoutePaths.supportHelp,HelpCenterPage,flutter_app/lib/features/support/presentation/pages/help_center_page.dart,L1_utilityHub,detail,A,4,18,P3_LOW_DENSITY_REVIEW,0,0,0,1,4,0,1,1,0,bottom_nav_inset_pressure,Recheck bottom-nav/sticky-footer clearance and keep primary content visible above chrome.,flutter_app/lib/features/support/presentation/pages/help_center_page.dart;flutter_app/lib/features/support/presentation/widgets/help_center_hero_actions.dart;flutter_app/lib/features/support/presentation/widgets/help_center_sections.dart,
admin,AppRoutePaths.adminAbtests,ABTestDashboardPage,flutter_app/lib/features/admin/presentation/pages/ab_test_dashboard_page.dart,L2_sectionHub,detail,B,8,17,P3_LOW_DENSITY_REVIEW,0,0,1,0,2,0,1,0,1,spacer_inside_cards;bottom_nav_inset_pressure,Remove Spacer-driven loose card expansion or replace with fixed compact content rhythm.,flutter_app/lib/features/admin/presentation/pages/ab_test_dashboard_page.dart;flutter_app/lib/features/admin/presentation/widgets/ab_test_dashboard_common.dart;flutter_app/lib/features/admin/presentation/widgets/ab_test_dashboard_sections.dart;flutter_app/lib/features/admin/presentation/widgets/admin_dashboard_state_content.dart;flutter_app/lib/features/admin/presentation/widgets/admin_metric_card.dart,
earn_savings,AppRoutePaths.earnSavingsBacktest,SavingsBacktestPage,flutter_app/lib/features/earn_savings/presentation/pages/savings/savings_backtest_page.dart,L2_detail,detail,A,0,17,P3_LOW_DENSITY_REVIEW,0,2,0,0,5,0,3,1,2,bottom_nav_inset_pressure,Recheck bottom-nav/sticky-footer clearance and keep primary content visible above chrome.,flutter_app/lib/features/earn_savings/presentation/pages/savings/savings_backtest_page.dart;flutter_app/lib/features/earn_savings/presentation/widgets/savings/savings_backtest_compare.dart;flutter_app/lib/features/earn_savings/presentation/widgets/savings/savings_backtest_formatters.dart;flutter_app/lib/features/earn_savings/presentation/widgets/savings/savings_backtest_hero.dart;flutter_app/lib/features/earn_savings/presentation/widgets/savings/savings_backtest_results.dart;flutter_app/lib/features/earn_savings/presentation/widgets/savings/savings_backtest_setup.dart,
earn_savings,AppRoutePaths.earnSavings,SavingsPage,flutter_app/lib/features/earn_savings/presentation/pages/savings/savings_page.dart,L2_detail,detail,A,0,17,P3_LOW_DENSITY_REVIEW,0,2,0,0,5,0,3,1,3,bottom_nav_inset_pressure,Recheck bottom-nav/sticky-footer clearance and keep primary content visible above chrome.,flutter_app/lib/features/earn_savings/presentation/pages/savings/savings_page.dart;flutter_app/lib/features/earn_savings/presentation/widgets/savings/savings_home_common.dart;flutter_app/lib/features/earn_savings/presentation/widgets/savings/savings_home_hero.dart;flutter_app/lib/features/earn_savings/presentation/widgets/savings/savings_home_positions.dart;flutter_app/lib/features/earn_savings/presentation/widgets/savings/savings_home_products.dart,
earn_staking,AppRoutePaths.earnAdvancedOrders,StakingAdvancedOrdersPage,flutter_app/lib/features/earn_staking/presentation/pages/staking/staking_advanced_orders_page.dart,L2_detail,detail,A,1,17,P3_LOW_DENSITY_REVIEW,1,0,0,0,5,0,3,2,0,bottom_nav_inset_pressure,Recheck bottom-nav/sticky-footer clearance and keep primary content visible above chrome.,flutter_app/lib/features/earn_staking/presentation/pages/staking/staking_advanced_orders_page.dart;flutter_app/lib/features/earn_staking/presentation/widgets/staking/staking_advanced_orders_guidance.dart;flutter_app/lib/features/earn_staking/presentation/widgets/staking/staking_advanced_orders_overview_orders.dart;flutter_app/lib/features/earn_staking/presentation/widgets/staking/staking_advanced_orders_sheet_fields.dart,
earn_staking,AppRoutePaths.earnAuditReports,StakingAuditReportsPage,flutter_app/lib/features/earn_staking/presentation/pages/staking/staking_audit_reports_page.dart,L2_utilityDetail,detail,A,0,17,P3_LOW_DENSITY_REVIEW,0,2,0,0,5,0,3,1,1,bottom_nav_inset_pressure,Recheck bottom-nav/sticky-footer clearance and keep primary content visible above chrome.,flutter_app/lib/features/earn_staking/presentation/pages/staking/staking_audit_reports_page.dart;flutter_app/lib/features/earn_staking/presentation/widgets/staking/staking_audit_reports_bounty_common.dart;flutter_app/lib/features/earn_staking/presentation/widgets/staking/staking_audit_reports_hero_tabs.dart;flutter_app/lib/features/earn_staking/presentation/widgets/staking/staking_audit_reports_reports_findings.dart,
earn_staking,AppRoutePaths.earnFAQ,StakingFAQPage,flutter_app/lib/features/earn_staking/presentation/pages/staking/staking_faq_page.dart,L2_utilityDetail,detail,A,4,17,P3_LOW_DENSITY_REVIEW,0,0,0,0,5,0,3,1,0,bottom_nav_inset_pressure,Recheck bottom-nav/sticky-footer clearance and keep primary content visible above chrome.,flutter_app/lib/features/earn_staking/presentation/pages/staking/staking_faq_page.dart,
earn_staking,AppRoutePaths.earnProposals,StakingProposalsPage,flutter_app/lib/features/earn_staking/presentation/pages/staking/staking_proposals_page.dart,L2_detail,detail,A,4,17,P3_LOW_DENSITY_REVIEW,0,0,0,0,5,0,3,1,1,bottom_nav_inset_pressure,Recheck bottom-nav/sticky-footer clearance and keep primary content visible above chrome.,flutter_app/lib/features/earn_staking/presentation/pages/staking/staking_proposals_page.dart,
earn_staking,AppRoutePaths.earnStakingRiskDisclosure,StakingRiskDisclosurePage,flutter_app/lib/features/earn_staking/presentation/pages/staking/staking_risk_disclosure_page.dart,L2_utilityDetail,detail,A,2,17,P3_LOW_DENSITY_REVIEW,0,1,0,0,5,0,3,1,2,bottom_nav_inset_pressure,Recheck bottom-nav/sticky-footer clearance and keep primary content visible above chrome.,flutter_app/lib/features/earn_staking/presentation/pages/staking/staking_risk_disclosure_page.dart;flutter_app/lib/features/earn_staking/presentation/widgets/staking/staking_risk_disclosure_assessment_common.dart;flutter_app/lib/features/earn_staking/presentation/widgets/staking/staking_risk_disclosure_categories.dart;flutter_app/lib/features/earn_staking/presentation/widgets/staking/staking_risk_disclosure_overview.dart,
launchpad,AppRoutePaths.launchpadBatchClaim,LaunchpadBatchClaimPage,flutter_app/lib/features/launchpad/presentation/pages/claim/launchpad_batch_claim_page.dart,L3_transactionFlow,detail,A,0,17,P3_LOW_DENSITY_REVIEW,0,0,0,0,7,0,3,1,2,bottom_nav_inset_pressure,Recheck bottom-nav/sticky-footer clearance and keep primary content visible above chrome.,flutter_app/lib/features/launchpad/presentation/pages/claim/launchpad_batch_claim_page.dart;flutter_app/lib/features/launchpad/presentation/widgets/claim/launchpad_batch_claim_review_success.dart;flutter_app/lib/features/launchpad/presentation/widgets/claim/launchpad_batch_claim_selection.dart;flutter_app/lib/features/launchpad/presentation/widgets/claim/launchpad_batch_claim_summary.dart,
markets,AppRoutePaths.marketsMovers,MarketMoversPage,flutter_app/lib/features/markets/presentation/pages/tools/market_movers_page.dart,L2_detail,detail,A,4,17,P3_LOW_DENSITY_REVIEW,0,0,0,0,6,0,1,2,2,bottom_nav_inset_pressure,Recheck bottom-nav/sticky-footer clearance and keep primary content visible above chrome.,flutter_app/lib/features/markets/presentation/pages/tools/market_movers_page.dart;flutter_app/lib/features/markets/presentation/widgets/hub/market_formatters.dart;flutter_app/lib/features/markets/presentation/widgets/tools/market_movers_filters.dart;flutter_app/lib/features/markets/presentation/widgets/tools/market_movers_results.dart;flutter_app/lib/features/markets/presentation/widgets/tools/market_movers_row_common.dart;flutter_app/lib/features/markets/presentation/widgets/tools/market_movers_sparkline.dart,
profile,AppRoutePaths.profileEdit,EditProfilePage,flutter_app/lib/features/profile/presentation/pages/edit_profile_page.dart,L3_transactionFlow,detail,B,12,17,P3_LOW_DENSITY_REVIEW,0,0,0,0,2,0,1,1,0,bottom_nav_inset_pressure,Recheck bottom-nav/sticky-footer clearance and keep primary content visible above chrome.,flutter_app/lib/features/profile/presentation/pages/edit_profile_page.dart,
earn_savings,AppRoutePaths.earnSavingsFAQ,SavingsFAQPage,flutter_app/lib/features/earn_savings/presentation/pages/savings/savings_faq_page.dart,L2_utilityDetail,detail,A,0,16,P3_LOW_DENSITY_REVIEW,1,0,0,0,5,0,3,2,0,bottom_nav_inset_pressure,Recheck bottom-nav/sticky-footer clearance and keep primary content visible above chrome.,flutter_app/lib/features/earn_savings/presentation/pages/savings/savings_faq_page.dart;flutter_app/lib/features/earn_savings/presentation/widgets/savings/savings_faq_page_common.dart;flutter_app/lib/features/earn_savings/presentation/widgets/savings/savings_faq_page_sections.dart,
earn_staking,AppRoutePaths.earnMultiChain,StakingMultiChainPage,flutter_app/lib/features/earn_staking/presentation/pages/staking/staking_multi_chain_page.dart,L2_detail,detail,A,0,16,P3_LOW_DENSITY_REVIEW,1,0,0,0,5,0,3,1,1,bottom_nav_inset_pressure,Recheck bottom-nav/sticky-footer clearance and keep primary content visible above chrome.,flutter_app/lib/features/earn_staking/presentation/pages/staking/staking_multi_chain_page.dart;flutter_app/lib/features/earn_staking/presentation/widgets/staking/staking_multi_chain_page_common.dart;flutter_app/lib/features/earn_staking/presentation/widgets/staking/staking_multi_chain_page_sections.dart,
earn_staking,AppRoutePaths.earnThirdPartyIntegrations,StakingThirdPartyIntegrationsPage,flutter_app/lib/features/earn_staking/presentation/pages/staking/staking_third_party_integrations_page.dart,L2_detail,detail,A,0,16,P3_LOW_DENSITY_REVIEW,1,0,0,0,5,0,3,1,0,bottom_nav_inset_pressure,Recheck bottom-nav/sticky-footer clearance and keep primary content visible above chrome.,flutter_app/lib/features/earn_staking/presentation/pages/staking/staking_third_party_integrations_page.dart,
earn_staking,AppRoutePaths.earnTransactionReporting,StakingTransactionReportingPage,flutter_app/lib/features/earn_staking/presentation/pages/staking/staking_transaction_reporting_page.dart,L2_utilityDetail,detail,A,1,16,P3_LOW_DENSITY_REVIEW,0,1,0,0,5,0,3,3,0,bottom_nav_inset_pressure,Recheck bottom-nav/sticky-footer clearance and keep primary content visible above chrome.,flutter_app/lib/features/earn_staking/presentation/pages/staking/staking_transaction_reporting_page.dart;flutter_app/lib/features/earn_staking/presentation/widgets/staking/staking_transaction_reporting_sheet_widgets.dart;flutter_app/lib/features/earn_staking/presentation/widgets/staking/staking_transaction_reporting_summary_widgets.dart;flutter_app/lib/features/earn_staking/presentation/widgets/staking/staking_transaction_reporting_transaction_widgets.dart,
trade,'/trade/:pairId/futures',FuturesPage,flutter_app/lib/features/trade/presentation/pages/futures/futures_page.dart,L1_instrumentWorkspace,instrument,Tool,16,16,P3_LOW_DENSITY_REVIEW,0,0,0,0,0,0,0,1,0,low_signal_monitor,Review first viewport manually and apply shared compact primitives without removing safety or domain-copy requirements.,flutter_app/lib/features/trade/presentation/pages/futures/futures_page.dart;flutter_app/lib/features/trade/presentation/widgets/futures/futures_page_form_controls.dart;flutter_app/lib/features/trade/presentation/widgets/futures/futures_page_state.dart;flutter_app/lib/features/trade/presentation/widgets/phone/vit_trade_confirm_sheet.dart;flutter_app/lib/features/trade/presentation/widgets/phone/vit_trade_simple_hero.dart;flutter_app/lib/features/trade/presentation/widgets/phone/vit_trade_simple_shell.dart,
dca,'/dca/rebalance/:configId/history',DCARebalanceDashboardPage,flutter_app/lib/features/dca/presentation/pages/portfolio/dca_rebalance_dashboard_page.dart,L2_entityDetail,detail,B,12,15,P3_LOW_DENSITY_REVIEW,0,0,0,0,1,0,1,1,0,low_signal_monitor,Review first viewport manually and apply shared compact primitives without removing safety or domain-copy requirements.,flutter_app/lib/features/dca/presentation/pages/portfolio/dca_rebalance_dashboard_page.dart;flutter_app/lib/features/dca/presentation/widgets/dca_missing_config_panel.dart,
dca,AppRoutePaths.dcaRebalanceDashboard,DCARebalanceDashboardPage,flutter_app/lib/features/dca/presentation/pages/portfolio/dca_rebalance_dashboard_page.dart,L2_sectionHub,detail,B,12,15,P3_LOW_DENSITY_REVIEW,0,0,0,0,1,0,1,1,0,low_signal_monitor,Review first viewport manually and apply shared compact primitives without removing safety or domain-copy requirements.,flutter_app/lib/features/dca/presentation/pages/portfolio/dca_rebalance_dashboard_page.dart;flutter_app/lib/features/dca/presentation/widgets/dca_missing_config_panel.dart,
dca,AppRoutePaths.dcaScheduleAnalytics,DCAScheduleAnalyticsPage,flutter_app/lib/features/dca/presentation/pages/schedule/dca_schedule_analytics_page.dart,L2_utilityDetail,detail,B,12,15,P3_LOW_DENSITY_REVIEW,0,0,0,0,1,0,1,1,0,low_signal_monitor,Review first viewport manually and apply shared compact primitives without removing safety or domain-copy requirements.,flutter_app/lib/features/dca/presentation/pages/schedule/dca_schedule_analytics_page.dart;flutter_app/lib/features/dca/presentation/widgets/dca_missing_config_panel.dart,
earn_savings,AppRoutePaths.earnSavingsDca,SavingsDCAPage,flutter_app/lib/features/earn_savings/presentation/pages/savings/savings_dca_page.dart,L2_detail,detail,A,0,15,P3_LOW_DENSITY_REVIEW,0,1,0,0,5,0,3,1,2,bottom_nav_inset_pressure,Recheck bottom-nav/sticky-footer clearance and keep primary content visible above chrome.,flutter_app/lib/features/earn_savings/presentation/pages/savings/savings_dca_page.dart;flutter_app/lib/features/earn_savings/presentation/widgets/savings/savings_dca_common.dart;flutter_app/lib/features/earn_savings/presentation/widgets/savings/savings_dca_history_sheet.dart;flutter_app/lib/features/earn_savings/presentation/widgets/savings/savings_dca_plans.dart;flutter_app/lib/features/earn_savings/presentation/widgets/savings/savings_dca_summary.dart,
earn_savings,AppRoutePaths.earnSavingsNotificationPreferences,SavingsNotificationPreferencesPage,flutter_app/lib/features/earn_savings/presentation/pages/savings/savings_notification_preferences_page.dart,L2_detail,detail,A,0,15,P3_LOW_DENSITY_REVIEW,0,1,0,0,5,0,3,1,1,bottom_nav_inset_pressure,Recheck bottom-nav/sticky-footer clearance and keep primary content visible above chrome.,flutter_app/lib/features/earn_savings/presentation/pages/savings/savings_notification_preferences_page.dart;flutter_app/lib/features/earn_savings/presentation/widgets/savings/savings_notification_preferences_common.dart;flutter_app/lib/features/earn_savings/presentation/widgets/savings/savings_notification_preferences_delivery.dart;flutter_app/lib/features/earn_savings/presentation/widgets/savings/savings_notification_preferences_events.dart;flutter_app/lib/features/earn_savings/presentation/widgets/savings/savings_notification_preferences_summary.dart,
earn_staking,AppRoutePaths.earnEmergencyActions,StakingEmergencyActionsPage,flutter_app/lib/features/earn_staking/presentation/pages/staking/staking_emergency_actions_page.dart,L2_detail,detail,A,0,15,P3_LOW_DENSITY_REVIEW,0,0,0,0,6,0,3,1,0,bottom_nav_inset_pressure,Recheck bottom-nav/sticky-footer clearance and keep primary content visible above chrome.,flutter_app/lib/features/earn_staking/presentation/pages/staking/staking_emergency_actions_page.dart,
earn_staking,AppRoutePaths.earnRecommendations,StakingRecommendationsPage,flutter_app/lib/features/earn_staking/presentation/pages/staking/staking_recommendations_page.dart,L2_detail,detail,A,0,15,P3_LOW_DENSITY_REVIEW,0,1,0,0,5,0,3,2,2,bottom_nav_inset_pressure,Recheck bottom-nav/sticky-footer clearance and keep primary content visible above chrome.,flutter_app/lib/features/earn_staking/presentation/pages/staking/staking_recommendations_page.dart;flutter_app/lib/features/earn_staking/presentation/widgets/staking/staking_recommendations_common.dart;flutter_app/lib/features/earn_staking/presentation/widgets/staking/staking_recommendations_overview.dart;flutter_app/lib/features/earn_staking/presentation/widgets/staking/staking_recommendations_sheet.dart;flutter_app/lib/features/earn_staking/presentation/widgets/staking/staking_recommendations_strategy.dart,
earn_staking,AppRoutePaths.earnValidatorSelection,StakingValidatorSelectionPage,flutter_app/lib/features/earn_staking/presentation/pages/staking/staking_validator_selection_page.dart,L2_detail,detail,A,0,15,P3_LOW_DENSITY_REVIEW,0,1,0,0,5,0,3,1,4,bottom_nav_inset_pressure,Recheck bottom-nav/sticky-footer clearance and keep primary content visible above chrome.,flutter_app/lib/features/earn_staking/presentation/pages/staking/staking_validator_selection_page.dart;flutter_app/lib/features/earn_staking/presentation/widgets/staking/staking_validator_selection_common.dart;flutter_app/lib/features/earn_staking/presentation/widgets/staking/staking_validator_selection_detail.dart;flutter_app/lib/features/earn_staking/presentation/widgets/staking/staking_validator_selection_filters.dart;flutter_app/lib/features/earn_staking/presentation/widgets/staking/staking_validator_selection_list.dart;flutter_app/lib/features/earn_staking/presentation/widgets/staking/staking_validator_selection_summary.dart,
markets,AppRoutePaths.marketsOverview,MarketOverviewPage,flutter_app/lib/features/markets/presentation/pages/hub/market_overview_page.dart,L2_sectionHub,detail,A,0,15,P3_LOW_DENSITY_REVIEW,0,0,0,0,7,0,1,1,0,bottom_nav_inset_pressure,Recheck bottom-nav/sticky-footer clearance and keep primary content visible above chrome.,flutter_app/lib/features/markets/presentation/pages/hub/market_overview_page.dart;flutter_app/lib/features/markets/presentation/pages/hub/market_overview_page_hero_stats_widgets.dart;flutter_app/lib/features/markets/presentation/pages/hub/market_overview_page_history_tools_widgets.dart;flutter_app/lib/features/markets/presentation/pages/hub/market_overview_page_movers_sectors_widgets.dart;flutter_app/lib/features/markets/presentation/widgets/hub/market_formatters.dart,
markets,AppRoutePaths.marketsAlerts,PriceAlertsPage,flutter_app/lib/features/markets/presentation/pages/portfolio/price_alerts_page.dart,L2_utilityDetail,detail,B,12,15,P3_LOW_DENSITY_REVIEW,0,0,0,0,1,0,1,1,0,low_signal_monitor,Review first viewport manually and apply shared compact primitives without removing safety or domain-copy requirements.,flutter_app/lib/features/markets/presentation/pages/portfolio/price_alerts_page.dart;flutter_app/lib/features/markets/presentation/widgets/hub/market_formatters.dart;flutter_app/lib/features/markets/presentation/widgets/portfolio/price_alerts_page_common.dart;flutter_app/lib/features/markets/presentation/widgets/portfolio/price_alerts_page_details.dart;flutter_app/lib/features/markets/presentation/widgets/portfolio/price_alerts_page_overview.dart,
markets,AppRoutePaths.marketsWatchlist,WatchlistPage,flutter_app/lib/features/markets/presentation/pages/hub/watchlist_page.dart,L2_utilityDetail,detail,B,12,15,P3_LOW_DENSITY_REVIEW,0,0,0,0,1,0,1,1,0,low_signal_monitor,Review first viewport manually and apply shared compact primitives without removing safety or domain-copy requirements.,flutter_app/lib/features/markets/presentation/pages/hub/watchlist_page.dart;flutter_app/lib/features/markets/presentation/widgets/hub/watchlist_cards.dart;flutter_app/lib/features/markets/presentation/widgets/hub/watchlist_common_painter.dart;flutter_app/lib/features/markets/presentation/widgets/hub/watchlist_toolbar.dart,
news,AppRoutePaths.news,NewsPage,flutter_app/lib/features/news/presentation/pages/news_page.dart,L1_utilityHub,detail,A,6,15,P3_LOW_DENSITY_REVIEW,0,0,0,0,4,0,1,3,3,bottom_nav_inset_pressure,Recheck bottom-nav/sticky-footer clearance and keep primary content visible above chrome.,flutter_app/lib/features/news/presentation/pages/news_page.dart;flutter_app/lib/features/news/presentation/widgets/news_page_common.dart;flutter_app/lib/features/news/presentation/widgets/news_page_sections.dart,
p2p_account,AppRoutePaths.p2pKycIdentity,P2PIdentityVerificationPage,flutter_app/lib/features/p2p_account/presentation/pages/merchant/p2p_identity_verification_page.dart,L3_transactionFlow,detail,A,0,15,P3_LOW_DENSITY_REVIEW,0,0,0,0,6,0,3,1,0,bottom_nav_inset_pressure,Recheck bottom-nav/sticky-footer clearance and keep primary content visible above chrome.,flutter_app/lib/features/p2p_account/presentation/pages/merchant/p2p_identity_verification_page.dart;flutter_app/lib/features/p2p_account/presentation/widgets/merchant/p2p_identity_verification_page_common.dart;flutter_app/lib/features/p2p_account/presentation/widgets/merchant/p2p_identity_verification_page_sections.dart,
p2p_account,AppRoutePaths.p2pKycVerify,P2PIdentityVerificationPage,flutter_app/lib/features/p2p_account/presentation/pages/merchant/p2p_identity_verification_page.dart,L3_transactionFlow,detail,A,0,15,P3_LOW_DENSITY_REVIEW,0,0,0,0,6,0,3,1,0,bottom_nav_inset_pressure,Recheck bottom-nav/sticky-footer clearance and keep primary content visible above chrome.,flutter_app/lib/features/p2p_account/presentation/pages/merchant/p2p_identity_verification_page.dart;flutter_app/lib/features/p2p_account/presentation/widgets/merchant/p2p_identity_verification_page_common.dart;flutter_app/lib/features/p2p_account/presentation/widgets/merchant/p2p_identity_verification_page_sections.dart,
p2p_marketplace,AppRoutePaths.p2pSettingsNotifications,P2PNotificationsSettingsPage,flutter_app/lib/features/p2p_marketplace/presentation/pages/hub/p2p_notifications_settings_page.dart,L1_utilityHub,detail,B,12,15,P3_LOW_DENSITY_REVIEW,0,0,0,0,0,0,3,1,0,low_signal_monitor,Review first viewport manually and apply shared compact primitives without removing safety or domain-copy requirements.,flutter_app/lib/features/p2p_marketplace/presentation/pages/hub/p2p_notifications_settings_page.dart,
p2p_security,AppRoutePaths.p2pComplianceOverview,P2PComplianceOverviewPage,flutter_app/lib/features/p2p_security/presentation/pages/security/p2p_compliance_overview_page.dart,L2_sectionHub,detail,B,12,15,P3_LOW_DENSITY_REVIEW,0,0,0,0,0,0,3,1,0,low_signal_monitor,Review first viewport manually and apply shared compact primitives without removing safety or domain-copy requirements.,flutter_app/lib/features/p2p_security/presentation/pages/security/p2p_compliance_overview_page.dart,
p2p_security,AppRoutePaths.p2pComplianceLargeTransaction,P2PLargeTransactionJustificationPage,flutter_app/lib/features/p2p_security/presentation/pages/security/p2p_large_transaction_justification_page.dart,L2_detail,detail,B,12,15,P3_LOW_DENSITY_REVIEW,0,0,0,0,0,0,3,1,0,low_signal_monitor,Review first viewport manually and apply shared compact primitives without removing safety or domain-copy requirements.,flutter_app/lib/features/p2p_security/presentation/pages/security/p2p_large_transaction_justification_page.dart,
p2p_security,AppRoutePaths.p2pComplianceRiskAssessment,P2PRiskAssessmentPage,flutter_app/lib/features/p2p_security/presentation/pages/security/p2p_risk_assessment_page.dart,L3_transactionFlow,detail,B,12,15,P3_LOW_DENSITY_REVIEW,0,0,0,0,0,0,3,1,0,low_signal_monitor,Review first viewport manually and apply shared compact primitives without removing safety or domain-copy requirements.,flutter_app/lib/features/p2p_security/presentation/pages/security/p2p_risk_assessment_page.dart,
p2p_security,AppRoutePaths.p2pComplianceSourceOfFunds,P2PSourceOfFundsPage,flutter_app/lib/features/p2p_security/presentation/pages/security/p2p_source_of_funds_page.dart,L2_detail,detail,B,12,15,P3_LOW_DENSITY_REVIEW,0,0,0,0,0,0,3,1,0,low_signal_monitor,Review first viewport manually and apply shared compact primitives without removing safety or domain-copy requirements.,flutter_app/lib/features/p2p_security/presentation/pages/security/p2p_source_of_funds_page.dart,
profile,AppRoutePaths.profileSettings,SettingsPage,flutter_app/lib/features/profile/presentation/pages/settings_page.dart,L2_utilityDetail,detail,B,10,15,P3_LOW_DENSITY_REVIEW,0,0,0,0,2,0,1,1,0,bottom_nav_inset_pressure,Recheck bottom-nav/sticky-footer clearance and keep primary content visible above chrome.,flutter_app/lib/features/profile/presentation/pages/settings_page.dart;flutter_app/lib/features/profile/presentation/widgets/common/profile_icon_registry.dart;flutter_app/lib/features/profile/presentation/widgets/settings_page_common.dart;flutter_app/lib/features/profile/presentation/widgets/settings_page_sections.dart,
profile,AppRoutePaths.profileSubAccounts,SubAccountPage,flutter_app/lib/features/profile/presentation/pages/sub_account_page.dart,L2_detail,detail,B,10,15,P3_LOW_DENSITY_REVIEW,0,0,0,0,2,0,1,1,2,bottom_nav_inset_pressure,Recheck bottom-nav/sticky-footer clearance and keep primary content visible above chrome.,flutter_app/lib/features/profile/presentation/pages/sub_account_page.dart;flutter_app/lib/features/profile/presentation/widgets/profile_sub_account_card_details.dart;flutter_app/lib/features/profile/presentation/widgets/profile_sub_account_cards.dart;flutter_app/lib/features/profile/presentation/widgets/profile_sub_account_create.dart;flutter_app/lib/features/profile/presentation/widgets/profile_sub_account_formatters.dart;flutter_app/lib/features/profile/presentation/widgets/profile_sub_account_primitives.dart;flutter_app/lib/features/profile/presentation/widgets/profile_sub_account_summary.dart,
arena,AppRoutePaths.arenaBlocked,ArenaBlockedUsersPage,flutter_app/lib/features/arena/presentation/pages/governance/arena_blocked_users_page.dart,L2_detail,detail,B,13,14,P3_LOW_DENSITY_REVIEW,0,0,0,0,0,0,1,1,0,low_signal_monitor,Review first viewport manually and apply shared compact primitives without removing safety or domain-copy requirements.,flutter_app/lib/features/arena/presentation/pages/governance/arena_blocked_users_page.dart;flutter_app/lib/features/arena/presentation/widgets/hub/arena_viewport_padding.dart,
arena,AppRoutePaths.arenaVerified,VerifiedChallengesPage,flutter_app/lib/features/arena/presentation/pages/challenge/verified_challenges_page.dart,L2_detail,detail,B,13,14,P3_LOW_DENSITY_REVIEW,0,0,0,0,0,0,1,1,0,low_signal_monitor,Review first viewport manually and apply shared compact primitives without removing safety or domain-copy requirements.,flutter_app/lib/features/arena/presentation/pages/challenge/verified_challenges_page.dart;flutter_app/lib/features/arena/presentation/widgets/hub/arena_viewport_padding.dart,
auth,AppRoutePaths.authLogin,LoginPage,flutter_app/lib/features/auth/presentation/phone/pages/login_page.dart,L0_authEntry,authOnboarding,B,9,14,P3_LOW_DENSITY_REVIEW,0,0,0,1,0,0,0,1,0,low_signal_monitor,Review first viewport manually and apply shared compact primitives without removing safety or domain-copy requirements.,flutter_app/lib/features/auth/presentation/phone/pages/login_page.dart,
earn_staking,AppRoutePaths.earnRiskDashboard,StakingRiskDashboardPage,flutter_app/lib/features/earn_staking/presentation/pages/staking/staking_risk_dashboard_page.dart,L2_sectionHub,detail,A,1,14,P3_LOW_DENSITY_REVIEW,0,0,0,0,5,0,3,1,0,bottom_nav_inset_pressure,Recheck bottom-nav/sticky-footer clearance and keep primary content visible above chrome.,flutter_app/lib/features/earn_staking/presentation/pages/staking/staking_risk_dashboard_page.dart;flutter_app/lib/features/earn_staking/presentation/widgets/staking/staking_risk_dashboard_page_common.dart;flutter_app/lib/features/earn_staking/presentation/widgets/staking/staking_risk_dashboard_page_sections.dart,
earn_staking,AppRoutePaths.earnWebhooks,StakingWebhooksPage,flutter_app/lib/features/earn_staking/presentation/pages/staking/staking_webhooks_page.dart,L2_detail,detail,A,1,14,P3_LOW_DENSITY_REVIEW,0,0,0,0,5,0,3,2,3,bottom_nav_inset_pressure,Recheck bottom-nav/sticky-footer clearance and keep primary content visible above chrome.,flutter_app/lib/features/earn_staking/presentation/pages/staking/staking_webhooks_page.dart,
launchpad,AppRoutePaths.launchpadEventLog,LaunchpadEventLogPage,flutter_app/lib/features/launchpad/presentation/pages/tools/launchpad_event_log_page.dart,L2_detail,detail,A,1,14,P3_LOW_DENSITY_REVIEW,0,0,0,0,5,0,3,3,2,bottom_nav_inset_pressure,Recheck bottom-nav/sticky-footer clearance and keep primary content visible above chrome.,flutter_app/lib/features/launchpad/presentation/pages/tools/launchpad_event_log_page.dart;flutter_app/lib/features/launchpad/presentation/widgets/tools/launchpad_event_log_export_widgets.dart;flutter_app/lib/features/launchpad/presentation/widgets/tools/launchpad_event_log_filter_widgets.dart;flutter_app/lib/features/launchpad/presentation/widgets/tools/launchpad_event_log_list_widgets.dart;flutter_app/lib/features/launchpad/presentation/widgets/tools/launchpad_event_log_misc_widgets.dart,
launchpad,AppRoutePaths.launchpadGasTracker,LaunchpadGasTrackerPage,flutter_app/lib/features/launchpad/presentation/pages/tools/launchpad_gas_tracker_page.dart,L2_detail,detail,A,1,14,P3_LOW_DENSITY_REVIEW,0,0,0,0,5,0,3,2,1,bottom_nav_inset_pressure,Recheck bottom-nav/sticky-footer clearance and keep primary content visible above chrome.,flutter_app/lib/features/launchpad/presentation/pages/tools/launchpad_gas_tracker_page.dart;flutter_app/lib/features/launchpad/presentation/widgets/tools/launchpad_gas_tracker_alert_sheet.dart;flutter_app/lib/features/launchpad/presentation/widgets/tools/launchpad_gas_tracker_alerts.dart;flutter_app/lib/features/launchpad/presentation/widgets/tools/launchpad_gas_tracker_chains.dart;flutter_app/lib/features/launchpad/presentation/widgets/tools/launchpad_gas_tracker_common.dart;flutter_app/lib/features/launchpad/presentation/widgets/tools/launchpad_gas_tracker_estimator.dart;flutter_app/lib/features/launchpad/presentation/widgets/tools/launchpad_gas_tracker_hero.dart;flutter_app/lib/features/launchpad/presentation/widgets/tools/launchpad_gas_tracker_prices.dart,
launchpad,AppRoutePaths.launchpadMultisig,LaunchpadMultisigPage,flutter_app/lib/features/launchpad/presentation/pages/tools/launchpad_multisig_page.dart,L2_detail,detail,A,1,14,P3_LOW_DENSITY_REVIEW,0,0,0,0,5,0,3,2,2,bottom_nav_inset_pressure,Recheck bottom-nav/sticky-footer clearance and keep primary content visible above chrome.,flutter_app/lib/features/launchpad/presentation/pages/tools/launchpad_multisig_page.dart;flutter_app/lib/features/launchpad/presentation/widgets/tools/launchpad_multisig_create_sheet.dart;flutter_app/lib/features/launchpad/presentation/widgets/tools/launchpad_multisig_owners.dart;flutter_app/lib/features/launchpad/presentation/widgets/tools/launchpad_multisig_page_chrome.dart;flutter_app/lib/features/launchpad/presentation/widgets/tools/launchpad_multisig_queue_history.dart;flutter_app/lib/features/launchpad/presentation/widgets/tools/launchpad_multisig_tx_card.dart;flutter_app/lib/features/launchpad/presentation/widgets/tools/launchpad_multisig_tx_details.dart,
p2p_orders,'/p2p/order/cancel/:orderId',P2POrderCancelPage,flutter_app/lib/features/p2p_orders/presentation/pages/orders/p2p_order_cancel_page.dart,L2_entityDetail,detail,A,5,14,P3_LOW_DENSITY_REVIEW,0,0,0,0,4,0,1,1,0,bottom_nav_inset_pressure,Recheck bottom-nav/sticky-footer clearance and keep primary content visible above chrome.,flutter_app/lib/features/p2p_orders/presentation/pages/orders/p2p_order_cancel_page.dart,
profile,AppRoutePaths.profileSecurity,SecurityPage,flutter_app/lib/features/profile/presentation/pages/security_page.dart,L2_detail,detail,B,9,14,P3_LOW_DENSITY_REVIEW,0,0,0,0,2,0,1,1,0,bottom_nav_inset_pressure,Recheck bottom-nav/sticky-footer clearance and keep primary content visible above chrome.,flutter_app/lib/features/profile/presentation/pages/security_page.dart;flutter_app/lib/features/profile/presentation/widgets/common/profile_icon_registry.dart;flutter_app/lib/features/profile/presentation/widgets/security_page_common.dart;flutter_app/lib/features/profile/presentation/widgets/security_page_sections.dart,
profile,AppRoutePaths.settingsSecurity,SecurityPage,flutter_app/lib/features/profile/presentation/pages/security_page.dart,L2_utilityDetail,detail,B,9,14,P3_LOW_DENSITY_REVIEW,0,0,0,0,2,0,1,1,0,bottom_nav_inset_pressure,Recheck bottom-nav/sticky-footer clearance and keep primary content visible above chrome.,flutter_app/lib/features/profile/presentation/pages/security_page.dart;flutter_app/lib/features/profile/presentation/widgets/common/profile_icon_registry.dart;flutter_app/lib/features/profile/presentation/widgets/security_page_common.dart;flutter_app/lib/features/profile/presentation/widgets/security_page_sections.dart,
profile,AppRoutePaths.settingsSecurityBiometric,SecurityPage,flutter_app/lib/features/profile/presentation/pages/security_page.dart,L2_utilityDetail,detail,B,9,14,P3_LOW_DENSITY_REVIEW,0,0,0,0,2,0,1,1,0,bottom_nav_inset_pressure,Recheck bottom-nav/sticky-footer clearance and keep primary content visible above chrome.,flutter_app/lib/features/profile/presentation/pages/security_page.dart;flutter_app/lib/features/profile/presentation/widgets/common/profile_icon_registry.dart;flutter_app/lib/features/profile/presentation/widgets/security_page_common.dart;flutter_app/lib/features/profile/presentation/widgets/security_page_sections.dart,
profile,AppRoutePaths.settingsSecurityChangePassword,SecurityPage,flutter_app/lib/features/profile/presentation/pages/security_page.dart,L2_utilityDetail,detail,B,9,14,P3_LOW_DENSITY_REVIEW,0,0,0,0,2,0,1,1,0,bottom_nav_inset_pressure,Recheck bottom-nav/sticky-footer clearance and keep primary content visible above chrome.,flutter_app/lib/features/profile/presentation/pages/security_page.dart;flutter_app/lib/features/profile/presentation/widgets/common/profile_icon_registry.dart;flutter_app/lib/features/profile/presentation/widgets/security_page_common.dart;flutter_app/lib/features/profile/presentation/widgets/security_page_sections.dart,
trade_bots,AppRoutePaths.tradeBots,TradingBotsPage,flutter_app/lib/features/trade_bots/presentation/pages/hub/trading_bots_page.dart,L2_detail,detail,Tool,12,14,P3_LOW_DENSITY_REVIEW,0,1,0,0,0,0,0,1,4,low_signal_monitor,Review first viewport manually and apply shared compact primitives without removing safety or domain-copy requirements.,flutter_app/lib/features/trade_bots/presentation/pages/hub/trading_bots_page.dart;flutter_app/lib/features/trade_bots/presentation/widgets/hub/trading_bots_page_bot_card.dart;flutter_app/lib/features/trade_bots/presentation/widgets/hub/trading_bots_page_create_bot_sheet.dart;flutter_app/lib/features/trade_bots/presentation/widgets/hub/trading_bots_page_formatters.dart;flutter_app/lib/features/trade_bots/presentation/widgets/hub/trading_bots_page_my_bots_tab.dart;flutter_app/lib/features/trade_bots/presentation/widgets/hub/trading_bots_page_tools.dart,
trade_compliance,AppRoutePaths.tradeCopyTransactionReporting,TransactionReportingPage,flutter_app/lib/features/trade_compliance/presentation/pages/governance/transaction_reporting_page.dart,L2_utilityDetail,detail,A,0,14,P3_LOW_DENSITY_REVIEW,2,0,2,0,0,0,0,0,1,spacer_inside_cards,Remove Spacer-driven loose card expansion or replace with fixed compact content rhythm.,flutter_app/lib/features/trade_compliance/presentation/pages/governance/transaction_reporting_page.dart;flutter_app/lib/features/trade_compliance/presentation/widgets/governance/transaction_reporting_actions.dart;flutter_app/lib/features/trade_compliance/presentation/widgets/governance/transaction_reporting_common.dart;flutter_app/lib/features/trade_compliance/presentation/widgets/governance/transaction_reporting_filters.dart;flutter_app/lib/features/trade_compliance/presentation/widgets/governance/transaction_reporting_reports.dart;flutter_app/lib/features/trade_compliance/presentation/widgets/governance/transaction_reporting_stats.dart,
admin,AppRoutePaths.adminAnalytics,AnalyticsDashboardPage,flutter_app/lib/features/admin/presentation/pages/analytics_dashboard_page.dart,L2_sectionHub,detail,B,8,13,P3_LOW_DENSITY_REVIEW,0,0,0,0,2,0,1,0,1,bottom_nav_inset_pressure,Recheck bottom-nav/sticky-footer clearance and keep primary content visible above chrome.,flutter_app/lib/features/admin/presentation/pages/analytics_dashboard_page.dart;flutter_app/lib/features/admin/presentation/widgets/admin_dashboard_state_content.dart;flutter_app/lib/features/admin/presentation/widgets/admin_metric_card.dart;flutter_app/lib/features/admin/presentation/widgets/analytics_dashboard_common.dart;flutter_app/lib/features/admin/presentation/widgets/analytics_dashboard_sections.dart,
admin,AppRoutePaths.adminFunnels,FunnelDashboardPage,flutter_app/lib/features/admin/presentation/pages/funnel_dashboard_page.dart,L2_sectionHub,detail,B,8,13,P3_LOW_DENSITY_REVIEW,0,2,0,0,0,0,1,0,1,low_signal_monitor,Review first viewport manually and apply shared compact primitives without removing safety or domain-copy requirements.,flutter_app/lib/features/admin/presentation/pages/funnel_dashboard_page.dart;flutter_app/lib/features/admin/presentation/widgets/admin_dashboard_state_content.dart;flutter_app/lib/features/admin/presentation/widgets/admin_metric_card.dart;flutter_app/lib/features/admin/presentation/widgets/funnel_dashboard_common_painter.dart;flutter_app/lib/features/admin/presentation/widgets/funnel_dashboard_selector_metrics.dart;flutter_app/lib/features/admin/presentation/widgets/funnel_dashboard_waterfall_details.dart,
arena,AppRoutePaths.arenaResolution,ArenaResolutionCenterPage,flutter_app/lib/features/arena/presentation/pages/governance/arena_resolution_center_page.dart,L2_sectionHub,detail,B,12,13,P3_LOW_DENSITY_REVIEW,0,0,0,0,0,0,1,1,0,low_signal_monitor,Review first viewport manually and apply shared compact primitives without removing safety or domain-copy requirements.,flutter_app/lib/features/arena/presentation/pages/governance/arena_resolution_center_page.dart;flutter_app/lib/features/arena/presentation/widgets/hub/arena_viewport_padding.dart,
auth,AppRoutePaths.authForgotPassword,ForgotPasswordPage,flutter_app/lib/features/auth/presentation/phone/pages/forgot_password_page.dart,L1_authFlow,detail,B,12,13,P3_LOW_DENSITY_REVIEW,0,0,0,0,0,0,1,1,0,low_signal_monitor,Review first viewport manually and apply shared compact primitives without removing safety or domain-copy requirements.,flutter_app/lib/features/auth/presentation/phone/pages/forgot_password_page.dart;flutter_app/lib/features/auth/presentation/phone/widgets/forgot_password_page_sections.dart,
auth,AppRoutePaths.authOtp,OTPPage,flutter_app/lib/features/auth/presentation/phone/pages/otp_page.dart,L1_authFlow,detail,B,12,13,P3_LOW_DENSITY_REVIEW,0,0,0,0,0,0,1,1,0,low_signal_monitor,Review first viewport manually and apply shared compact primitives without removing safety or domain-copy requirements.,flutter_app/lib/features/auth/presentation/phone/pages/otp_page.dart;flutter_app/lib/features/auth/presentation/phone/widgets/otp_identity_intro.dart;flutter_app/lib/features/auth/presentation/phone/widgets/otp_input_status.dart,
auth,AppRoutePaths.authRegister,RegisterPage,flutter_app/lib/features/auth/presentation/phone/pages/register_page.dart,L1_authFlow,detail,B,12,13,P3_LOW_DENSITY_REVIEW,0,0,0,0,0,0,1,1,1,low_signal_monitor,Review first viewport manually and apply shared compact primitives without removing safety or domain-copy requirements.,flutter_app/lib/features/auth/presentation/phone/pages/register_page.dart;flutter_app/lib/features/auth/presentation/phone/widgets/register_page_sections.dart,
auth,AppRoutePaths.authResetPassword,ResetPasswordPage,flutter_app/lib/features/auth/presentation/phone/pages/reset_password_page.dart,L1_authFlow,detail,B,12,13,P3_LOW_DENSITY_REVIEW,0,0,0,0,0,0,1,1,0,low_signal_monitor,Review first viewport manually and apply shared compact primitives without removing safety or domain-copy requirements.,flutter_app/lib/features/auth/presentation/phone/pages/reset_password_page.dart;flutter_app/lib/features/auth/presentation/phone/widgets/reset_password_page_sections.dart,
cross_module,AppRoutePaths.smartAlerts,SmartAlertCenterPage,flutter_app/lib/features/cross_module/presentation/pages/smart_alert_center_page.dart,L1_utilityHub,detail,A,0,13,P3_LOW_DENSITY_REVIEW,0,0,0,0,6,0,1,1,1,bottom_nav_inset_pressure,Recheck bottom-nav/sticky-footer clearance and keep primary content visible above chrome.,flutter_app/lib/features/cross_module/presentation/pages/smart_alert_center_page.dart;flutter_app/lib/features/cross_module/presentation/widgets/cross_module_icon_widgets.dart;flutter_app/lib/features/cross_module/presentation/widgets/cross_module_tabbed_shell.dart;flutter_app/lib/features/cross_module/presentation/widgets/smart_alert_center_cards.dart;flutter_app/lib/features/cross_module/presentation/widgets/smart_alert_center_common.dart;flutter_app/lib/features/cross_module/presentation/widgets/smart_alert_center_history_settings.dart;flutter_app/lib/features/cross_module/presentation/widgets/smart_alert_center_tabs.dart,
cross_module,AppRoutePaths.unifiedPortfolio,UnifiedPortfolioDashboardPage,flutter_app/lib/features/cross_module/presentation/pages/unified_portfolio_dashboard_page.dart,L1_utilityHub,detail,A,0,13,P3_LOW_DENSITY_REVIEW,0,0,0,0,6,0,1,1,2,bottom_nav_inset_pressure,Recheck bottom-nav/sticky-footer clearance and keep primary content visible above chrome.,flutter_app/lib/features/cross_module/presentation/pages/unified_portfolio_dashboard_page.dart;flutter_app/lib/features/cross_module/presentation/widgets/cross_module_tabbed_shell.dart;flutter_app/lib/features/cross_module/presentation/widgets/unified_portfolio_analysis.dart;flutter_app/lib/features/cross_module/presentation/widgets/unified_portfolio_history.dart;flutter_app/lib/features/cross_module/presentation/widgets/unified_portfolio_overview.dart;flutter_app/lib/features/cross_module/presentation/widgets/unified_portfolio_tabs.dart,
dca,AppRoutePaths.dca,DCAPage,flutter_app/lib/features/dca/presentation/pages/hub/dca_page.dart,L1_productModuleHub,rootModule,A,0,13,P3_LOW_DENSITY_REVIEW,0,0,0,0,5,1,0,1,0,bottom_nav_inset_pressure;root_top_chrome_first_viewport_cost,Recheck bottom-nav/sticky-footer clearance and keep primary content visible above chrome.,flutter_app/lib/features/dca/presentation/pages/hub/dca_page.dart;flutter_app/lib/features/dca/presentation/pages/hub/dca_page_common.dart;flutter_app/lib/features/dca/presentation/pages/hub/dca_page_history_and_create_sheet.dart;flutter_app/lib/features/dca/presentation/pages/hub/dca_page_plans_and_tools.dart;flutter_app/lib/features/dca/presentation/pages/hub/dca_page_state_overview.dart;flutter_app/lib/features/dca/presentation/widgets/hub/dca_currency_formatters.dart,
earn_savings,AppRoutePaths.earnSavingsAnalytics,SavingsAnalyticsPage,flutter_app/lib/features/earn_savings/presentation/pages/savings/savings_analytics_page.dart,L2_utilityDetail,detail,A,0,13,P3_LOW_DENSITY_REVIEW,0,0,0,0,5,0,3,1,1,bottom_nav_inset_pressure,Recheck bottom-nav/sticky-footer clearance and keep primary content visible above chrome.,flutter_app/lib/features/earn_savings/presentation/pages/savings/savings_analytics_page.dart;flutter_app/lib/features/earn_savings/presentation/widgets/savings/savings_analytics_charts_metrics.dart;flutter_app/lib/features/earn_savings/presentation/widgets/savings/savings_analytics_secondary_painters.dart;flutter_app/lib/features/earn_savings/presentation/widgets/savings/savings_analytics_summary_range.dart,
earn_savings,AppRoutePaths.earnSavingsRebalance,SavingsAutoRebalancePage,flutter_app/lib/features/earn_savings/presentation/pages/savings/savings_auto_rebalance_page.dart,L2_detail,detail,A,0,13,P3_LOW_DENSITY_REVIEW,0,0,0,0,5,0,3,1,0,bottom_nav_inset_pressure,Recheck bottom-nav/sticky-footer clearance and keep primary content visible above chrome.,flutter_app/lib/features/earn_savings/presentation/pages/savings/savings_auto_rebalance_page.dart;flutter_app/lib/features/earn_savings/presentation/widgets/savings/savings_auto_rebalance_allocation.dart;flutter_app/lib/features/earn_savings/presentation/widgets/savings/savings_auto_rebalance_drift_history.dart;flutter_app/lib/features/earn_savings/presentation/widgets/savings/savings_auto_rebalance_history.dart;flutter_app/lib/features/earn_savings/presentation/widgets/savings/savings_auto_rebalance_painters.dart;flutter_app/lib/features/earn_savings/presentation/widgets/savings/savings_auto_rebalance_preview.dart;flutter_app/lib/features/earn_savings/presentation/widgets/savings/savings_auto_rebalance_settings.dart;flutter_app/lib/features/earn_savings/presentation/widgets/savings/savings_auto_rebalance_shared.dart;flutter_app/lib/features/earn_savings/presentation/widgets/savings/savings_auto_rebalance_strategy.dart,
earn_savings,AppRoutePaths.earnSavingsComparison,SavingsComparisonPage,flutter_app/lib/features/earn_savings/presentation/pages/savings/savings_comparison_page.dart,L2_detail,detail,A,0,13,P3_LOW_DENSITY_REVIEW,0,0,0,0,5,0,3,2,1,bottom_nav_inset_pressure,Recheck bottom-nav/sticky-footer clearance and keep primary content visible above chrome.,flutter_app/lib/features/earn_savings/presentation/pages/savings/savings_comparison_page.dart;flutter_app/lib/features/earn_savings/presentation/widgets/hub/earn_comparison_chart.dart;flutter_app/lib/features/earn_savings/presentation/widgets/hub/earn_comparison_summary.dart;flutter_app/lib/features/earn_savings/presentation/widgets/hub/earn_comparison_table.dart,
earn_savings,AppRoutePaths.earnSavingsGoals,SavingsGoalPage,flutter_app/lib/features/earn_savings/presentation/pages/savings/savings_goal_page.dart,L2_detail,detail,A,0,13,P3_LOW_DENSITY_REVIEW,0,0,0,0,5,0,3,2,1,bottom_nav_inset_pressure,Recheck bottom-nav/sticky-footer clearance and keep primary content visible above chrome.,flutter_app/lib/features/earn_savings/presentation/pages/savings/savings_goal_page.dart;flutter_app/lib/features/earn_savings/presentation/widgets/savings/savings_goal_card.dart;flutter_app/lib/features/earn_savings/presentation/widgets/savings/savings_goal_create_sheet.dart;flutter_app/lib/features/earn_savings/presentation/widgets/savings/savings_goal_detail_sheet.dart;flutter_app/lib/features/earn_savings/presentation/widgets/savings/savings_goal_sheet_common.dart;flutter_app/lib/features/earn_savings/presentation/widgets/savings/savings_goal_summary_card.dart;flutter_app/lib/features/earn_savings/presentation/widgets/savings/savings_goal_visuals.dart,
earn_savings,AppRoutePaths.earnSavingsNotifications,SavingsNotificationsPage,flutter_app/lib/features/earn_savings/presentation/pages/savings/savings_notifications_page.dart,L1_utilityHub,detail,A,0,13,P3_LOW_DENSITY_REVIEW,0,0,0,0,5,0,3,1,0,bottom_nav_inset_pressure,Recheck bottom-nav/sticky-footer clearance and keep primary content visible above chrome.,flutter_app/lib/features/earn_savings/presentation/pages/savings/savings_notifications_page.dart;flutter_app/lib/features/earn_savings/presentation/widgets/savings/savings_notifications_common.dart;flutter_app/lib/features/earn_savings/presentation/widgets/savings/savings_notifications_history.dart;flutter_app/lib/features/earn_savings/presentation/widgets/savings/savings_notifications_settings.dart,
earn_savings,AppRoutePaths.earnSavingsSmartSuggestions,SavingsSmartSuggestionsPage,flutter_app/lib/features/earn_savings/presentation/pages/savings/savings_smart_suggestions_page.dart,L2_detail,detail,A,0,13,P3_LOW_DENSITY_REVIEW,0,0,0,0,5,0,3,2,2,bottom_nav_inset_pressure,Recheck bottom-nav/sticky-footer clearance and keep primary content visible above chrome.,flutter_app/lib/features/earn_savings/presentation/pages/savings/savings_smart_suggestions_page.dart;flutter_app/lib/features/earn_savings/presentation/widgets/savings/savings_smart_suggestions_common.dart;flutter_app/lib/features/earn_savings/presentation/widgets/savings/savings_smart_suggestions_suggestions.dart;flutter_app/lib/features/earn_savings/presentation/widgets/savings/savings_smart_suggestions_summary.dart;flutter_app/lib/features/earn_savings/presentation/widgets/savings/savings_smart_suggestions_trends.dart,
earn_staking,AppRoutePaths.earnAutoCompound,StakingAutoCompoundPage,flutter_app/lib/features/earn_staking/presentation/pages/staking/staking_auto_compound_page.dart,L2_detail,detail,A,0,13,P3_LOW_DENSITY_REVIEW,0,0,0,0,5,0,3,1,0,bottom_nav_inset_pressure,Recheck bottom-nav/sticky-footer clearance and keep primary content visible above chrome.,flutter_app/lib/features/earn_staking/presentation/pages/staking/staking_auto_compound_page.dart;flutter_app/lib/features/earn_staking/presentation/widgets/staking/staking_auto_compound_overview.dart;flutter_app/lib/features/earn_staking/presentation/widgets/staking/staking_auto_compound_positions.dart;flutter_app/lib/features/earn_staking/presentation/widgets/staking/staking_auto_compound_settings.dart;flutter_app/lib/features/earn_staking/presentation/widgets/staking/staking_auto_compound_shared.dart;flutter_app/lib/features/earn_staking/presentation/widgets/staking/staking_auto_compound_simulation.dart,
earn_staking,AppRoutePaths.earnCommunityGovernance,StakingCommunityGovernancePage,flutter_app/lib/features/earn_staking/presentation/pages/staking/staking_community_governance_page.dart,L2_detail,detail,A,0,13,P3_LOW_DENSITY_REVIEW,0,0,0,0,5,0,3,1,0,bottom_nav_inset_pressure,Recheck bottom-nav/sticky-footer clearance and keep primary content visible above chrome.,flutter_app/lib/features/earn_staking/presentation/pages/staking/staking_community_governance_page.dart;flutter_app/lib/features/earn_staking/presentation/widgets/staking/staking_community_governance_page_common.dart;flutter_app/lib/features/earn_staking/presentation/widgets/staking/staking_community_governance_page_sections.dart,
earn_staking,AppRoutePaths.earnContingencyPlan,StakingContingencyPlanPage,flutter_app/lib/features/earn_staking/presentation/pages/staking/staking_contingency_plan_page.dart,L2_detail,detail,A,0,13,P3_LOW_DENSITY_REVIEW,0,0,0,0,5,0,3,1,2,bottom_nav_inset_pressure,Recheck bottom-nav/sticky-footer clearance and keep primary content visible above chrome.,flutter_app/lib/features/earn_staking/presentation/pages/staking/staking_contingency_plan_page.dart;flutter_app/lib/features/earn_staking/presentation/widgets/staking/staking_contingency_plan_sections.dart;flutter_app/lib/features/earn_staking/presentation/widgets/staking/staking_contingency_plan_support_sections.dart,
earn_staking,AppRoutePaths.earnCustody,StakingCustodyPage,flutter_app/lib/features/earn_staking/presentation/pages/staking/staking_custody_page.dart,L2_detail,detail,A,0,13,P3_LOW_DENSITY_REVIEW,0,0,0,0,5,0,3,1,2,bottom_nav_inset_pressure,Recheck bottom-nav/sticky-footer clearance and keep primary content visible above chrome.,flutter_app/lib/features/earn_staking/presentation/pages/staking/staking_custody_page.dart;flutter_app/lib/features/earn_staking/presentation/widgets/staking/staking_custody_actions_common.dart;flutter_app/lib/features/earn_staking/presentation/widgets/staking/staking_custody_assets.dart;flutter_app/lib/features/earn_staking/presentation/widgets/staking/staking_custody_audit.dart;flutter_app/lib/features/earn_staking/presentation/widgets/staking/staking_custody_common.dart;flutter_app/lib/features/earn_staking/presentation/widgets/staking/staking_custody_overview.dart;flutter_app/lib/features/earn_staking/presentation/widgets/staking/staking_custody_pie_chart.dart,
earn_staking,AppRoutePaths.earnDashboard,StakingDashboardPage,flutter_app/lib/features/earn_staking/presentation/pages/staking/staking_dashboard_page.dart,L2_sectionHub,detail,A,0,13,P3_LOW_DENSITY_REVIEW,0,0,0,0,5,0,3,1,1,bottom_nav_inset_pressure,Recheck bottom-nav/sticky-footer clearance and keep primary content visible above chrome.,flutter_app/lib/features/earn_staking/presentation/pages/staking/staking_dashboard_page.dart;flutter_app/lib/features/earn_staking/presentation/widgets/staking/staking_dashboard_actions.dart;flutter_app/lib/features/earn_staking/presentation/widgets/staking/staking_dashboard_charts.dart;flutter_app/lib/features/earn_staking/presentation/widgets/staking/staking_dashboard_positions.dart;flutter_app/lib/features/earn_staking/presentation/widgets/staking/staking_dashboard_summary.dart,
earn_staking,AppRoutePaths.earnDataExport,StakingDataExportPage,flutter_app/lib/features/earn_staking/presentation/pages/staking/staking_data_export_page.dart,L2_detail,detail,A,0,13,P3_LOW_DENSITY_REVIEW,0,0,0,0,5,0,3,1,0,bottom_nav_inset_pressure,Recheck bottom-nav/sticky-footer clearance and keep primary content visible above chrome.,flutter_app/lib/features/earn_staking/presentation/pages/staking/staking_data_export_page.dart,
earn_staking,AppRoutePaths.earnDeveloperConsole,StakingDeveloperConsolePage,flutter_app/lib/features/earn_staking/presentation/pages/staking/staking_developer_console_page.dart,L2_detail,detail,A,0,13,P3_LOW_DENSITY_REVIEW,0,0,0,0,5,0,3,1,0,bottom_nav_inset_pressure,Recheck bottom-nav/sticky-footer clearance and keep primary content visible above chrome.,flutter_app/lib/features/earn_staking/presentation/pages/staking/staking_developer_console_page.dart,
earn_staking,AppRoutePaths.earnCalendar,StakingEarningsCalendarPage,flutter_app/lib/features/earn_staking/presentation/pages/staking/staking_earnings_calendar_page.dart,L2_utilityDetail,detail,A,0,13,P3_LOW_DENSITY_REVIEW,0,0,0,0,5,0,3,1,1,bottom_nav_inset_pressure,Recheck bottom-nav/sticky-footer clearance and keep primary content visible above chrome.,flutter_app/lib/features/earn_staking/presentation/pages/staking/staking_earnings_calendar_page.dart;flutter_app/lib/features/earn_staking/presentation/widgets/staking/staking_earnings_calendar_grid.dart;flutter_app/lib/features/earn_staking/presentation/widgets/staking/staking_earnings_events_common.dart;flutter_app/lib/features/earn_staking/presentation/widgets/staking/staking_earnings_summary_tabs.dart,
earn_staking,AppRoutePaths.earnForum,StakingForumPage,flutter_app/lib/features/earn_staking/presentation/pages/staking/staking_forum_page.dart,L2_detail,detail,A,0,13,P3_LOW_DENSITY_REVIEW,0,0,0,0,5,0,3,1,1,bottom_nav_inset_pressure,Recheck bottom-nav/sticky-footer clearance and keep primary content visible above chrome.,flutter_app/lib/features/earn_staking/presentation/pages/staking/staking_forum_page.dart,
earn_staking,AppRoutePaths.earnGuide,StakingGuidePage,flutter_app/lib/features/earn_staking/presentation/pages/staking/staking_guide_page.dart,L2_utilityDetail,detail,A,0,13,P3_LOW_DENSITY_REVIEW,0,0,0,0,5,0,3,2,2,bottom_nav_inset_pressure,Recheck bottom-nav/sticky-footer clearance and keep primary content visible above chrome.,flutter_app/lib/features/earn_staking/presentation/pages/staking/staking_guide_page.dart;flutter_app/lib/features/earn_staking/presentation/widgets/staking/staking_guide_page_common.dart;flutter_app/lib/features/earn_staking/presentation/widgets/staking/staking_guide_page_sections.dart,
earn_staking,AppRoutePaths.earnHistory,StakingHistoryPage,flutter_app/lib/features/earn_staking/presentation/pages/staking/staking_history_page.dart,L2_utilityDetail,detail,A,0,13,P3_LOW_DENSITY_REVIEW,0,0,0,0,5,0,3,1,2,bottom_nav_inset_pressure,Recheck bottom-nav/sticky-footer clearance and keep primary content visible above chrome.,flutter_app/lib/features/earn_staking/presentation/pages/staking/staking_history_page.dart;flutter_app/lib/features/earn_staking/presentation/widgets/staking/staking_history_common.dart;flutter_app/lib/features/earn_staking/presentation/widgets/staking/staking_history_detail_list.dart;flutter_app/lib/features/earn_staking/presentation/widgets/staking/staking_history_summary_filters.dart,
earn_staking,AppRoutePaths.earnInsuranceFundTransparency,StakingInsuranceFundTransparencyPage,flutter_app/lib/features/earn_staking/presentation/pages/staking/staking_insurance_fund_transparency_page.dart,L2_detail,detail,A,0,13,P3_LOW_DENSITY_REVIEW,0,0,0,0,5,0,3,1,0,bottom_nav_inset_pressure,Recheck bottom-nav/sticky-footer clearance and keep primary content visible above chrome.,flutter_app/lib/features/earn_staking/presentation/pages/staking/staking_insurance_fund_transparency_page.dart;flutter_app/lib/features/earn_staking/presentation/widgets/staking/staking_insurance_fund_claims.dart;flutter_app/lib/features/earn_staking/presentation/widgets/staking/staking_insurance_fund_common.dart;flutter_app/lib/features/earn_staking/presentation/widgets/staking/staking_insurance_fund_history.dart;flutter_app/lib/features/earn_staking/presentation/widgets/staking/staking_insurance_fund_overview.dart,
earn_staking,AppRoutePaths.earnNotifications,StakingNotificationsPage,flutter_app/lib/features/earn_staking/presentation/pages/staking/staking_notifications_page.dart,L1_utilityHub,detail,A,0,13,P3_LOW_DENSITY_REVIEW,0,0,0,0,5,0,3,1,1,bottom_nav_inset_pressure,Recheck bottom-nav/sticky-footer clearance and keep primary content visible above chrome.,flutter_app/lib/features/earn_staking/presentation/pages/staking/staking_notifications_page.dart;flutter_app/lib/features/earn_staking/presentation/widgets/staking/staking_notifications_page_common.dart;flutter_app/lib/features/earn_staking/presentation/widgets/staking/staking_notifications_page_sections.dart,
earn_staking,AppRoutePaths.earnRegulatoryFramework,StakingRegulatoryFrameworkPage,flutter_app/lib/features/earn_staking/presentation/pages/staking/staking_regulatory_framework_page.dart,L2_detail,detail,A,0,13,P3_LOW_DENSITY_REVIEW,0,0,0,0,5,0,3,2,2,bottom_nav_inset_pressure,Recheck bottom-nav/sticky-footer clearance and keep primary content visible above chrome.,flutter_app/lib/features/earn_staking/presentation/pages/staking/staking_regulatory_framework_page.dart;flutter_app/lib/features/earn_staking/presentation/widgets/staking/staking_regulatory_framework_hero_licenses.dart;flutter_app/lib/features/earn_staking/presentation/widgets/staking/staking_regulatory_framework_protection_complaints.dart;flutter_app/lib/features/earn_staking/presentation/widgets/staking/staking_regulatory_framework_sheet_common.dart,
earn_staking,AppRoutePaths.earnRiskScoreCalculator,StakingRiskScoreCalculatorPage,flutter_app/lib/features/earn_staking/presentation/pages/staking/staking_risk_score_calculator_page.dart,L2_utilityDetail,detail,A,0,13,P3_LOW_DENSITY_REVIEW,0,0,0,0,5,0,3,1,0,bottom_nav_inset_pressure,Recheck bottom-nav/sticky-footer clearance and keep primary content visible above chrome.,flutter_app/lib/features/earn_staking/presentation/pages/staking/staking_risk_score_calculator_page.dart;flutter_app/lib/features/earn_staking/presentation/widgets/staking/staking_risk_score_inputs.dart;flutter_app/lib/features/earn_staking/presentation/widgets/staking/staking_risk_score_radar.dart;flutter_app/lib/features/earn_staking/presentation/widgets/staking/staking_risk_score_results.dart,
earn_staking,AppRoutePaths.earnSlashingHistory,StakingSlashingHistoryPage,flutter_app/lib/features/earn_staking/presentation/pages/staking/staking_slashing_history_page.dart,L2_utilityDetail,detail,A,0,13,P3_LOW_DENSITY_REVIEW,0,0,0,0,5,0,3,1,1,bottom_nav_inset_pressure,Recheck bottom-nav/sticky-footer clearance and keep primary content visible above chrome.,flutter_app/lib/features/earn_staking/presentation/pages/staking/staking_slashing_history_page.dart;flutter_app/lib/features/earn_staking/presentation/widgets/staking/staking_slashing_history_common.dart;flutter_app/lib/features/earn_staking/presentation/widgets/staking/staking_slashing_history_history.dart;flutter_app/lib/features/earn_staking/presentation/widgets/staking/staking_slashing_history_overview.dart;flutter_app/lib/features/earn_staking/presentation/widgets/staking/staking_slashing_history_prevention.dart;flutter_app/lib/features/earn_staking/presentation/widgets/staking/staking_slashing_history_statistics.dart,
earn_staking,AppRoutePaths.earnSocialFeed,StakingSocialFeedPage,flutter_app/lib/features/earn_staking/presentation/pages/staking/staking_social_feed_page.dart,L2_detail,detail,A,0,13,P3_LOW_DENSITY_REVIEW,0,0,0,0,5,0,3,1,2,bottom_nav_inset_pressure,Recheck bottom-nav/sticky-footer clearance and keep primary content visible above chrome.,flutter_app/lib/features/earn_staking/presentation/pages/staking/staking_social_feed_page.dart;flutter_app/lib/features/earn_staking/presentation/widgets/staking/staking_social_feed_page_common.dart;flutter_app/lib/features/earn_staking/presentation/widgets/staking/staking_social_feed_page_sections.dart,
earn_staking,AppRoutePaths.earnSuitabilityAssessment,StakingSuitabilityAssessmentPage,flutter_app/lib/features/earn_staking/presentation/pages/staking/staking_suitability_assessment_page.dart,L3_transactionFlow,detail,A,0,13,P3_LOW_DENSITY_REVIEW,0,0,0,0,5,0,3,1,0,bottom_nav_inset_pressure,Recheck bottom-nav/sticky-footer clearance and keep primary content visible above chrome.,flutter_app/lib/features/earn_staking/presentation/pages/staking/staking_suitability_assessment_page.dart;flutter_app/lib/features/earn_staking/presentation/widgets/staking/staking_suitability_assessment_page_common.dart;flutter_app/lib/features/earn_staking/presentation/widgets/staking/staking_suitability_assessment_page_sections.dart,
earn_staking,AppRoutePaths.earnStakingTerms,StakingTermsPage,flutter_app/lib/features/earn_staking/presentation/pages/staking/staking_terms_page.dart,L2_detail,detail,A,0,13,P3_LOW_DENSITY_REVIEW,0,0,0,0,5,0,3,1,1,bottom_nav_inset_pressure,Recheck bottom-nav/sticky-footer clearance and keep primary content visible above chrome.,flutter_app/lib/features/earn_staking/presentation/pages/staking/staking_terms_page.dart,
earn_staking,AppRoutePaths.earnValidatorHealthMonitor,StakingValidatorHealthMonitorPage,flutter_app/lib/features/earn_staking/presentation/pages/staking/staking_validator_health_monitor_page.dart,L2_detail,detail,A,0,13,P3_LOW_DENSITY_REVIEW,0,0,0,0,5,0,3,1,2,bottom_nav_inset_pressure,Recheck bottom-nav/sticky-footer clearance and keep primary content visible above chrome.,flutter_app/lib/features/earn_staking/presentation/pages/staking/staking_validator_health_monitor_page.dart;flutter_app/lib/features/earn_staking/presentation/widgets/staking/staking_validator_health_monitor_page_common.dart;flutter_app/lib/features/earn_staking/presentation/widgets/staking/staking_validator_health_monitor_page_sections.dart,
earn_staking,AppRoutePaths.earnVoting,StakingVotingPage,flutter_app/lib/features/earn_staking/presentation/pages/staking/staking_voting_page.dart,L2_detail,detail,A,0,13,P3_LOW_DENSITY_REVIEW,0,1,0,0,4,0,3,1,0,bottom_nav_inset_pressure,Recheck bottom-nav/sticky-footer clearance and keep primary content visible above chrome.,flutter_app/lib/features/earn_staking/presentation/pages/staking/staking_voting_page.dart,
earn_staking,AppRoutePaths.earnVotingProposalRoute,StakingVotingPage,flutter_app/lib/features/earn_staking/presentation/pages/staking/staking_voting_page.dart,L2_detail,detail,A,0,13,P3_LOW_DENSITY_REVIEW,0,1,0,0,4,0,3,1,0,bottom_nav_inset_pressure,Recheck bottom-nav/sticky-footer clearance and keep primary content visible above chrome.,flutter_app/lib/features/earn_staking/presentation/pages/staking/staking_voting_page.dart,
enterprise_states,AppRoutePaths.forceUpdateGate,ForceUpdateGatePage,flutter_app/lib/features/enterprise_states/presentation/pages/force_update_gate_page.dart,L2_detail,detail,B,12,13,P3_LOW_DENSITY_REVIEW,0,0,0,0,0,0,1,1,0,low_signal_monitor,Review first viewport manually and apply shared compact primitives without removing safety or domain-copy requirements.,flutter_app/lib/features/enterprise_states/presentation/pages/force_update_gate_page.dart,
enterprise_states,AppRoutePaths.maintenanceGate,MaintenanceGatePage,flutter_app/lib/features/enterprise_states/presentation/pages/maintenance_gate_page.dart,L2_detail,detail,B,12,13,P3_LOW_DENSITY_REVIEW,0,0,0,0,0,0,1,1,0,low_signal_monitor,Review first viewport manually and apply shared compact primitives without removing safety or domain-copy requirements.,flutter_app/lib/features/enterprise_states/presentation/pages/maintenance_gate_page.dart,
home,AppRoutePaths.home,HomePage,flutter_app/lib/features/home/presentation/phone/pages/home_page.dart,L0_homeRoot,rootBrand,B,8,13,P3_LOW_DENSITY_REVIEW,0,0,0,0,1,1,0,2,3,root_top_chrome_first_viewport_cost,Review first viewport manually and apply shared compact primitives without removing safety or domain-copy requirements.,flutter_app/lib/features/home/presentation/phone/pages/home_page.dart;flutter_app/lib/features/home/presentation/phone/pages/home_page_common.dart;flutter_app/lib/features/home/presentation/phone/pages/home_page_sections.dart;flutter_app/lib/features/home/presentation/phone/pages/home_page_state.dart;flutter_app/lib/features/home/presentation/widgets/phone/home_announcement_banner.dart;flutter_app/lib/features/home/presentation/widgets/phone/home_formatters.dart;flutter_app/lib/features/home/presentation/widgets/phone/home_header.dart;flutter_app/lib/features/home/presentation/widgets/phone/home_market_ticker_section.dart;flutter_app/lib/features/home/presentation/widgets/phone/home_more_products_sheet.dart;flutter_app/lib/features/home/presentation/widgets/phone/home_next_action_section.dart;flutter_app/lib/features/home/presentation/widgets/phone/home_portfolio_card.dart;flutter_app/lib/features/home/presentation/widgets/phone/home_products_section.dart;flutter_app/lib/features/home/presentation/widgets/phone/home_recent_products_section.dart;flutter_app/lib/features/home/presentation/widgets/phone/home_scroll_shell.dart;flutter_app/lib/features/home/presentation/widgets/phone/home_status_content.dart,
launchpad,AppRoutePaths.launchpadBridgeCompare,LaunchpadBridgeComparePage,flutter_app/lib/features/launchpad/presentation/pages/bridge/launchpad_bridge_compare_page.dart,L2_detail,detail,A,0,13,P3_LOW_DENSITY_REVIEW,0,0,0,0,5,0,3,3,1,bottom_nav_inset_pressure,Recheck bottom-nav/sticky-footer clearance and keep primary content visible above chrome.,flutter_app/lib/features/launchpad/presentation/pages/bridge/launchpad_bridge_compare_page.dart;flutter_app/lib/features/launchpad/presentation/widgets/bridge/launchpad_bridge_compare_common.dart;flutter_app/lib/features/launchpad/presentation/widgets/bridge/launchpad_bridge_compare_confirm.dart;flutter_app/lib/features/launchpad/presentation/widgets/bridge/launchpad_bridge_compare_hero.dart;flutter_app/lib/features/launchpad/presentation/widgets/bridge/launchpad_bridge_compare_quick_compare.dart;flutter_app/lib/features/launchpad/presentation/widgets/bridge/launchpad_bridge_compare_route_details.dart;flutter_app/lib/features/launchpad/presentation/widgets/bridge/launchpad_bridge_compare_route_list.dart;flutter_app/lib/features/launchpad/presentation/widgets/bridge/launchpad_bridge_compare_route_metrics.dart,
launchpad,AppRoutePaths.launchpadRebalance,LaunchpadRebalancePage,flutter_app/lib/features/launchpad/presentation/pages/tools/launchpad_rebalance_page.dart,L2_detail,detail,A,0,13,P3_LOW_DENSITY_REVIEW,0,0,0,0,5,0,3,1,2,bottom_nav_inset_pressure,Recheck bottom-nav/sticky-footer clearance and keep primary content visible above chrome.,flutter_app/lib/features/launchpad/presentation/pages/tools/launchpad_rebalance_page.dart;flutter_app/lib/features/launchpad/presentation/widgets/tools/launchpad_rebalance_allocation.dart;flutter_app/lib/features/launchpad/presentation/widgets/tools/launchpad_rebalance_calculations.dart;flutter_app/lib/features/launchpad/presentation/widgets/tools/launchpad_rebalance_deviation.dart;flutter_app/lib/features/launchpad/presentation/widgets/tools/launchpad_rebalance_hero.dart;flutter_app/lib/features/launchpad/presentation/widgets/tools/launchpad_rebalance_strategy.dart;flutter_app/lib/features/launchpad/presentation/widgets/tools/launchpad_rebalance_suggestions.dart;flutter_app/lib/features/launchpad/presentation/widgets/tools/launchpad_rebalance_summary.dart,
launchpad,AppRoutePaths.launchpadSwapAggregator,LaunchpadSwapAggregatorPage,flutter_app/lib/features/launchpad/presentation/pages/bridge/launchpad_swap_aggregator_page.dart,L2_detail,detail,A,0,13,P3_LOW_DENSITY_REVIEW,0,0,0,0,5,0,3,1,3,bottom_nav_inset_pressure,Recheck bottom-nav/sticky-footer clearance and keep primary content visible above chrome.,flutter_app/lib/features/launchpad/presentation/pages/bridge/launchpad_swap_aggregator_page.dart;flutter_app/lib/features/launchpad/presentation/widgets/bridge/launchpad_swap_aggregator_history_settings.dart;flutter_app/lib/features/launchpad/presentation/widgets/bridge/launchpad_swap_aggregator_input.dart;flutter_app/lib/features/launchpad/presentation/widgets/bridge/launchpad_swap_aggregator_quotes.dart,
markets,AppRoutePaths.marketsSectors,MarketSectorsPage,flutter_app/lib/features/markets/presentation/pages/tools/market_sectors_page.dart,L2_detail,detail,A,0,13,P3_LOW_DENSITY_REVIEW,0,0,0,0,6,0,1,2,2,bottom_nav_inset_pressure,Recheck bottom-nav/sticky-footer clearance and keep primary content visible above chrome.,flutter_app/lib/features/markets/presentation/pages/tools/market_sectors_page.dart;flutter_app/lib/features/markets/presentation/widgets/tools/market_sector_card.dart;flutter_app/lib/features/markets/presentation/widgets/tools/market_sector_common.dart;flutter_app/lib/features/markets/presentation/widgets/tools/market_sector_comparison_table.dart;flutter_app/lib/features/markets/presentation/widgets/tools/market_sector_controls.dart;flutter_app/lib/features/markets/presentation/widgets/tools/market_sector_detail_summary.dart;flutter_app/lib/features/markets/presentation/widgets/tools/market_sector_distribution.dart,
markets,AppRoutePaths.marketsSignals,SocialSignalsPage,flutter_app/lib/features/markets/presentation/pages/research/social_signals_page.dart,L2_detail,detail,A,0,13,P3_LOW_DENSITY_REVIEW,0,0,0,0,6,0,1,3,1,bottom_nav_inset_pressure,Recheck bottom-nav/sticky-footer clearance and keep primary content visible above chrome.,flutter_app/lib/features/markets/presentation/pages/research/social_signals_page.dart;flutter_app/lib/features/markets/presentation/pages/research/social_signals_page_performance_widgets.dart;flutter_app/lib/features/markets/presentation/pages/research/social_signals_page_signal_provider_widgets.dart;flutter_app/lib/features/markets/presentation/pages/research/social_signals_page_tabs_widgets.dart;flutter_app/lib/features/markets/presentation/widgets/hub/market_formatters.dart,
notifications,AppRoutePaths.notifications,NotificationsPage,flutter_app/lib/features/notifications/presentation/pages/notifications_page.dart,L1_utilityHub,detail,A,4,13,P3_LOW_DENSITY_REVIEW,0,0,0,0,4,0,1,1,0,bottom_nav_inset_pressure,Recheck bottom-nav/sticky-footer clearance and keep primary content visible above chrome.,flutter_app/lib/features/notifications/presentation/pages/notifications_page.dart;flutter_app/lib/features/notifications/presentation/widgets/notifications_page_common.dart;flutter_app/lib/features/notifications/presentation/widgets/notifications_page_sections.dart,
p2p_dispute,'/p2p/dispute/:orderId',P2PDisputePage,flutter_app/lib/features/p2p_dispute/presentation/pages/dispute/p2p_dispute_page.dart,L2_entityDetail,detail,A,0,13,P3_LOW_DENSITY_REVIEW,0,0,0,0,6,0,1,1,1,bottom_nav_inset_pressure,Recheck bottom-nav/sticky-footer clearance and keep primary content visible above chrome.,flutter_app/lib/features/p2p_dispute/presentation/pages/dispute/p2p_dispute_page.dart,
p2p_dispute,'/p2p/dispute/resolution/:disputeId',P2PDisputeResolutionPage,flutter_app/lib/features/p2p_dispute/presentation/pages/dispute/p2p_dispute_resolution_page.dart,L2_entityDetail,detail,B,12,13,P3_LOW_DENSITY_REVIEW,0,0,0,0,0,0,1,1,0,low_signal_monitor,Review first viewport manually and apply shared compact primitives without removing safety or domain-copy requirements.,flutter_app/lib/features/p2p_dispute/presentation/pages/dispute/p2p_dispute_resolution_page.dart,
p2p_dispute,AppRoutePaths.p2pDisputes,P2PDisputesPage,flutter_app/lib/features/p2p_dispute/presentation/pages/dispute/p2p_disputes_page.dart,L2_detail,detail,A,0,13,P3_LOW_DENSITY_REVIEW,0,0,0,0,6,0,1,1,0,bottom_nav_inset_pressure,Recheck bottom-nav/sticky-footer clearance and keep primary content visible above chrome.,flutter_app/lib/features/p2p_dispute/presentation/pages/dispute/p2p_disputes_page.dart,
p2p_dispute,AppRoutePaths.p2pInsurancePolicy,P2PInsurancePolicyPage,flutter_app/lib/features/p2p_dispute/presentation/pages/dispute/p2p_insurance_policy_page.dart,L2_detail,detail,A,0,13,P3_LOW_DENSITY_REVIEW,0,1,0,0,4,0,3,1,1,bottom_nav_inset_pressure,Recheck bottom-nav/sticky-footer clearance and keep primary content visible above chrome.,flutter_app/lib/features/p2p_dispute/presentation/pages/dispute/p2p_insurance_policy_page.dart,
p2p_security,AppRoutePaths.p2pAchievements,P2PAchievementsPage,flutter_app/lib/features/p2p_security/presentation/pages/security/p2p_achievements_page.dart,L2_detail,detail,B,8,13,P3_LOW_DENSITY_REVIEW,0,1,0,0,0,0,3,1,0,low_signal_monitor,Review first viewport manually and apply shared compact primitives without removing safety or domain-copy requirements.,flutter_app/lib/features/p2p_security/presentation/pages/security/p2p_achievements_page.dart;flutter_app/lib/features/p2p_security/presentation/widgets/security/p2p_achievements_page_common.dart;flutter_app/lib/features/p2p_security/presentation/widgets/security/p2p_achievements_page_sections.dart,
p2p_security,AppRoutePaths.p2pReviews,P2PReviewsPage,flutter_app/lib/features/p2p_security/presentation/pages/security/p2p_reviews_page.dart,L2_detail,detail,A,4,13,P3_LOW_DENSITY_REVIEW,0,0,0,0,4,0,1,1,0,bottom_nav_inset_pressure,Recheck bottom-nav/sticky-footer clearance and keep primary content visible above chrome.,flutter_app/lib/features/p2p_security/presentation/pages/security/p2p_reviews_page.dart,
profile,AppRoutePaths.profileActivity,ActivityLogPage,flutter_app/lib/features/profile/presentation/pages/activity_log_page.dart,L2_detail,detail,B,8,13,P3_LOW_DENSITY_REVIEW,0,0,0,0,2,0,1,1,0,bottom_nav_inset_pressure,Recheck bottom-nav/sticky-footer clearance and keep primary content visible above chrome.,flutter_app/lib/features/profile/presentation/pages/activity_log_page.dart;flutter_app/lib/features/profile/presentation/widgets/activity_log_page_common.dart;flutter_app/lib/features/profile/presentation/widgets/activity_log_page_sections.dart,
referral,'/referral/friend/:friendId',ReferralFriendDetailPage,flutter_app/lib/features/referral/presentation/pages/referral_friend_detail_page.dart,L1_utilityHub,detail,B,12,13,P3_LOW_DENSITY_REVIEW,0,0,0,0,0,0,1,0,0,low_signal_monitor,Review first viewport manually and apply shared compact primitives without removing safety or domain-copy requirements.,flutter_app/lib/features/referral/presentation/pages/referral_friend_detail_page.dart,
support,AppRoutePaths.supportAnnouncements,AnnouncementsPage,flutter_app/lib/features/support/presentation/pages/announcements_page.dart,L1_utilityHub,detail,B,12,13,P3_LOW_DENSITY_REVIEW,0,0,0,0,0,0,1,2,1,low_signal_monitor,Review first viewport manually and apply shared compact primitives without removing safety or domain-copy requirements.,flutter_app/lib/features/support/presentation/pages/announcements_page.dart;flutter_app/lib/features/support/presentation/widgets/announcements_filters_widgets.dart;flutter_app/lib/features/support/presentation/widgets/announcements_list_widgets.dart,
earn_staking,AppRoutePaths.earnApiDocumentation,StakingApiDocumentationPage,flutter_app/lib/features/earn_staking/presentation/pages/staking/staking_api_documentation_page.dart,L2_detail,detail,A,0,12,P3_LOW_DENSITY_REVIEW,3,0,0,0,0,0,3,2,2,low_signal_monitor,Review first viewport manually and apply shared compact primitives without removing safety or domain-copy requirements.,flutter_app/lib/features/earn_staking/presentation/pages/staking/staking_api_documentation_page.dart;flutter_app/lib/features/earn_staking/presentation/widgets/staking/staking_api_documentation_auth.dart;flutter_app/lib/features/earn_staking/presentation/widgets/staking/staking_api_documentation_common.dart;flutter_app/lib/features/earn_staking/presentation/widgets/staking/staking_api_documentation_endpoints.dart;flutter_app/lib/features/earn_staking/presentation/widgets/staking/staking_api_documentation_examples.dart;flutter_app/lib/features/earn_staking/presentation/widgets/staking/staking_api_documentation_overview.dart,
launchpad,AppRoutePaths.launchpadAddressBook,LaunchpadAddressBookPage,flutter_app/lib/features/launchpad/presentation/pages/tools/launchpad_address_book_page.dart,L3_transactionFlow,detail,A,5,12,P3_LOW_DENSITY_REVIEW,0,0,0,0,3,0,1,2,1,bottom_nav_inset_pressure,Recheck bottom-nav/sticky-footer clearance and keep primary content visible above chrome.,flutter_app/lib/features/launchpad/presentation/pages/tools/launchpad_address_book_page.dart;flutter_app/lib/features/launchpad/presentation/widgets/tools/launchpad_address_book_cards.dart;flutter_app/lib/features/launchpad/presentation/widgets/tools/launchpad_address_book_controls.dart;flutter_app/lib/features/launchpad/presentation/widgets/tools/launchpad_address_book_sheet_common.dart,
p2p_marketplace,'/p2p/ad-analytics/:adId',P2PAdAnalyticsPage,flutter_app/lib/features/p2p_marketplace/presentation/pages/ads/p2p_ad_analytics_page.dart,L2_entityDetail,detail,A,1,12,P3_LOW_DENSITY_REVIEW,0,5,0,0,0,0,1,1,1,vertical_gap_accumulation,Compact first viewport: reduce tall tokenized cards/gaps and verify first repeated/actionable section above bottom nav.,flutter_app/lib/features/p2p_marketplace/presentation/pages/ads/p2p_ad_analytics_page.dart;flutter_app/lib/features/p2p_marketplace/presentation/widgets/ads/p2p_ad_analytics_breakdown_cards.dart;flutter_app/lib/features/p2p_marketplace/presentation/widgets/ads/p2p_ad_analytics_charts_common.dart;flutter_app/lib/features/p2p_marketplace/presentation/widgets/ads/p2p_ad_analytics_overview_cards.dart,
profile,AppRoutePaths.profileVip,VIPPage,flutter_app/lib/features/profile/presentation/pages/vip_page.dart,L2_detail,detail,A,1,12,P3_LOW_DENSITY_REVIEW,0,1,1,0,2,0,1,1,0,spacer_inside_cards;bottom_nav_inset_pressure,Remove Spacer-driven loose card expansion or replace with fixed compact content rhythm.,flutter_app/lib/features/profile/presentation/pages/vip_page.dart;flutter_app/lib/features/profile/presentation/widgets/profile_vip_benefits.dart;flutter_app/lib/features/profile/presentation/widgets/profile_vip_hero.dart;flutter_app/lib/features/profile/presentation/widgets/profile_vip_overview.dart;flutter_app/lib/features/profile/presentation/widgets/vip_history_widgets.dart,
trade,'/trade/:pairId',TradePage,flutter_app/lib/features/trade/presentation/phone/pages/trade_page.dart,L1_instrumentWorkspace,instrument,B,12,12,P3_LOW_DENSITY_REVIEW,0,0,0,0,0,0,0,0,0,low_signal_monitor,Review first viewport manually and apply shared compact primitives without removing safety or domain-copy requirements.,flutter_app/lib/features/trade/presentation/phone/pages/trade_page.dart;flutter_app/lib/features/trade/presentation/phone/pages/trade_page_state.dart;flutter_app/lib/features/trade/presentation/widgets/phone/vit_trade_simple_hero.dart;flutter_app/lib/features/trade/presentation/widgets/phone/vit_trade_simple_order_form.dart;flutter_app/lib/features/trade/presentation/widgets/phone/vit_trade_simple_shell.dart,
trade,AppRoutePaths.trade,TradePage,flutter_app/lib/features/trade/presentation/phone/pages/trade_page.dart,L1_instrumentWorkspace,instrument,B,12,12,P3_LOW_DENSITY_REVIEW,0,0,0,0,0,0,0,0,0,low_signal_monitor,Review first viewport manually and apply shared compact primitives without removing safety or domain-copy requirements.,flutter_app/lib/features/trade/presentation/phone/pages/trade_page.dart;flutter_app/lib/features/trade/presentation/phone/pages/trade_page_state.dart;flutter_app/lib/features/trade/presentation/widgets/phone/vit_trade_simple_hero.dart;flutter_app/lib/features/trade/presentation/widgets/phone/vit_trade_simple_order_form.dart;flutter_app/lib/features/trade/presentation/widgets/phone/vit_trade_simple_shell.dart,
trade_bots,AppRoutePaths.tradeBotFaq,BotFaqPage,flutter_app/lib/features/trade_bots/presentation/pages/settings/bot_faq_page.dart,L2_utilityDetail,detail,B,12,12,P3_LOW_DENSITY_REVIEW,0,0,0,0,0,0,0,0,0,low_signal_monitor,Review first viewport manually and apply shared compact primitives without removing safety or domain-copy requirements.,flutter_app/lib/features/trade_bots/presentation/pages/settings/bot_faq_page.dart;flutter_app/lib/features/trade_bots/presentation/widgets/settings/bot_faq_cards_help.dart;flutter_app/lib/features/trade_bots/presentation/widgets/settings/bot_faq_search_tabs.dart,
trade_bots,AppRoutePaths.tradeBotTaxReporting,BotTaxReportingPage,flutter_app/lib/features/trade_bots/presentation/pages/settings/bot_tax_reporting_page.dart,L2_utilityDetail,detail,A,0,12,P3_LOW_DENSITY_REVIEW,0,0,0,0,6,0,0,0,0,bottom_nav_inset_pressure,Recheck bottom-nav/sticky-footer clearance and keep primary content visible above chrome.,flutter_app/lib/features/trade_bots/presentation/pages/settings/bot_tax_reporting_page.dart;flutter_app/lib/features/trade_bots/presentation/widgets/settings/bot_tax_reporting_common.dart;flutter_app/lib/features/trade_bots/presentation/widgets/settings/bot_tax_reporting_notice_year.dart;flutter_app/lib/features/trade_bots/presentation/widgets/settings/bot_tax_reporting_reports.dart;flutter_app/lib/features/trade_bots/presentation/widgets/settings/bot_tax_reporting_summary.dart;flutter_app/lib/features/trade_bots/presentation/widgets/settings/trade_bot_radio_icon.dart,
trade_compliance,'/trade/copy-trading/complaint-tracking/:complaintId',ComplaintTrackingPage,flutter_app/lib/features/trade_compliance/presentation/pages/complaints/complaint_tracking_page.dart,L2_entityDetail,detail,B,12,12,P3_LOW_DENSITY_REVIEW,0,0,0,0,0,0,0,0,1,low_signal_monitor,Review first viewport manually and apply shared compact primitives without removing safety or domain-copy requirements.,flutter_app/lib/features/trade_compliance/presentation/pages/complaints/complaint_tracking_page.dart,
trade_compliance,AppRoutePaths.tradeCopyComplaintTrackingBase,ComplaintTrackingPage,flutter_app/lib/features/trade_compliance/presentation/pages/complaints/complaint_tracking_page.dart,L2_detail,detail,B,12,12,P3_LOW_DENSITY_REVIEW,0,0,0,0,0,0,0,0,1,low_signal_monitor,Review first viewport manually and apply shared compact primitives without removing safety or domain-copy requirements.,flutter_app/lib/features/trade_compliance/presentation/pages/complaints/complaint_tracking_page.dart,
trade_compliance,AppRoutePaths.tradeMarginLiveMarketDataAnalytics,LiveMarketDataAnalyticsPage,flutter_app/lib/features/trade_compliance/presentation/pages/execution/live_market_data_analytics_page.dart,L2_utilityDetail,detail,B,12,12,P3_LOW_DENSITY_REVIEW,0,0,0,0,0,0,0,0,0,low_signal_monitor,Review first viewport manually and apply shared compact primitives without removing safety or domain-copy requirements.,flutter_app/lib/features/trade_compliance/presentation/pages/execution/live_market_data_analytics_page.dart;flutter_app/lib/features/trade_compliance/presentation/widgets/execution/live_market_data_analytics_widgets.dart,
trade_compliance,'${AppRoutePaths.tradeCopyTargetMarketDefinition}/:productId',TargetMarketDefinitionPage,flutter_app/lib/features/trade_compliance/presentation/pages/governance/target_market_definition_page.dart,L2_entityDetail,detail,B,12,12,P3_LOW_DENSITY_REVIEW,0,0,0,0,0,0,0,0,0,low_signal_monitor,Review first viewport manually and apply shared compact primitives without removing safety or domain-copy requirements.,flutter_app/lib/features/trade_compliance/presentation/pages/governance/target_market_definition_page.dart,
trade_compliance,AppRoutePaths.tradeCopyTargetMarketDefinition,TargetMarketDefinitionPage,flutter_app/lib/features/trade_compliance/presentation/pages/governance/target_market_definition_page.dart,L2_detail,detail,B,12,12,P3_LOW_DENSITY_REVIEW,0,0,0,0,0,0,0,0,0,low_signal_monitor,Review first viewport manually and apply shared compact primitives without removing safety or domain-copy requirements.,flutter_app/lib/features/trade_compliance/presentation/pages/governance/target_market_definition_page.dart,
trade_copy,'/trade/trader/:traderId',TraderProfilePage,flutter_app/lib/features/trade_copy/presentation/pages/provider/trader_profile_page.dart,L2_entityDetail,detail,B,12,12,P3_LOW_DENSITY_REVIEW,0,0,0,0,0,0,0,0,2,low_signal_monitor,Review first viewport manually and apply shared compact primitives without removing safety or domain-copy requirements.,flutter_app/lib/features/trade_copy/presentation/pages/provider/trader_profile_page.dart;flutter_app/lib/features/trade_copy/presentation/widgets/provider/trader_profile_chart_painters.dart;flutter_app/lib/features/trade_copy/presentation/widgets/provider/trader_profile_overview.dart;flutter_app/lib/features/trade_copy/presentation/widgets/provider/trader_profile_stats_common.dart;flutter_app/lib/features/trade_copy/presentation/widgets/provider/trader_profile_trades.dart,
wallet,AppRoutePaths.walletBuyCrypto,BuyCryptoTabletPage,flutter_app/lib/features/wallet/presentation/tablet/pages/buy_crypto_tablet_page.dart,L1_utilityHub,detail,A,0,12,P3_LOW_DENSITY_REVIEW,3,0,0,0,1,0,1,1,0,low_signal_monitor,Review first viewport manually and apply shared compact primitives without removing safety or domain-copy requirements.,flutter_app/lib/features/wallet/presentation/tablet/pages/buy_crypto_tablet_page.dart;flutter_app/lib/features/wallet/presentation/widgets/assets/wallet_buy_crypto_input_sections.dart;flutter_app/lib/features/wallet/presentation/widgets/assets/wallet_buy_crypto_payment_sections.dart;flutter_app/lib/features/wallet/presentation/widgets/assets/wallet_buy_crypto_result_sections.dart;flutter_app/lib/features/wallet/presentation/widgets/assets/wallet_buy_crypto_sections.dart,
wallet,AppRoutePaths.walletTokenApproval,WalletTokenApprovalPage,flutter_app/lib/features/wallet/presentation/pages/tools/wallet_token_approval_page.dart,L2_detail,detail,A,0,12,P3_LOW_DENSITY_REVIEW,1,3,0,0,1,0,1,2,1,low_signal_monitor,Review first viewport manually and apply shared compact primitives without removing safety or domain-copy requirements.,flutter_app/lib/features/wallet/presentation/pages/tools/wallet_token_approval_page.dart;flutter_app/lib/features/wallet/presentation/widgets/tools/wallet_token_active_approvals_tab.dart;flutter_app/lib/features/wallet/presentation/widgets/tools/wallet_token_approval_badges.dart;flutter_app/lib/features/wallet/presentation/widgets/tools/wallet_token_approval_cards.dart;flutter_app/lib/features/wallet/presentation/widgets/tools/wallet_token_approval_common.dart;flutter_app/lib/features/wallet/presentation/widgets/tools/wallet_token_approval_history_tab.dart;flutter_app/lib/features/wallet/presentation/widgets/tools/wallet_token_approval_settings_tab.dart;flutter_app/lib/features/wallet/presentation/widgets/tools/wallet_token_approval_tabs.dart;flutter_app/lib/features/wallet/presentation/widgets/tools/wallet_token_revoke_sheet.dart,
earn_savings,AppRoutePaths.earnSavingsAutoCompound,AutoCompoundSettingsPage,flutter_app/lib/features/earn_savings/presentation/pages/savings/auto_compound_settings_page.dart,L2_utilityDetail,detail,A,0,11,P3_LOW_DENSITY_REVIEW,0,2,0,0,2,0,3,2,1,bottom_nav_inset_pressure,Recheck bottom-nav/sticky-footer clearance and keep primary content visible above chrome.,flutter_app/lib/features/earn_savings/presentation/pages/savings/auto_compound_settings_page.dart;flutter_app/lib/features/earn_savings/presentation/widgets/hub/auto_compound_settings_calculator.dart;flutter_app/lib/features/earn_savings/presentation/widgets/hub/auto_compound_settings_info_sheet.dart;flutter_app/lib/features/earn_savings/presentation/widgets/hub/auto_compound_settings_positions.dart;flutter_app/lib/features/earn_savings/presentation/widgets/hub/auto_compound_settings_settings_sheet.dart;flutter_app/lib/features/earn_savings/presentation/widgets/hub/auto_compound_settings_shared.dart,
earn_savings,AppRoutePaths.earnSavingsReceipt,SavingsReceiptPage,flutter_app/lib/features/earn_savings/presentation/pages/savings/savings_receipt_page.dart,L3_transactionFlow,detail,A,4,11,P3_LOW_DENSITY_REVIEW,0,0,1,0,0,0,3,0,0,spacer_inside_cards,Remove Spacer-driven loose card expansion or replace with fixed compact content rhythm.,flutter_app/lib/features/earn_savings/presentation/pages/savings/savings_receipt_page.dart,
earn_savings,AppRoutePaths.earnSavingsRedeemPos001,SavingsRedeemPage,flutter_app/lib/features/earn_savings/presentation/pages/savings/savings_redeem_page.dart,L3_transactionFlow,detail,A,4,11,P3_LOW_DENSITY_REVIEW,0,0,1,0,0,0,3,0,0,spacer_inside_cards,Remove Spacer-driven loose card expansion or replace with fixed compact content rhythm.,flutter_app/lib/features/earn_savings/presentation/pages/savings/savings_redeem_page.dart,
earn_staking,AppRoutePaths.earnStakingRiskAssessment,StakingRiskAssessmentPage,flutter_app/lib/features/earn_staking/presentation/pages/staking/staking_risk_assessment_page.dart,L3_transactionFlow,detail,A,0,11,P3_LOW_DENSITY_REVIEW,0,1,0,0,3,0,3,1,0,bottom_nav_inset_pressure,Recheck bottom-nav/sticky-footer clearance and keep primary content visible above chrome.,flutter_app/lib/features/earn_staking/presentation/pages/staking/staking_risk_assessment_page.dart;flutter_app/lib/features/earn_staking/presentation/widgets/staking/staking_risk_assessment_page_common.dart;flutter_app/lib/features/earn_staking/presentation/widgets/staking/staking_risk_assessment_page_sections.dart,
markets,AppRoutePaths.markets,MarketListPage,flutter_app/lib/features/markets/presentation/phone/pages/market_list_page.dart,L1_primaryTabRoot,rootModule,A,0,11,P3_LOW_DENSITY_REVIEW,0,0,0,0,4,1,0,2,3,bottom_nav_inset_pressure;root_top_chrome_first_viewport_cost,Recheck bottom-nav/sticky-footer clearance and keep primary content visible above chrome.,flutter_app/lib/features/markets/presentation/phone/pages/market_list_page.dart;flutter_app/lib/features/markets/presentation/widgets/phone/market_list_common.dart;flutter_app/lib/features/markets/presentation/widgets/phone/market_list_discover.dart;flutter_app/lib/features/markets/presentation/widgets/phone/market_list_filters.dart;flutter_app/lib/features/markets/presentation/widgets/phone/market_list_header.dart;flutter_app/lib/features/markets/presentation/widgets/phone/market_list_movers.dart;flutter_app/lib/features/markets/presentation/widgets/phone/market_list_pairs.dart;flutter_app/lib/features/markets/presentation/widgets/phone/market_list_tools.dart,
p2p_dispute,AppRoutePaths.p2pInsuranceScore,P2PInsuranceScorePage,flutter_app/lib/features/p2p_dispute/presentation/pages/dispute/p2p_insurance_score_page.dart,L2_detail,detail,A,0,11,P3_LOW_DENSITY_REVIEW,0,0,0,0,4,0,3,1,1,bottom_nav_inset_pressure,Recheck bottom-nav/sticky-footer clearance and keep primary content visible above chrome.,flutter_app/lib/features/p2p_dispute/presentation/pages/dispute/p2p_insurance_score_page.dart;flutter_app/lib/features/p2p_dispute/presentation/widgets/dispute/p2p_insurance_score_page_common.dart;flutter_app/lib/features/p2p_dispute/presentation/widgets/dispute/p2p_insurance_score_page_sections.dart,
p2p_marketplace,AppRoutePaths.p2pGuide,P2PGuidePage,flutter_app/lib/features/p2p_marketplace/presentation/pages/hub/p2p_guide_page.dart,L2_utilityDetail,detail,A,0,11,P3_LOW_DENSITY_REVIEW,0,0,0,0,4,0,3,1,1,bottom_nav_inset_pressure,Recheck bottom-nav/sticky-footer clearance and keep primary content visible above chrome.,flutter_app/lib/features/p2p_marketplace/presentation/pages/hub/p2p_guide_page.dart;flutter_app/lib/features/p2p_marketplace/presentation/widgets/hub/p2p_guide_steps_safety.dart;flutter_app/lib/features/p2p_marketplace/presentation/widgets/hub/p2p_guide_tabs_faq.dart;flutter_app/lib/features/p2p_marketplace/presentation/widgets/hub/p2p_guide_video_common.dart,
p2p_security,AppRoutePaths.p2pSecurityAntiPhishing,P2PAntiPhishingCodePage,flutter_app/lib/features/p2p_security/presentation/pages/security/p2p_anti_phishing_code_page.dart,L2_detail,detail,A,0,11,P3_LOW_DENSITY_REVIEW,0,0,0,0,4,0,3,1,0,bottom_nav_inset_pressure,Recheck bottom-nav/sticky-footer clearance and keep primary content visible above chrome.,flutter_app/lib/features/p2p_security/presentation/pages/security/p2p_anti_phishing_code_page.dart;flutter_app/lib/features/p2p_security/presentation/widgets/security/p2p_anti_phishing_code_page_common.dart;flutter_app/lib/features/p2p_security/presentation/widgets/security/p2p_anti_phishing_code_page_sections.dart,
p2p_security,'/p2p/tax-report/detailed/:year',P2PTaxReportingPage,flutter_app/lib/features/p2p_security/presentation/pages/security/p2p_tax_reporting_page.dart,L2_entityDetail,detail,B,8,11,P3_LOW_DENSITY_REVIEW,0,0,0,0,0,0,3,1,0,low_signal_monitor,Review first viewport manually and apply shared compact primitives without removing safety or domain-copy requirements.,flutter_app/lib/features/p2p_security/presentation/pages/security/p2p_tax_reporting_page.dart;flutter_app/lib/features/p2p_security/presentation/widgets/security/p2p_tax_reporting_page_common.dart;flutter_app/lib/features/p2p_security/presentation/widgets/security/p2p_tax_reporting_page_sections.dart,
p2p_security,AppRoutePaths.p2pTaxReporting,P2PTaxReportingPage,flutter_app/lib/features/p2p_security/presentation/pages/security/p2p_tax_reporting_page.dart,L2_utilityDetail,detail,B,8,11,P3_LOW_DENSITY_REVIEW,0,0,0,0,0,0,3,1,0,low_signal_monitor,Review first viewport manually and apply shared compact primitives without removing safety or domain-copy requirements.,flutter_app/lib/features/p2p_security/presentation/pages/security/p2p_tax_reporting_page.dart;flutter_app/lib/features/p2p_security/presentation/widgets/security/p2p_tax_reporting_page_common.dart;flutter_app/lib/features/p2p_security/presentation/widgets/security/p2p_tax_reporting_page_sections.dart,
predictions,AppRoutePaths.marketsPredictions,PredictionsHomePage,flutter_app/lib/features/predictions/presentation/pages/hub/predictions_home_page.dart,L1_productModuleHub,rootModule,A,0,11,P3_LOW_DENSITY_REVIEW,0,0,1,0,2,1,0,3,2,spacer_inside_cards;bottom_nav_inset_pressure;root_top_chrome_first_viewport_cost,Remove Spacer-driven loose card expansion or replace with fixed compact content rhythm.,flutter_app/lib/features/predictions/presentation/pages/hub/predictions_home_page.dart;flutter_app/lib/features/predictions/presentation/widgets/hub/predictions_home_events.dart;flutter_app/lib/features/predictions/presentation/widgets/hub/predictions_home_filters.dart;flutter_app/lib/features/predictions/presentation/widgets/hub/predictions_home_highlights.dart;flutter_app/lib/features/predictions/presentation/widgets/predictions_outcome_widgets.dart;flutter_app/lib/features/predictions/presentation/widgets/predictions_time_remaining.dart,
profile,AppRoutePaths.profileDevices,DeviceManagementPage,flutter_app/lib/features/profile/presentation/pages/device_management_page.dart,L2_utilityDetail,detail,A,0,11,P3_LOW_DENSITY_REVIEW,2,0,0,0,2,0,1,2,1,bottom_nav_inset_pressure,Recheck bottom-nav/sticky-footer clearance and keep primary content visible above chrome.,flutter_app/lib/features/profile/presentation/pages/device_management_page.dart;flutter_app/lib/features/profile/presentation/widgets/device_management_page_common.dart;flutter_app/lib/features/profile/presentation/widgets/device_management_page_sections.dart,
referral,AppRoutePaths.referralRules,ReferralRulesPage,flutter_app/lib/features/referral/presentation/pages/referral_rules_page.dart,L1_utilityHub,detail,A,0,11,P3_LOW_DENSITY_REVIEW,0,3,0,0,2,0,1,1,0,bottom_nav_inset_pressure,Recheck bottom-nav/sticky-footer clearance and keep primary content visible above chrome.,flutter_app/lib/features/referral/presentation/pages/referral_rules_page.dart;flutter_app/lib/features/referral/presentation/widgets/referral_rules_page_common.dart;flutter_app/lib/features/referral/presentation/widgets/referral_rules_page_sections.dart,
wallet,AppRoutePaths.walletDustConverter,DustConverterPage,flutter_app/lib/features/wallet/presentation/pages/assets/dust_converter_page.dart,L2_detail,detail,B,8,11,P3_LOW_DENSITY_REVIEW,1,0,0,0,0,0,0,0,0,low_signal_monitor,Review first viewport manually and apply shared compact primitives without removing safety or domain-copy requirements.,flutter_app/lib/features/wallet/presentation/pages/assets/dust_converter_page.dart;flutter_app/lib/features/wallet/presentation/widgets/assets/wallet_dust_converter_assets.dart;flutter_app/lib/features/wallet/presentation/widgets/assets/wallet_dust_converter_confirm.dart;flutter_app/lib/features/wallet/presentation/widgets/assets/wallet_dust_converter_hero.dart;flutter_app/lib/features/wallet/presentation/widgets/assets/wallet_dust_converter_targets.dart;flutter_app/lib/features/wallet/presentation/widgets/hub/vit_wallet_detail_scaffold.dart,
wallet,AppRoutePaths.walletLimits,WithdrawLimitsPage,flutter_app/lib/features/wallet/presentation/pages/transfer/withdraw_limits_page.dart,L3_transactionFlow,detail,A,0,11,P3_LOW_DENSITY_REVIEW,0,0,0,0,5,0,1,1,0,bottom_nav_inset_pressure,Recheck bottom-nav/sticky-footer clearance and keep primary content visible above chrome.,flutter_app/lib/features/wallet/presentation/pages/transfer/withdraw_limits_page.dart;flutter_app/lib/features/wallet/presentation/widgets/transfer/withdraw_limits_page_common.dart;flutter_app/lib/features/wallet/presentation/widgets/transfer/withdraw_limits_page_sections.dart,
p2p_account,AppRoutePaths.p2pPaymentMethods,P2PPaymentMethodsPage,flutter_app/lib/features/p2p_account/presentation/pages/payment/p2p_payment_methods_page.dart,L3_transactionFlow,detail,C,4,10,P3_LOW_DENSITY_REVIEW,0,2,0,0,1,0,0,0,1,low_signal_monitor,Review first viewport manually and apply shared compact primitives without removing safety or domain-copy requirements.,flutter_app/lib/features/p2p_account/presentation/pages/payment/p2p_payment_methods_page.dart;flutter_app/lib/features/p2p_account/presentation/widgets/payment/p2p_payment_methods_page_common.dart;flutter_app/lib/features/p2p_account/presentation/widgets/payment/p2p_payment_methods_page_sections.dart,
p2p_security,AppRoutePaths.p2pBlacklistAdd,P2PBlacklistAddPage,flutter_app/lib/features/p2p_security/presentation/pages/security/p2p_blacklist_add_page.dart,L3_transactionFlow,detail,A,4,10,P3_LOW_DENSITY_REVIEW,1,0,0,0,0,0,3,1,0,low_signal_monitor,Review first viewport manually and apply shared compact primitives without removing safety or domain-copy requirements.,flutter_app/lib/features/p2p_security/presentation/pages/security/p2p_blacklist_add_page.dart,
predictions,'/markets/predictions/tournament/:tournamentId',PredictionTournamentDetailPage,flutter_app/lib/features/predictions/presentation/pages/social/prediction_tournaments_page.dart,L2_entityDetail,detail,A,0,10,P3_LOW_DENSITY_REVIEW,0,0,0,0,4,0,2,2,0,bottom_nav_inset_pressure,Recheck bottom-nav/sticky-footer clearance and keep primary content visible above chrome.,flutter_app/lib/features/predictions/presentation/pages/social/prediction_tournaments_page.dart;flutter_app/lib/features/predictions/presentation/widgets/hub/prediction_enum_tab_bar.dart;flutter_app/lib/features/predictions/presentation/widgets/social/prediction_tournaments_detail.dart;flutter_app/lib/features/predictions/presentation/widgets/social/prediction_tournaments_empty_leaderboard.dart;flutter_app/lib/features/predictions/presentation/widgets/social/prediction_tournaments_list.dart;flutter_app/lib/features/predictions/presentation/widgets/social/prediction_tournaments_stats.dart,
predictions,AppRoutePaths.marketsPredictionsTournaments,PredictionTournamentsPage,flutter_app/lib/features/predictions/presentation/pages/social/prediction_tournaments_page.dart,L2_detail,detail,A,0,10,P3_LOW_DENSITY_REVIEW,0,0,0,0,4,0,2,2,0,bottom_nav_inset_pressure,Recheck bottom-nav/sticky-footer clearance and keep primary content visible above chrome.,flutter_app/lib/features/predictions/presentation/pages/social/prediction_tournaments_page.dart;flutter_app/lib/features/predictions/presentation/widgets/hub/prediction_enum_tab_bar.dart;flutter_app/lib/features/predictions/presentation/widgets/social/prediction_tournaments_detail.dart;flutter_app/lib/features/predictions/presentation/widgets/social/prediction_tournaments_empty_leaderboard.dart;flutter_app/lib/features/predictions/presentation/widgets/social/prediction_tournaments_list.dart;flutter_app/lib/features/predictions/presentation/widgets/social/prediction_tournaments_stats.dart,
profile,AppRoutePaths.profileApiCreate,ApiKeyCreatePage,flutter_app/lib/features/profile/presentation/pages/api_key_create_page.dart,L3_transactionFlow,detail,A,0,10,P3_LOW_DENSITY_REVIEW,1,0,0,0,2,0,3,3,1,bottom_nav_inset_pressure,Recheck bottom-nav/sticky-footer clearance and keep primary content visible above chrome.,flutter_app/lib/features/profile/presentation/pages/api_key_create_page.dart;flutter_app/lib/features/profile/presentation/widgets/profile_api_key_create_form.dart;flutter_app/lib/features/profile/presentation/widgets/profile_api_key_create_result.dart,
wallet,AppRoutePaths.walletAddressBookAdd,AddressAddTabletPage,flutter_app/lib/features/wallet/presentation/tablet/pages/address_add_tablet_page.dart,L3_transactionFlow,detail,A,0,10,P3_LOW_DENSITY_REVIEW,1,3,0,0,0,0,1,1,0,low_signal_monitor,Review first viewport manually and apply shared compact primitives without removing safety or domain-copy requirements.,flutter_app/lib/features/wallet/presentation/tablet/pages/address_add_tablet_page.dart;flutter_app/lib/features/wallet/presentation/widgets/address/wallet_address_add_common.dart;flutter_app/lib/features/wallet/presentation/widgets/address/wallet_address_add_form.dart;flutter_app/lib/features/wallet/presentation/widgets/address/wallet_address_add_preview.dart,
admin,AppRoutePaths.admin,AdminHomePage,flutter_app/lib/features/admin/presentation/pages/admin_home_page.dart,L2_detail,detail,A,0,9,PASS_MONITOR,0,0,1,0,2,0,1,1,1,spacer_inside_cards;bottom_nav_inset_pressure,Remove Spacer-driven loose card expansion or replace with fixed compact content rhythm.,flutter_app/lib/features/admin/presentation/pages/admin_home_page.dart;flutter_app/lib/features/admin/presentation/widgets/admin_dashboard_state_content.dart;flutter_app/lib/features/admin/presentation/widgets/admin_home_dashboards_footer.dart;flutter_app/lib/features/admin/presentation/widgets/admin_home_metrics_realtime.dart,
admin,AppRoutePaths.adminSettings,AdminSettingsPage,flutter_app/lib/features/admin/presentation/pages/admin_settings_page.dart,L2_utilityDetail,detail,A,0,9,PASS_MONITOR,0,0,0,0,4,0,1,1,0,bottom_nav_inset_pressure,Recheck bottom-nav/sticky-footer clearance and keep primary content visible above chrome.,flutter_app/lib/features/admin/presentation/pages/admin_settings_page.dart,
arena,'/arena/challenge/:challengeId',ArenaChallengeDetailPage,flutter_app/lib/features/arena/presentation/pages/challenge/arena_challenge_detail_page.dart,L2_entityDetail,detail,A,0,9,PASS_MONITOR,0,0,0,0,4,0,1,1,3,bottom_nav_inset_pressure,Recheck bottom-nav/sticky-footer clearance and keep primary content visible above chrome.,flutter_app/lib/features/arena/presentation/pages/challenge/arena_challenge_detail_page.dart;flutter_app/lib/features/arena/presentation/pages/challenge/arena_challenge_detail_page_actions_and_shared_widgets.dart;flutter_app/lib/features/arena/presentation/pages/challenge/arena_challenge_detail_page_overview_section.dart;flutter_app/lib/features/arena/presentation/pages/challenge/arena_challenge_detail_page_tabs_and_panels.dart;flutter_app/lib/features/arena/presentation/widgets/challenge/arena_navigation_actions.dart;flutter_app/lib/features/arena/presentation/widgets/hub/arena_state_cards.dart;flutter_app/lib/features/arena/presentation/widgets/hub/arena_viewport_padding.dart,
dca,AppRoutePaths.dcaSmartRules,DCASmartRulesPage,flutter_app/lib/features/dca/presentation/pages/schedule/dca_smart_rules_page.dart,L2_detail,detail,A,0,9,PASS_MONITOR,0,1,0,0,3,0,1,1,2,bottom_nav_inset_pressure,Recheck bottom-nav/sticky-footer clearance and keep primary content visible above chrome.,flutter_app/lib/features/dca/presentation/pages/schedule/dca_smart_rules_page.dart;flutter_app/lib/features/dca/presentation/widgets/dca_delete_button.dart;flutter_app/lib/features/dca/presentation/widgets/schedule/dca_smart_rules_cards.dart;flutter_app/lib/features/dca/presentation/widgets/schedule/dca_smart_rules_info_common.dart;flutter_app/lib/features/dca/presentation/widgets/schedule/dca_smart_rules_tabs_stats.dart,
discovery,AppRoutePaths.search,UnifiedSearchPage,flutter_app/lib/features/discovery/presentation/pages/unified_search_page.dart,L1_utilityHub,detail,A,0,9,PASS_MONITOR,0,0,2,0,0,0,1,1,1,spacer_inside_cards,Remove Spacer-driven loose card expansion or replace with fixed compact content rhythm.,flutter_app/lib/features/discovery/presentation/pages/unified_search_page.dart;flutter_app/lib/features/discovery/presentation/widgets/discovery_shared_tiles.dart;flutter_app/lib/features/discovery/presentation/widgets/unified_search_common.dart;flutter_app/lib/features/discovery/presentation/widgets/unified_search_entity_cards.dart;flutter_app/lib/features/discovery/presentation/widgets/unified_search_prediction_arena_cards.dart;flutter_app/lib/features/discovery/presentation/widgets/unified_search_results.dart;flutter_app/lib/features/discovery/presentation/widgets/unified_search_shell.dart,
launchpad,AppRoutePaths.launchpadNotifSound,LaunchpadNotifSoundPage,flutter_app/lib/features/launchpad/presentation/pages/tools/launchpad_notif_sound_page.dart,L2_detail,detail,A,0,9,PASS_MONITOR,0,1,0,0,3,0,1,1,1,bottom_nav_inset_pressure,Recheck bottom-nav/sticky-footer clearance and keep primary content visible above chrome.,flutter_app/lib/features/launchpad/presentation/pages/tools/launchpad_notif_sound_page.dart;flutter_app/lib/features/launchpad/presentation/widgets/tools/launchpad_notif_sound_categories.dart;flutter_app/lib/features/launchpad/presentation/widgets/tools/launchpad_notif_sound_controls.dart;flutter_app/lib/features/launchpad/presentation/widgets/tools/launchpad_notif_sound_footer.dart,
markets,AppRoutePaths.marketsDerivatives,DerivativesOverviewPage,flutter_app/lib/features/markets/presentation/pages/tools/derivatives_overview_page.dart,L2_sectionHub,detail,A,0,9,PASS_MONITOR,0,0,2,0,0,0,1,2,0,spacer_inside_cards,Remove Spacer-driven loose card expansion or replace with fixed compact content rhythm.,flutter_app/lib/features/markets/presentation/pages/tools/derivatives_overview_page.dart;flutter_app/lib/features/markets/presentation/widgets/tools/market_derivatives_common.dart;flutter_app/lib/features/markets/presentation/widgets/tools/market_derivatives_liquidation.dart;flutter_app/lib/features/markets/presentation/widgets/tools/market_derivatives_overview.dart;flutter_app/lib/features/markets/presentation/widgets/tools/market_derivatives_perpetual.dart;flutter_app/lib/features/markets/presentation/widgets/tools/market_derivatives_tabs.dart,
p2p_marketplace,AppRoutePaths.p2p,P2PHomePage,flutter_app/lib/features/p2p_marketplace/presentation/pages/hub/p2p_home_page.dart,L1_productModuleHub,rootModule,A,0,9,PASS_MONITOR,0,0,1,0,0,1,2,2,4,spacer_inside_cards;root_top_chrome_first_viewport_cost,Remove Spacer-driven loose card expansion or replace with fixed compact content rhythm.,flutter_app/lib/features/p2p_marketplace/presentation/pages/hub/p2p_home_page.dart;flutter_app/lib/features/p2p_marketplace/presentation/widgets/hub/p2p_home_offer_list.dart;flutter_app/lib/features/p2p_marketplace/presentation/widgets/hub/p2p_home_page_common.dart;flutter_app/lib/features/p2p_marketplace/presentation/widgets/hub/p2p_home_page_state.dart;flutter_app/lib/features/p2p_marketplace/presentation/widgets/hub/p2p_home_tools.dart,
p2p_marketplace,AppRoutePaths.p2pTradingLevel,P2PTradingLevelPage,flutter_app/lib/features/p2p_marketplace/presentation/pages/hub/p2p_trading_level_page.dart,L2_detail,detail,A,0,9,PASS_MONITOR,0,0,0,0,4,0,1,1,0,bottom_nav_inset_pressure,Recheck bottom-nav/sticky-footer clearance and keep primary content visible above chrome.,flutter_app/lib/features/p2p_marketplace/presentation/pages/hub/p2p_trading_level_page.dart;flutter_app/lib/features/p2p_marketplace/presentation/widgets/hub/p2p_trading_level_cards.dart;flutter_app/lib/features/p2p_marketplace/presentation/widgets/hub/p2p_trading_level_hero_progress.dart,
predictions,'/markets/predictions/event/:eventId',PredictionEventDetailPage,flutter_app/lib/features/predictions/presentation/pages/event/prediction_event_detail_page.dart,L2_entityDetail,detail,B,8,9,PASS_MONITOR,0,0,0,0,0,0,1,3,4,low_signal_monitor,Keep as reference/monitor screen; avoid unnecessary churn.,flutter_app/lib/features/predictions/presentation/pages/event/prediction_event_detail_page.dart;flutter_app/lib/features/predictions/presentation/widgets/event/prediction_event_detail_activity_holders.dart;flutter_app/lib/features/predictions/presentation/widgets/event/prediction_event_detail_chart.dart;flutter_app/lib/features/predictions/presentation/widgets/event/prediction_event_detail_comments.dart;flutter_app/lib/features/predictions/presentation/widgets/event/prediction_event_detail_common.dart;flutter_app/lib/features/predictions/presentation/widgets/event/prediction_event_detail_detail_tabs.dart;flutter_app/lib/features/predictions/presentation/widgets/event/prediction_event_detail_header.dart;flutter_app/lib/features/predictions/presentation/widgets/event/prediction_event_detail_order_book.dart;flutter_app/lib/features/predictions/presentation/widgets/event/prediction_event_detail_quick_links.dart;flutter_app/lib/features/predictions/presentation/widgets/event/prediction_event_detail_related_arena.dart;flutter_app/lib/features/predictions/presentation/widgets/event/prediction_event_detail_stats_position.dart;flutter_app/lib/features/predictions/presentation/widgets/event/prediction_event_detail_trade_controls.dart;flutter_app/lib/features/predictions/presentation/widgets/event/prediction_event_detail_trade_panel.dart;flutter_app/lib/features/predictions/presentation/widgets/event/prediction_order_preview_card.dart;flutter_app/lib/features/predictions/presentation/widgets/predictions_time_remaining.dart,
referral,AppRoutePaths.referralRewards,ReferralRewardsPage,flutter_app/lib/features/referral/presentation/pages/referral_rewards_page.dart,L1_utilityHub,detail,A,0,9,PASS_MONITOR,0,0,0,0,4,0,1,1,1,bottom_nav_inset_pressure,Recheck bottom-nav/sticky-footer clearance and keep primary content visible above chrome.,flutter_app/lib/features/referral/presentation/pages/referral_rewards_page.dart;flutter_app/lib/features/referral/presentation/pages/referral_rewards_page_dispute_widgets.dart;flutter_app/lib/features/referral/presentation/pages/referral_rewards_page_ledger_sections.dart;flutter_app/lib/features/referral/presentation/pages/referral_rewards_page_state.dart,
wallet,AppRoutePaths.walletTransfer,TransferTabletPage,flutter_app/lib/features/wallet/presentation/tablet/pages/transfer_tablet_page.dart,L3_transactionFlow,detail,A,0,9,PASS_MONITOR,3,0,0,0,0,0,0,1,0,low_signal_monitor,Keep as reference/monitor screen; avoid unnecessary churn.,flutter_app/lib/features/wallet/presentation/tablet/pages/transfer_tablet_page.dart;flutter_app/lib/features/wallet/presentation/widgets/transfer/wallet_transfer_asset_amount.dart;flutter_app/lib/features/wallet/presentation/widgets/transfer/wallet_transfer_confirm_sheet.dart;flutter_app/lib/features/wallet/presentation/widgets/transfer/wallet_transfer_history_picker.dart;flutter_app/lib/features/wallet/presentation/widgets/transfer/wallet_transfer_sections.dart;flutter_app/lib/features/wallet/presentation/widgets/transfer/wallet_transfer_wallet_cards.dart,
arena,AppRoutePaths.arenaMy,MyArenaPage,flutter_app/lib/features/arena/presentation/pages/hub/my_arena_page.dart,L2_detail,detail,A,1,8,PASS_MONITOR,0,1,0,0,2,0,1,2,2,bottom_nav_inset_pressure,Recheck bottom-nav/sticky-footer clearance and keep primary content visible above chrome.,flutter_app/lib/features/arena/presentation/pages/hub/my_arena_page.dart;flutter_app/lib/features/arena/presentation/pages/hub/my_arena_page_hero_and_tabs.dart;flutter_app/lib/features/arena/presentation/pages/hub/my_arena_page_rewards_and_safety.dart;flutter_app/lib/features/arena/presentation/pages/hub/my_arena_page_shared_widgets.dart;flutter_app/lib/features/arena/presentation/pages/hub/my_arena_page_tab_content.dart;flutter_app/lib/features/arena/presentation/widgets/challenge/arena_navigation_actions.dart,
p2p_account,AppRoutePaths.p2pKycStatus,P2PKycStatusPage,flutter_app/lib/features/p2p_account/presentation/pages/merchant/p2p_kyc_status_page.dart,L3_transactionFlow,detail,A,0,8,PASS_MONITOR,0,0,0,1,0,0,3,1,0,low_signal_monitor,Keep as reference/monitor screen; avoid unnecessary churn.,flutter_app/lib/features/p2p_account/presentation/pages/merchant/p2p_kyc_status_page.dart;flutter_app/lib/features/p2p_account/presentation/widgets/merchant/p2p_kyc_status_page_common.dart;flutter_app/lib/features/p2p_account/presentation/widgets/merchant/p2p_kyc_status_page_sections.dart,
p2p_account,AppRoutePaths.p2pKycFaceMatch,P2PSelfieVerificationPage,flutter_app/lib/features/p2p_account/presentation/pages/merchant/p2p_selfie_verification_page.dart,L3_transactionFlow,detail,A,1,8,PASS_MONITOR,0,0,0,0,2,0,3,1,0,bottom_nav_inset_pressure,Recheck bottom-nav/sticky-footer clearance and keep primary content visible above chrome.,flutter_app/lib/features/p2p_account/presentation/pages/merchant/p2p_selfie_verification_page.dart;flutter_app/lib/features/p2p_account/presentation/widgets/merchant/p2p_selfie_verification_page_common.dart;flutter_app/lib/features/p2p_account/presentation/widgets/merchant/p2p_selfie_verification_page_sections.dart,
p2p_account,AppRoutePaths.p2pKycSelfie,P2PSelfieVerificationPage,flutter_app/lib/features/p2p_account/presentation/pages/merchant/p2p_selfie_verification_page.dart,L3_transactionFlow,detail,A,1,8,PASS_MONITOR,0,0,0,0,2,0,3,1,0,bottom_nav_inset_pressure,Recheck bottom-nav/sticky-footer clearance and keep primary content visible above chrome.,flutter_app/lib/features/p2p_account/presentation/pages/merchant/p2p_selfie_verification_page.dart;flutter_app/lib/features/p2p_account/presentation/widgets/merchant/p2p_selfie_verification_page_common.dart;flutter_app/lib/features/p2p_account/presentation/widgets/merchant/p2p_selfie_verification_page_sections.dart,
p2p_marketplace,AppRoutePaths.p2pMyAds,P2PMyAdsPage,flutter_app/lib/features/p2p_marketplace/presentation/pages/ads/p2p_my_ads_page.dart,L2_detail,detail,C,0,8,PASS_MONITOR,0,1,0,0,3,0,0,0,1,bottom_nav_inset_pressure,Recheck bottom-nav/sticky-footer clearance and keep primary content visible above chrome.,flutter_app/lib/features/p2p_marketplace/presentation/pages/ads/p2p_my_ads_page.dart;flutter_app/lib/features/p2p_marketplace/presentation/widgets/ads/p2p_my_ads_empty_links.dart;flutter_app/lib/features/p2p_marketplace/presentation/widgets/ads/p2p_my_ads_stats_cards.dart,
p2p_security,AppRoutePaths.p2pSecurityLoginHistory,P2PLoginHistoryPage,flutter_app/lib/features/p2p_security/presentation/pages/security/p2p_login_history_page.dart,L2_utilityDetail,detail,A,5,8,PASS_MONITOR,0,0,0,0,0,0,3,1,1,low_signal_monitor,Keep as reference/monitor screen; avoid unnecessary churn.,flutter_app/lib/features/p2p_security/presentation/pages/security/p2p_login_history_page.dart;flutter_app/lib/features/p2p_security/presentation/widgets/security/p2p_login_history_common.dart;flutter_app/lib/features/p2p_security/presentation/widgets/security/p2p_login_history_events.dart;flutter_app/lib/features/p2p_security/presentation/widgets/security/p2p_login_history_summary_filters.dart,
trade_copy,AppRoutePaths.tradeCopyLeaderboard,ProviderLeaderboardPage,flutter_app/lib/features/trade_copy/presentation/pages/provider/provider_leaderboard_page.dart,L2_detail,detail,A,0,8,PASS_MONITOR,2,1,0,0,0,0,0,0,1,low_signal_monitor,Keep as reference/monitor screen; avoid unnecessary churn.,flutter_app/lib/features/trade_copy/presentation/pages/provider/provider_leaderboard_page.dart;flutter_app/lib/features/trade_copy/presentation/widgets/provider/provider_leaderboard_cards.dart;flutter_app/lib/features/trade_copy/presentation/widgets/provider/provider_leaderboard_controls.dart;flutter_app/lib/features/trade_copy/presentation/widgets/provider/provider_leaderboard_disclaimer.dart,
earn_savings,AppRoutePaths.earnSavingsAutoPilot,SavingsAutoPilotPage,flutter_app/lib/features/earn_savings/presentation/pages/savings/savings_autopilot_page.dart,L2_detail,detail,A,0,7,PASS_MONITOR,0,0,0,0,2,0,3,1,3,bottom_nav_inset_pressure,Recheck bottom-nav/sticky-footer clearance and keep primary content visible above chrome.,flutter_app/lib/features/earn_savings/presentation/pages/savings/savings_autopilot_page.dart;flutter_app/lib/features/earn_savings/presentation/widgets/savings/savings_autopilot_actions.dart;flutter_app/lib/features/earn_savings/presentation/widgets/savings/savings_autopilot_formatters.dart;flutter_app/lib/features/earn_savings/presentation/widgets/savings/savings_autopilot_hero.dart;flutter_app/lib/features/earn_savings/presentation/widgets/savings/savings_autopilot_overview.dart;flutter_app/lib/features/earn_savings/presentation/widgets/savings/savings_autopilot_settings.dart,
earn_savings,AppRoutePaths.earnSavingsPortfolio,SavingsPortfolioPage,flutter_app/lib/features/earn_savings/presentation/pages/savings/savings_portfolio_page.dart,L2_utilityDetail,detail,A,0,7,PASS_MONITOR,0,1,0,0,1,0,3,1,0,low_signal_monitor,Keep as reference/monitor screen; avoid unnecessary churn.,flutter_app/lib/features/earn_savings/presentation/pages/savings/earn_portfolio_page.dart;flutter_app/lib/features/earn_savings/presentation/pages/savings/savings_portfolio_page.dart;flutter_app/lib/features/earn_savings/presentation/widgets/savings/savings_portfolio_overview.dart;flutter_app/lib/features/earn_savings/presentation/widgets/savings/savings_portfolio_positions.dart,
earn_savings,AppRoutePaths.earnSavingsRiskAssessment,SavingsRiskAssessmentPage,flutter_app/lib/features/earn_savings/presentation/pages/savings/savings_risk_assessment_page.dart,L3_transactionFlow,detail,A,0,7,PASS_MONITOR,0,0,0,0,2,0,3,1,0,bottom_nav_inset_pressure,Recheck bottom-nav/sticky-footer clearance and keep primary content visible above chrome.,flutter_app/lib/features/earn_savings/presentation/pages/savings/savings_risk_assessment_page.dart;flutter_app/lib/features/earn_savings/presentation/widgets/savings/savings_risk_assessment_products_common.dart;flutter_app/lib/features/earn_savings/presentation/widgets/savings/savings_risk_assessment_questions.dart;flutter_app/lib/features/earn_savings/presentation/widgets/savings/savings_risk_assessment_result.dart,
earn_staking,AppRoutePaths.earnInsurance,StakingInsurancePage,flutter_app/lib/features/earn_staking/presentation/pages/staking/staking_insurance_page.dart,L2_detail,detail,A,1,7,PASS_MONITOR,1,0,0,0,0,0,3,3,1,low_signal_monitor,Keep as reference/monitor screen; avoid unnecessary churn.,flutter_app/lib/features/earn_staking/presentation/pages/staking/staking_insurance_page.dart;flutter_app/lib/features/earn_staking/presentation/widgets/staking/staking_insurance_claims.dart;flutter_app/lib/features/earn_staking/presentation/widgets/staking/staking_insurance_common.dart;flutter_app/lib/features/earn_staking/presentation/widgets/staking/staking_insurance_overview.dart;flutter_app/lib/features/earn_staking/presentation/widgets/staking/staking_insurance_plans.dart;flutter_app/lib/features/earn_staking/presentation/widgets/staking/staking_insurance_positions.dart;flutter_app/lib/features/earn_staking/presentation/widgets/staking/staking_insurance_sheets.dart,
launchpad,AppRoutePaths.launchpadAbiDiff,LaunchpadAbiDiffPage,flutter_app/lib/features/launchpad/presentation/pages/tools/launchpad_abi_diff_page.dart,L2_detail,detail,A,0,7,PASS_MONITOR,0,0,0,0,3,0,1,1,1,bottom_nav_inset_pressure,Recheck bottom-nav/sticky-footer clearance and keep primary content visible above chrome.,flutter_app/lib/features/launchpad/presentation/pages/tools/launchpad_abi_diff_page.dart;flutter_app/lib/features/launchpad/presentation/widgets/tools/launchpad_abi_diff_entries.dart;flutter_app/lib/features/launchpad/presentation/widgets/tools/launchpad_abi_diff_extensions.dart;flutter_app/lib/features/launchpad/presentation/widgets/tools/launchpad_abi_diff_summary.dart,
launchpad,AppRoutePaths.launchpadDcaBuilder,LaunchpadDcaBuilderPage,flutter_app/lib/features/launchpad/presentation/pages/tools/launchpad_dca_builder_page.dart,L3_transactionFlow,detail,A,0,7,PASS_MONITOR,0,0,0,0,3,0,1,1,1,bottom_nav_inset_pressure,Recheck bottom-nav/sticky-footer clearance and keep primary content visible above chrome.,flutter_app/lib/features/launchpad/presentation/pages/tools/launchpad_dca_builder_page.dart;flutter_app/lib/features/launchpad/presentation/widgets/tools/launchpad_dca_builder_common.dart;flutter_app/lib/features/launchpad/presentation/widgets/tools/launchpad_dca_builder_create_form.dart;flutter_app/lib/features/launchpad/presentation/widgets/tools/launchpad_dca_builder_history.dart;flutter_app/lib/features/launchpad/presentation/widgets/tools/launchpad_dca_builder_strategies.dart;flutter_app/lib/features/launchpad/presentation/widgets/tools/launchpad_dca_builder_summary.dart,
launchpad,AppRoutePaths.launchpadLimitOrders,LaunchpadLimitOrdersPage,flutter_app/lib/features/launchpad/presentation/pages/tools/launchpad_limit_orders_page.dart,L2_detail,detail,A,0,7,PASS_MONITOR,0,0,0,0,3,0,1,1,2,bottom_nav_inset_pressure,Recheck bottom-nav/sticky-footer clearance and keep primary content visible above chrome.,flutter_app/lib/features/launchpad/presentation/pages/tools/launchpad_limit_orders_page.dart;flutter_app/lib/features/launchpad/presentation/widgets/tools/launchpad_limit_orders_active_widgets.dart;flutter_app/lib/features/launchpad/presentation/widgets/tools/launchpad_limit_orders_create_fields.dart;flutter_app/lib/features/launchpad/presentation/widgets/tools/launchpad_limit_orders_create_widgets.dart;flutter_app/lib/features/launchpad/presentation/widgets/tools/launchpad_limit_orders_formatters.dart;flutter_app/lib/features/launchpad/presentation/widgets/tools/launchpad_limit_orders_header_widgets.dart;flutter_app/lib/features/launchpad/presentation/widgets/tools/launchpad_limit_orders_history_widgets.dart;flutter_app/lib/features/launchpad/presentation/widgets/tools/launchpad_limit_orders_preview_widgets.dart,
launchpad,AppRoutePaths.launchpadRiskAnalytics,LaunchpadRiskAnalyticsPage,flutter_app/lib/features/launchpad/presentation/pages/tools/launchpad_risk_analytics_page.dart,L2_utilityDetail,detail,A,0,7,PASS_MONITOR,0,0,0,0,3,0,1,1,0,bottom_nav_inset_pressure,Recheck bottom-nav/sticky-footer clearance and keep primary content visible above chrome.,flutter_app/lib/features/launchpad/presentation/pages/tools/launchpad_risk_analytics_page.dart;flutter_app/lib/features/launchpad/presentation/widgets/tools/launchpad_risk_due_diligence.dart;flutter_app/lib/features/launchpad/presentation/widgets/tools/launchpad_risk_painter.dart;flutter_app/lib/features/launchpad/presentation/widgets/tools/launchpad_risk_report_common.dart;flutter_app/lib/features/launchpad/presentation/widgets/tools/launchpad_risk_tabs_overview.dart,
p2p_marketplace,AppRoutePaths.p2pExpressConfirm,P2PExpressConfirmPage,flutter_app/lib/features/p2p_marketplace/presentation/pages/hub/p2p_express_confirm_page.dart,L3_transactionFlow,detail,A,4,7,PASS_MONITOR,0,0,0,0,0,0,3,1,1,low_signal_monitor,Keep as reference/monitor screen; avoid unnecessary churn.,flutter_app/lib/features/p2p_marketplace/presentation/pages/hub/p2p_express_confirm_page.dart,
p2p_marketplace,AppRoutePaths.p2pOrderBook,P2POrderBookPage,flutter_app/lib/features/p2p_marketplace/presentation/pages/ads/p2p_order_book_page.dart,L2_detail,detail,A,0,7,PASS_MONITOR,0,0,0,0,2,0,3,2,0,bottom_nav_inset_pressure,Recheck bottom-nav/sticky-footer clearance and keep primary content visible above chrome.,flutter_app/lib/features/p2p_marketplace/presentation/pages/ads/p2p_order_book_page.dart;flutter_app/lib/features/p2p_marketplace/presentation/widgets/ads/p2p_order_book_cards_lists.dart;flutter_app/lib/features/p2p_marketplace/presentation/widgets/ads/p2p_order_book_painter.dart;flutter_app/lib/features/p2p_marketplace/presentation/widgets/ads/p2p_order_book_selector_ticker.dart,
p2p_security,AppRoutePaths.p2pFraudPrevention,P2PFraudPreventionPage,flutter_app/lib/features/p2p_security/presentation/pages/security/p2p_fraud_prevention_page.dart,L2_detail,detail,A,0,7,PASS_MONITOR,0,0,0,0,2,0,3,1,0,bottom_nav_inset_pressure,Recheck bottom-nav/sticky-footer clearance and keep primary content visible above chrome.,flutter_app/lib/features/p2p_security/presentation/pages/security/p2p_fraud_prevention_page.dart;flutter_app/lib/features/p2p_security/presentation/widgets/security/p2p_fraud_checklist_actions.dart;flutter_app/lib/features/p2p_security/presentation/widgets/security/p2p_fraud_common.dart;flutter_app/lib/features/p2p_security/presentation/widgets/security/p2p_fraud_score_patterns.dart,
predictions,AppRoutePaths.marketsPredictionsActivity,PredictionsGlobalActivityPage,flutter_app/lib/features/predictions/presentation/pages/social/predictions_global_activity_page.dart,L2_detail,detail,A,4,7,PASS_MONITOR,0,0,0,0,1,0,1,2,1,low_signal_monitor,Keep as reference/monitor screen; avoid unnecessary churn.,flutter_app/lib/features/predictions/presentation/pages/social/predictions_global_activity_page.dart;flutter_app/lib/features/predictions/presentation/widgets/social/predictions_global_activity_feed_widgets.dart;flutter_app/lib/features/predictions/presentation/widgets/social/predictions_global_activity_widgets.dart,
rewards,AppRoutePaths.rewards,RewardsHubPage,flutter_app/lib/features/rewards/presentation/pages/rewards_hub_page.dart,L1_productModuleHub,rootModule,A,0,7,PASS_MONITOR,0,1,0,0,2,0,1,3,0,bottom_nav_inset_pressure,Recheck bottom-nav/sticky-footer clearance and keep primary content visible above chrome.,flutter_app/lib/features/rewards/presentation/pages/rewards_hub_page.dart;flutter_app/lib/features/rewards/presentation/widgets/rewards_hub_components.dart;flutter_app/lib/features/rewards/presentation/widgets/rewards_hub_hero_section.dart;flutter_app/lib/features/rewards/presentation/widgets/rewards_hub_task_section.dart,
wallet,AppRoutePaths.walletGasOptimizer,WalletGasOptimizerPage,flutter_app/lib/features/wallet/presentation/pages/tools/wallet_gas_optimizer_page.dart,L2_detail,detail,A,0,7,PASS_MONITOR,0,0,0,0,3,0,1,1,1,bottom_nav_inset_pressure,Recheck bottom-nav/sticky-footer clearance and keep primary content visible above chrome.,flutter_app/lib/features/wallet/presentation/pages/tools/wallet_gas_optimizer_page.dart;flutter_app/lib/features/wallet/presentation/widgets/tools/wallet_gas_optimizer_current.dart;flutter_app/lib/features/wallet/presentation/widgets/tools/wallet_gas_optimizer_tips.dart;flutter_app/lib/features/wallet/presentation/widgets/tools/wallet_gas_optimizer_trends.dart,
wallet,AppRoutePaths.walletHealthScore,WalletHealthScorePage,flutter_app/lib/features/wallet/presentation/pages/tools/wallet_health_score_page.dart,L2_detail,detail,A,0,7,PASS_MONITOR,0,0,0,0,3,0,1,1,1,bottom_nav_inset_pressure,Recheck bottom-nav/sticky-footer clearance and keep primary content visible above chrome.,flutter_app/lib/features/wallet/presentation/pages/tools/wallet_health_score_page.dart;flutter_app/lib/features/wallet/presentation/widgets/tools/wallet_health_score_cards.dart;flutter_app/lib/features/wallet/presentation/widgets/tools/wallet_health_score_charts.dart;flutter_app/lib/features/wallet/presentation/widgets/tools/wallet_health_score_page_shell.dart,
arena,AppRoutePaths.arenaProduction,ArenaProductionReadyPage,flutter_app/lib/features/arena/presentation/pages/hub/arena_production_ready_page.dart,L2_detail,detail,A,1,6,PASS_MONITOR,0,0,0,0,2,0,1,1,3,bottom_nav_inset_pressure,Recheck bottom-nav/sticky-footer clearance and keep primary content visible above chrome.,flutter_app/lib/features/arena/presentation/pages/hub/arena_production_ready_page.dart;flutter_app/lib/features/arena/presentation/pages/hub/arena_production_ready_page_flows_registry_handoff.dart;flutter_app/lib/features/arena/presentation/pages/hub/arena_production_ready_page_handoff_and_shared_widgets.dart;flutter_app/lib/features/arena/presentation/pages/hub/arena_production_ready_page_screens_states_section.dart,
dca,AppRoutePaths.devDcaOverview,DCAOverviewDemo,flutter_app/lib/features/dca/presentation/pages/hub/dca_overview_demo.dart,L2_sectionHub,detail,A,1,6,PASS_MONITOR,0,0,1,0,0,0,1,1,0,spacer_inside_cards,Remove Spacer-driven loose card expansion or replace with fixed compact content rhythm.,flutter_app/lib/features/dca/presentation/pages/hub/dca_overview_demo.dart;flutter_app/lib/features/dca/presentation/widgets/hub/dca_currency_formatters.dart;flutter_app/lib/features/dca/presentation/widgets/hub/dca_overview_demo_actions.dart;flutter_app/lib/features/dca/presentation/widgets/hub/dca_overview_demo_metrics.dart;flutter_app/lib/features/dca/presentation/widgets/hub/dca_overview_demo_shell.dart,
markets,'/pair/:pairId/depth',MarketDepthPage,flutter_app/lib/features/markets/presentation/pages/pair/market_depth_page.dart,L2_entityDetail,detail,A,1,6,PASS_MONITOR,0,0,1,0,0,0,1,1,0,spacer_inside_cards,Remove Spacer-driven loose card expansion or replace with fixed compact content rhythm.,flutter_app/lib/features/markets/presentation/pages/pair/market_depth_page.dart;flutter_app/lib/features/markets/presentation/widgets/pair/market_depth_chart.dart;flutter_app/lib/features/markets/presentation/widgets/pair/market_depth_common.dart;flutter_app/lib/features/markets/presentation/widgets/pair/market_depth_order_book.dart;flutter_app/lib/features/markets/presentation/widgets/pair/market_depth_tabs.dart;flutter_app/lib/features/markets/presentation/widgets/pair/market_depth_whale_alerts.dart,
markets,AppRoutePaths.marketsDepth,MarketDepthPage,flutter_app/lib/features/markets/presentation/pages/pair/market_depth_page.dart,L2_detail,detail,A,1,6,PASS_MONITOR,0,0,1,0,0,0,1,1,0,spacer_inside_cards,Remove Spacer-driven loose card expansion or replace with fixed compact content rhythm.,flutter_app/lib/features/markets/presentation/pages/pair/market_depth_page.dart;flutter_app/lib/features/markets/presentation/widgets/pair/market_depth_chart.dart;flutter_app/lib/features/markets/presentation/widgets/pair/market_depth_common.dart;flutter_app/lib/features/markets/presentation/widgets/pair/market_depth_order_book.dart;flutter_app/lib/features/markets/presentation/widgets/pair/market_depth_tabs.dart;flutter_app/lib/features/markets/presentation/widgets/pair/market_depth_whale_alerts.dart,
p2p_account,AppRoutePaths.p2pMerchantApply,P2PMerchantApplyPage,flutter_app/lib/features/p2p_account/presentation/pages/merchant/p2p_merchant_apply_page.dart,L2_detail,detail,A,1,6,PASS_MONITOR,0,0,0,0,2,0,1,1,0,bottom_nav_inset_pressure,Recheck bottom-nav/sticky-footer clearance and keep primary content visible above chrome.,flutter_app/lib/features/p2p_account/presentation/pages/merchant/p2p_merchant_apply_page.dart;flutter_app/lib/features/p2p_account/presentation/pages/merchant/p2p_merchant_apply_page_common.dart;flutter_app/lib/features/p2p_account/presentation/pages/merchant/p2p_merchant_apply_page_state.dart;flutter_app/lib/features/p2p_account/presentation/pages/merchant/p2p_merchant_apply_steps.dart,
p2p_orders,AppRoutePaths.p2pWalletTransfer,P2PWalletTransferPage,flutter_app/lib/features/p2p_orders/presentation/pages/wallet/p2p_wallet_transfer_page.dart,L3_transactionFlow,detail,A,0,6,PASS_MONITOR,1,0,0,0,0,0,3,1,0,low_signal_monitor,Keep as reference/monitor screen; avoid unnecessary churn.,flutter_app/lib/features/p2p_orders/presentation/pages/wallet/p2p_wallet_transfer_page.dart;flutter_app/lib/features/p2p_orders/presentation/widgets/wallet/p2p_wallet_transfer_amount.dart;flutter_app/lib/features/p2p_orders/presentation/widgets/wallet/p2p_wallet_transfer_confirm.dart;flutter_app/lib/features/p2p_orders/presentation/widgets/wallet/p2p_wallet_transfer_form.dart,
p2p_security,AppRoutePaths.p2pSecurityCenter,P2PSecurityCenterPage,flutter_app/lib/features/p2p_security/presentation/pages/security/p2p_security_center_page.dart,L2_sectionHub,detail,A,0,6,PASS_MONITOR,0,0,0,0,0,0,6,2,0,low_signal_monitor,Keep as reference/monitor screen; avoid unnecessary churn.,flutter_app/lib/features/p2p_security/presentation/pages/security/p2p_security_center_page.dart;flutter_app/lib/features/p2p_security/presentation/widgets/security/p2p_security_center_actions_events.dart;flutter_app/lib/features/p2p_security/presentation/widgets/security/p2p_security_center_score_features.dart,
p2p_security,AppRoutePaths.p2pLimits,P2PTransactionLimitsPage,flutter_app/lib/features/p2p_security/presentation/pages/security/p2p_transaction_limits_page.dart,L2_utilityDetail,detail,A,0,6,PASS_MONITOR,1,0,0,0,0,0,3,1,0,low_signal_monitor,Keep as reference/monitor screen; avoid unnecessary churn.,flutter_app/lib/features/p2p_security/presentation/pages/security/p2p_transaction_limits_page.dart;flutter_app/lib/features/p2p_security/presentation/widgets/security/p2p_transaction_limits_page_common.dart;flutter_app/lib/features/p2p_security/presentation/widgets/security/p2p_transaction_limits_page_sections.dart,
p2p_security,AppRoutePaths.p2pSecurityWhitelist,P2PWhitelistModePage,flutter_app/lib/features/p2p_security/presentation/pages/security/p2p_security_center_page.dart,L2_detail,detail,A,0,6,PASS_MONITOR,0,0,0,0,0,0,6,2,0,low_signal_monitor,Keep as reference/monitor screen; avoid unnecessary churn.,flutter_app/lib/features/p2p_security/presentation/pages/security/p2p_security_center_page.dart;flutter_app/lib/features/p2p_security/presentation/widgets/security/p2p_security_center_actions_events.dart;flutter_app/lib/features/p2p_security/presentation/widgets/security/p2p_security_center_score_features.dart,
predictions,AppRoutePaths.marketsPredictionsDataIntegration,PredictionDataIntegrationPage,flutter_app/lib/features/predictions/presentation/pages/social/prediction_data_integration_page.dart,L2_detail,detail,A,1,6,PASS_MONITOR,0,0,0,0,2,0,1,1,5,bottom_nav_inset_pressure,Recheck bottom-nav/sticky-footer clearance and keep primary content visible above chrome.,flutter_app/lib/features/predictions/presentation/pages/social/prediction_data_integration_page.dart;flutter_app/lib/features/predictions/presentation/widgets/hub/prediction_enum_tab_bar.dart;flutter_app/lib/features/predictions/presentation/widgets/social/prediction_data_integration_common.dart;flutter_app/lib/features/predictions/presentation/widgets/social/prediction_data_integration_keys_webhooks.dart;flutter_app/lib/features/predictions/presentation/widgets/social/prediction_data_integration_sources.dart,
arena,'/arena/mode/:modeId',ArenaModeDetailPage,flutter_app/lib/features/arena/presentation/pages/challenge/arena_mode_detail_page.dart,L2_entityDetail,detail,A,0,5,PASS_MONITOR,0,1,0,0,0,0,3,2,1,low_signal_monitor,Keep as reference/monitor screen; avoid unnecessary churn.,flutter_app/lib/features/arena/presentation/pages/challenge/arena_mode_detail_page.dart;flutter_app/lib/features/arena/presentation/widgets/challenge/arena_mode_detail_actions.dart;flutter_app/lib/features/arena/presentation/widgets/challenge/arena_mode_detail_hero.dart;flutter_app/lib/features/arena/presentation/widgets/challenge/arena_mode_detail_prediction.dart;flutter_app/lib/features/arena/presentation/widgets/challenge/arena_mode_detail_quality.dart;flutter_app/lib/features/arena/presentation/widgets/challenge/arena_mode_detail_related.dart;flutter_app/lib/features/arena/presentation/widgets/challenge/arena_mode_detail_rules.dart;flutter_app/lib/features/arena/presentation/widgets/challenge/arena_navigation_actions.dart;flutter_app/lib/features/arena/presentation/widgets/hub/arena_viewport_padding.dart,
arena,AppRoutePaths.arenaLedger,ArenaPointsLedgerPage,flutter_app/lib/features/arena/presentation/pages/points/arena_points_ledger_page.dart,L2_detail,detail,A,0,5,PASS_MONITOR,0,0,1,0,0,0,1,2,0,spacer_inside_cards,Remove Spacer-driven loose card expansion or replace with fixed compact content rhythm.,flutter_app/lib/features/arena/presentation/pages/points/arena_points_ledger_page.dart;flutter_app/lib/features/arena/presentation/widgets/hub/arena_viewport_padding.dart;flutter_app/lib/features/arena/presentation/widgets/points/arena_points_ledger_page_common.dart;flutter_app/lib/features/arena/presentation/widgets/points/arena_points_ledger_page_sections.dart,
arena,AppRoutePaths.arenaBridge,ArenaPredictionBridgeFoundationPage,flutter_app/lib/features/arena/presentation/pages/bridge/arena_prediction_bridge_foundation_page.dart,L2_detail,detail,A,0,5,PASS_MONITOR,0,0,0,0,2,0,1,1,2,bottom_nav_inset_pressure,Recheck bottom-nav/sticky-footer clearance and keep primary content visible above chrome.,flutter_app/lib/features/arena/presentation/pages/bridge/arena_prediction_bridge_foundation_page.dart;flutter_app/lib/features/arena/presentation/pages/bridge/arena_prediction_bridge_foundation_page_examples_and_shared_widgets.dart;flutter_app/lib/features/arena/presentation/pages/bridge/arena_prediction_bridge_foundation_page_principles_section.dart;flutter_app/lib/features/arena/presentation/pages/bridge/arena_prediction_bridge_foundation_page_topics_boundary_bridge_sections.dart,
arena,'/arena/trust/:userId',ArenaTrustBreakdownPage,flutter_app/lib/features/arena/presentation/pages/governance/arena_trust_breakdown_page.dart,L2_entityDetail,detail,A,4,5,PASS_MONITOR,0,0,0,0,0,0,1,1,0,low_signal_monitor,Keep as reference/monitor screen; avoid unnecessary churn.,flutter_app/lib/features/arena/presentation/pages/governance/arena_trust_breakdown_page.dart;flutter_app/lib/features/arena/presentation/widgets/hub/arena_viewport_padding.dart,
arena,AppRoutePaths.arenaEcosystem,ConnectedEcosystemProductionPage,flutter_app/lib/features/arena/presentation/pages/bridge/connected_ecosystem_production_page.dart,L2_detail,detail,A,0,5,PASS_MONITOR,0,0,0,0,2,0,1,2,1,bottom_nav_inset_pressure,Recheck bottom-nav/sticky-footer clearance and keep primary content visible above chrome.,flutter_app/lib/features/arena/presentation/pages/bridge/connected_ecosystem_production_page.dart;flutter_app/lib/features/arena/presentation/pages/bridge/connected_ecosystem_production_page_canonical_states_section.dart;flutter_app/lib/features/arena/presentation/pages/bridge/connected_ecosystem_production_page_flows_registry_handoff.dart;flutter_app/lib/features/arena/presentation/pages/bridge/connected_ecosystem_production_page_handoff_and_shared_widgets.dart,
dca,AppRoutePaths.dcaBacktester,DCABacktesterPage,flutter_app/lib/features/dca/presentation/pages/research/dca_backtester_page.dart,L2_detail,detail,A,4,5,PASS_MONITOR,0,0,0,0,0,0,1,1,2,low_signal_monitor,Keep as reference/monitor screen; avoid unnecessary churn.,flutter_app/lib/features/dca/presentation/pages/research/dca_backtester_page.dart;flutter_app/lib/features/dca/presentation/widgets/research/dca_backtester_analysis.dart;flutter_app/lib/features/dca/presentation/widgets/research/dca_backtester_common.dart;flutter_app/lib/features/dca/presentation/widgets/research/dca_backtester_results.dart;flutter_app/lib/features/dca/presentation/widgets/research/dca_backtester_setup.dart;flutter_app/lib/features/dca/presentation/widgets/research/dca_backtester_tabs.dart,
dca,'/dca/rebalance/:configId/edit',DCARebalanceConfigPage,flutter_app/lib/features/dca/presentation/pages/portfolio/dca_rebalance_config_page.dart,L3_transactionFlow,detail,A,0,5,PASS_MONITOR,0,1,0,0,1,0,1,1,0,low_signal_monitor,Keep as reference/monitor screen; avoid unnecessary churn.,flutter_app/lib/features/dca/presentation/pages/portfolio/dca_rebalance_config_page.dart;flutter_app/lib/features/dca/presentation/pages/portfolio/dca_rebalance_config_page_allocation_strategy.dart;flutter_app/lib/features/dca/presentation/pages/portfolio/dca_rebalance_config_page_common.dart;flutter_app/lib/features/dca/presentation/pages/portfolio/dca_rebalance_config_page_settings_and_preview.dart,
dca,AppRoutePaths.dcaRebalanceConfig,DCARebalanceConfigPage,flutter_app/lib/features/dca/presentation/pages/portfolio/dca_rebalance_config_page.dart,L2_detail,detail,A,0,5,PASS_MONITOR,0,1,0,0,1,0,1,1,0,low_signal_monitor,Keep as reference/monitor screen; avoid unnecessary churn.,flutter_app/lib/features/dca/presentation/pages/portfolio/dca_rebalance_config_page.dart;flutter_app/lib/features/dca/presentation/pages/portfolio/dca_rebalance_config_page_allocation_strategy.dart;flutter_app/lib/features/dca/presentation/pages/portfolio/dca_rebalance_config_page_common.dart;flutter_app/lib/features/dca/presentation/pages/portfolio/dca_rebalance_config_page_settings_and_preview.dart,
earn_staking,AppRoutePaths.earnStakingTaxGuide,StakingTaxGuidePage,flutter_app/lib/features/earn_staking/presentation/pages/staking/staking_tax_guide_page.dart,L2_utilityDetail,detail,A,2,5,PASS_MONITOR,0,0,0,0,0,0,3,1,1,low_signal_monitor,Keep as reference/monitor screen; avoid unnecessary churn.,flutter_app/lib/features/earn_staking/presentation/pages/staking/staking_tax_guide_page.dart;flutter_app/lib/features/earn_staking/presentation/widgets/staking/staking_tax_guide_calculator.dart;flutter_app/lib/features/earn_staking/presentation/widgets/staking/staking_tax_guide_common.dart;flutter_app/lib/features/earn_staking/presentation/widgets/staking/staking_tax_guide_header.dart;flutter_app/lib/features/earn_staking/presentation/widgets/staking/staking_tax_guide_jurisdictions.dart;flutter_app/lib/features/earn_staking/presentation/widgets/staking/staking_tax_guide_overview.dart,
earn_staking,AppRoutePaths.earnStakingWithdrawalPolicy,StakingWithdrawalPolicyPage,flutter_app/lib/features/earn_staking/presentation/pages/staking/staking_withdrawal_policy_page.dart,L3_transactionFlow,detail,A,2,5,PASS_MONITOR,0,0,0,0,0,0,3,2,2,low_signal_monitor,Keep as reference/monitor screen; avoid unnecessary churn.,flutter_app/lib/features/earn_staking/presentation/pages/staking/staking_withdrawal_policy_page.dart;flutter_app/lib/features/earn_staking/presentation/widgets/staking/staking_withdrawal_policy_calculator.dart;flutter_app/lib/features/earn_staking/presentation/widgets/staking/staking_withdrawal_policy_common.dart;flutter_app/lib/features/earn_staking/presentation/widgets/staking/staking_withdrawal_policy_emergency.dart;flutter_app/lib/features/earn_staking/presentation/widgets/staking/staking_withdrawal_policy_penalties.dart;flutter_app/lib/features/earn_staking/presentation/widgets/staking/staking_withdrawal_policy_timeline.dart,
launchpad,AppRoutePaths.launchpadPerformance,LaunchpadPerformancePage,flutter_app/lib/features/launchpad/presentation/pages/hub/launchpad_performance_page.dart,L2_detail,detail,A,0,5,PASS_MONITOR,0,0,0,0,2,0,1,1,0,bottom_nav_inset_pressure,Recheck bottom-nav/sticky-footer clearance and keep primary content visible above chrome.,flutter_app/lib/features/launchpad/presentation/pages/hub/launchpad_performance_page.dart;flutter_app/lib/features/launchpad/presentation/widgets/hub/launchpad_performance_chart_common.dart;flutter_app/lib/features/launchpad/presentation/widgets/hub/launchpad_performance_overview.dart;flutter_app/lib/features/launchpad/presentation/widgets/hub/launchpad_performance_projects.dart,
launchpad,AppRoutePaths.launchpadPortfolio,LaunchpadPortfolioPage,flutter_app/lib/features/launchpad/presentation/pages/hub/launchpad_portfolio_page.dart,L2_utilityDetail,detail,A,4,5,PASS_MONITOR,0,0,0,0,0,0,1,1,0,low_signal_monitor,Keep as reference/monitor screen; avoid unnecessary churn.,flutter_app/lib/features/launchpad/presentation/pages/hub/launchpad_portfolio_page.dart;flutter_app/lib/features/launchpad/presentation/widgets/hub/launchpad_portfolio_empty_disclaimer_common.dart;flutter_app/lib/features/launchpad/presentation/widgets/hub/launchpad_portfolio_hero_tabs.dart;flutter_app/lib/features/launchpad/presentation/widgets/hub/launchpad_portfolio_subscription.dart,
markets,AppRoutePaths.marketsCompare,ComparisonToolPage,flutter_app/lib/features/markets/presentation/pages/tools/comparison_tool_page.dart,L2_detail,detail,A,1,5,PASS_MONITOR,1,0,0,0,0,0,1,2,2,low_signal_monitor,Keep as reference/monitor screen; avoid unnecessary churn.,flutter_app/lib/features/markets/presentation/pages/tools/comparison_tool_page.dart;flutter_app/lib/features/markets/presentation/widgets/tools/comparison_tool_common.dart;flutter_app/lib/features/markets/presentation/widgets/tools/comparison_tool_content.dart;flutter_app/lib/features/markets/presentation/widgets/tools/comparison_tool_tokens.dart,
onboarding,AppRoutePaths.onboarding,OnboardingFlowPage,flutter_app/lib/features/onboarding/presentation/pages/onboarding_flow_page.dart,L2_detail,detail,A,0,5,PASS_MONITOR,1,0,0,0,0,0,2,2,0,low_signal_monitor,Keep as reference/monitor screen; avoid unnecessary churn.,flutter_app/lib/features/onboarding/presentation/pages/onboarding_flow_page.dart;flutter_app/lib/features/onboarding/presentation/pages/onboarding_flow_page_state.dart;flutter_app/lib/features/onboarding/presentation/widgets/onboarding_shared_components.dart;flutter_app/lib/features/onboarding/presentation/widgets/onboarding_step_screens.dart,
p2p_account,AppRoutePaths.p2pPaymentMethodHistory,P2PPaymentMethodHistoryPage,flutter_app/lib/features/p2p_account/presentation/pages/payment/p2p_payment_method_history_page.dart,L3_transactionFlow,detail,A,4,5,PASS_MONITOR,0,0,0,0,0,0,1,1,0,low_signal_monitor,Keep as reference/monitor screen; avoid unnecessary churn.,flutter_app/lib/features/p2p_account/presentation/pages/payment/p2p_payment_method_history_page.dart,
p2p_account,'/p2p/payment-method/verification/:methodId',P2PPaymentMethodVerificationPage,flutter_app/lib/features/p2p_account/presentation/pages/payment/p2p_payment_method_verification_page.dart,L3_transactionFlow,detail,A,0,5,PASS_MONITOR,0,1,0,0,0,0,3,1,0,low_signal_monitor,Keep as reference/monitor screen; avoid unnecessary churn.,flutter_app/lib/features/p2p_account/presentation/pages/payment/p2p_payment_method_verification_page.dart;flutter_app/lib/features/p2p_account/presentation/widgets/payment/p2p_payment_method_verification_flow.dart;flutter_app/lib/features/p2p_account/presentation/widgets/payment/p2p_payment_method_verification_methods.dart,
p2p_security,AppRoutePaths.p2pContributionHistory,P2PContributionHistoryPage,flutter_app/lib/features/p2p_security/presentation/pages/security/p2p_contribution_history_page.dart,L2_utilityDetail,detail,A,0,5,PASS_MONITOR,0,1,0,0,0,0,3,1,0,low_signal_monitor,Keep as reference/monitor screen; avoid unnecessary churn.,flutter_app/lib/features/p2p_security/presentation/pages/security/p2p_contribution_history_page.dart,
predictions,'/markets/predictions/advanced-chart/:eventId',PredictionAdvancedChartPage,flutter_app/lib/features/predictions/presentation/pages/event/prediction_advanced_chart_page.dart,L2_entityDetail,detail,A,0,5,PASS_MONITOR,0,0,0,0,2,0,1,1,0,bottom_nav_inset_pressure,Recheck bottom-nav/sticky-footer clearance and keep primary content visible above chrome.,flutter_app/lib/features/predictions/presentation/pages/event/prediction_advanced_chart_page.dart;flutter_app/lib/features/predictions/presentation/widgets/event/prediction_advanced_chart_analysis.dart;flutter_app/lib/features/predictions/presentation/widgets/event/prediction_advanced_chart_indicators.dart;flutter_app/lib/features/predictions/presentation/widgets/event/prediction_advanced_chart_overview.dart;flutter_app/lib/features/predictions/presentation/widgets/event/prediction_advanced_chart_overview_painters.dart;flutter_app/lib/features/predictions/presentation/widgets/event/prediction_advanced_chart_painter_utils.dart;flutter_app/lib/features/predictions/presentation/widgets/hub/prediction_enum_tab_bar.dart,
predictions,AppRoutePaths.marketsPredictionsEventCalendar,PredictionEventCalendarPage,flutter_app/lib/features/predictions/presentation/pages/social/prediction_event_calendar_page.dart,L2_utilityDetail,detail,A,0,5,PASS_MONITOR,0,0,0,0,2,0,1,1,1,bottom_nav_inset_pressure,Recheck bottom-nav/sticky-footer clearance and keep primary content visible above chrome.,flutter_app/lib/features/predictions/presentation/pages/social/prediction_event_calendar_page.dart;flutter_app/lib/features/predictions/presentation/widgets/hub/prediction_enum_tab_bar.dart;flutter_app/lib/features/predictions/presentation/widgets/social/prediction_event_calendar_controls.dart;flutter_app/lib/features/predictions/presentation/widgets/social/prediction_event_calendar_events.dart;flutter_app/lib/features/predictions/presentation/widgets/social/prediction_event_calendar_notifications.dart,
predictions,AppRoutePaths.marketsPredictionsMarketMaker,PredictionMarketMakerPage,flutter_app/lib/features/predictions/presentation/pages/portfolio/prediction_market_maker_page.dart,L2_detail,detail,A,0,5,PASS_MONITOR,0,0,0,0,2,0,1,1,0,bottom_nav_inset_pressure,Recheck bottom-nav/sticky-footer clearance and keep primary content visible above chrome.,flutter_app/lib/features/predictions/presentation/pages/portfolio/prediction_market_maker_page.dart;flutter_app/lib/features/predictions/presentation/widgets/hub/prediction_enum_tab_bar.dart;flutter_app/lib/features/predictions/presentation/widgets/portfolio/prediction_market_maker_earnings.dart;flutter_app/lib/features/predictions/presentation/widgets/portfolio/prediction_market_maker_positions.dart;flutter_app/lib/features/predictions/presentation/widgets/portfolio/prediction_market_maker_provide.dart;flutter_app/lib/features/predictions/presentation/widgets/portfolio/prediction_market_maker_returns.dart,
predictions,'/markets/predictions/receipt/:receiptId',PredictionOrderReceiptPage,flutter_app/lib/features/predictions/presentation/pages/event/prediction_order_receipt_page.dart,L3_transactionFlow,detail,A,0,5,PASS_MONITOR,0,0,0,0,2,0,1,2,1,bottom_nav_inset_pressure,Recheck bottom-nav/sticky-footer clearance and keep primary content visible above chrome.,flutter_app/lib/features/predictions/presentation/pages/event/prediction_order_receipt_page.dart;flutter_app/lib/features/predictions/presentation/widgets/event/prediction_order_receipt_page_common.dart;flutter_app/lib/features/predictions/presentation/widgets/event/prediction_order_receipt_page_sections.dart,
predictions,AppRoutePaths.marketsPredictionsPortfolioAnalyzer,PredictionPortfolioAnalyzerPage,flutter_app/lib/features/predictions/presentation/pages/portfolio/prediction_portfolio_analyzer_page.dart,L2_utilityDetail,detail,A,0,5,PASS_MONITOR,0,0,0,0,2,0,1,1,0,bottom_nav_inset_pressure,Recheck bottom-nav/sticky-footer clearance and keep primary content visible above chrome.,flutter_app/lib/features/predictions/presentation/pages/portfolio/prediction_portfolio_analyzer_page.dart;flutter_app/lib/features/predictions/presentation/widgets/hub/prediction_enum_tab_bar.dart;flutter_app/lib/features/predictions/presentation/widgets/portfolio/prediction_portfolio_analyzer_overview.dart;flutter_app/lib/features/predictions/presentation/widgets/portfolio/prediction_portfolio_analyzer_performance.dart;flutter_app/lib/features/predictions/presentation/widgets/portfolio/prediction_portfolio_analyzer_risk.dart,
predictions,AppRoutePaths.marketsPredictionsRiskCalculator,PredictionRiskCalculatorPage,flutter_app/lib/features/predictions/presentation/pages/portfolio/prediction_risk_calculator_page.dart,L2_utilityDetail,detail,A,0,5,PASS_MONITOR,0,0,0,0,2,0,1,1,1,bottom_nav_inset_pressure,Recheck bottom-nav/sticky-footer clearance and keep primary content visible above chrome.,flutter_app/lib/features/predictions/presentation/pages/portfolio/prediction_risk_calculator_page.dart;flutter_app/lib/features/predictions/presentation/widgets/hub/prediction_enum_tab_bar.dart;flutter_app/lib/features/predictions/presentation/widgets/portfolio/prediction_risk_calculator_analysis.dart;flutter_app/lib/features/predictions/presentation/widgets/portfolio/prediction_risk_calculator_form.dart;flutter_app/lib/features/predictions/presentation/widgets/portfolio/prediction_risk_calculator_scenarios_guide.dart,
predictions,AppRoutePaths.marketsPredictionsSocial,PredictionSocialPage,flutter_app/lib/features/predictions/presentation/pages/social/prediction_social_page.dart,L2_detail,detail,A,0,5,PASS_MONITOR,0,0,0,0,2,0,1,1,1,bottom_nav_inset_pressure,Recheck bottom-nav/sticky-footer clearance and keep primary content visible above chrome.,flutter_app/lib/features/predictions/presentation/pages/social/prediction_social_page.dart;flutter_app/lib/features/predictions/presentation/widgets/hub/prediction_enum_tab_bar.dart;flutter_app/lib/features/predictions/presentation/widgets/social/prediction_social_analysis_share.dart;flutter_app/lib/features/predictions/presentation/widgets/social/prediction_social_comment_list.dart;flutter_app/lib/features/predictions/presentation/widgets/social/prediction_social_header_comments.dart;flutter_app/lib/features/predictions/presentation/widgets/social/prediction_social_support_widgets.dart,
predictions,AppRoutePaths.marketsPredictionsBreaking,PredictionsBreakingPage,flutter_app/lib/features/predictions/presentation/pages/hub/predictions_breaking_page.dart,L2_detail,detail,A,0,5,PASS_MONITOR,0,0,0,0,2,0,1,2,2,bottom_nav_inset_pressure,Recheck bottom-nav/sticky-footer clearance and keep primary content visible above chrome.,flutter_app/lib/features/predictions/presentation/pages/hub/predictions_breaking_page.dart;flutter_app/lib/features/predictions/presentation/widgets/hub/predictions_breaking_page_common.dart;flutter_app/lib/features/predictions/presentation/widgets/hub/predictions_breaking_page_sections.dart;flutter_app/lib/features/predictions/presentation/widgets/predictions_time_remaining.dart,
predictions,AppRoutePaths.marketsPredictionsRewards,PredictionsRewardsPage,flutter_app/lib/features/predictions/presentation/pages/hub/predictions_rewards_page.dart,L2_detail,detail,A,0,5,PASS_MONITOR,0,0,0,0,2,0,1,1,0,bottom_nav_inset_pressure,Recheck bottom-nav/sticky-footer clearance and keep primary content visible above chrome.,flutter_app/lib/features/predictions/presentation/pages/hub/predictions_rewards_page.dart;flutter_app/lib/features/predictions/presentation/widgets/hub/predictions_rewards_arena_common.dart;flutter_app/lib/features/predictions/presentation/widgets/hub/predictions_rewards_hero_filters.dart;flutter_app/lib/features/predictions/presentation/widgets/hub/predictions_rewards_table.dart,
profile,AppRoutePaths.profileApi,ApiManagementPage,flutter_app/lib/features/profile/presentation/pages/api_management_page.dart,L2_utilityDetail,detail,A,0,5,PASS_MONITOR,0,0,0,0,2,0,1,1,1,bottom_nav_inset_pressure,Recheck bottom-nav/sticky-footer clearance and keep primary content visible above chrome.,flutter_app/lib/features/profile/presentation/pages/api_management_page.dart;flutter_app/lib/features/profile/presentation/widgets/api_management_docs.dart;flutter_app/lib/features/profile/presentation/widgets/api_management_key_controls.dart;flutter_app/lib/features/profile/presentation/widgets/api_management_keys.dart,
profile,AppRoutePaths.profileKyc,KYCPage,flutter_app/lib/features/profile/presentation/pages/kyc_page.dart,L3_transactionFlow,detail,A,0,5,PASS_MONITOR,0,0,0,0,2,0,1,1,0,bottom_nav_inset_pressure,Recheck bottom-nav/sticky-footer clearance and keep primary content visible above chrome.,flutter_app/lib/features/profile/presentation/pages/kyc_page.dart;flutter_app/lib/features/profile/presentation/widgets/kyc_details_privacy.dart;flutter_app/lib/features/profile/presentation/widgets/kyc_status_levels.dart,
referral,AppRoutePaths.referral,ReferralHomePage,flutter_app/lib/features/referral/presentation/pages/referral_home_page.dart,L1_utilityHub,detail,A,0,5,PASS_MONITOR,0,0,0,0,2,0,1,3,2,bottom_nav_inset_pressure,Recheck bottom-nav/sticky-footer clearance and keep primary content visible above chrome.,flutter_app/lib/features/referral/presentation/pages/referral_home_page.dart;flutter_app/lib/features/referral/presentation/pages/referral_home_page_common.dart;flutter_app/lib/features/referral/presentation/pages/referral_home_page_hero_sections.dart;flutter_app/lib/features/referral/presentation/pages/referral_home_page_reward_sections.dart;flutter_app/lib/features/referral/presentation/pages/referral_home_page_section_cards.dart,
trade,AppRoutePaths.tradeOrdersHistory,OrdersHistoryPage,flutter_app/lib/features/trade/presentation/pages/hub/orders_history_page.dart,L2_utilityDetail,detail,A,5,5,PASS_MONITOR,0,0,0,0,0,0,0,0,0,low_signal_monitor,Keep as reference/monitor screen; avoid unnecessary churn.,flutter_app/lib/features/trade/presentation/pages/hub/orders_history_page.dart;flutter_app/lib/features/trade/presentation/widgets/hub/orders_history_page_common.dart;flutter_app/lib/features/trade/presentation/widgets/hub/orders_history_page_sections.dart,
trade_bots,AppRoutePaths.tradeBotEquityCurve,BotEquityCurvePage,flutter_app/lib/features/trade_bots/presentation/pages/dashboard/bot_equity_curve_page.dart,L2_detail,detail,A,1,5,PASS_MONITOR,0,2,0,0,0,0,0,0,0,low_signal_monitor,Keep as reference/monitor screen; avoid unnecessary churn.,flutter_app/lib/features/trade_bots/presentation/pages/dashboard/bot_equity_curve_page.dart;flutter_app/lib/features/trade_bots/presentation/widgets/dashboard/bot_equity_curve_analysis_painters.dart;flutter_app/lib/features/trade_bots/presentation/widgets/dashboard/bot_equity_curve_charts_cards.dart;flutter_app/lib/features/trade_bots/presentation/widgets/dashboard/bot_equity_curve_summary_tabs.dart,
trade_copy,'/trade/copy-provider/:providerId',CopyProviderDetailPage,flutter_app/lib/features/trade_copy/presentation/pages/provider/copy_provider_detail_page.dart,L2_entityDetail,detail,A,1,5,PASS_MONITOR,0,2,0,0,0,0,0,0,2,low_signal_monitor,Keep as reference/monitor screen; avoid unnecessary churn.,flutter_app/lib/features/trade_copy/presentation/pages/provider/copy_provider_detail_page.dart;flutter_app/lib/features/trade_copy/presentation/widgets/hub/copy_trading_list.dart,
arena,AppRoutePaths.arena,ArenaHomePage,flutter_app/lib/features/arena/presentation/pages/hub/arena_home_page.dart,L1_productModuleHub,rootModule,A,1,4,PASS_MONITOR,0,0,0,0,0,1,0,4,2,root_top_chrome_first_viewport_cost,Keep as reference/monitor screen; avoid unnecessary churn.,flutter_app/lib/features/arena/presentation/pages/hub/arena_home_page.dart;flutter_app/lib/features/arena/presentation/pages/hub/arena_home_page_hero_and_templates.dart;flutter_app/lib/features/arena/presentation/pages/hub/arena_home_page_modes_and_rooms_section.dart;flutter_app/lib/features/arena/presentation/pages/hub/arena_home_page_search_and_shared_widgets.dart;flutter_app/lib/features/arena/presentation/widgets/challenge/arena_navigation_actions.dart,
arena,AppRoutePaths.arenaStudioSmartRules,ArenaSmartRuleBuilderPage,flutter_app/lib/features/arena/presentation/pages/studio/arena_smart_rule_builder_page.dart,L2_detail,detail,A,3,4,PASS_MONITOR,0,0,0,0,0,0,1,4,8,low_signal_monitor,Keep as reference/monitor screen; avoid unnecessary churn.,flutter_app/lib/features/arena/presentation/pages/studio/arena_smart_rule_builder_page.dart;flutter_app/lib/features/arena/presentation/pages/studio/arena_smart_rule_builder_page_review_submit.dart;flutter_app/lib/features/arena/presentation/widgets/governance/arena_governance_gate_stepper_title.dart;flutter_app/lib/features/arena/presentation/widgets/hub/arena_date_format.dart;flutter_app/lib/features/arena/presentation/widgets/hub/arena_viewport_padding.dart;flutter_app/lib/features/arena/presentation/widgets/studio/arena_smart_rule_builder_page_basics_fields.dart;flutter_app/lib/features/arena/presentation/widgets/studio/arena_smart_rule_builder_page_condition_timing_fields.dart,
dca,AppRoutePaths.dcaDynamicAmount,DCADynamicAmountPage,flutter_app/lib/features/dca/presentation/pages/research/dca_dynamic_amount_page.dart,L2_detail,detail,A,1,4,PASS_MONITOR,0,0,0,0,1,0,1,2,4,low_signal_monitor,Keep as reference/monitor screen; avoid unnecessary churn.,flutter_app/lib/features/dca/presentation/pages/research/dca_dynamic_amount_page.dart;flutter_app/lib/features/dca/presentation/pages/research/dca_dynamic_amount_page_common.dart;flutter_app/lib/features/dca/presentation/pages/research/dca_dynamic_amount_page_hero_and_strategy.dart;flutter_app/lib/features/dca/presentation/pages/research/dca_dynamic_amount_page_history_and_config.dart;flutter_app/lib/features/dca/presentation/pages/research/dca_dynamic_amount_page_volatility_chart.dart,
earn_staking,AppRoutePaths.earnProofOfReserves,StakingProofOfReservesPage,flutter_app/lib/features/earn_staking/presentation/pages/staking/staking_proof_of_reserves_page.dart,L2_detail,detail,A,1,4,PASS_MONITOR,0,0,0,0,0,0,3,2,0,low_signal_monitor,Keep as reference/monitor screen; avoid unnecessary churn.,flutter_app/lib/features/earn_staking/presentation/pages/staking/staking_proof_of_reserves_page.dart;flutter_app/lib/features/earn_staking/presentation/widgets/staking/staking_proof_of_reserves_assets.dart;flutter_app/lib/features/earn_staking/presentation/widgets/staking/staking_proof_of_reserves_common.dart;flutter_app/lib/features/earn_staking/presentation/widgets/staking/staking_proof_of_reserves_overview.dart;flutter_app/lib/features/earn_staking/presentation/widgets/staking/staking_proof_of_reserves_overview_painters.dart;flutter_app/lib/features/earn_staking/presentation/widgets/staking/staking_proof_of_reserves_verify.dart;flutter_app/lib/features/earn_staking/presentation/widgets/staking/staking_proof_of_reserves_verify_sheet.dart,
launchpad,AppRoutePaths.launchpadWebhooks,LaunchpadWebhooksPage,flutter_app/lib/features/launchpad/presentation/pages/tools/launchpad_webhooks_page.dart,L2_detail,detail,A,1,4,PASS_MONITOR,0,0,0,0,0,0,3,3,6,low_signal_monitor,Keep as reference/monitor screen; avoid unnecessary churn.,flutter_app/lib/features/launchpad/presentation/pages/tools/launchpad_webhooks_page.dart;flutter_app/lib/features/launchpad/presentation/widgets/tools/launchpad_webhooks_common_widgets.dart;flutter_app/lib/features/launchpad/presentation/widgets/tools/launchpad_webhooks_create_sheet.dart;flutter_app/lib/features/launchpad/presentation/widgets/tools/launchpad_webhooks_deliveries.dart;flutter_app/lib/features/launchpad/presentation/widgets/tools/launchpad_webhooks_form_controls.dart;flutter_app/lib/features/launchpad/presentation/widgets/tools/launchpad_webhooks_stats_header.dart;flutter_app/lib/features/launchpad/presentation/widgets/tools/launchpad_webhooks_status_utils.dart;flutter_app/lib/features/launchpad/presentation/widgets/tools/launchpad_webhooks_subscription_detail.dart;flutter_app/lib/features/launchpad/presentation/widgets/tools/launchpad_webhooks_subscription_list.dart,
p2p_account,'/p2p/merchant/:merchantId',P2PMerchantProfilePage,flutter_app/lib/features/p2p_account/presentation/pages/merchant/p2p_merchant_profile_page.dart,L2_entityDetail,detail,D,0,4,PASS_MONITOR,0,0,1,0,0,0,0,0,1,spacer_inside_cards,Remove Spacer-driven loose card expansion or replace with fixed compact content rhythm.,flutter_app/lib/features/p2p_account/presentation/pages/merchant/p2p_merchant_profile_page.dart;flutter_app/lib/features/p2p_account/presentation/widgets/merchant/p2p_merchant_profile_ads_reviews.dart;flutter_app/lib/features/p2p_account/presentation/widgets/merchant/p2p_merchant_profile_header_stats.dart,
p2p_account,AppRoutePaths.p2pPaymentMethodAdd,P2PPaymentMethodAddPage,flutter_app/lib/features/p2p_account/presentation/pages/payment/p2p_payment_method_add_page.dart,L3_transactionFlow,detail,C,0,4,PASS_MONITOR,0,0,0,0,2,0,0,0,1,bottom_nav_inset_pressure,Recheck bottom-nav/sticky-footer clearance and keep primary content visible above chrome.,flutter_app/lib/features/p2p_account/presentation/pages/payment/p2p_payment_method_add_page.dart;flutter_app/lib/features/p2p_account/presentation/widgets/payment/p2p_payment_method_add_page_common.dart;flutter_app/lib/features/p2p_account/presentation/widgets/payment/p2p_payment_method_add_page_sections.dart,
p2p_account,'/p2p/payment-method/ownership/:methodId',P2PPaymentMethodOwnershipPage,flutter_app/lib/features/p2p_account/presentation/pages/payment/p2p_payment_method_ownership_page.dart,L3_transactionFlow,detail,C,4,4,PASS_MONITOR,0,0,0,0,0,0,0,0,0,low_signal_monitor,Keep as reference/monitor screen; avoid unnecessary churn.,flutter_app/lib/features/p2p_account/presentation/pages/payment/p2p_payment_method_ownership_page.dart,
p2p_orders,AppRoutePaths.p2pEscrowBalance,P2PEscrowBalancePage,flutter_app/lib/features/p2p_orders/presentation/pages/orders/p2p_escrow_balance_page.dart,L2_detail,detail,C,0,4,PASS_MONITOR,0,1,0,0,1,0,0,0,1,low_signal_monitor,Keep as reference/monitor screen; avoid unnecessary churn.,flutter_app/lib/features/p2p_orders/presentation/pages/orders/p2p_escrow_balance_page.dart;flutter_app/lib/features/p2p_orders/presentation/widgets/orders/p2p_escrow_balance_page_common.dart;flutter_app/lib/features/p2p_orders/presentation/widgets/orders/p2p_escrow_balance_page_sections.dart,
p2p_orders,AppRoutePaths.p2pWallet,P2PWalletPage,flutter_app/lib/features/p2p_orders/presentation/pages/wallet/p2p_wallet_page.dart,L2_detail,detail,A,1,4,PASS_MONITOR,0,0,0,0,0,0,3,1,0,low_signal_monitor,Keep as reference/monitor screen; avoid unnecessary churn.,flutter_app/lib/features/p2p_orders/presentation/pages/wallet/p2p_wallet_page.dart;flutter_app/lib/features/p2p_orders/presentation/widgets/wallet/p2p_wallet_actions_history.dart;flutter_app/lib/features/p2p_orders/presentation/widgets/wallet/p2p_wallet_balances.dart;flutter_app/lib/features/p2p_orders/presentation/widgets/wallet/p2p_wallet_hero.dart,
p2p_security,AppRoutePaths.p2pLimitsTracker,P2PLimitTrackerPage,flutter_app/lib/features/p2p_security/presentation/pages/security/p2p_limit_tracker_page.dart,L2_utilityDetail,detail,C,4,4,PASS_MONITOR,0,0,0,0,0,0,0,0,0,low_signal_monitor,Keep as reference/monitor screen; avoid unnecessary churn.,flutter_app/lib/features/p2p_security/presentation/pages/security/p2p_limit_tracker_page.dart,
trade,AppRoutePaths.tradeOrderReceipt,OrderReceiptPage,flutter_app/lib/features/trade/presentation/phone/pages/order_receipt_page.dart,L3_transactionFlow,detail,A,0,4,PASS_MONITOR,0,0,0,0,2,0,0,0,0,bottom_nav_inset_pressure,Recheck bottom-nav/sticky-footer clearance and keep primary content visible above chrome.,flutter_app/lib/features/trade/presentation/phone/pages/order_receipt_page.dart;flutter_app/lib/features/trade/presentation/widgets/phone/order_receipt_page_common.dart;flutter_app/lib/features/trade/presentation/widgets/phone/order_receipt_page_sections.dart,
trade,AppRoutePaths.tradeExport,TradeHistoryExportPage,flutter_app/lib/features/trade/presentation/pages/hub/trade_history_export_page.dart,L2_utilityDetail,detail,A,0,4,PASS_MONITOR,0,0,0,0,2,0,0,0,1,bottom_nav_inset_pressure,Recheck bottom-nav/sticky-footer clearance and keep primary content visible above chrome.,flutter_app/lib/features/trade/presentation/pages/hub/trade_history_export_page.dart;flutter_app/lib/features/trade/presentation/widgets/hub/trade_history_export_footer.dart;flutter_app/lib/features/trade/presentation/widgets/hub/trade_history_export_selectors_includes.dart;flutter_app/lib/features/trade/presentation/widgets/hub/trade_history_export_summary_sections.dart,
trade_bots,AppRoutePaths.tradeBotBacktesting,BotBacktestingPage,flutter_app/lib/features/trade_bots/presentation/pages/backtest/bot_backtesting_page.dart,L2_detail,detail,A,0,4,PASS_MONITOR,0,0,0,0,2,0,0,0,2,bottom_nav_inset_pressure,Recheck bottom-nav/sticky-footer clearance and keep primary content visible above chrome.,flutter_app/lib/features/trade_bots/presentation/pages/backtest/bot_backtesting_page.dart;flutter_app/lib/features/trade_bots/presentation/widgets/backtest/bot_backtesting_widgets.dart,
trade_bots,AppRoutePaths.tradeBotDrawdownAnalyzer,BotDrawdownAnalyzerPage,flutter_app/lib/features/trade_bots/presentation/pages/dashboard/bot_drawdown_analyzer_page.dart,L2_detail,detail,A,0,4,PASS_MONITOR,0,2,0,0,0,0,0,0,1,low_signal_monitor,Keep as reference/monitor screen; avoid unnecessary churn.,flutter_app/lib/features/trade_bots/presentation/pages/dashboard/bot_drawdown_analyzer_page.dart;flutter_app/lib/features/trade_bots/presentation/widgets/dashboard/bot_drawdown_analyzer_page_common.dart;flutter_app/lib/features/trade_bots/presentation/widgets/dashboard/bot_drawdown_analyzer_page_sections.dart,
trade_bots,AppRoutePaths.tradeBotEmergencyStop,BotEmergencyStopPage,flutter_app/lib/features/trade_bots/presentation/pages/settings/bot_emergency_stop_page.dart,L2_detail,detail,A,0,4,PASS_MONITOR,0,0,0,0,2,0,0,0,1,bottom_nav_inset_pressure,Recheck bottom-nav/sticky-footer clearance and keep primary content visible above chrome.,flutter_app/lib/features/trade_bots/presentation/pages/settings/bot_emergency_stop_page.dart;flutter_app/lib/features/trade_bots/presentation/widgets/settings/bot_emergency_stop_page_common.dart;flutter_app/lib/features/trade_bots/presentation/widgets/settings/bot_emergency_stop_page_sections.dart;flutter_app/lib/features/trade_bots/presentation/widgets/settings/trade_bot_radio_icon.dart,
trade_bots,AppRoutePaths.tradeBotOptimization,BotOptimizationPage,flutter_app/lib/features/trade_bots/presentation/pages/backtest/bot_optimization_page.dart,L2_detail,detail,A,0,4,PASS_MONITOR,0,0,0,0,2,0,0,0,0,bottom_nav_inset_pressure,Recheck bottom-nav/sticky-footer clearance and keep primary content visible above chrome.,flutter_app/lib/features/trade_bots/presentation/pages/backtest/bot_optimization_page.dart;flutter_app/lib/features/trade_bots/presentation/widgets/backtest/bot_optimization_page_common.dart;flutter_app/lib/features/trade_bots/presentation/widgets/backtest/bot_optimization_page_sections.dart,
trade_bots,AppRoutePaths.tradeBotRiskDashboard,BotRiskDashboardPage,flutter_app/lib/features/trade_bots/presentation/pages/dashboard/bot_risk_dashboard_page.dart,L2_sectionHub,detail,A,0,4,PASS_MONITOR,0,0,1,0,0,0,0,0,1,spacer_inside_cards,Remove Spacer-driven loose card expansion or replace with fixed compact content rhythm.,flutter_app/lib/features/trade_bots/presentation/pages/dashboard/bot_risk_dashboard_page.dart;flutter_app/lib/features/trade_bots/presentation/widgets/dashboard/bot_risk_dashboard_charts.dart;flutter_app/lib/features/trade_bots/presentation/widgets/dashboard/bot_risk_dashboard_controls.dart;flutter_app/lib/features/trade_bots/presentation/widgets/dashboard/bot_risk_dashboard_metrics.dart;flutter_app/lib/features/trade_bots/presentation/widgets/dashboard/bot_risk_dashboard_score.dart,
trade_copy,AppRoutePaths.tradeCopyEducation,CopyEducationPage,flutter_app/lib/features/trade_copy/presentation/pages/safety/copy_education_page.dart,L2_detail,detail,A,4,4,PASS_MONITOR,0,0,0,0,0,0,0,0,0,low_signal_monitor,Keep as reference/monitor screen; avoid unnecessary churn.,flutter_app/lib/features/trade_copy/presentation/pages/safety/copy_education_page.dart;flutter_app/lib/features/trade_copy/presentation/widgets/safety/copy_education_page_common.dart;flutter_app/lib/features/trade_copy/presentation/widgets/safety/copy_education_page_sections.dart,
trade_copy,AppRoutePaths.tradeCopyTrading,CopyTradingPage,flutter_app/lib/features/trade_copy/presentation/pages/hub/copy_trading_page.dart,L2_detail,detail,A,1,4,PASS_MONITOR,1,0,0,0,0,0,0,0,1,low_signal_monitor,Keep as reference/monitor screen; avoid unnecessary churn.,flutter_app/lib/features/trade_copy/presentation/pages/hub/copy_trading_page.dart;flutter_app/lib/features/trade_copy/presentation/widgets/hub/copy_trading_hero.dart;flutter_app/lib/features/trade_copy/presentation/widgets/hub/copy_trading_list.dart;flutter_app/lib/features/trade_copy/presentation/widgets/hub/copy_trading_metrics_common.dart,
trade_copy,AppRoutePaths.tradeCopyComparison,ProviderComparisonPage,flutter_app/lib/features/trade_copy/presentation/pages/provider/provider_comparison_page.dart,L2_detail,detail,A,4,4,PASS_MONITOR,0,0,0,0,0,0,0,0,0,low_signal_monitor,Keep as reference/monitor screen; avoid unnecessary churn.,flutter_app/lib/features/trade_copy/presentation/pages/provider/provider_comparison_page.dart,
arena,AppRoutePaths.arenaGuide,ArenaGuidePage,flutter_app/lib/features/arena/presentation/pages/governance/arena_guide_page.dart,L2_utilityDetail,detail,A,2,3,PASS_MONITOR,0,0,0,0,0,0,1,1,2,low_signal_monitor,Keep as reference/monitor screen; avoid unnecessary churn.,flutter_app/lib/features/arena/presentation/pages/governance/arena_guide_page.dart;flutter_app/lib/features/arena/presentation/pages/governance/arena_guide_page_faq_shared_widgets.dart;flutter_app/lib/features/arena/presentation/pages/governance/arena_guide_page_guide_tab.dart;flutter_app/lib/features/arena/presentation/pages/governance/arena_guide_page_tips_safety_content.dart;flutter_app/lib/features/arena/presentation/widgets/hub/arena_viewport_padding.dart,
arena,'/arena/join/:challengeId',ArenaJoinPage,flutter_app/lib/features/arena/presentation/pages/challenge/arena_join_page.dart,L2_entityDetail,detail,A,2,3,PASS_MONITOR,0,0,0,0,0,0,1,1,1,low_signal_monitor,Keep as reference/monitor screen; avoid unnecessary churn.,flutter_app/lib/features/arena/presentation/pages/challenge/arena_join_page.dart;flutter_app/lib/features/arena/presentation/widgets/challenge/arena_join_page_common.dart;flutter_app/lib/features/arena/presentation/widgets/challenge/arena_join_page_sections.dart;flutter_app/lib/features/arena/presentation/widgets/challenge/arena_navigation_actions.dart;flutter_app/lib/features/arena/presentation/widgets/hub/arena_viewport_padding.dart,
arena,AppRoutePaths.arenaStudioPresets,ArenaUniversalPresetLibraryPage,flutter_app/lib/features/arena/presentation/pages/studio/arena_universal_preset_library_page.dart,L2_detail,detail,A,2,3,PASS_MONITOR,0,0,0,0,0,0,1,4,5,low_signal_monitor,Keep as reference/monitor screen; avoid unnecessary churn.,flutter_app/lib/features/arena/presentation/pages/studio/arena_universal_preset_library_page.dart;flutter_app/lib/features/arena/presentation/pages/studio/arena_universal_preset_library_page_demo_and_title_widgets.dart;flutter_app/lib/features/arena/presentation/pages/studio/arena_universal_preset_library_page_domains_suggestions_dropdowns.dart;flutter_app/lib/features/arena/presentation/pages/studio/arena_universal_preset_library_page_titles_and_shared_widgets.dart;flutter_app/lib/features/arena/presentation/widgets/hub/arena_viewport_padding.dart,
dca,AppRoutePaths.dcaMultiAsset,DCAMultiAssetPage,flutter_app/lib/features/dca/presentation/pages/portfolio/dca_multi_asset_page.dart,L2_detail,detail,A,0,3,PASS_MONITOR,0,0,0,0,1,0,1,1,1,low_signal_monitor,Keep as reference/monitor screen; avoid unnecessary churn.,flutter_app/lib/features/dca/presentation/pages/portfolio/dca_multi_asset_page.dart;flutter_app/lib/features/dca/presentation/pages/portfolio/dca_multi_asset_page_assets_and_performance.dart;flutter_app/lib/features/dca/presentation/pages/portfolio/dca_multi_asset_page_common.dart;flutter_app/lib/features/dca/presentation/pages/portfolio/dca_multi_asset_page_setup.dart;flutter_app/lib/features/dca/presentation/widgets/dca_delete_button.dart;flutter_app/lib/features/dca/presentation/widgets/hub/dca_currency_formatters.dart,
dca,AppRoutePaths.dcaPerformanceCompare,DCAPerformanceComparePage,flutter_app/lib/features/dca/presentation/pages/portfolio/dca_performance_compare_page.dart,L2_detail,detail,A,0,3,PASS_MONITOR,0,0,0,0,1,0,1,1,0,low_signal_monitor,Keep as reference/monitor screen; avoid unnecessary churn.,flutter_app/lib/features/dca/presentation/pages/portfolio/dca_performance_compare_page.dart;flutter_app/lib/features/dca/presentation/widgets/hub/dca_currency_formatters.dart;flutter_app/lib/features/dca/presentation/widgets/portfolio/dca_performance_compare_analysis.dart;flutter_app/lib/features/dca/presentation/widgets/portfolio/dca_performance_compare_charts.dart;flutter_app/lib/features/dca/presentation/widgets/portfolio/dca_performance_compare_painters.dart;flutter_app/lib/features/dca/presentation/widgets/portfolio/dca_performance_compare_primitives.dart;flutter_app/lib/features/dca/presentation/widgets/portfolio/dca_performance_compare_tabs.dart,
dca,AppRoutePaths.dcaPortfolioOptimizer,DCAPortfolioOptimizerPage,flutter_app/lib/features/dca/presentation/pages/portfolio/dca_portfolio_optimizer_page.dart,L2_utilityDetail,detail,A,0,3,PASS_MONITOR,0,0,0,0,1,0,1,1,2,low_signal_monitor,Keep as reference/monitor screen; avoid unnecessary churn.,flutter_app/lib/features/dca/presentation/pages/portfolio/dca_portfolio_optimizer_page.dart;flutter_app/lib/features/dca/presentation/pages/portfolio/dca_portfolio_optimizer_page_common.dart;flutter_app/lib/features/dca/presentation/widgets/portfolio/dca_portfolio_optimizer_allocation_widgets.dart;flutter_app/lib/features/dca/presentation/widgets/portfolio/dca_portfolio_optimizer_common_widgets.dart;flutter_app/lib/features/dca/presentation/widgets/portfolio/dca_portfolio_optimizer_comparison_hero.dart;flutter_app/lib/features/dca/presentation/widgets/portfolio/dca_portfolio_optimizer_floating_actions.dart;flutter_app/lib/features/dca/presentation/widgets/portfolio/dca_portfolio_optimizer_frontier.dart;flutter_app/lib/features/dca/presentation/widgets/portfolio/dca_portfolio_optimizer_frontier_painter.dart;flutter_app/lib/features/dca/presentation/widgets/portfolio/dca_portfolio_optimizer_header_drift.dart;flutter_app/lib/features/dca/presentation/widgets/portfolio/dca_portfolio_optimizer_stat_widgets.dart;flutter_app/lib/features/dca/presentation/widgets/portfolio/dca_portfolio_optimizer_tab_panels.dart;flutter_app/lib/features/dca/presentation/widgets/portfolio/dca_portfolio_optimizer_tabs.dart,
dca,AppRoutePaths.dcaScheduleConfig,DCAScheduleConfigPage,flutter_app/lib/features/dca/presentation/pages/schedule/dca_schedule_config_page.dart,L2_detail,detail,A,0,3,PASS_MONITOR,0,0,0,0,1,0,1,2,1,low_signal_monitor,Keep as reference/monitor screen; avoid unnecessary churn.,flutter_app/lib/features/dca/presentation/pages/schedule/dca_schedule_config_page.dart;flutter_app/lib/features/dca/presentation/widgets/schedule/dca_schedule_common.dart;flutter_app/lib/features/dca/presentation/widgets/schedule/dca_schedule_limits_enable.dart;flutter_app/lib/features/dca/presentation/widgets/schedule/dca_schedule_strategy_time.dart,
earn_savings,AppRoutePaths.earnSavingsGuide,SavingsGuidePage,flutter_app/lib/features/earn_savings/presentation/pages/savings/savings_guide_page.dart,L2_utilityDetail,detail,A,0,3,PASS_MONITOR,0,0,0,0,0,0,3,2,2,low_signal_monitor,Keep as reference/monitor screen; avoid unnecessary churn.,flutter_app/lib/features/earn_savings/presentation/pages/savings/savings_guide_page.dart;flutter_app/lib/features/earn_savings/presentation/widgets/savings/savings_guide_common.dart;flutter_app/lib/features/earn_savings/presentation/widgets/savings/savings_guide_glossary.dart;flutter_app/lib/features/earn_savings/presentation/widgets/savings/savings_guide_tabs.dart;flutter_app/lib/features/earn_savings/presentation/widgets/savings/savings_guide_tutorials.dart,
earn_savings,AppRoutePaths.earnSavingsLadder,SavingsLadderPage,flutter_app/lib/features/earn_savings/presentation/pages/savings/savings_ladder_page.dart,L3_transactionFlow,detail,A,0,3,PASS_MONITOR,0,0,0,0,0,0,3,1,2,low_signal_monitor,Keep as reference/monitor screen; avoid unnecessary churn.,flutter_app/lib/features/earn_savings/presentation/pages/savings/savings_ladder_page.dart;flutter_app/lib/features/earn_savings/presentation/widgets/savings/savings_ladder_analysis.dart;flutter_app/lib/features/earn_savings/presentation/widgets/savings/savings_ladder_builder_config.dart;flutter_app/lib/features/earn_savings/presentation/widgets/savings/savings_ladder_common.dart;flutter_app/lib/features/earn_savings/presentation/widgets/savings/savings_ladder_formatters.dart;flutter_app/lib/features/earn_savings/presentation/widgets/savings/savings_ladder_hero.dart;flutter_app/lib/features/earn_savings/presentation/widgets/savings/savings_ladder_rung_manager.dart;flutter_app/lib/features/earn_savings/presentation/widgets/savings/savings_ladder_timeline.dart,
earn_savings,AppRoutePaths.earnSavingsRecommendations,SavingsRecommendationsPage,flutter_app/lib/features/earn_savings/presentation/pages/savings/savings_recommendations_page.dart,L2_detail,detail,A,0,3,PASS_MONITOR,0,0,0,0,0,0,3,3,3,low_signal_monitor,Keep as reference/monitor screen; avoid unnecessary churn.,flutter_app/lib/features/earn_savings/presentation/pages/savings/savings_recommendations_page.dart;flutter_app/lib/features/earn_savings/presentation/widgets/savings/savings_recommendations_amount_panel.dart;flutter_app/lib/features/earn_savings/presentation/widgets/savings/savings_recommendations_compare_sheet.dart;flutter_app/lib/features/earn_savings/presentation/widgets/savings/savings_recommendations_hero.dart;flutter_app/lib/features/earn_savings/presentation/widgets/savings/savings_recommendations_insights.dart;flutter_app/lib/features/earn_savings/presentation/widgets/savings/savings_recommendations_shared.dart;flutter_app/lib/features/earn_savings/presentation/widgets/savings/savings_recommendations_strategy_card.dart;flutter_app/lib/features/earn_savings/presentation/widgets/savings/savings_recommendations_strategy_detail_sheet.dart,
earn_savings,AppRoutePaths.earnSavingsWhatIf,SavingsWhatIfPage,flutter_app/lib/features/earn_savings/presentation/pages/savings/savings_what_if_page.dart,L2_detail,detail,A,0,3,PASS_MONITOR,0,0,0,0,0,0,3,1,3,low_signal_monitor,Keep as reference/monitor screen; avoid unnecessary churn.,flutter_app/lib/features/earn_savings/presentation/pages/savings/savings_what_if_page.dart;flutter_app/lib/features/earn_savings/presentation/pages/savings/savings_what_if_page_common.dart;flutter_app/lib/features/earn_savings/presentation/pages/savings/savings_what_if_page_sections.dart;flutter_app/lib/features/earn_savings/presentation/widgets/savings/savings_what_if_asset_impact.dart;flutter_app/lib/features/earn_savings/presentation/widgets/savings/savings_what_if_common_widgets.dart;flutter_app/lib/features/earn_savings/presentation/widgets/savings/savings_what_if_models.dart;flutter_app/lib/features/earn_savings/presentation/widgets/savings/savings_what_if_painters.dart;flutter_app/lib/features/earn_savings/presentation/widgets/savings/savings_what_if_results.dart;flutter_app/lib/features/earn_savings/presentation/widgets/savings/savings_what_if_stress.dart;flutter_app/lib/features/earn_savings/presentation/widgets/savings/savings_what_if_stress_components.dart,
earn_staking,AppRoutePaths.earnAnalytics,StakingAnalyticsPage,flutter_app/lib/features/earn_staking/presentation/pages/staking/staking_analytics_page.dart,L2_utilityDetail,detail,A,0,3,PASS_MONITOR,0,0,0,0,0,0,3,1,1,low_signal_monitor,Keep as reference/monitor screen; avoid unnecessary churn.,flutter_app/lib/features/earn_staking/presentation/pages/staking/staking_analytics_page.dart;flutter_app/lib/features/earn_staking/presentation/widgets/staking/staking_analytics_apy_tab.dart;flutter_app/lib/features/earn_staking/presentation/widgets/staking/staking_analytics_chart_shared.dart;flutter_app/lib/features/earn_staking/presentation/widgets/staking/staking_analytics_earnings_tab.dart;flutter_app/lib/features/earn_staking/presentation/widgets/staking/staking_analytics_products_tab.dart;flutter_app/lib/features/earn_staking/presentation/widgets/staking/staking_analytics_roi_tab.dart;flutter_app/lib/features/earn_staking/presentation/widgets/staking/staking_analytics_summary.dart,
launchpad,AppRoutePaths.launchpadBridgeOrderTx001,LaunchpadBridgeOrderPage,flutter_app/lib/features/launchpad/presentation/pages/bridge/launchpad_bridge_order_page.dart,L3_transactionFlow,detail,A,0,3,PASS_MONITOR,0,0,0,0,0,0,3,1,0,low_signal_monitor,Keep as reference/monitor screen; avoid unnecessary churn.,flutter_app/lib/features/launchpad/presentation/pages/bridge/launchpad_bridge_order_page.dart;flutter_app/lib/features/launchpad/presentation/widgets/bridge/launchpad_bridge_order_details.dart;flutter_app/lib/features/launchpad/presentation/widgets/bridge/launchpad_bridge_order_events.dart;flutter_app/lib/features/launchpad/presentation/widgets/bridge/launchpad_bridge_order_hero.dart;flutter_app/lib/features/launchpad/presentation/widgets/bridge/launchpad_bridge_order_timeline.dart,
launchpad,AppRoutePaths.launchpadClaimReceiptPos001,LaunchpadClaimReceiptPage,flutter_app/lib/features/launchpad/presentation/pages/claim/launchpad_claim_receipt_page.dart,L3_transactionFlow,detail,A,0,3,PASS_MONITOR,0,0,0,0,0,0,3,1,0,low_signal_monitor,Keep as reference/monitor screen; avoid unnecessary churn.,flutter_app/lib/features/launchpad/presentation/pages/claim/launchpad_claim_receipt_page.dart;flutter_app/lib/features/launchpad/presentation/widgets/claim/launchpad_claim_receipt_claim_sheet_widgets.dart;flutter_app/lib/features/launchpad/presentation/widgets/claim/launchpad_claim_receipt_hero_widgets.dart;flutter_app/lib/features/launchpad/presentation/widgets/claim/launchpad_claim_receipt_misc_widgets.dart;flutter_app/lib/features/launchpad/presentation/widgets/claim/launchpad_claim_receipt_overview_widgets.dart;flutter_app/lib/features/launchpad/presentation/widgets/claim/launchpad_claim_receipt_timeline_widgets.dart,
launchpad,AppRoutePaths.launchpad,LaunchpadPage,flutter_app/lib/features/launchpad/presentation/pages/hub/launchpad_page.dart,L1_productModuleHub,rootModule,A,0,3,PASS_MONITOR,0,0,0,0,0,1,0,1,1,root_top_chrome_first_viewport_cost,Keep as reference/monitor screen; avoid unnecessary churn.,flutter_app/lib/features/launchpad/presentation/pages/hub/launchpad_page.dart;flutter_app/lib/features/launchpad/presentation/widgets/hub/launchpad_home_header_widgets.dart;flutter_app/lib/features/launchpad/presentation/widgets/hub/launchpad_home_helpers.dart;flutter_app/lib/features/launchpad/presentation/widgets/hub/launchpad_home_project_widgets.dart;flutter_app/lib/features/launchpad/presentation/widgets/hub/launchpad_home_shared_widgets.dart;flutter_app/lib/features/launchpad/presentation/widgets/hub/launchpad_home_tool_widgets.dart,
launchpad,AppRoutePaths.launchpadReceiptSub001,LaunchpadReceiptPage,flutter_app/lib/features/launchpad/presentation/pages/hub/launchpad_receipt_page.dart,L3_transactionFlow,detail,A,0,3,PASS_MONITOR,0,0,0,0,0,0,3,1,0,low_signal_monitor,Keep as reference/monitor screen; avoid unnecessary churn.,flutter_app/lib/features/launchpad/presentation/pages/hub/launchpad_receipt_page.dart;flutter_app/lib/features/launchpad/presentation/widgets/hub/launchpad_receipt_details_next_steps.dart;flutter_app/lib/features/launchpad/presentation/widgets/hub/launchpad_receipt_states_success.dart,
markets,AppRoutePaths.marketsNews,MarketNewsPage,flutter_app/lib/features/markets/presentation/pages/research/market_news_page.dart,L1_utilityHub,detail,A,0,3,PASS_MONITOR,0,1,0,0,0,0,1,2,3,low_signal_monitor,Keep as reference/monitor screen; avoid unnecessary churn.,flutter_app/lib/features/markets/presentation/pages/research/market_news_page.dart;flutter_app/lib/features/markets/presentation/widgets/research/market_news_page_common.dart;flutter_app/lib/features/markets/presentation/widgets/research/market_news_page_sections.dart,
markets,'/pair/:pairId',PairDetailPage,flutter_app/lib/features/markets/presentation/pages/pair/pair_detail_page.dart,L2_instrumentDetail,instrument,A,0,3,PASS_MONITOR,0,0,0,0,1,0,1,2,0,low_signal_monitor,Keep as reference/monitor screen; avoid unnecessary churn.,flutter_app/lib/features/markets/presentation/pages/pair/pair_detail_page.dart;flutter_app/lib/features/markets/presentation/widgets/hub/market_formatters.dart;flutter_app/lib/features/markets/presentation/widgets/pair/pair_detail_chart_widgets.dart;flutter_app/lib/features/markets/presentation/widgets/pair/pair_detail_header_widgets.dart;flutter_app/lib/features/markets/presentation/widgets/pair/pair_detail_order_widgets.dart;flutter_app/lib/features/markets/presentation/widgets/pair/pair_detail_painter_widgets.dart,
markets,'/pair/:pairId/info',TokenInfoPage,flutter_app/lib/features/markets/presentation/pages/research/token_info_page.dart,L2_entityDetail,detail,A,2,3,PASS_MONITOR,0,0,0,0,0,0,1,1,0,low_signal_monitor,Keep as reference/monitor screen; avoid unnecessary churn.,flutter_app/lib/features/markets/presentation/pages/research/token_info_page.dart;flutter_app/lib/features/markets/presentation/widgets/hub/market_formatters.dart;flutter_app/lib/features/markets/presentation/widgets/research/token_info_detail_widgets.dart;flutter_app/lib/features/markets/presentation/widgets/research/token_info_market_widgets.dart;flutter_app/lib/features/markets/presentation/widgets/research/token_info_tabs_widgets.dart,
p2p_account,AppRoutePaths.p2pKycAddress,P2PAddressProofPage,flutter_app/lib/features/p2p_account/presentation/pages/merchant/p2p_address_proof_page.dart,L3_transactionFlow,detail,A,0,3,PASS_MONITOR,0,0,0,0,0,0,3,1,1,low_signal_monitor,Keep as reference/monitor screen; avoid unnecessary churn.,flutter_app/lib/features/p2p_account/presentation/pages/merchant/p2p_address_proof_page.dart;flutter_app/lib/features/p2p_account/presentation/widgets/merchant/p2p_address_proof_page_common.dart;flutter_app/lib/features/p2p_account/presentation/widgets/merchant/p2p_address_proof_page_sections.dart,
p2p_account,AppRoutePaths.p2pKycRequirements,P2PKycRequirementsPage,flutter_app/lib/features/p2p_account/presentation/pages/merchant/p2p_kyc_requirements_page.dart,L3_transactionFlow,detail,A,0,3,PASS_MONITOR,0,0,0,0,0,0,3,1,2,low_signal_monitor,Keep as reference/monitor screen; avoid unnecessary churn.,flutter_app/lib/features/p2p_account/presentation/pages/merchant/p2p_kyc_requirements_page.dart;flutter_app/lib/features/p2p_account/presentation/widgets/merchant/p2p_kyc_requirements_page_common.dart;flutter_app/lib/features/p2p_account/presentation/widgets/merchant/p2p_kyc_requirements_page_sections.dart,
p2p_dispute,'/p2p/dispute/detail/:disputeId',P2PDisputeDetailPage,flutter_app/lib/features/p2p_dispute/presentation/pages/dispute/p2p_dispute_detail_page.dart,L2_entityDetail,detail,A,2,3,PASS_MONITOR,0,0,0,0,0,0,1,1,1,low_signal_monitor,Keep as reference/monitor screen; avoid unnecessary churn.,flutter_app/lib/features/p2p_dispute/presentation/pages/dispute/p2p_dispute_detail_page.dart;flutter_app/lib/features/p2p_dispute/presentation/widgets/dispute/p2p_dispute_actions_card.dart;flutter_app/lib/features/p2p_dispute/presentation/widgets/dispute/p2p_dispute_detail_common.dart;flutter_app/lib/features/p2p_dispute/presentation/widgets/dispute/p2p_dispute_escalation_card.dart;flutter_app/lib/features/p2p_dispute/presentation/widgets/dispute/p2p_dispute_evidence_card.dart;flutter_app/lib/features/p2p_dispute/presentation/widgets/dispute/p2p_dispute_status_banner.dart;flutter_app/lib/features/p2p_dispute/presentation/widgets/dispute/p2p_dispute_support_chat.dart;flutter_app/lib/features/p2p_dispute/presentation/widgets/dispute/p2p_dispute_timeline_card.dart;flutter_app/lib/features/p2p_dispute/presentation/widgets/dispute/p2p_dispute_widgets.dart,
p2p_dispute,AppRoutePaths.p2pInsurance,P2PInsuranceFundPage,flutter_app/lib/features/p2p_dispute/presentation/pages/dispute/p2p_insurance_fund_page.dart,L2_detail,detail,A,0,3,PASS_MONITOR,0,0,0,0,0,0,3,1,0,low_signal_monitor,Keep as reference/monitor screen; avoid unnecessary churn.,flutter_app/lib/features/p2p_dispute/presentation/pages/dispute/p2p_insurance_fund_claims_tour.dart;flutter_app/lib/features/p2p_dispute/presentation/pages/dispute/p2p_insurance_fund_overview_cards.dart;flutter_app/lib/features/p2p_dispute/presentation/pages/dispute/p2p_insurance_fund_page.dart;flutter_app/lib/features/p2p_dispute/presentation/pages/dispute/p2p_insurance_fund_page_common.dart,
p2p_marketplace,AppRoutePaths.p2pDashboard,P2PDashboardPage,flutter_app/lib/features/p2p_marketplace/presentation/pages/hub/p2p_dashboard_page.dart,L2_sectionHub,detail,A,0,3,PASS_MONITOR,0,0,0,0,0,0,3,2,1,low_signal_monitor,Keep as reference/monitor screen; avoid unnecessary churn.,flutter_app/lib/features/p2p_marketplace/presentation/pages/hub/p2p_dashboard_page.dart;flutter_app/lib/features/p2p_marketplace/presentation/widgets/hub/p2p_dashboard_activity_cards.dart;flutter_app/lib/features/p2p_marketplace/presentation/widgets/hub/p2p_dashboard_overview_cards.dart;flutter_app/lib/features/p2p_marketplace/presentation/widgets/hub/p2p_dashboard_page_common.dart;flutter_app/lib/features/p2p_marketplace/presentation/widgets/hub/p2p_dashboard_row_widgets.dart,
p2p_marketplace,AppRoutePaths.p2pExpress,P2PExpressPage,flutter_app/lib/features/p2p_marketplace/presentation/pages/hub/p2p_express_page.dart,L2_detail,detail,A,0,3,PASS_MONITOR,0,0,0,0,1,0,1,1,3,low_signal_monitor,Keep as reference/monitor screen; avoid unnecessary churn.,flutter_app/lib/features/p2p_marketplace/presentation/pages/hub/p2p_express_page.dart;flutter_app/lib/features/p2p_marketplace/presentation/widgets/hub/p2p_express_form_cards.dart;flutter_app/lib/features/p2p_marketplace/presentation/widgets/hub/p2p_express_page_common.dart;flutter_app/lib/features/p2p_marketplace/presentation/widgets/hub/p2p_express_page_state.dart,
p2p_marketplace,AppRoutePaths.p2pSettings,P2PSettingsPage,flutter_app/lib/features/p2p_marketplace/presentation/pages/hub/p2p_settings_page.dart,L2_utilityDetail,detail,A,0,3,PASS_MONITOR,0,0,0,0,0,0,3,1,0,low_signal_monitor,Keep as reference/monitor screen; avoid unnecessary churn.,flutter_app/lib/features/p2p_marketplace/presentation/pages/hub/p2p_settings_page.dart;flutter_app/lib/features/p2p_marketplace/presentation/widgets/hub/p2p_settings_hours_common.dart;flutter_app/lib/features/p2p_marketplace/presentation/widgets/hub/p2p_settings_trade_security.dart,
p2p_orders,AppRoutePaths.p2pMyOrders,P2PMyOrdersPage,flutter_app/lib/features/p2p_orders/presentation/pages/orders/p2p_my_orders_page.dart,L2_detail,detail,A,0,3,PASS_MONITOR,0,0,0,0,0,0,3,1,0,low_signal_monitor,Keep as reference/monitor screen; avoid unnecessary churn.,flutter_app/lib/features/p2p_orders/presentation/pages/orders/p2p_my_orders_page.dart;flutter_app/lib/features/p2p_orders/presentation/widgets/orders/p2p_my_orders_page_common.dart;flutter_app/lib/features/p2p_orders/presentation/widgets/orders/p2p_my_orders_page_sections.dart,
p2p_security,AppRoutePaths.p2pBlacklist,P2PBlacklistPage,flutter_app/lib/features/p2p_security/presentation/pages/security/p2p_blacklist_page.dart,L2_detail,detail,A,0,3,PASS_MONITOR,0,0,0,0,0,0,3,2,0,low_signal_monitor,Keep as reference/monitor screen; avoid unnecessary churn.,flutter_app/lib/features/p2p_security/presentation/pages/security/p2p_blacklist_page.dart;flutter_app/lib/features/p2p_security/presentation/widgets/security/p2p_blacklist_common.dart;flutter_app/lib/features/p2p_security/presentation/widgets/security/p2p_blacklist_entries.dart;flutter_app/lib/features/p2p_security/presentation/widgets/security/p2p_blacklist_summary_filters.dart,
p2p_security,AppRoutePaths.p2pE2EInfo,P2PE2EInfoPage,flutter_app/lib/features/p2p_security/presentation/pages/security/p2p_e2e_info_page.dart,L2_detail,detail,A,0,3,PASS_MONITOR,0,0,0,0,0,0,3,1,0,low_signal_monitor,Keep as reference/monitor screen; avoid unnecessary churn.,flutter_app/lib/features/p2p_security/presentation/pages/security/p2p_e2e_info_page.dart,
p2p_security,'/p2p/report/:merchantId',P2PReportMerchantPage,flutter_app/lib/features/p2p_security/presentation/pages/security/p2p_report_merchant_page.dart,L2_entityDetail,detail,A,0,3,PASS_MONITOR,0,0,0,0,0,0,3,1,0,low_signal_monitor,Keep as reference/monitor screen; avoid unnecessary churn.,flutter_app/lib/features/p2p_security/presentation/pages/security/p2p_report_merchant_page.dart;flutter_app/lib/features/p2p_security/presentation/widgets/security/p2p_report_merchant_reasons_details.dart;flutter_app/lib/features/p2p_security/presentation/widgets/security/p2p_report_merchant_summary_actions.dart,
trade,'/trade/:pairId/futures/leverage',LeveragePage,flutter_app/lib/features/trade/presentation/pages/futures/leverage_page.dart,L2_entityDetail,detail,A,0,3,PASS_MONITOR,1,0,0,0,0,0,0,0,0,low_signal_monitor,Keep as reference/monitor screen; avoid unnecessary churn.,flutter_app/lib/features/trade/presentation/pages/futures/leverage_page.dart;flutter_app/lib/features/trade/presentation/widgets/futures/leverage_controls_presets.dart;flutter_app/lib/features/trade/presentation/widgets/futures/leverage_header_hero_risk.dart;flutter_app/lib/features/trade/presentation/widgets/futures/leverage_impact_confirm.dart,
trade_bots,AppRoutePaths.tradeBotTermsOfService,BotTermsOfServicePage,flutter_app/lib/features/trade_bots/presentation/pages/settings/bot_terms_of_service_page.dart,L2_detail,detail,A,1,3,PASS_MONITOR,0,0,0,0,1,0,0,1,0,low_signal_monitor,Keep as reference/monitor screen; avoid unnecessary churn.,flutter_app/lib/features/trade_bots/presentation/pages/settings/bot_terms_of_service_page.dart;flutter_app/lib/features/trade_bots/presentation/widgets/settings/bot_terms_of_service_page_common.dart;flutter_app/lib/features/trade_bots/presentation/widgets/settings/bot_terms_of_service_page_sections.dart,
trade_compliance,AppRoutePaths.tradeCopyArmIntegrationStatus,ArmIntegrationStatusPage,flutter_app/lib/features/trade_compliance/presentation/pages/client_money/arm_integration_status_page.dart,L2_detail,detail,A,0,3,PASS_MONITOR,1,0,0,0,0,0,0,0,0,low_signal_monitor,Keep as reference/monitor screen; avoid unnecessary churn.,flutter_app/lib/features/trade_compliance/presentation/pages/client_money/arm_integration_status_page.dart;flutter_app/lib/features/trade_compliance/presentation/widgets/client_money/arm_integration_common_painter.dart;flutter_app/lib/features/trade_compliance/presentation/widgets/client_money/arm_integration_providers.dart;flutter_app/lib/features/trade_compliance/presentation/widgets/client_money/arm_integration_sla_actions.dart,
trade_compliance,AppRoutePaths.tradeCopyKidGenerator,KIDGeneratorPage,flutter_app/lib/features/trade_compliance/presentation/pages/disclosures/kid_generator_page.dart,L2_detail,detail,A,0,3,PASS_MONITOR,1,0,0,0,0,0,0,0,0,low_signal_monitor,Keep as reference/monitor screen; avoid unnecessary churn.,flutter_app/lib/features/trade_compliance/presentation/pages/disclosures/kid_generator_page.dart,
trade_compliance,AppRoutePaths.tradeCopySlippageMonitoring,SlippageMonitoringPage,flutter_app/lib/features/trade_compliance/presentation/pages/execution/slippage_monitoring_page.dart,L2_detail,detail,A,0,3,PASS_MONITOR,1,0,0,0,0,0,0,0,0,low_signal_monitor,Keep as reference/monitor screen; avoid unnecessary churn.,flutter_app/lib/features/trade_compliance/presentation/pages/execution/slippage_monitoring_page.dart;flutter_app/lib/features/trade_compliance/presentation/widgets/execution/slippage_monitoring_common.dart;flutter_app/lib/features/trade_compliance/presentation/widgets/execution/slippage_monitoring_events.dart;flutter_app/lib/features/trade_compliance/presentation/widgets/execution/slippage_monitoring_overview.dart;flutter_app/lib/features/trade_compliance/presentation/widgets/execution/slippage_monitoring_tabs.dart,
trade_copy,'/trade/copy-audit-log/:copyId',CopyAuditLogPage,flutter_app/lib/features/trade_copy/presentation/pages/safety/copy_audit_log_page.dart,L2_entityDetail,detail,A,0,3,PASS_MONITOR,1,0,0,0,0,0,0,0,0,low_signal_monitor,Keep as reference/monitor screen; avoid unnecessary churn.,flutter_app/lib/features/trade_copy/presentation/pages/safety/copy_audit_log_page.dart;flutter_app/lib/features/trade_copy/presentation/widgets/safety/copy_audit_log_controls.dart;flutter_app/lib/features/trade_copy/presentation/widgets/safety/copy_audit_log_events.dart;flutter_app/lib/features/trade_copy/presentation/widgets/safety/copy_audit_log_summary.dart,
trade_copy,AppRoutePaths.tradeCopySafetyCenter,CopySafetyCenterPage,flutter_app/lib/features/trade_copy/presentation/pages/safety/copy_safety_center_page.dart,L2_sectionHub,detail,A,0,3,PASS_MONITOR,1,0,0,0,0,0,0,0,0,low_signal_monitor,Keep as reference/monitor screen; avoid unnecessary churn.,flutter_app/lib/features/trade_copy/presentation/pages/safety/copy_safety_center_page.dart;flutter_app/lib/features/trade_copy/presentation/widgets/safety/copy_safety_enforcement_common.dart;flutter_app/lib/features/trade_copy/presentation/widgets/safety/copy_safety_metrics_tools.dart;flutter_app/lib/features/trade_copy/presentation/widgets/safety/copy_safety_overview.dart;flutter_app/lib/features/trade_copy/presentation/widgets/trade_copy_header_body_card.dart,
trade_copy,'/trade/copy-provider/:providerId/assessment',PreCopyAssessmentPage,flutter_app/lib/features/trade_copy/presentation/pages/flow/pre_copy_assessment_page.dart,L3_transactionFlow,detail,A,1,3,PASS_MONITOR,0,1,0,0,0,0,0,0,1,low_signal_monitor,Keep as reference/monitor screen; avoid unnecessary churn.,flutter_app/lib/features/trade_copy/presentation/pages/flow/pre_copy_assessment_page.dart;flutter_app/lib/features/trade_copy/presentation/widgets/hub/copy_trading_list.dart,
trade_terminal,AppRoutePaths.tradeAdvancedTools,AdvancedToolsDemoPage,flutter_app/lib/features/trade_terminal/presentation/pages/tools/advanced_tools_demo_page.dart,L2_detail,detail,A,0,3,PASS_MONITOR,1,0,0,0,0,0,0,1,0,low_signal_monitor,Keep as reference/monitor screen; avoid unnecessary churn.,flutter_app/lib/features/trade_terminal/presentation/pages/tools/advanced_tools_demo_page.dart;flutter_app/lib/features/trade_terminal/presentation/widgets/tools/advanced_tools_common.dart;flutter_app/lib/features/trade_terminal/presentation/widgets/tools/advanced_tools_overview.dart;flutter_app/lib/features/trade_terminal/presentation/widgets/tools/advanced_tools_tabs_sheets.dart,
arena,AppRoutePaths.arenaStudioGovernance,ArenaGovernanceGatePage,flutter_app/lib/features/arena/presentation/pages/governance/arena_governance_gate_page.dart,L2_detail,detail,A,1,2,PASS_MONITOR,0,0,0,0,0,0,1,1,2,low_signal_monitor,Keep as reference/monitor screen; avoid unnecessary churn.,flutter_app/lib/features/arena/presentation/pages/governance/arena_governance_gate_page.dart;flutter_app/lib/features/arena/presentation/pages/governance/arena_governance_gate_page_tier_style.dart;flutter_app/lib/features/arena/presentation/widgets/governance/arena_governance_gate_field_controls.dart;flutter_app/lib/features/arena/presentation/widgets/governance/arena_governance_gate_helpers.dart;flutter_app/lib/features/arena/presentation/widgets/governance/arena_governance_gate_models.dart;flutter_app/lib/features/arena/presentation/widgets/governance/arena_governance_gate_privacy_clarity.dart;flutter_app/lib/features/arena/presentation/widgets/governance/arena_governance_gate_resolution_timing.dart;flutter_app/lib/features/arena/presentation/widgets/governance/arena_governance_gate_setup_fields.dart;flutter_app/lib/features/arena/presentation/widgets/governance/arena_governance_gate_status_widgets.dart;flutter_app/lib/features/arena/presentation/widgets/governance/arena_governance_gate_stepper_title.dart;flutter_app/lib/features/arena/presentation/widgets/governance/arena_governance_gate_suggestions_eligibility.dart;flutter_app/lib/features/arena/presentation/widgets/governance/arena_governance_gate_summary_footer.dart;flutter_app/lib/features/arena/presentation/widgets/hub/arena_date_format.dart;flutter_app/lib/features/arena/presentation/widgets/hub/arena_state_cards.dart;flutter_app/lib/features/arena/presentation/widgets/hub/arena_viewport_padding.dart,
arena,'/arena/ledger/entry/:entryId',ArenaPointsEntryDetailPage,flutter_app/lib/features/arena/presentation/pages/points/arena_points_entry_detail_page.dart,L2_entityDetail,detail,A,1,2,PASS_MONITOR,0,0,0,0,0,0,1,1,1,low_signal_monitor,Keep as reference/monitor screen; avoid unnecessary churn.,flutter_app/lib/features/arena/presentation/pages/points/arena_points_entry_detail_page.dart;flutter_app/lib/features/arena/presentation/widgets/hub/arena_viewport_padding.dart;flutter_app/lib/features/arena/presentation/widgets/points/arena_points_entry_detail_page_common.dart;flutter_app/lib/features/arena/presentation/widgets/points/arena_points_entry_detail_page_sections.dart,
arena,AppRoutePaths.arenaStudio,ArenaStudioPage,flutter_app/lib/features/arena/presentation/pages/studio/arena_studio_page.dart,L2_detail,detail,A,1,2,PASS_MONITOR,0,0,0,0,0,0,1,1,5,low_signal_monitor,Keep as reference/monitor screen; avoid unnecessary churn.,flutter_app/lib/features/arena/presentation/pages/studio/arena_studio_page.dart;flutter_app/lib/features/arena/presentation/widgets/governance/arena_governance_gate_stepper_title.dart;flutter_app/lib/features/arena/presentation/widgets/hub/arena_viewport_padding.dart;flutter_app/lib/features/arena/presentation/widgets/studio/arena_studio_fee_banner.dart;flutter_app/lib/features/arena/presentation/widgets/studio/arena_studio_footer.dart;flutter_app/lib/features/arena/presentation/widgets/studio/arena_studio_stepper.dart;flutter_app/lib/features/arena/presentation/widgets/studio/arena_studio_steps.dart,
cross_module,AppRoutePaths.crossModuleAnalytics,CrossModuleAnalyticsPage,flutter_app/lib/features/cross_module/presentation/pages/cross_module_analytics_page.dart,L1_utilityHub,detail,A,1,2,PASS_MONITOR,0,0,0,0,0,0,1,1,0,low_signal_monitor,Keep as reference/monitor screen; avoid unnecessary churn.,flutter_app/lib/features/cross_module/presentation/pages/cross_module_analytics_page.dart;flutter_app/lib/features/cross_module/presentation/widgets/cross_module_analytics_cards.dart;flutter_app/lib/features/cross_module/presentation/widgets/cross_module_analytics_common.dart;flutter_app/lib/features/cross_module/presentation/widgets/cross_module_analytics_painters.dart;flutter_app/lib/features/cross_module/presentation/widgets/cross_module_analytics_tabs.dart;flutter_app/lib/features/cross_module/presentation/widgets/cross_module_tabbed_shell.dart,
markets,AppRoutePaths.marketsCalendar,MarketCalendarPage,flutter_app/lib/features/markets/presentation/pages/tools/market_calendar_page.dart,L2_utilityDetail,detail,A,1,2,PASS_MONITOR,0,0,0,0,0,0,1,2,2,low_signal_monitor,Keep as reference/monitor screen; avoid unnecessary churn.,flutter_app/lib/features/markets/presentation/pages/tools/market_calendar_page.dart;flutter_app/lib/features/markets/presentation/widgets/tools/market_calendar_common.dart;flutter_app/lib/features/markets/presentation/widgets/tools/market_calendar_events.dart;flutter_app/lib/features/markets/presentation/widgets/tools/market_calendar_filters.dart;flutter_app/lib/features/markets/presentation/widgets/tools/market_calendar_month.dart,
p2p_dispute,AppRoutePaths.p2pInsuranceCertificate,P2PInsuranceCertificatePage,flutter_app/lib/features/p2p_dispute/presentation/pages/dispute/p2p_insurance_certificate_page.dart,L2_detail,detail,C,0,2,PASS_MONITOR,0,0,0,0,1,0,0,0,0,low_signal_monitor,Keep as reference/monitor screen; avoid unnecessary churn.,flutter_app/lib/features/p2p_dispute/presentation/pages/dispute/p2p_insurance_certificate_page.dart;flutter_app/lib/features/p2p_dispute/presentation/widgets/dispute/p2p_insurance_certificate_page_common.dart;flutter_app/lib/features/p2p_dispute/presentation/widgets/dispute/p2p_insurance_certificate_page_sections.dart,
p2p_marketplace,'/p2p/ad/:adId',P2PAdDetailPage,flutter_app/lib/features/p2p_marketplace/presentation/pages/ads/p2p_ad_detail_page.dart,L3_transactionFlow,detail,A,1,2,PASS_MONITOR,0,0,0,0,0,0,1,1,2,low_signal_monitor,Keep as reference/monitor screen; avoid unnecessary churn.,flutter_app/lib/features/p2p_marketplace/presentation/pages/ads/p2p_ad_detail_page.dart;flutter_app/lib/features/p2p_marketplace/presentation/widgets/ads/p2p_ad_detail_amount_terms.dart;flutter_app/lib/features/p2p_marketplace/presentation/widgets/ads/p2p_ad_detail_merchant_info.dart,
p2p_marketplace,AppRoutePaths.p2pCreate,P2PCreateAdPage,flutter_app/lib/features/p2p_marketplace/presentation/pages/ads/p2p_create_ad_page.dart,L3_transactionFlow,detail,C,0,2,PASS_MONITOR,0,0,0,0,1,0,0,0,4,low_signal_monitor,Keep as reference/monitor screen; avoid unnecessary churn.,flutter_app/lib/features/p2p_marketplace/presentation/pages/ads/p2p_create_ad_page.dart;flutter_app/lib/features/p2p_marketplace/presentation/widgets/ads/p2p_create_ad_choice_chips.dart;flutter_app/lib/features/p2p_marketplace/presentation/widgets/ads/p2p_create_ad_page_sections.dart;flutter_app/lib/features/p2p_marketplace/presentation/widgets/ads/p2p_create_ad_preview_confirm.dart;flutter_app/lib/features/p2p_marketplace/presentation/widgets/ads/p2p_create_ad_sections.dart,
p2p_orders,'/p2p/escrow/:orderId',P2PEscrowDetailPage,flutter_app/lib/features/p2p_orders/presentation/pages/orders/p2p_escrow_detail_page.dart,L2_entityDetail,detail,C,0,2,PASS_MONITOR,0,0,0,0,1,0,0,0,0,low_signal_monitor,Keep as reference/monitor screen; avoid unnecessary churn.,flutter_app/lib/features/p2p_orders/presentation/pages/orders/p2p_escrow_detail_page.dart;flutter_app/lib/features/p2p_orders/presentation/widgets/orders/p2p_escrow_detail_multisig_order.dart;flutter_app/lib/features/p2p_orders/presentation/widgets/orders/p2p_escrow_detail_status_address.dart;flutter_app/lib/features/p2p_orders/presentation/widgets/orders/p2p_escrow_detail_timeline_actions.dart,
p2p_orders,AppRoutePaths.p2pWalletFundLockHistory,P2PFundLockHistoryPage,flutter_app/lib/features/p2p_orders/presentation/pages/orders/p2p_fund_lock_history_page.dart,L2_utilityDetail,detail,C,0,2,PASS_MONITOR,0,1,0,0,0,0,0,0,0,low_signal_monitor,Keep as reference/monitor screen; avoid unnecessary churn.,flutter_app/lib/features/p2p_orders/presentation/pages/orders/p2p_fund_lock_history_page.dart,
p2p_orders,AppRoutePaths.p2pWalletHistory,P2PFundLockHistoryPage,flutter_app/lib/features/p2p_orders/presentation/pages/orders/p2p_fund_lock_history_page.dart,L2_utilityDetail,detail,C,0,2,PASS_MONITOR,0,1,0,0,0,0,0,0,0,low_signal_monitor,Keep as reference/monitor screen; avoid unnecessary churn.,flutter_app/lib/features/p2p_orders/presentation/pages/orders/p2p_fund_lock_history_page.dart,
p2p_orders,'/p2p/order/rate/:orderId',P2POrderRatePage,flutter_app/lib/features/p2p_orders/presentation/pages/orders/p2p_order_rate_page.dart,L2_entityDetail,detail,A,1,2,PASS_MONITOR,0,0,0,0,0,0,1,2,0,low_signal_monitor,Keep as reference/monitor screen; avoid unnecessary churn.,flutter_app/lib/features/p2p_orders/presentation/pages/orders/p2p_order_rate_page.dart;flutter_app/lib/features/p2p_orders/presentation/widgets/orders/p2p_order_rate_widgets.dart,
p2p_security,AppRoutePaths.p2pSecurityDevices,P2PDeviceManagementPage,flutter_app/lib/features/p2p_security/presentation/pages/security/p2p_device_management_page.dart,L2_utilityDetail,detail,C,0,2,PASS_MONITOR,0,1,0,0,0,0,0,0,1,low_signal_monitor,Keep as reference/monitor screen; avoid unnecessary churn.,flutter_app/lib/features/p2p_security/presentation/pages/security/p2p_device_management_page.dart;flutter_app/lib/features/p2p_security/presentation/widgets/security/p2p_device_management_cards.dart;flutter_app/lib/features/p2p_security/presentation/widgets/security/p2p_device_management_overview.dart;flutter_app/lib/features/p2p_security/presentation/widgets/security/p2p_device_management_tips.dart,
p2p_security,AppRoutePaths.p2pSecuritySuspiciousActivity,P2PSuspiciousActivityPage,flutter_app/lib/features/p2p_security/presentation/pages/security/p2p_suspicious_activity_page.dart,L2_detail,detail,C,0,2,PASS_MONITOR,0,1,0,0,0,0,0,0,0,low_signal_monitor,Keep as reference/monitor screen; avoid unnecessary churn.,flutter_app/lib/features/p2p_security/presentation/pages/security/p2p_suspicious_activity_page.dart,
trade_copy,AppRoutePaths.tradeCopyProviderApply,ProviderApplicationPage,flutter_app/lib/features/trade_copy/presentation/pages/provider/provider_application_page.dart,L2_detail,detail,A,0,2,PASS_MONITOR,0,0,0,0,1,0,0,0,0,low_signal_monitor,Keep as reference/monitor screen; avoid unnecessary churn.,flutter_app/lib/features/trade_copy/presentation/pages/provider/provider_application_page.dart;flutter_app/lib/features/trade_copy/presentation/widgets/provider/provider_application_common.dart;flutter_app/lib/features/trade_copy/presentation/widgets/provider/provider_application_progress_intro.dart;flutter_app/lib/features/trade_copy/presentation/widgets/provider/provider_application_steps.dart;flutter_app/lib/features/trade_copy/presentation/widgets/trade_copy_consent_card.dart,
arena,'/arena/creator/:creatorId',ArenaCreatorPage,flutter_app/lib/features/arena/presentation/pages/studio/arena_creator_page.dart,L2_entityDetail,detail,A,0,1,PASS_MONITOR,0,0,0,0,0,0,1,1,1,low_signal_monitor,Keep as reference/monitor screen; avoid unnecessary churn.,flutter_app/lib/features/arena/presentation/pages/studio/arena_creator_page.dart;flutter_app/lib/features/arena/presentation/widgets/challenge/arena_navigation_actions.dart;flutter_app/lib/features/arena/presentation/widgets/hub/arena_viewport_padding.dart;flutter_app/lib/features/arena/presentation/widgets/studio/arena_creator_common.dart;flutter_app/lib/features/arena/presentation/widgets/studio/arena_creator_hero_trust.dart;flutter_app/lib/features/arena/presentation/widgets/studio/arena_creator_tabs.dart,
arena,AppRoutePaths.arenaFlowMap,ArenaFlowMapPage,flutter_app/lib/features/arena/presentation/pages/hub/arena_flow_map_page.dart,L2_detail,detail,A,0,1,PASS_MONITOR,0,0,0,0,0,0,1,1,1,low_signal_monitor,Keep as reference/monitor screen; avoid unnecessary churn.,flutter_app/lib/features/arena/presentation/pages/hub/arena_flow_map_page.dart;flutter_app/lib/features/arena/presentation/widgets/hub/arena_flow_map_nodes.dart;flutter_app/lib/features/arena/presentation/widgets/hub/arena_flow_map_overview.dart;flutter_app/lib/features/arena/presentation/widgets/hub/arena_flow_map_qa.dart,
arena,AppRoutePaths.arenaLeaderboard,ArenaLeaderboardPage,flutter_app/lib/features/arena/presentation/pages/challenge/arena_leaderboard_page.dart,L2_detail,detail,A,0,1,PASS_MONITOR,0,0,0,0,0,0,1,3,0,low_signal_monitor,Keep as reference/monitor screen; avoid unnecessary churn.,flutter_app/lib/features/arena/presentation/pages/challenge/arena_leaderboard_page.dart;flutter_app/lib/features/arena/presentation/widgets/challenge/arena_leaderboard_body.dart;flutter_app/lib/features/arena/presentation/widgets/challenge/arena_leaderboard_controls.dart;flutter_app/lib/features/arena/presentation/widgets/challenge/arena_leaderboard_rows_footer.dart;flutter_app/lib/features/arena/presentation/widgets/challenge/arena_navigation_actions.dart,
arena,'/arena/report/:caseId',ArenaReportCasePage,flutter_app/lib/features/arena/presentation/pages/governance/arena_report_case_page.dart,L2_entityDetail,detail,A,0,1,PASS_MONITOR,0,0,0,0,0,0,1,1,0,low_signal_monitor,Keep as reference/monitor screen; avoid unnecessary churn.,flutter_app/lib/features/arena/presentation/pages/governance/arena_report_case_page.dart;flutter_app/lib/features/arena/presentation/widgets/governance/arena_report_case_related_common.dart;flutter_app/lib/features/arena/presentation/widgets/governance/arena_report_case_summary_timeline.dart;flutter_app/lib/features/arena/presentation/widgets/governance/arena_report_case_system_appeal.dart;flutter_app/lib/features/arena/presentation/widgets/hub/arena_state_cards.dart,
arena,AppRoutePaths.arenaSafety,ArenaSafetyCenterPage,flutter_app/lib/features/arena/presentation/pages/governance/arena_safety_center_page.dart,L2_sectionHub,detail,A,0,1,PASS_MONITOR,0,0,0,0,0,0,1,1,0,low_signal_monitor,Keep as reference/monitor screen; avoid unnecessary churn.,flutter_app/lib/features/arena/presentation/pages/governance/arena_safety_center_page.dart;flutter_app/lib/features/arena/presentation/widgets/governance/arena_safety_center_page_common.dart;flutter_app/lib/features/arena/presentation/widgets/governance/arena_safety_center_page_sections.dart,
arena,AppRoutePaths.arenaMyReports,MyArenaReportsPage,flutter_app/lib/features/arena/presentation/pages/governance/my_arena_reports_page.dart,L2_utilityDetail,detail,A,0,1,PASS_MONITOR,0,0,0,0,0,0,1,1,1,low_signal_monitor,Keep as reference/monitor screen; avoid unnecessary churn.,flutter_app/lib/features/arena/presentation/pages/governance/my_arena_reports_page.dart;flutter_app/lib/features/arena/presentation/widgets/governance/my_arena_reports_page_common.dart;flutter_app/lib/features/arena/presentation/widgets/governance/my_arena_reports_page_sections.dart;flutter_app/lib/features/arena/presentation/widgets/hub/arena_viewport_padding.dart,
auth,AppRoutePaths.auth2faSetup,TwoFASetupPage,flutter_app/lib/features/auth/presentation/phone/pages/two_fa_setup_page.dart,L1_authFlow,detail,A,0,1,PASS_MONITOR,0,0,0,0,0,0,1,1,0,low_signal_monitor,Keep as reference/monitor screen; avoid unnecessary churn.,flutter_app/lib/features/auth/presentation/phone/pages/two_fa_setup_page.dart;flutter_app/lib/features/auth/presentation/phone/widgets/two_fa_setup_backup.dart;flutter_app/lib/features/auth/presentation/phone/widgets/two_fa_setup_qr.dart;flutter_app/lib/features/auth/presentation/phone/widgets/two_fa_setup_steps.dart;flutter_app/lib/features/auth/presentation/phone/widgets/two_fa_setup_verify.dart,
cross_module,AppRoutePaths.taxReports,TaxReportCenterPage,flutter_app/lib/features/cross_module/presentation/pages/tax_report_center_page.dart,L1_utilityHub,detail,A,0,1,PASS_MONITOR,0,0,0,0,0,0,1,1,1,low_signal_monitor,Keep as reference/monitor screen; avoid unnecessary churn.,flutter_app/lib/features/cross_module/presentation/pages/tax_report_center_generate_and_reports_tabs.dart;flutter_app/lib/features/cross_module/presentation/pages/tax_report_center_generate_tab.dart;flutter_app/lib/features/cross_module/presentation/pages/tax_report_center_page.dart;flutter_app/lib/features/cross_module/presentation/pages/tax_report_center_settings_tab.dart;flutter_app/lib/features/cross_module/presentation/widgets/cross_module_icon_widgets.dart;flutter_app/lib/features/cross_module/presentation/widgets/cross_module_tabbed_shell.dart,
discovery,AppRoutePaths.topicCrypto,TopicHubPage,flutter_app/lib/features/discovery/presentation/pages/topic_hub_page.dart,L1_utilityHub,detail,A,0,1,PASS_MONITOR,0,0,0,0,0,0,1,2,1,low_signal_monitor,Keep as reference/monitor screen; avoid unnecessary churn.,flutter_app/lib/features/discovery/presentation/pages/topic_hub_page.dart;flutter_app/lib/features/discovery/presentation/widgets/discovery_shared_tiles.dart;flutter_app/lib/features/discovery/presentation/widgets/topic_hub_cards.dart;flutter_app/lib/features/discovery/presentation/widgets/topic_hub_common.dart;flutter_app/lib/features/discovery/presentation/widgets/topic_hub_header.dart;flutter_app/lib/features/discovery/presentation/widgets/topic_hub_sections.dart,
discovery,AppRoutePaths.topics,TopicHubPage,flutter_app/lib/features/discovery/presentation/pages/topic_hub_page.dart,L1_utilityHub,detail,A,0,1,PASS_MONITOR,0,0,0,0,0,0,1,2,1,low_signal_monitor,Keep as reference/monitor screen; avoid unnecessary churn.,flutter_app/lib/features/discovery/presentation/pages/topic_hub_page.dart;flutter_app/lib/features/discovery/presentation/widgets/discovery_shared_tiles.dart;flutter_app/lib/features/discovery/presentation/widgets/topic_hub_cards.dart;flutter_app/lib/features/discovery/presentation/widgets/topic_hub_common.dart;flutter_app/lib/features/discovery/presentation/widgets/topic_hub_header.dart;flutter_app/lib/features/discovery/presentation/widgets/topic_hub_sections.dart,
launchpad,AppRoutePaths.launchpadStaking,LaunchpadStakingPage,flutter_app/lib/features/launchpad/presentation/pages/tools/launchpad_staking_page.dart,L2_detail,detail,A,0,1,PASS_MONITOR,0,0,0,0,0,0,1,1,0,low_signal_monitor,Keep as reference/monitor screen; avoid unnecessary churn.,flutter_app/lib/features/launchpad/presentation/pages/tools/launchpad_staking_page.dart;flutter_app/lib/features/launchpad/presentation/widgets/tools/launchpad_staking_calculator.dart;flutter_app/lib/features/launchpad/presentation/widgets/tools/launchpad_staking_hero.dart;flutter_app/lib/features/launchpad/presentation/widgets/tools/launchpad_staking_pool_card.dart;flutter_app/lib/features/launchpad/presentation/widgets/tools/launchpad_staking_pool_status.dart;flutter_app/lib/features/launchpad/presentation/widgets/tools/launchpad_staking_positions.dart;flutter_app/lib/features/launchpad/presentation/widgets/tools/launchpad_staking_shared.dart,
markets,AppRoutePaths.marketsAdvancedCharts,AdvancedChartsPage,flutter_app/lib/features/markets/presentation/pages/portfolio/advanced_charts_page.dart,L2_detail,detail,A,0,1,PASS_MONITOR,0,0,0,0,0,0,1,3,2,low_signal_monitor,Keep as reference/monitor screen; avoid unnecessary churn.,flutter_app/lib/features/markets/presentation/pages/portfolio/advanced_charts_page.dart;flutter_app/lib/features/markets/presentation/pages/portfolio/advanced_charts_page_indicator_drawing_widgets.dart;flutter_app/lib/features/markets/presentation/pages/portfolio/advanced_charts_page_signal_widgets.dart;flutter_app/lib/features/markets/presentation/pages/portfolio/advanced_charts_page_tabs_filters_widgets.dart,
markets,AppRoutePaths.marketsCorrelations,MarketCorrelationsPage,flutter_app/lib/features/markets/presentation/pages/tools/market_correlations_page.dart,L2_detail,detail,A,0,1,PASS_MONITOR,0,0,0,0,0,0,1,2,1,low_signal_monitor,Keep as reference/monitor screen; avoid unnecessary churn.,flutter_app/lib/features/markets/presentation/pages/tools/market_correlations_page.dart;flutter_app/lib/features/markets/presentation/widgets/tools/market_correlations_diversification_widgets.dart;flutter_app/lib/features/markets/presentation/widgets/tools/market_correlations_matrix_widgets.dart;flutter_app/lib/features/markets/presentation/widgets/tools/market_correlations_pairs_widgets.dart;flutter_app/lib/features/markets/presentation/widgets/tools/market_correlations_tabs_widgets.dart,
markets,AppRoutePaths.marketsHeatmap,MarketHeatmapPage,flutter_app/lib/features/markets/presentation/pages/pair/market_heatmap_page.dart,L2_detail,detail,A,0,1,PASS_MONITOR,0,0,0,0,0,0,1,2,0,low_signal_monitor,Keep as reference/monitor screen; avoid unnecessary churn.,flutter_app/lib/features/markets/presentation/pages/pair/market_heatmap_page.dart;flutter_app/lib/features/markets/presentation/widgets/pair/market_heatmap_common.dart;flutter_app/lib/features/markets/presentation/widgets/pair/market_heatmap_panels.dart;flutter_app/lib/features/markets/presentation/widgets/pair/market_heatmap_summary.dart;flutter_app/lib/features/markets/presentation/widgets/pair/market_heatmap_treemap.dart,
markets,AppRoutePaths.marketsScreener,MarketScreenerPage,flutter_app/lib/features/markets/presentation/pages/tools/market_screener_page.dart,L2_detail,detail,A,0,1,PASS_MONITOR,0,0,0,0,0,0,1,1,1,low_signal_monitor,Keep as reference/monitor screen; avoid unnecessary churn.,flutter_app/lib/features/markets/presentation/pages/tools/market_screener_page.dart;flutter_app/lib/features/markets/presentation/widgets/hub/market_formatters.dart;flutter_app/lib/features/markets/presentation/widgets/tools/market_screener_filters.dart;flutter_app/lib/features/markets/presentation/widgets/tools/market_screener_results.dart;flutter_app/lib/features/markets/presentation/widgets/tools/market_screener_row_common.dart,
markets,AppRoutePaths.marketsPortfolioTracker,PortfolioTrackerPage,flutter_app/lib/features/markets/presentation/pages/portfolio/portfolio_tracker_page.dart,L2_utilityDetail,detail,A,0,1,PASS_MONITOR,0,0,0,0,0,0,1,2,0,low_signal_monitor,Keep as reference/monitor screen; avoid unnecessary churn.,flutter_app/lib/features/markets/presentation/pages/portfolio/portfolio_tracker_page.dart;flutter_app/lib/features/markets/presentation/pages/portfolio/portfolio_tracker_page_holdings_widgets.dart;flutter_app/lib/features/markets/presentation/pages/portfolio/portfolio_tracker_page_overview_widgets.dart;flutter_app/lib/features/markets/presentation/pages/portfolio/portfolio_tracker_page_performance_widgets.dart,
markets,AppRoutePaths.marketsSocialSentiment,SocialSentimentPage,flutter_app/lib/features/markets/presentation/pages/research/social_sentiment_page.dart,L2_detail,detail,A,0,1,PASS_MONITOR,0,0,0,0,0,0,1,2,1,low_signal_monitor,Keep as reference/monitor screen; avoid unnecessary churn.,flutter_app/lib/features/markets/presentation/pages/research/social_sentiment_page.dart;flutter_app/lib/features/markets/presentation/widgets/research/social_sentiment_overview_widgets.dart;flutter_app/lib/features/markets/presentation/widgets/research/social_sentiment_tabs_widgets.dart;flutter_app/lib/features/markets/presentation/widgets/research/social_sentiment_token_widgets.dart;flutter_app/lib/features/markets/presentation/widgets/research/social_sentiment_trends_widgets.dart,
markets,AppRoutePaths.marketsUnlocks,TokenUnlocksPage,flutter_app/lib/features/markets/presentation/pages/research/token_unlocks_page.dart,L2_detail,detail,A,0,1,PASS_MONITOR,0,0,0,0,0,0,1,3,1,low_signal_monitor,Keep as reference/monitor screen; avoid unnecessary churn.,flutter_app/lib/features/markets/presentation/pages/research/token_unlocks_page.dart;flutter_app/lib/features/markets/presentation/pages/research/token_unlocks_page_card_analysis_widgets.dart;flutter_app/lib/features/markets/presentation/pages/research/token_unlocks_page_formatters.dart;flutter_app/lib/features/markets/presentation/pages/research/token_unlocks_page_schedule_widgets.dart;flutter_app/lib/features/markets/presentation/pages/research/token_unlocks_page_upcoming_widgets.dart,
p2p_account,AppRoutePaths.p2pPaymentMethodCoolingPeriod,P2PPaymentMethodCoolingPeriodPage,flutter_app/lib/features/p2p_account/presentation/pages/payment/p2p_payment_method_cooling_period_page.dart,L3_transactionFlow,detail,A,0,1,PASS_MONITOR,0,0,0,0,0,0,1,1,0,low_signal_monitor,Keep as reference/monitor screen; avoid unnecessary churn.,flutter_app/lib/features/p2p_account/presentation/pages/payment/p2p_payment_method_cooling_period_page.dart,
p2p_dispute,'/p2p/dispute/evidence/:disputeId',P2PDisputeEvidencePage,flutter_app/lib/features/p2p_dispute/presentation/pages/dispute/p2p_dispute_evidence_page.dart,L2_entityDetail,detail,A,0,1,PASS_MONITOR,0,0,0,0,0,0,1,1,0,low_signal_monitor,Keep as reference/monitor screen; avoid unnecessary churn.,flutter_app/lib/features/p2p_dispute/presentation/pages/dispute/p2p_dispute_evidence_page.dart,
p2p_orders,'/p2p/order/:orderId',P2POrderPage,flutter_app/lib/features/p2p_orders/presentation/pages/orders/p2p_order_page.dart,L2_entityDetail,detail,A,0,1,PASS_MONITOR,0,0,0,0,0,0,1,1,0,low_signal_monitor,Keep as reference/monitor screen; avoid unnecessary churn.,flutter_app/lib/features/p2p_orders/presentation/pages/orders/p2p_order_page.dart;flutter_app/lib/features/p2p_orders/presentation/widgets/orders/p2p_order_content_cards.dart;flutter_app/lib/features/p2p_orders/presentation/widgets/orders/p2p_order_page_common.dart;flutter_app/lib/features/p2p_orders/presentation/widgets/orders/p2p_order_page_state.dart,
p2p_orders,'/p2p/order/proof/:orderId',P2POrderProofPage,flutter_app/lib/features/p2p_orders/presentation/pages/orders/p2p_order_proof_page.dart,L2_entityDetail,detail,A,0,1,PASS_MONITOR,0,0,0,0,0,0,1,1,1,low_signal_monitor,Keep as reference/monitor screen; avoid unnecessary churn.,flutter_app/lib/features/p2p_orders/presentation/pages/orders/p2p_order_proof_page.dart;flutter_app/lib/features/p2p_orders/presentation/widgets/orders/p2p_order_proof_widgets.dart,
predictions,AppRoutePaths.marketsPredictionsLeaderboard,PredictionsLeaderboardPage,flutter_app/lib/features/predictions/presentation/pages/social/predictions_leaderboard_page.dart,L2_detail,detail,A,0,1,PASS_MONITOR,0,0,0,0,0,0,1,2,0,low_signal_monitor,Keep as reference/monitor screen; avoid unnecessary churn.,flutter_app/lib/features/predictions/presentation/pages/social/predictions_leaderboard_page.dart;flutter_app/lib/features/predictions/presentation/widgets/social/predictions_leaderboard_filters_tabs.dart;flutter_app/lib/features/predictions/presentation/widgets/social/predictions_leaderboard_podium_rankings.dart;flutter_app/lib/features/predictions/presentation/widgets/social/predictions_leaderboard_rows_wins.dart,
predictions,AppRoutePaths.marketsPredictionsPortfolio,PredictionsPortfolioPage,flutter_app/lib/features/predictions/presentation/pages/portfolio/predictions_portfolio_page.dart,L2_utilityDetail,detail,A,0,1,PASS_MONITOR,0,0,0,0,0,0,1,1,3,low_signal_monitor,Keep as reference/monitor screen; avoid unnecessary churn.,flutter_app/lib/features/predictions/presentation/pages/portfolio/predictions_portfolio_page.dart;flutter_app/lib/features/predictions/presentation/widgets/portfolio/prediction_portfolio_common.dart;flutter_app/lib/features/predictions/presentation/widgets/portfolio/prediction_portfolio_history.dart;flutter_app/lib/features/predictions/presentation/widgets/portfolio/prediction_portfolio_orders.dart;flutter_app/lib/features/predictions/presentation/widgets/portfolio/prediction_portfolio_positions.dart;flutter_app/lib/features/predictions/presentation/widgets/portfolio/prediction_portfolio_summary.dart;flutter_app/lib/features/predictions/presentation/widgets/portfolio/predictions_portfolio_bridge_card.dart,
support,AppRoutePaths.support,SupportPage,flutter_app/lib/features/support/presentation/pages/support_page.dart,L1_utilityHub,detail,A,0,1,PASS_MONITOR,0,0,0,0,0,0,1,1,2,low_signal_monitor,Keep as reference/monitor screen; avoid unnecessary churn.,flutter_app/lib/features/support/presentation/pages/support_page.dart;flutter_app/lib/features/support/presentation/widgets/support_context_card.dart;flutter_app/lib/features/support/presentation/widgets/support_faq_common.dart;flutter_app/lib/features/support/presentation/widgets/support_quick_contacts_tabs.dart;flutter_app/lib/features/support/presentation/widgets/support_tickets.dart,
trade_bots,AppRoutePaths.tradeBotSecuritySettings,BotSecuritySettingsPage,flutter_app/lib/features/trade_bots/presentation/pages/settings/bot_security_settings_page.dart,L2_utilityDetail,detail,A,1,1,PASS_MONITOR,0,0,0,0,0,0,0,0,0,low_signal_monitor,Keep as reference/monitor screen; avoid unnecessary churn.,flutter_app/lib/features/trade_bots/presentation/pages/settings/bot_security_settings_page.dart;flutter_app/lib/features/trade_bots/presentation/widgets/settings/bot_security_settings_cards.dart;flutter_app/lib/features/trade_bots/presentation/widgets/settings/bot_security_settings_common.dart;flutter_app/lib/features/trade_bots/presentation/widgets/settings/bot_security_settings_sheets.dart,
p2p_account,AppRoutePaths.p2pKycVideo,P2PVideoVerificationPage,flutter_app/lib/features/p2p_account/presentation/pages/merchant/p2p_video_verification_page.dart,L3_transactionFlow,detail,C,0,0,PASS_MONITOR,0,0,0,0,0,0,0,0,0,low_signal_monitor,Keep as reference/monitor screen; avoid unnecessary churn.,flutter_app/lib/features/p2p_account/presentation/pages/merchant/p2p_video_verification_page.dart,
p2p_dispute,'/p2p/insurance/claim/:claimId',P2PClaimDetailPage,flutter_app/lib/features/p2p_dispute/presentation/pages/dispute/p2p_claim_detail_page.dart,L3_transactionFlow,detail,C,0,0,PASS_MONITOR,0,0,0,0,0,0,0,0,0,low_signal_monitor,Keep as reference/monitor screen; avoid unnecessary churn.,flutter_app/lib/features/p2p_dispute/presentation/pages/dispute/p2p_claim_detail_page.dart;flutter_app/lib/features/p2p_dispute/presentation/pages/dispute/p2p_claim_detail_page_common.dart;flutter_app/lib/features/p2p_dispute/presentation/pages/dispute/p2p_claim_detail_page_sections.dart;flutter_app/lib/features/p2p_dispute/presentation/pages/dispute/p2p_claim_detail_page_state.dart,
p2p_security,AppRoutePaths.p2pSecurity2fa,P2P2FASettingsPage,flutter_app/lib/features/p2p_security/presentation/pages/security/p2p_2fa_settings_page.dart,L3_transactionFlow,detail,C,0,0,PASS_MONITOR,0,0,0,0,0,0,0,0,0,low_signal_monitor,Keep as reference/monitor screen; avoid unnecessary churn.,flutter_app/lib/features/p2p_security/presentation/pages/security/p2p_2fa_settings_page.dart;flutter_app/lib/features/p2p_security/presentation/widgets/security/p2p_2fa_settings_page_common.dart;flutter_app/lib/features/p2p_security/presentation/widgets/security/p2p_2fa_settings_page_sections.dart,
trade,AppRoutePaths.tradeConvert,ConvertPage,flutter_app/lib/features/trade/presentation/pages/convert/convert_page.dart,L2_detail,detail,A,0,0,PASS_MONITOR,0,0,0,0,0,0,0,1,0,low_signal_monitor,Keep as reference/monitor screen; avoid unnecessary churn.,flutter_app/lib/features/trade/presentation/pages/convert/convert_page.dart;flutter_app/lib/features/trade/presentation/widgets/convert/convert_page_amount_widgets.dart;flutter_app/lib/features/trade/presentation/widgets/convert/convert_page_common.dart;flutter_app/lib/features/trade/presentation/widgets/convert/convert_page_sections.dart;flutter_app/lib/features/trade/presentation/widgets/convert/convert_page_widgets.dart;flutter_app/lib/features/trade/presentation/widgets/phone/vit_trade_confirm_sheet.dart;flutter_app/lib/features/trade/presentation/widgets/phone/vit_trade_simple_shell.dart,
trade,AppRoutePaths.tradeMarginHub,MarginTradingHubPage,flutter_app/lib/features/trade/presentation/pages/margin/margin_trading_hub_page.dart,L2_sectionHub,detail,A,0,0,PASS_MONITOR,0,0,0,0,0,0,0,0,0,low_signal_monitor,Keep as reference/monitor screen; avoid unnecessary churn.,flutter_app/lib/features/trade/presentation/pages/margin/margin_trading_hub_page.dart;flutter_app/lib/features/trade/presentation/widgets/margin/margin_trading_hub_cards.dart;flutter_app/lib/features/trade/presentation/widgets/margin/margin_trading_hub_hero_nav.dart;flutter_app/lib/features/trade/presentation/widgets/margin/margin_trading_hub_widgets.dart,
trade,AppRoutePaths.tradeMargin,MarginTradingPage,flutter_app/lib/features/trade/presentation/pages/margin/margin_trading_page.dart,L1_instrumentWorkspace,instrument,A,0,0,PASS_MONITOR,0,0,0,0,0,0,0,1,0,low_signal_monitor,Keep as reference/monitor screen; avoid unnecessary churn.,flutter_app/lib/features/trade/presentation/pages/margin/margin_trading_page.dart;flutter_app/lib/features/trade/presentation/widgets/margin/margin_trading_common.dart;flutter_app/lib/features/trade/presentation/widgets/margin/margin_trading_order_summary.dart;flutter_app/lib/features/trade/presentation/widgets/margin/margin_trading_positions_orders.dart;flutter_app/lib/features/trade/presentation/widgets/margin/margin_trading_reserved.dart;flutter_app/lib/features/trade/presentation/widgets/margin/margin_trading_shared_helpers.dart;flutter_app/lib/features/trade/presentation/widgets/margin/margin_trading_simple_form.dart;flutter_app/lib/features/trade/presentation/widgets/phone/vit_trade_confirm_sheet.dart;flutter_app/lib/features/trade/presentation/widgets/phone/vit_trade_simple_hero.dart;flutter_app/lib/features/trade/presentation/widgets/phone/vit_trade_simple_shell.dart,
trade,AppRoutePaths.tradeMarginBtcusdt,MarginTradingPage,flutter_app/lib/features/trade/presentation/pages/margin/margin_trading_page.dart,L1_instrumentWorkspace,instrument,A,0,0,PASS_MONITOR,0,0,0,0,0,0,0,1,0,low_signal_monitor,Keep as reference/monitor screen; avoid unnecessary churn.,flutter_app/lib/features/trade/presentation/pages/margin/margin_trading_page.dart;flutter_app/lib/features/trade/presentation/widgets/margin/margin_trading_common.dart;flutter_app/lib/features/trade/presentation/widgets/margin/margin_trading_order_summary.dart;flutter_app/lib/features/trade/presentation/widgets/margin/margin_trading_positions_orders.dart;flutter_app/lib/features/trade/presentation/widgets/margin/margin_trading_reserved.dart;flutter_app/lib/features/trade/presentation/widgets/margin/margin_trading_shared_helpers.dart;flutter_app/lib/features/trade/presentation/widgets/margin/margin_trading_simple_form.dart;flutter_app/lib/features/trade/presentation/widgets/phone/vit_trade_confirm_sheet.dart;flutter_app/lib/features/trade/presentation/widgets/phone/vit_trade_simple_hero.dart;flutter_app/lib/features/trade/presentation/widgets/phone/vit_trade_simple_shell.dart,
trade,AppRoutePaths.tradePositions,PositionDashboardPage,flutter_app/lib/features/trade/presentation/pages/hub/position_dashboard_page.dart,L3_transactionFlow,detail,A,0,0,PASS_MONITOR,0,0,0,0,0,0,0,0,1,low_signal_monitor,Keep as reference/monitor screen; avoid unnecessary churn.,flutter_app/lib/features/trade/presentation/pages/hub/position_dashboard_page.dart;flutter_app/lib/features/trade/presentation/widgets/hub/position_dashboard_page_common.dart;flutter_app/lib/features/trade/presentation/widgets/hub/position_dashboard_page_sections.dart,
trade,AppRoutePaths.tradeSettings,TradeSettingsPage,flutter_app/lib/features/trade/presentation/pages/hub/trade_settings_page.dart,L2_utilityDetail,detail,A,0,0,PASS_MONITOR,0,0,0,0,0,0,0,0,0,low_signal_monitor,Keep as reference/monitor screen; avoid unnecessary churn.,flutter_app/lib/features/trade/presentation/pages/hub/trade_settings_page.dart;flutter_app/lib/features/trade/presentation/widgets/hub/trade_settings_page_common.dart;flutter_app/lib/features/trade/presentation/widgets/hub/trade_settings_page_sections.dart,
trade_bots,AppRoutePaths.tradeBotApiDocumentation,BotApiDocumentationPage,flutter_app/lib/features/trade_bots/presentation/pages/settings/bot_api_documentation_page.dart,L2_detail,detail,A,0,0,PASS_MONITOR,0,0,0,0,0,0,0,1,0,low_signal_monitor,Keep as reference/monitor screen; avoid unnecessary churn.,flutter_app/lib/features/trade_bots/presentation/pages/settings/bot_api_documentation_page.dart;flutter_app/lib/features/trade_bots/presentation/widgets/settings/bot_api_documentation_endpoints.dart;flutter_app/lib/features/trade_bots/presentation/widgets/settings/bot_api_documentation_intro_tabs.dart;flutter_app/lib/features/trade_bots/presentation/widgets/settings/bot_api_documentation_support_common.dart;flutter_app/lib/features/trade_bots/presentation/widgets/settings/bot_api_documentation_websocket_examples.dart,
trade_bots,AppRoutePaths.tradeBotGuide,BotGuidePage,flutter_app/lib/features/trade_bots/presentation/pages/settings/bot_guide_page.dart,L2_utilityDetail,detail,A,0,0,PASS_MONITOR,0,0,0,0,0,0,0,0,0,low_signal_monitor,Keep as reference/monitor screen; avoid unnecessary churn.,flutter_app/lib/features/trade_bots/presentation/pages/settings/bot_guide_page.dart;flutter_app/lib/features/trade_bots/presentation/widgets/settings/bot_guide_blocks.dart;flutter_app/lib/features/trade_bots/presentation/widgets/settings/bot_guide_common.dart;flutter_app/lib/features/trade_bots/presentation/widgets/settings/bot_guide_intro_tabs.dart;flutter_app/lib/features/trade_bots/presentation/widgets/settings/bot_guide_practices_videos.dart;flutter_app/lib/features/trade_bots/presentation/widgets/settings/bot_guide_strategies.dart,
trade_bots,AppRoutePaths.tradeBotHistory,BotHistoryPage,flutter_app/lib/features/trade_bots/presentation/pages/dashboard/bot_history_page.dart,L2_utilityDetail,detail,A,0,0,PASS_MONITOR,0,0,0,0,0,0,0,0,0,low_signal_monitor,Keep as reference/monitor screen; avoid unnecessary churn.,flutter_app/lib/features/trade_bots/presentation/pages/dashboard/bot_history_page.dart;flutter_app/lib/features/trade_bots/presentation/widgets/dashboard/bot_history_page_common.dart;flutter_app/lib/features/trade_bots/presentation/widgets/dashboard/bot_history_page_sections.dart,
trade_bots,AppRoutePaths.tradeBotPerformanceAnalytics,BotPerformanceAnalyticsPage,flutter_app/lib/features/trade_bots/presentation/pages/dashboard/bot_performance_analytics_page.dart,L2_utilityDetail,detail,A,0,0,PASS_MONITOR,0,0,0,0,0,0,0,0,2,low_signal_monitor,Keep as reference/monitor screen; avoid unnecessary churn.,flutter_app/lib/features/trade_bots/presentation/pages/dashboard/bot_performance_analytics_page.dart;flutter_app/lib/features/trade_bots/presentation/widgets/dashboard/bot_performance_charts_strategy.dart;flutter_app/lib/features/trade_bots/presentation/widgets/dashboard/bot_performance_metrics_summary.dart;flutter_app/lib/features/trade_bots/presentation/widgets/dashboard/bot_performance_painters.dart;flutter_app/lib/features/trade_bots/presentation/widgets/dashboard/bot_performance_timeframe_view.dart,
trade_bots,AppRoutePaths.tradeBotPortfolioDashboard,BotPortfolioDashboardPage,flutter_app/lib/features/trade_bots/presentation/pages/dashboard/bot_portfolio_dashboard_page.dart,L2_sectionHub,detail,A,0,0,PASS_MONITOR,0,0,0,0,0,0,0,0,0,low_signal_monitor,Keep as reference/monitor screen; avoid unnecessary churn.,flutter_app/lib/features/trade_bots/presentation/pages/dashboard/bot_portfolio_dashboard_page.dart;flutter_app/lib/features/trade_bots/presentation/widgets/dashboard/bot_portfolio_dashboard_page_common.dart;flutter_app/lib/features/trade_bots/presentation/widgets/dashboard/bot_portfolio_dashboard_page_sections.dart,
trade_bots,AppRoutePaths.tradeBotRiskDisclosure,BotRiskDisclosurePage,flutter_app/lib/features/trade_bots/presentation/pages/settings/bot_risk_disclosure_page.dart,L2_utilityDetail,detail,A,0,0,PASS_MONITOR,0,0,0,0,0,0,0,0,0,low_signal_monitor,Keep as reference/monitor screen; avoid unnecessary churn.,flutter_app/lib/features/trade_bots/presentation/pages/settings/bot_risk_disclosure_page.dart;flutter_app/lib/features/trade_bots/presentation/widgets/settings/bot_risk_disclosure_page_common.dart;flutter_app/lib/features/trade_bots/presentation/widgets/settings/bot_risk_disclosure_page_sections.dart,
trade_bots,AppRoutePaths.tradeBotStrategyCompare,BotStrategyComparePage,flutter_app/lib/features/trade_bots/presentation/pages/backtest/bot_strategy_compare_page.dart,L2_detail,detail,A,0,0,PASS_MONITOR,0,0,0,0,0,0,0,0,0,low_signal_monitor,Keep as reference/monitor screen; avoid unnecessary churn.,flutter_app/lib/features/trade_bots/presentation/pages/backtest/bot_strategy_compare_page.dart;flutter_app/lib/features/trade_bots/presentation/widgets/backtest/bot_strategy_compare_metrics.dart;flutter_app/lib/features/trade_bots/presentation/widgets/backtest/bot_strategy_compare_painters.dart;flutter_app/lib/features/trade_bots/presentation/widgets/backtest/bot_strategy_compare_recommendations_common.dart;flutter_app/lib/features/trade_bots/presentation/widgets/backtest/bot_strategy_compare_selection.dart,
trade_bots,AppRoutePaths.tradeBotSuitabilityAssessment,BotSuitabilityAssessmentPage,flutter_app/lib/features/trade_bots/presentation/pages/settings/bot_suitability_assessment_page.dart,L3_transactionFlow,detail,A,0,0,PASS_MONITOR,0,0,0,0,0,0,0,0,0,low_signal_monitor,Keep as reference/monitor screen; avoid unnecessary churn.,flutter_app/lib/features/trade_bots/presentation/pages/settings/bot_suitability_assessment_page.dart;flutter_app/lib/features/trade_bots/presentation/widgets/settings/bot_suitability_breakdown_common.dart;flutter_app/lib/features/trade_bots/presentation/widgets/settings/bot_suitability_questions_info.dart;flutter_app/lib/features/trade_bots/presentation/widgets/settings/bot_suitability_result_score.dart,
trade_compliance,AppRoutePaths.tradeCopyAuditTrail,AuditTrailPage,flutter_app/lib/features/trade_compliance/presentation/pages/governance/audit_trail_page.dart,L2_detail,detail,A,0,0,PASS_MONITOR,0,0,0,0,0,0,0,0,0,low_signal_monitor,Keep as reference/monitor screen; avoid unnecessary churn.,flutter_app/lib/features/trade_compliance/presentation/pages/governance/audit_trail_page.dart;flutter_app/lib/features/trade_compliance/presentation/widgets/governance/audit_trail_page_common.dart;flutter_app/lib/features/trade_compliance/presentation/widgets/governance/audit_trail_page_sections.dart,
trade_compliance,AppRoutePaths.tradeCopyBestExecutionReports,BestExecutionReportsPage,flutter_app/lib/features/trade_compliance/presentation/pages/execution/best_execution_reports_page.dart,L2_utilityDetail,detail,A,0,0,PASS_MONITOR,0,0,0,0,0,0,0,0,0,low_signal_monitor,Keep as reference/monitor screen; avoid unnecessary churn.,flutter_app/lib/features/trade_compliance/presentation/pages/execution/best_execution_reports_page.dart;flutter_app/lib/features/trade_compliance/presentation/widgets/execution/best_execution_archive_common.dart;flutter_app/lib/features/trade_compliance/presentation/widgets/execution/best_execution_current.dart;flutter_app/lib/features/trade_compliance/presentation/widgets/execution/best_execution_overview.dart,
trade_compliance,AppRoutePaths.tradeCopyCassReconciliation,CassReconciliationPage,flutter_app/lib/features/trade_compliance/presentation/pages/client_money/cass_reconciliation_page.dart,L2_detail,detail,A,0,0,PASS_MONITOR,0,0,0,0,0,0,0,0,0,low_signal_monitor,Keep as reference/monitor screen; avoid unnecessary churn.,flutter_app/lib/features/trade_compliance/presentation/pages/client_money/cass_reconciliation_page.dart;flutter_app/lib/features/trade_compliance/presentation/widgets/client_money/cass_reconciliation_records_common.dart;flutter_app/lib/features/trade_compliance/presentation/widgets/client_money/cass_reconciliation_summary_tabs.dart,
trade_compliance,AppRoutePaths.tradeCopyClientCategorization,ClientCategorizationPage,flutter_app/lib/features/trade_compliance/presentation/pages/governance/client_categorization_page.dart,L2_detail,detail,A,0,0,PASS_MONITOR,0,0,0,0,0,0,0,0,0,low_signal_monitor,Keep as reference/monitor screen; avoid unnecessary churn.,flutter_app/lib/features/trade_compliance/presentation/pages/governance/client_categorization_opt_up_page.dart;flutter_app/lib/features/trade_compliance/presentation/pages/governance/client_categorization_page.dart;flutter_app/lib/features/trade_compliance/presentation/widgets/governance/client_categorization_history_tab.dart;flutter_app/lib/features/trade_compliance/presentation/widgets/governance/client_categorization_overview_tab.dart;flutter_app/lib/features/trade_compliance/presentation/widgets/governance/client_categorization_page_chrome.dart;flutter_app/lib/features/trade_compliance/presentation/widgets/governance/client_categorization_protections_requirements_tab.dart,
trade_compliance,AppRoutePaths.tradeCopyClientMoneyProtection,ClientMoneyProtectionPage,flutter_app/lib/features/trade_compliance/presentation/pages/client_money/client_money_protection_page.dart,L2_detail,detail,A,0,0,PASS_MONITOR,0,0,0,0,0,0,0,0,0,low_signal_monitor,Keep as reference/monitor screen; avoid unnecessary churn.,flutter_app/lib/features/trade_compliance/presentation/pages/client_money/client_money_protection_page.dart;flutter_app/lib/features/trade_compliance/presentation/widgets/client_money/client_money_protection_page_common.dart;flutter_app/lib/features/trade_compliance/presentation/widgets/client_money/client_money_protection_page_sections.dart,
trade_compliance,AppRoutePaths.tradeCopyClientOptUpRequest,ClientOptUpRequestPage,flutter_app/lib/features/trade_compliance/presentation/pages/governance/client_categorization_page.dart,L2_detail,detail,A,0,0,PASS_MONITOR,0,0,0,0,0,0,0,0,0,low_signal_monitor,Keep as reference/monitor screen; avoid unnecessary churn.,flutter_app/lib/features/trade_compliance/presentation/pages/governance/client_categorization_opt_up_page.dart;flutter_app/lib/features/trade_compliance/presentation/pages/governance/client_categorization_page.dart;flutter_app/lib/features/trade_compliance/presentation/widgets/governance/client_categorization_history_tab.dart;flutter_app/lib/features/trade_compliance/presentation/widgets/governance/client_categorization_overview_tab.dart;flutter_app/lib/features/trade_compliance/presentation/widgets/governance/client_categorization_page_chrome.dart;flutter_app/lib/features/trade_compliance/presentation/widgets/governance/client_categorization_protections_requirements_tab.dart,
trade_compliance,AppRoutePaths.tradeCopyComplaintSubmission,ComplaintSubmissionPage,flutter_app/lib/features/trade_compliance/presentation/pages/complaints/complaint_submission_page.dart,L2_detail,detail,A,0,0,PASS_MONITOR,0,0,0,0,0,0,0,0,0,low_signal_monitor,Keep as reference/monitor screen; avoid unnecessary churn.,flutter_app/lib/features/trade_compliance/presentation/pages/complaints/complaint_submission_page.dart;flutter_app/lib/features/trade_compliance/presentation/widgets/complaints/complaint_submission_page_common.dart;flutter_app/lib/features/trade_compliance/presentation/widgets/complaints/complaint_submission_page_sections.dart,
trade_compliance,AppRoutePaths.tradeCopyComplaintsHandling,ComplaintsHandlingPage,flutter_app/lib/features/trade_compliance/presentation/pages/complaints/complaints_handling_page.dart,L2_detail,detail,A,0,0,PASS_MONITOR,0,0,0,0,0,0,0,0,2,low_signal_monitor,Keep as reference/monitor screen; avoid unnecessary churn.,flutter_app/lib/features/trade_compliance/presentation/pages/complaints/complaints_handling_page.dart;flutter_app/lib/features/trade_compliance/presentation/widgets/complaints/complaints_handling_overview_complaints.dart;flutter_app/lib/features/trade_compliance/presentation/widgets/complaints/complaints_handling_overview_header_tabs.dart;flutter_app/lib/features/trade_compliance/presentation/widgets/complaints/complaints_handling_process_common.dart,
trade_compliance,AppRoutePaths.tradeCopyExAnteCosts,ExAnteCostsPage,flutter_app/lib/features/trade_compliance/presentation/pages/disclosures/ex_ante_costs_page.dart,L2_detail,detail,A,0,0,PASS_MONITOR,0,0,0,0,0,0,0,0,0,low_signal_monitor,Keep as reference/monitor screen; avoid unnecessary churn.,flutter_app/lib/features/trade_compliance/presentation/pages/disclosures/ex_ante_costs_page.dart;flutter_app/lib/features/trade_compliance/presentation/widgets/disclosures/ex_ante_costs_common.dart;flutter_app/lib/features/trade_compliance/presentation/widgets/disclosures/ex_ante_costs_overview.dart;flutter_app/lib/features/trade_compliance/presentation/widgets/disclosures/ex_ante_costs_scenarios_actions.dart;flutter_app/lib/features/trade_compliance/presentation/widgets/disclosures/ex_ante_costs_summary_breakdown.dart,
trade_compliance,AppRoutePaths.tradeCopyExPostCostsReport,ExPostCostsReportPage,flutter_app/lib/features/trade_compliance/presentation/pages/disclosures/ex_post_costs_report_page.dart,L2_detail,detail,A,0,0,PASS_MONITOR,0,0,0,0,0,0,0,0,0,low_signal_monitor,Keep as reference/monitor screen; avoid unnecessary churn.,flutter_app/lib/features/trade_compliance/presentation/pages/disclosures/ex_post_costs_report_page.dart;flutter_app/lib/features/trade_compliance/presentation/widgets/disclosures/ex_post_costs_report_summary.dart;flutter_app/lib/features/trade_compliance/presentation/widgets/disclosures/ex_post_costs_report_variance_common.dart,
trade_compliance,AppRoutePaths.tradeCopyExecutionVenueAnalysis,ExecutionVenueAnalysisPage,flutter_app/lib/features/trade_compliance/presentation/pages/execution/execution_venue_analysis_page.dart,L2_detail,detail,A,0,0,PASS_MONITOR,0,0,0,0,0,0,0,0,0,low_signal_monitor,Keep as reference/monitor screen; avoid unnecessary churn.,flutter_app/lib/features/trade_compliance/presentation/pages/execution/execution_venue_analysis_page.dart;flutter_app/lib/features/trade_compliance/presentation/widgets/execution/execution_venue_common.dart;flutter_app/lib/features/trade_compliance/presentation/widgets/execution/execution_venue_comparison.dart;flutter_app/lib/features/trade_compliance/presentation/widgets/execution/execution_venue_speed_trends.dart;flutter_app/lib/features/trade_compliance/presentation/widgets/execution/execution_venue_summary.dart,
trade_compliance,AppRoutePaths.tradeCopyInvestorCompensation,InvestorCompensationPage,flutter_app/lib/features/trade_compliance/presentation/pages/client_money/investor_compensation_page.dart,L2_detail,detail,A,0,0,PASS_MONITOR,0,0,0,0,0,0,0,0,0,low_signal_monitor,Keep as reference/monitor screen; avoid unnecessary churn.,flutter_app/lib/features/trade_compliance/presentation/pages/client_money/investor_compensation_page.dart;flutter_app/lib/features/trade_compliance/presentation/widgets/client_money/investor_compensation_page_common.dart;flutter_app/lib/features/trade_compliance/presentation/widgets/client_money/investor_compensation_page_sections.dart,
trade_compliance,AppRoutePaths.tradeMarginMarketDataAnalytics,MarketDataAnalyticsPage,flutter_app/lib/features/trade_compliance/presentation/pages/execution/market_data_analytics_page.dart,L2_utilityDetail,detail,A,0,0,PASS_MONITOR,0,0,0,0,0,0,0,0,0,low_signal_monitor,Keep as reference/monitor screen; avoid unnecessary churn.,flutter_app/lib/features/trade_compliance/presentation/pages/execution/market_data_analytics_page.dart;flutter_app/lib/features/trade_compliance/presentation/widgets/execution/market_data_analytics_funding_traders.dart;flutter_app/lib/features/trade_compliance/presentation/widgets/execution/market_data_analytics_liquidations.dart;flutter_app/lib/features/trade_compliance/presentation/widgets/execution/market_data_analytics_open_interest.dart;flutter_app/lib/features/trade_compliance/presentation/widgets/execution/market_data_analytics_sentiment.dart;flutter_app/lib/features/trade_compliance/presentation/widgets/execution/market_data_analytics_shared.dart,
trade_compliance,AppRoutePaths.tradeCopyOmbudsmanReferral,OmbudsmanReferralPage,flutter_app/lib/features/trade_compliance/presentation/pages/complaints/ombudsman_referral_page.dart,L1_utilityHub,detail,A,0,0,PASS_MONITOR,0,0,0,0,0,0,0,0,0,low_signal_monitor,Keep as reference/monitor screen; avoid unnecessary churn.,flutter_app/lib/features/trade_compliance/presentation/pages/complaints/ombudsman_referral_page.dart,
trade_compliance,AppRoutePaths.tradeCopyPerformanceScenarios,PerformanceScenariosPage,flutter_app/lib/features/trade_compliance/presentation/pages/disclosures/performance_scenarios_page.dart,L2_detail,detail,A,0,0,PASS_MONITOR,0,0,0,0,0,0,0,0,0,low_signal_monitor,Keep as reference/monitor screen; avoid unnecessary churn.,flutter_app/lib/features/trade_compliance/presentation/pages/disclosures/performance_scenarios_page.dart;flutter_app/lib/features/trade_compliance/presentation/widgets/disclosures/performance_scenarios_intro_widgets.dart;flutter_app/lib/features/trade_compliance/presentation/widgets/disclosures/performance_scenarios_outcome_widgets.dart,
trade_compliance,AppRoutePaths.tradeCopyProductGovernance,ProductGovernancePage,flutter_app/lib/features/trade_compliance/presentation/pages/governance/product_governance_page.dart,L2_detail,detail,A,0,0,PASS_MONITOR,0,0,0,0,0,0,0,0,2,low_signal_monitor,Keep as reference/monitor screen; avoid unnecessary churn.,flutter_app/lib/features/trade_compliance/presentation/pages/governance/product_governance_page.dart;flutter_app/lib/features/trade_compliance/presentation/widgets/governance/product_governance_overview_tabs.dart;flutter_app/lib/features/trade_compliance/presentation/widgets/governance/product_governance_products.dart;flutter_app/lib/features/trade_compliance/presentation/widgets/governance/product_governance_reviews_distribution.dart,
trade_compliance,AppRoutePaths.tradeCopyRiyCalculator,RIYCalculatorPage,flutter_app/lib/features/trade_compliance/presentation/pages/disclosures/riy_calculator_page.dart,L2_detail,detail,A,0,0,PASS_MONITOR,0,0,0,0,0,0,0,0,0,low_signal_monitor,Keep as reference/monitor screen; avoid unnecessary churn.,flutter_app/lib/features/trade_compliance/presentation/pages/disclosures/riy_calculator_page.dart;flutter_app/lib/features/trade_compliance/presentation/widgets/disclosures/riy_calculator_page_common.dart;flutter_app/lib/features/trade_compliance/presentation/widgets/disclosures/riy_calculator_page_sections.dart,
trade_compliance,AppRoutePaths.tradeCopyRegulatoryDisclosures,RegulatoryDisclosuresPage,flutter_app/lib/features/trade_compliance/presentation/pages/disclosures/regulatory_disclosures_page.dart,L2_detail,detail,A,0,0,PASS_MONITOR,0,0,0,0,0,0,0,0,0,low_signal_monitor,Keep as reference/monitor screen; avoid unnecessary churn.,flutter_app/lib/features/trade_compliance/presentation/pages/disclosures/regulatory_disclosures_page.dart;flutter_app/lib/features/trade_compliance/presentation/widgets/disclosures/regulatory_disclosures_actions.dart;flutter_app/lib/features/trade_compliance/presentation/widgets/disclosures/regulatory_disclosures_cards.dart;flutter_app/lib/features/trade_compliance/presentation/widgets/disclosures/regulatory_disclosures_common.dart;flutter_app/lib/features/trade_compliance/presentation/widgets/disclosures/regulatory_disclosures_hero_tabs.dart;flutter_app/lib/features/trade_compliance/presentation/widgets/disclosures/regulatory_disclosures_tabs.dart,
trade_compliance,AppRoutePaths.tradeCopyRegulatoryInspectionReady,RegulatoryInspectionReadyPage,flutter_app/lib/features/trade_compliance/presentation/pages/governance/regulatory_inspection_ready_page.dart,L2_detail,detail,A,0,0,PASS_MONITOR,0,0,0,0,0,0,0,0,0,low_signal_monitor,Keep as reference/monitor screen; avoid unnecessary churn.,flutter_app/lib/features/trade_compliance/presentation/pages/governance/regulatory_inspection_ready_page.dart;flutter_app/lib/features/trade_compliance/presentation/widgets/governance/regulatory_inspection_ready_page_common.dart;flutter_app/lib/features/trade_compliance/presentation/widgets/governance/regulatory_inspection_ready_page_sections.dart,
trade_compliance,AppRoutePaths.tradeCopyRegulatoryReportsDashboard,RegulatoryReportsDashboardPage,flutter_app/lib/features/trade_compliance/presentation/pages/hub/regulatory_reports_dashboard_page.dart,L2_sectionHub,detail,A,0,0,PASS_MONITOR,0,0,0,0,0,0,0,0,0,low_signal_monitor,Keep as reference/monitor screen; avoid unnecessary churn.,flutter_app/lib/features/trade_compliance/presentation/pages/hub/regulatory_reports_dashboard_page.dart;flutter_app/lib/features/trade_compliance/presentation/widgets/hub/regulatory_reports_dashboard_controls.dart;flutter_app/lib/features/trade_compliance/presentation/widgets/hub/regulatory_reports_dashboard_exports.dart;flutter_app/lib/features/trade_compliance/presentation/widgets/hub/regulatory_reports_dashboard_kpis.dart;flutter_app/lib/features/trade_compliance/presentation/widgets/hub/regulatory_reports_dashboard_overview.dart;flutter_app/lib/features/trade_compliance/presentation/widgets/hub/regulatory_reports_dashboard_painters.dart;flutter_app/lib/features/trade_compliance/presentation/widgets/hub/regulatory_reports_dashboard_queue_compliance.dart,
trade_compliance,AppRoutePaths.tradeCopyRiskIndicatorExplainer,RiskIndicatorExplainerPage,flutter_app/lib/features/trade_compliance/presentation/pages/disclosures/risk_indicator_explainer_page.dart,L2_utilityDetail,detail,A,0,0,PASS_MONITOR,0,0,0,0,0,0,0,0,0,low_signal_monitor,Keep as reference/monitor screen; avoid unnecessary churn.,flutter_app/lib/features/trade_compliance/presentation/pages/disclosures/risk_indicator_explainer_page.dart;flutter_app/lib/features/trade_compliance/presentation/widgets/disclosures/risk_indicator_details_common.dart;flutter_app/lib/features/trade_compliance/presentation/widgets/disclosures/risk_indicator_scale_intro.dart,
trade_copy,AppRoutePaths.tradeCopyActive,ActiveCopiesPage,flutter_app/lib/features/trade_copy/presentation/pages/hub/active_copies_page.dart,L2_detail,detail,A,0,0,PASS_MONITOR,0,0,0,0,0,0,0,0,0,low_signal_monitor,Keep as reference/monitor screen; avoid unnecessary churn.,flutter_app/lib/features/trade_copy/presentation/pages/hub/active_copies_page.dart;flutter_app/lib/features/trade_copy/presentation/widgets/hub/active_copies_alerts_modal.dart;flutter_app/lib/features/trade_copy/presentation/widgets/hub/active_copies_card.dart;flutter_app/lib/features/trade_copy/presentation/widgets/hub/active_copies_expanded_details.dart;flutter_app/lib/features/trade_copy/presentation/widgets/hub/active_copies_overview.dart;flutter_app/lib/features/trade_copy/presentation/widgets/hub/active_copies_shared.dart,
trade_copy,'/trade/copy-provider/:providerId/configuration',CopyConfigurationPage,flutter_app/lib/features/trade_copy/presentation/pages/flow/copy_configuration_page.dart,L3_transactionFlow,detail,A,0,0,PASS_MONITOR,0,0,0,0,0,0,0,0,0,low_signal_monitor,Keep as reference/monitor screen; avoid unnecessary churn.,flutter_app/lib/features/trade_copy/presentation/pages/flow/copy_configuration_page.dart;flutter_app/lib/features/trade_copy/presentation/widgets/flow/copy_configuration_provider_capital_mode.dart;flutter_app/lib/features/trade_copy/presentation/widgets/flow/copy_configuration_risk_summary.dart;flutter_app/lib/features/trade_copy/presentation/widgets/flow/copy_configuration_validation_common.dart,
trade_copy,'/trade/copy-provider/:providerId/confirmation',CopyConfirmationPage,flutter_app/lib/features/trade_copy/presentation/pages/flow/copy_confirmation_page.dart,L3_transactionFlow,detail,A,0,0,PASS_MONITOR,0,0,0,0,0,0,0,0,0,low_signal_monitor,Keep as reference/monitor screen; avoid unnecessary churn.,flutter_app/lib/features/trade_copy/presentation/pages/flow/copy_confirmation_page.dart;flutter_app/lib/features/trade_copy/presentation/widgets/flow/copy_confirmation_page_common.dart;flutter_app/lib/features/trade_copy/presentation/widgets/flow/copy_confirmation_page_sections.dart;flutter_app/lib/features/trade_copy/presentation/widgets/trade_copy_consent_card.dart,
trade_copy,AppRoutePaths.tradeCopyNotifications,CopyNotificationsPage,flutter_app/lib/features/trade_copy/presentation/pages/hub/copy_notifications_page.dart,L1_utilityHub,detail,A,0,0,PASS_MONITOR,0,0,0,0,0,0,0,1,1,low_signal_monitor,Keep as reference/monitor screen; avoid unnecessary churn.,flutter_app/lib/features/trade_copy/presentation/pages/hub/copy_notifications_page.dart;flutter_app/lib/features/trade_copy/presentation/widgets/hub/copy_notifications_page_common.dart;flutter_app/lib/features/trade_copy/presentation/widgets/hub/copy_notifications_page_sections.dart,
trade_copy,'/trade/copy-performance/:copyId',CopyPerformancePage,flutter_app/lib/features/trade_copy/presentation/pages/analytics/copy_performance_page.dart,L2_entityDetail,detail,A,0,0,PASS_MONITOR,0,0,0,0,0,0,0,0,0,low_signal_monitor,Keep as reference/monitor screen; avoid unnecessary churn.,flutter_app/lib/features/trade_copy/presentation/pages/analytics/copy_performance_page.dart;flutter_app/lib/features/trade_copy/presentation/widgets/analytics/copy_performance_common.dart;flutter_app/lib/features/trade_copy/presentation/widgets/analytics/copy_performance_details.dart;flutter_app/lib/features/trade_copy/presentation/widgets/analytics/copy_performance_summary_tabs.dart;flutter_app/lib/features/trade_copy/presentation/widgets/trade_copy_header_body_card.dart,
trade_copy,AppRoutePaths.tradeCopySettings,CopySettingsPage,flutter_app/lib/features/trade_copy/presentation/pages/hub/copy_settings_page.dart,L2_utilityDetail,detail,A,0,0,PASS_MONITOR,0,0,0,0,0,0,0,0,0,low_signal_monitor,Keep as reference/monitor screen; avoid unnecessary churn.,flutter_app/lib/features/trade_copy/presentation/pages/hub/copy_settings_page.dart;flutter_app/lib/features/trade_copy/presentation/widgets/hub/copy_settings_contacts_privacy.dart;flutter_app/lib/features/trade_copy/presentation/widgets/hub/copy_settings_controls.dart;flutter_app/lib/features/trade_copy/presentation/widgets/hub/copy_settings_modes.dart,
trade_copy,AppRoutePaths.demoCopyCard,CopyTradingCardDemo,flutter_app/lib/features/trade_copy/presentation/pages/hub/copy_trading_card_demo.dart,L2_detail,detail,A,0,0,PASS_MONITOR,0,0,0,0,0,0,0,0,1,low_signal_monitor,Keep as reference/monitor screen; avoid unnecessary churn.,flutter_app/lib/features/trade_copy/presentation/pages/hub/copy_trading_card_demo.dart;flutter_app/lib/features/trade_copy/presentation/widgets/hub/copy_trading_card_demo_common.dart;flutter_app/lib/features/trade_copy/presentation/widgets/hub/copy_trading_card_demo_sections.dart;flutter_app/lib/features/trade_copy/presentation/widgets/hub/copy_trading_card_demo_widgets.dart,
trade_copy,AppRoutePaths.tradeCopyDisputeResolution,DisputeResolutionPage,flutter_app/lib/features/trade_copy/presentation/pages/safety/dispute_resolution_page.dart,L2_detail,detail,A,0,0,PASS_MONITOR,0,0,0,0,0,0,0,0,0,low_signal_monitor,Keep as reference/monitor screen; avoid unnecessary churn.,flutter_app/lib/features/trade_copy/presentation/pages/safety/dispute_resolution_page.dart;flutter_app/lib/features/trade_copy/presentation/widgets/safety/dispute_resolution_cases.dart;flutter_app/lib/features/trade_copy/presentation/widgets/safety/dispute_resolution_common.dart;flutter_app/lib/features/trade_copy/presentation/widgets/safety/dispute_resolution_form.dart,
trade_copy,'/trade/copy-performance/:copyId/attribution',PerformanceAttributionPage,flutter_app/lib/features/trade_copy/presentation/pages/analytics/performance_attribution_page.dart,L2_entityDetail,detail,A,0,0,PASS_MONITOR,0,0,0,0,0,0,0,0,0,low_signal_monitor,Keep as reference/monitor screen; avoid unnecessary churn.,flutter_app/lib/features/trade_copy/presentation/pages/analytics/performance_attribution_page.dart;flutter_app/lib/features/trade_copy/presentation/widgets/analytics/performance_attribution_painters.dart;flutter_app/lib/features/trade_copy/presentation/widgets/analytics/performance_attribution_summary_tabs.dart;flutter_app/lib/features/trade_copy/presentation/widgets/analytics/performance_attribution_tabs.dart,
trade_copy,AppRoutePaths.tradeCopyRiskAnalysis,PortfolioRiskAnalysisPage,flutter_app/lib/features/trade_copy/presentation/pages/analytics/portfolio_risk_analysis_page.dart,L2_utilityDetail,detail,A,0,0,PASS_MONITOR,0,0,0,0,0,0,0,0,0,low_signal_monitor,Keep as reference/monitor screen; avoid unnecessary churn.,flutter_app/lib/features/trade_copy/presentation/pages/analytics/portfolio_risk_analysis_page.dart;flutter_app/lib/features/trade_copy/presentation/widgets/analytics/portfolio_risk_analysis_page_common.dart;flutter_app/lib/features/trade_copy/presentation/widgets/analytics/portfolio_risk_analysis_page_sections.dart;flutter_app/lib/features/trade_copy/presentation/widgets/trade_copy_header_body_card.dart,
trade_copy,AppRoutePaths.tradeCopyProviderGovernance,ProviderGovernancePage,flutter_app/lib/features/trade_copy/presentation/pages/provider/provider_governance_page.dart,L2_detail,detail,A,0,0,PASS_MONITOR,0,0,0,0,0,0,0,0,0,low_signal_monitor,Keep as reference/monitor screen; avoid unnecessary churn.,flutter_app/lib/features/trade_copy/presentation/pages/provider/provider_governance_page.dart;flutter_app/lib/features/trade_copy/presentation/widgets/provider/provider_governance_page_common.dart;flutter_app/lib/features/trade_copy/presentation/widgets/provider/provider_governance_page_details.dart;flutter_app/lib/features/trade_copy/presentation/widgets/provider/provider_governance_page_overview.dart,
trade_copy,AppRoutePaths.tradeCopySafety,SafetyEducationPage,flutter_app/lib/features/trade_copy/presentation/pages/safety/safety_education_page.dart,L2_detail,detail,A,0,0,PASS_MONITOR,0,0,0,0,0,0,0,0,0,low_signal_monitor,Keep as reference/monitor screen; avoid unnecessary churn.,flutter_app/lib/features/trade_copy/presentation/pages/safety/safety_education_page.dart;flutter_app/lib/features/trade_copy/presentation/widgets/safety/safety_education_page_common.dart;flutter_app/lib/features/trade_copy/presentation/widgets/safety/safety_education_page_sections.dart,
trade_terminal,AppRoutePaths.tradeMarginAdvancedAnalytics,AdvancedAnalyticsPage,flutter_app/lib/features/trade_terminal/presentation/pages/tools/advanced_analytics_page.dart,L2_utilityDetail,detail,A,0,0,PASS_MONITOR,0,0,0,0,0,0,0,0,0,low_signal_monitor,Keep as reference/monitor screen; avoid unnecessary churn.,flutter_app/lib/features/trade_terminal/presentation/pages/tools/advanced_analytics_page.dart;flutter_app/lib/features/trade_terminal/presentation/widgets/tools/advanced_analytics_page_ai_signals.dart;flutter_app/lib/features/trade_terminal/presentation/widgets/tools/advanced_analytics_page_risk_journal.dart;flutter_app/lib/features/trade_terminal/presentation/widgets/tools/advanced_analytics_page_shared.dart;flutter_app/lib/features/trade_terminal/presentation/widgets/tools/advanced_analytics_page_signal_card.dart;flutter_app/lib/features/trade_terminal/presentation/widgets/tools/advanced_analytics_page_sizing_footer.dart,
trade_terminal,AppRoutePaths.tradeMarginAdvancedDemo,AdvancedTradingDemoPage,flutter_app/lib/features/trade_terminal/presentation/pages/tools/advanced_trading_demo_page.dart,L2_detail,detail,A,0,0,PASS_MONITOR,0,0,0,0,0,0,0,1,2,low_signal_monitor,Keep as reference/monitor screen; avoid unnecessary churn.,flutter_app/lib/features/trade_terminal/presentation/pages/tools/advanced_trading_demo_page.dart;flutter_app/lib/features/trade_terminal/presentation/widgets/tools/advanced_trading_demo_page_common.dart;flutter_app/lib/features/trade_terminal/presentation/widgets/tools/advanced_trading_demo_page_sections.dart,
trade_terminal,AppRoutePaths.tradeExecutionQuality,ExecutionQualityDemoPage,flutter_app/lib/features/trade_terminal/presentation/pages/tools/execution_quality_demo_page.dart,L2_detail,detail,A,0,0,PASS_MONITOR,0,0,0,0,0,0,0,1,0,low_signal_monitor,Keep as reference/monitor screen; avoid unnecessary churn.,flutter_app/lib/features/trade_terminal/presentation/pages/tools/execution_quality_demo_page.dart;flutter_app/lib/features/trade_terminal/presentation/widgets/tools/execution_quality_common.dart;flutter_app/lib/features/trade_terminal/presentation/widgets/tools/execution_quality_overview.dart;flutter_app/lib/features/trade_terminal/presentation/widgets/tools/execution_quality_sheets.dart;flutter_app/lib/features/trade_terminal/presentation/widgets/tools/execution_quality_tabs.dart,
trade_terminal,AppRoutePaths.tradeRiskManagement,RiskManagementDemoPage,flutter_app/lib/features/trade_terminal/presentation/pages/tools/risk_management_demo_page.dart,L2_utilityDetail,detail,A,0,0,PASS_MONITOR,0,0,0,0,0,0,0,0,0,low_signal_monitor,Keep as reference/monitor screen; avoid unnecessary churn.,flutter_app/lib/features/trade_terminal/presentation/pages/tools/risk_management_demo_page.dart;flutter_app/lib/features/trade_terminal/presentation/widgets/tools/risk_management_common.dart;flutter_app/lib/features/trade_terminal/presentation/widgets/tools/risk_management_overview.dart;flutter_app/lib/features/trade_terminal/presentation/widgets/tools/risk_management_tabs.dart,
wallet,AppRoutePaths.walletAddressBook,AddressBookTabletPage,flutter_app/lib/features/wallet/presentation/tablet/pages/address_book_tablet_page.dart,L3_transactionFlow,detail,A,0,0,PASS_MONITOR,0,0,0,0,0,0,0,0,0,low_signal_monitor,Keep as reference/monitor screen; avoid unnecessary churn.,flutter_app/lib/features/wallet/presentation/tablet/pages/address_book_tablet_page.dart,
wallet,'/wallet/asset/:assetId',AssetDetailTabletPage,flutter_app/lib/features/wallet/presentation/tablet/pages/asset_detail_tablet_page.dart,L2_entityDetail,detail,A,0,0,PASS_MONITOR,0,0,0,0,0,0,0,0,1,low_signal_monitor,Keep as reference/monitor screen; avoid unnecessary churn.,flutter_app/lib/features/wallet/presentation/tablet/pages/asset_detail_tablet_page.dart,
wallet,'${AppRoutePaths.walletDeposit}/:asset',DepositTabletPage,flutter_app/lib/features/wallet/presentation/tablet/pages/deposit_tablet_page.dart,L3_transactionFlow,detail,A,0,0,PASS_MONITOR,0,0,0,0,0,0,0,0,0,low_signal_monitor,Keep as reference/monitor screen; avoid unnecessary churn.,flutter_app/lib/features/wallet/presentation/tablet/pages/deposit_tablet_page.dart,
wallet,AppRoutePaths.walletDeposit,DepositTabletPage,flutter_app/lib/features/wallet/presentation/tablet/pages/deposit_tablet_page.dart,L3_transactionFlow,detail,A,0,0,PASS_MONITOR,0,0,0,0,0,0,0,0,0,low_signal_monitor,Keep as reference/monitor screen; avoid unnecessary churn.,flutter_app/lib/features/wallet/presentation/tablet/pages/deposit_tablet_page.dart,
wallet,AppRoutePaths.walletPendingDeposits,PendingDepositsTabletPage,flutter_app/lib/features/wallet/presentation/tablet/pages/pending_deposits_tablet_page.dart,L3_transactionFlow,detail,A,0,0,PASS_MONITOR,0,0,0,0,0,0,0,0,1,low_signal_monitor,Keep as reference/monitor screen; avoid unnecessary churn.,flutter_app/lib/features/wallet/presentation/tablet/pages/pending_deposits_tablet_page.dart,
wallet,AppRoutePaths.walletPortfolioAnalytics,PortfolioAnalyticsTabletPage,flutter_app/lib/features/wallet/presentation/tablet/pages/portfolio_analytics_tablet_page.dart,L2_utilityDetail,detail,A,0,0,PASS_MONITOR,0,0,0,0,0,0,0,0,1,low_signal_monitor,Keep as reference/monitor screen; avoid unnecessary churn.,flutter_app/lib/features/wallet/presentation/tablet/pages/portfolio_analytics_tablet_page.dart,
wallet,'/wallet/transaction/:txId',TransactionDetailTabletPage,flutter_app/lib/features/wallet/presentation/tablet/pages/transaction_detail_tablet_page.dart,L2_entityDetail,detail,A,0,0,PASS_MONITOR,0,0,0,0,0,0,0,0,0,low_signal_monitor,Keep as reference/monitor screen; avoid unnecessary churn.,flutter_app/lib/features/wallet/presentation/tablet/pages/transaction_detail_tablet_page.dart,
wallet,AppRoutePaths.walletHistory,TransactionHistoryTabletPage,flutter_app/lib/features/wallet/presentation/tablet/pages/transaction_history_tablet_page.dart,L2_utilityDetail,detail,A,0,0,PASS_MONITOR,0,0,0,0,0,0,0,0,0,low_signal_monitor,Keep as reference/monitor screen; avoid unnecessary churn.,flutter_app/lib/features/wallet/presentation/tablet/pages/transaction_history_tablet_page.dart,
