category,file,line,owner,sourceWidget,actionSource,trailingKind,icon,classification,canonicalAction,canonicalIcon,needsMigration,notes
"vit_header","flutter_app/lib/app/router/internal_surface_gate.dart","92","_InternalSurfaceRestrictedPage","VitHeader","showBack","-","Icons.chevron_left_rounded","canonical","back","Icons.chevron_left_rounded","no","Back action is present."
"vit_header","flutter_app/lib/features/admin/presentation/pages/ab_test_dashboard_page.dart","58","_ABTestDashboardPageState","VitHeader","showBack","-","Icons.chevron_left_rounded","canonical","back","Icons.chevron_left_rounded","no","Back action is present."
"vit_header","flutter_app/lib/features/admin/presentation/pages/admin_settings_page.dart","44","AdminSettingsPage","VitHeader","showBack","-","Icons.chevron_left_rounded","canonical","back","Icons.chevron_left_rounded","no","Back action is present."
"vit_header","flutter_app/lib/features/admin/presentation/pages/analytics_dashboard_page.dart","66","_AnalyticsDashboardPageState","VitHeader","showBack","-","Icons.chevron_left_rounded","canonical","back","Icons.chevron_left_rounded","no","Back action is present."
"vit_header","flutter_app/lib/features/admin/presentation/pages/funnel_dashboard_page.dart","59","_FunnelDashboardPageState","VitHeader","showBack","-","Icons.chevron_left_rounded","canonical","back","Icons.chevron_left_rounded","no","Back action is present."
"vit_header","flutter_app/lib/features/arena/presentation/pages/bridge/arena_prediction_bridge_foundation_page_principles_section.dart","28","_ArenaPredictionBridgeFoundationPageState","VitHeader","showBack","-","Icons.chevron_left_rounded","canonical","back","Icons.chevron_left_rounded","no","Back action is present."
"vit_header","flutter_app/lib/features/arena/presentation/pages/bridge/connected_ecosystem_production_page.dart","86","_ConnectedEcosystemProductionPageState","VitHeader","showBack","-","Icons.chevron_left_rounded","canonical","back","Icons.chevron_left_rounded","no","Back action is present."
"vit_header","flutter_app/lib/features/arena/presentation/pages/challenge/arena_challenge_detail_page.dart","108","_ArenaChallengeDetailPageState","VitHeader","showBack","-","Icons.chevron_left_rounded","canonical","back","Icons.chevron_left_rounded","no","Back action is present."
"vit_header","flutter_app/lib/features/arena/presentation/pages/challenge/arena_join_page.dart","85","_ArenaJoinPageState","VitHeader","showBack","-","Icons.chevron_left_rounded","canonical","back","Icons.chevron_left_rounded","no","Back action is present."
"vit_header","flutter_app/lib/features/arena/presentation/pages/challenge/arena_leaderboard_page.dart","106","_ArenaLeaderboardPageState","VitHeader","showBack","-","Icons.chevron_left_rounded","canonical","back","Icons.chevron_left_rounded","no","Back action is present."
"vit_header","flutter_app/lib/features/arena/presentation/pages/challenge/arena_mode_detail_page.dart","83","_ArenaModeDetailPageState","VitHeader","showBack","-","Icons.chevron_left_rounded","canonical","back","Icons.chevron_left_rounded","no","Back action is present."
"vit_header","flutter_app/lib/features/arena/presentation/pages/challenge/arena_mode_detail_page.dart","92","_ArenaModeDetailPageState","VitHeader","showBack","-","Icons.chevron_left_rounded","canonical","back","Icons.chevron_left_rounded","no","Back action is present."
"vit_header","flutter_app/lib/features/arena/presentation/pages/challenge/arena_mode_detail_page.dart","108","_ArenaModeDetailPageState","VitHeader","showBack","-","Icons.chevron_left_rounded","canonical","back","Icons.chevron_left_rounded","no","Back action is present."
"vit_header","flutter_app/lib/features/arena/presentation/pages/challenge/verified_challenges_page.dart","58","VerifiedChallengesPage","VitHeader","showBack","-","Icons.chevron_left_rounded","canonical","back","Icons.chevron_left_rounded","no","Back action is present."
"vit_header","flutter_app/lib/features/arena/presentation/pages/governance/arena_blocked_users_page.dart","76","_ArenaBlockedUsersPageState","VitHeader","showBack","-","Icons.chevron_left_rounded","canonical","back","Icons.chevron_left_rounded","no","Back action is present."
"vit_header","flutter_app/lib/features/arena/presentation/pages/governance/arena_governance_gate_page.dart","118","_ArenaGovernanceGatePageState","VitHeader","showBack","-","Icons.chevron_left_rounded","canonical","back","Icons.chevron_left_rounded","no","Back action is present."
"vit_header","flutter_app/lib/features/arena/presentation/pages/governance/arena_guide_page.dart","92","_ArenaGuidePageState","VitHeader","showBack","-","Icons.chevron_left_rounded","canonical","back","Icons.chevron_left_rounded","no","Back action is present."
"vit_header","flutter_app/lib/features/arena/presentation/pages/governance/arena_report_case_page.dart","103","_ArenaReportCasePageState","VitHeader","showBack","-","Icons.chevron_left_rounded","canonical","back","Icons.chevron_left_rounded","no","Back action is present."
"vit_header","flutter_app/lib/features/arena/presentation/pages/governance/arena_resolution_center_page.dart","51","ArenaResolutionCenterPage","VitHeader","showBack","-","Icons.chevron_left_rounded","canonical","back","Icons.chevron_left_rounded","no","Back action is present."
"vit_header","flutter_app/lib/features/arena/presentation/pages/governance/arena_safety_center_page.dart","75","ArenaSafetyCenterPage","VitHeader","showBack","-","Icons.chevron_left_rounded","canonical","back","Icons.chevron_left_rounded","no","Back action is present."
"vit_header","flutter_app/lib/features/arena/presentation/pages/governance/arena_trust_breakdown_page.dart","64","ArenaTrustBreakdownPage","VitHeader","showBack","-","Icons.chevron_left_rounded","canonical","back","Icons.chevron_left_rounded","no","Back action is present."
"vit_header","flutter_app/lib/features/arena/presentation/pages/governance/my_arena_reports_page.dart","70","_MyArenaReportsPageState","VitHeader","showBack","-","Icons.chevron_left_rounded","canonical","back","Icons.chevron_left_rounded","no","Back action is present."
"vit_header","flutter_app/lib/features/arena/presentation/pages/hub/arena_flow_map_page.dart","97","_ArenaFlowMapPageState","VitHeader","showBack","-","Icons.chevron_left_rounded","canonical","back","Icons.chevron_left_rounded","no","Back action is present."
"vit_header","flutter_app/lib/features/arena/presentation/pages/hub/arena_production_ready_page_screens_states_section.dart","27","_ArenaProductionReadyPageState","VitHeader","showBack","-","Icons.chevron_left_rounded","canonical","back","Icons.chevron_left_rounded","no","Back action is present."
"vit_header","flutter_app/lib/features/arena/presentation/pages/hub/my_arena_page.dart","91","_MyArenaPageState","VitHeader","showBack","-","Icons.chevron_left_rounded","canonical","back","Icons.chevron_left_rounded","no","Back action is present."
"vit_header","flutter_app/lib/features/arena/presentation/pages/points/arena_points_entry_detail_page.dart","82","_ArenaPointsEntryDetailPageState","VitHeader","showBack","-","Icons.chevron_left_rounded","canonical","back","Icons.chevron_left_rounded","no","Back action is present."
"vit_header","flutter_app/lib/features/arena/presentation/pages/points/arena_points_ledger_page.dart","75","_ArenaPointsLedgerPageState","VitHeader","showBack","-","Icons.chevron_left_rounded","canonical","back","Icons.chevron_left_rounded","no","Back action is present."
"vit_header","flutter_app/lib/features/arena/presentation/pages/studio/arena_creator_page.dart","85","_ArenaCreatorPageState","VitHeader","showBack","-","Icons.chevron_left_rounded","canonical","back","Icons.chevron_left_rounded","no","Back action is present."
"vit_header","flutter_app/lib/features/arena/presentation/pages/studio/arena_smart_rule_builder_page.dart","138","_ArenaSmartRuleBuilderPageState","VitHeader","showBack","-","Icons.chevron_left_rounded","canonical","back","Icons.chevron_left_rounded","no","Back action is present."
"vit_header","flutter_app/lib/features/arena/presentation/pages/studio/arena_studio_page.dart","82","_ArenaStudioPageState","VitHeader","showBack","-","Icons.chevron_left_rounded","canonical","back","Icons.chevron_left_rounded","no","Back action is present."
"vit_header","flutter_app/lib/features/arena/presentation/pages/studio/arena_universal_preset_library_page.dart","82","_ArenaUniversalPresetLibraryPageState","VitHeader","showBack","-","Icons.chevron_left_rounded","canonical","back","Icons.chevron_left_rounded","no","Back action is present."
"vit_header","flutter_app/lib/features/auth/presentation/phone/pages/forgot_password_page.dart","239","_ForgotPasswordPageState","VitHeader","showBack","-","Icons.chevron_left_rounded","canonical","back","Icons.chevron_left_rounded","no","Back action is present."
"vit_header","flutter_app/lib/features/auth/presentation/phone/pages/otp_page.dart","219","_OTPPageState","VitHeader","showBack","-","Icons.chevron_left_rounded","canonical","back","Icons.chevron_left_rounded","no","Back action is present."
"vit_header","flutter_app/lib/features/auth/presentation/phone/pages/register_page.dart","175","_RegisterPageState","VitHeader","showBack","-","Icons.chevron_left_rounded","canonical","back","Icons.chevron_left_rounded","no","Back action is present."
"vit_header","flutter_app/lib/features/auth/presentation/phone/pages/reset_password_page.dart","157","_ResetPasswordPageState","VitHeader","showBack","-","Icons.chevron_left_rounded","canonical","back","Icons.chevron_left_rounded","no","Back action is present."
"vit_header","flutter_app/lib/features/auth/presentation/phone/pages/two_fa_setup_page.dart","201","_TwoFASetupPageState","VitHeader","showBack","-","Icons.chevron_left_rounded","canonical","back","Icons.chevron_left_rounded","no","Back action is present."
"vit_header","flutter_app/lib/features/cross_module/presentation/widgets/cross_module_tabbed_shell.dart","47","CrossModuleTabbedPageShell","VitHeader","showBack","-","Icons.chevron_left_rounded","canonical","back","Icons.chevron_left_rounded","no","Back action is present."
"vit_header","flutter_app/lib/features/dca/presentation/pages/hub/dca_overview_demo.dart","178","_DCAOverviewDemoState","VitHeader","showBack","-","Icons.chevron_left_rounded","canonical","back","Icons.chevron_left_rounded","no","Back action is present."
"vit_header","flutter_app/lib/features/dca/presentation/pages/portfolio/dca_multi_asset_page_setup.dart","53","_DCAMultiAssetPageState","VitHeader","showBack","-","Icons.chevron_left_rounded","canonical","back","Icons.chevron_left_rounded","no","Back action is present."
"vit_header","flutter_app/lib/features/dca/presentation/pages/portfolio/dca_performance_compare_page.dart","65","_DCAPerformanceComparePageState","VitHeader","showBack","-","Icons.chevron_left_rounded","canonical","back","Icons.chevron_left_rounded","no","Back action is present."
"vit_header","flutter_app/lib/features/dca/presentation/pages/portfolio/dca_portfolio_optimizer_page.dart","93","_DCAPortfolioOptimizerPageState","VitHeader","showBack","-","Icons.chevron_left_rounded","canonical","back","Icons.chevron_left_rounded","no","Back action is present."
"vit_header","flutter_app/lib/features/dca/presentation/pages/portfolio/dca_rebalance_config_page.dart","97","_DCARebalanceConfigPageState","VitHeader","showBack","-","Icons.chevron_left_rounded","canonical","back","Icons.chevron_left_rounded","no","Back action is present."
"vit_header","flutter_app/lib/features/dca/presentation/pages/research/dca_backtester_page.dart","62","_DCABacktesterPageState","VitHeader","showBack","-","Icons.chevron_left_rounded","canonical","back","Icons.chevron_left_rounded","no","Back action is present."
"vit_header","flutter_app/lib/features/dca/presentation/pages/research/dca_dynamic_amount_page.dart","74","_DCADynamicAmountPageState","VitHeader","showBack","-","Icons.chevron_left_rounded","canonical","back","Icons.chevron_left_rounded","no","Back action is present."
"vit_header","flutter_app/lib/features/dca/presentation/pages/schedule/dca_schedule_config_page.dart","88","_DCAScheduleConfigPageState","VitHeader","showBack","-","Icons.chevron_left_rounded","canonical","back","Icons.chevron_left_rounded","no","Back action is present."
"vit_header","flutter_app/lib/features/dca/presentation/pages/schedule/dca_smart_rules_page.dart","65","_DCASmartRulesPageState","VitHeader","showBack","-","Icons.chevron_left_rounded","canonical","back","Icons.chevron_left_rounded","no","Back action is present."
"vit_header","flutter_app/lib/features/dev/presentation/pages/design_system_page.dart","302","_DesignSystemScaffold","VitHeader","showBack","-","Icons.chevron_left_rounded","canonical","back","Icons.chevron_left_rounded","no","Back action is present."
"vit_header","flutter_app/lib/features/dev/presentation/pages/missing_screens_showcase_page.dart","193","_ShowcaseScaffold","VitHeader","showBack","-","Icons.chevron_left_rounded","canonical","back","Icons.chevron_left_rounded","no","Back action is present."
"vit_header","flutter_app/lib/features/dev/presentation/pages/performance_monitor.dart","184","_PerformanceMonitorScaffold","VitHeader","showBack","-","Icons.chevron_left_rounded","canonical","back","Icons.chevron_left_rounded","no","Back action is present."
"vit_header","flutter_app/lib/features/dev/presentation/pages/route_checker_page.dart","236","_RouteCheckerScaffold","VitHeader","showBack","-","Icons.chevron_left_rounded","canonical","back","Icons.chevron_left_rounded","no","Back action is present."
"vit_header","flutter_app/lib/features/discovery/presentation/pages/topic_hub_page.dart","168","_TopicHubScaffold","VitHeader","showBack","-","Icons.chevron_left_rounded","canonical","back","Icons.chevron_left_rounded","no","Back action is present."
"vit_header","flutter_app/lib/features/discovery/presentation/pages/unified_search_page.dart","82","_UnifiedSearchPageState","VitHeader","showBack","-","Icons.chevron_left_rounded","canonical","back","Icons.chevron_left_rounded","no","Back action is present."
"vit_header","flutter_app/lib/features/earn_savings/presentation/pages/savings/auto_compound_settings_page.dart","75","_AutoCompoundSettingsPageState","VitHeader","showBack","-","Icons.chevron_left_rounded","canonical","back","Icons.chevron_left_rounded","no","Back action is present."
"vit_header","flutter_app/lib/features/earn_savings/presentation/pages/savings/auto_compound_settings_page.dart","83","_AutoCompoundSettingsPageState","VitHeader","showBack","-","Icons.chevron_left_rounded","canonical","back","Icons.chevron_left_rounded","no","Back action is present."
"vit_header","flutter_app/lib/features/earn_savings/presentation/pages/savings/auto_compound_settings_page.dart","108","_AutoCompoundSettingsPageState","VitHeader","showBack","-","Icons.chevron_left_rounded","canonical","back","Icons.chevron_left_rounded","no","Back action is present."
"vit_header","flutter_app/lib/features/earn_savings/presentation/pages/savings/earn_portfolio_page.dart","20","_SavingsPortfolioPageState","VitHeader","showBack","-","Icons.chevron_left_rounded","canonical","back","Icons.chevron_left_rounded","no","Back action is present."
"vit_header","flutter_app/lib/features/earn_savings/presentation/pages/savings/earn_portfolio_page.dart","28","_SavingsPortfolioPageState","VitHeader","showBack","-","Icons.chevron_left_rounded","canonical","back","Icons.chevron_left_rounded","no","Back action is present."
"vit_header","flutter_app/lib/features/earn_savings/presentation/pages/savings/earn_portfolio_page.dart","49","_SavingsPortfolioPageState","VitHeader","showBack","-","Icons.chevron_left_rounded","canonical","back","Icons.chevron_left_rounded","no","Back action is present."
"vit_header","flutter_app/lib/features/earn_savings/presentation/pages/savings/savings_analytics_page.dart","65","_SavingsAnalyticsPageState","VitHeader","showBack","-","Icons.chevron_left_rounded","canonical","back","Icons.chevron_left_rounded","no","Back action is present."
"vit_header","flutter_app/lib/features/earn_savings/presentation/pages/savings/savings_analytics_page.dart","73","_SavingsAnalyticsPageState","VitHeader","showBack","-","Icons.chevron_left_rounded","canonical","back","Icons.chevron_left_rounded","no","Back action is present."
"vit_header","flutter_app/lib/features/earn_savings/presentation/pages/savings/savings_analytics_page.dart","96","_SavingsAnalyticsPageState","VitHeader","showBack","-","Icons.chevron_left_rounded","canonical","back","Icons.chevron_left_rounded","no","Back action is present."
"vit_header","flutter_app/lib/features/earn_savings/presentation/pages/savings/savings_auto_rebalance_page.dart","98","_SavingsAutoRebalancePageState","VitHeader","showBack","-","Icons.chevron_left_rounded","canonical","back","Icons.chevron_left_rounded","no","Back action is present."
"vit_header","flutter_app/lib/features/earn_savings/presentation/pages/savings/savings_auto_rebalance_page.dart","106","_SavingsAutoRebalancePageState","VitHeader","showBack","-","Icons.chevron_left_rounded","canonical","back","Icons.chevron_left_rounded","no","Back action is present."
"vit_header","flutter_app/lib/features/earn_savings/presentation/pages/savings/savings_auto_rebalance_page.dart","133","_SavingsAutoRebalancePageState","VitHeader","showBack","-","Icons.chevron_left_rounded","canonical","back","Icons.chevron_left_rounded","no","Back action is present."
"vit_header","flutter_app/lib/features/earn_savings/presentation/pages/savings/savings_autopilot_page.dart","74","_SavingsAutoPilotPageState","VitHeader","showBack","-","Icons.chevron_left_rounded","canonical","back","Icons.chevron_left_rounded","no","Back action is present."
"vit_header","flutter_app/lib/features/earn_savings/presentation/pages/savings/savings_autopilot_page.dart","82","_SavingsAutoPilotPageState","VitHeader","showBack","-","Icons.chevron_left_rounded","canonical","back","Icons.chevron_left_rounded","no","Back action is present."
"vit_header","flutter_app/lib/features/earn_savings/presentation/pages/savings/savings_autopilot_page.dart","112","_SavingsAutoPilotPageState","VitHeader","showBack","-","Icons.chevron_left_rounded","canonical","back","Icons.chevron_left_rounded","no","Back action is present."
"vit_header","flutter_app/lib/features/earn_savings/presentation/pages/savings/savings_backtest_page.dart","90","_SavingsBacktestPageState","VitHeader","showBack","-","Icons.chevron_left_rounded","canonical","back","Icons.chevron_left_rounded","no","Back action is present."
"vit_header","flutter_app/lib/features/earn_savings/presentation/pages/savings/savings_backtest_page.dart","98","_SavingsBacktestPageState","VitHeader","showBack","-","Icons.chevron_left_rounded","canonical","back","Icons.chevron_left_rounded","no","Back action is present."
"vit_header","flutter_app/lib/features/earn_savings/presentation/pages/savings/savings_backtest_page.dart","125","_SavingsBacktestPageState","VitHeader","showBack","-","Icons.chevron_left_rounded","canonical","back","Icons.chevron_left_rounded","no","Back action is present."
"vit_header","flutter_app/lib/features/earn_savings/presentation/pages/savings/savings_comparison_page.dart","66","_SavingsComparisonPageState","VitHeader","showBack","-","Icons.chevron_left_rounded","canonical","back","Icons.chevron_left_rounded","no","Back action is present."
"vit_header","flutter_app/lib/features/earn_savings/presentation/pages/savings/savings_comparison_page.dart","74","_SavingsComparisonPageState","VitHeader","showBack","-","Icons.chevron_left_rounded","canonical","back","Icons.chevron_left_rounded","no","Back action is present."
"vit_header","flutter_app/lib/features/earn_savings/presentation/pages/savings/savings_comparison_page.dart","100","_SavingsComparisonPageState","VitHeader","showBack","-","Icons.chevron_left_rounded","canonical","back","Icons.chevron_left_rounded","no","Back action is present."
"vit_header","flutter_app/lib/features/earn_savings/presentation/pages/savings/savings_dca_page.dart","69","_SavingsDCAPageState","VitHeader","showBack","-","Icons.chevron_left_rounded","canonical","back","Icons.chevron_left_rounded","no","Back action is present."
"vit_header","flutter_app/lib/features/earn_savings/presentation/pages/savings/savings_dca_page.dart","77","_SavingsDCAPageState","VitHeader","showBack","-","Icons.chevron_left_rounded","canonical","back","Icons.chevron_left_rounded","no","Back action is present."
"vit_header","flutter_app/lib/features/earn_savings/presentation/pages/savings/savings_dca_page.dart","99","_SavingsDCAPageState","VitHeader","showBack","-","Icons.chevron_left_rounded","canonical","back","Icons.chevron_left_rounded","no","Back action is present."
"vit_header","flutter_app/lib/features/earn_savings/presentation/pages/savings/savings_export_page.dart","87","_SavingsExportPageState","VitHeader","showBack","-","Icons.chevron_left_rounded","canonical","back","Icons.chevron_left_rounded","no","Back action is present."
"vit_header","flutter_app/lib/features/earn_savings/presentation/pages/savings/savings_export_page.dart","95","_SavingsExportPageState","VitHeader","showBack","-","Icons.chevron_left_rounded","canonical","back","Icons.chevron_left_rounded","no","Back action is present."
"vit_header","flutter_app/lib/features/earn_savings/presentation/pages/savings/savings_export_page.dart","123","_SavingsExportPageState","VitHeader","showBack","-","Icons.chevron_left_rounded","canonical","back","Icons.chevron_left_rounded","no","Back action is present."
"vit_header","flutter_app/lib/features/earn_savings/presentation/pages/savings/savings_faq_page.dart","61","_SavingsFAQPageState","VitHeader","showBack","-","Icons.chevron_left_rounded","canonical","back","Icons.chevron_left_rounded","no","Back action is present."
"vit_header","flutter_app/lib/features/earn_savings/presentation/pages/savings/savings_faq_page.dart","69","_SavingsFAQPageState","VitHeader","showBack","-","Icons.chevron_left_rounded","canonical","back","Icons.chevron_left_rounded","no","Back action is present."
"vit_header","flutter_app/lib/features/earn_savings/presentation/pages/savings/savings_faq_page.dart","99","_SavingsFAQPageState","VitHeader","showBack","-","Icons.chevron_left_rounded","canonical","back","Icons.chevron_left_rounded","no","Back action is present."
"vit_header","flutter_app/lib/features/earn_savings/presentation/pages/savings/savings_goal_page.dart","68","_SavingsGoalPageState","VitHeader","showBack","-","Icons.chevron_left_rounded","canonical","back","Icons.chevron_left_rounded","no","Back action is present."
"vit_header","flutter_app/lib/features/earn_savings/presentation/pages/savings/savings_goal_page.dart","76","_SavingsGoalPageState","VitHeader","showBack","-","Icons.chevron_left_rounded","canonical","back","Icons.chevron_left_rounded","no","Back action is present."
"vit_header","flutter_app/lib/features/earn_savings/presentation/pages/savings/savings_goal_page.dart","103","_SavingsGoalPageState","VitHeader","showBack","-","Icons.chevron_left_rounded","canonical","back","Icons.chevron_left_rounded","no","Back action is present."
"vit_header","flutter_app/lib/features/earn_savings/presentation/pages/savings/savings_guide_page.dart","62","_SavingsGuidePageState","VitHeader","showBack","-","Icons.chevron_left_rounded","canonical","back","Icons.chevron_left_rounded","no","Back action is present."
"vit_header","flutter_app/lib/features/earn_savings/presentation/pages/savings/savings_guide_page.dart","70","_SavingsGuidePageState","VitHeader","showBack","-","Icons.chevron_left_rounded","canonical","back","Icons.chevron_left_rounded","no","Back action is present."
"vit_header","flutter_app/lib/features/earn_savings/presentation/pages/savings/savings_guide_page.dart","93","_SavingsGuidePageState","VitHeader","showBack","-","Icons.chevron_left_rounded","canonical","back","Icons.chevron_left_rounded","no","Back action is present."
"vit_header","flutter_app/lib/features/earn_savings/presentation/pages/savings/savings_history_page.dart","60","_SavingsHistoryPageState","VitHeader","showBack","-","Icons.chevron_left_rounded","canonical","back","Icons.chevron_left_rounded","no","Back action is present."
"vit_header","flutter_app/lib/features/earn_savings/presentation/pages/savings/savings_history_page.dart","68","_SavingsHistoryPageState","VitHeader","showBack","-","Icons.chevron_left_rounded","canonical","back","Icons.chevron_left_rounded","no","Back action is present."
"vit_header","flutter_app/lib/features/earn_savings/presentation/pages/savings/savings_history_page.dart","94","_SavingsHistoryPageState","VitHeader","showBack","-","Icons.chevron_left_rounded","canonical","back","Icons.chevron_left_rounded","no","Back action is present."
"vit_header","flutter_app/lib/features/earn_savings/presentation/pages/savings/savings_ladder_page.dart","80","_SavingsLadderPageState","VitHeader","showBack","-","Icons.chevron_left_rounded","canonical","back","Icons.chevron_left_rounded","no","Back action is present."
"vit_header","flutter_app/lib/features/earn_savings/presentation/pages/savings/savings_ladder_page.dart","88","_SavingsLadderPageState","VitHeader","showBack","-","Icons.chevron_left_rounded","canonical","back","Icons.chevron_left_rounded","no","Back action is present."
"vit_header","flutter_app/lib/features/earn_savings/presentation/pages/savings/savings_ladder_page.dart","123","_SavingsLadderPageState","VitHeader","showBack","-","Icons.chevron_left_rounded","canonical","back","Icons.chevron_left_rounded","no","Back action is present."
"vit_header","flutter_app/lib/features/earn_savings/presentation/pages/savings/savings_notification_preferences_page.dart","82","_SavingsNotificationPreferencesPageState","VitHeader","showBack","-","Icons.chevron_left_rounded","canonical","back","Icons.chevron_left_rounded","no","Back action is present."
"vit_header","flutter_app/lib/features/earn_savings/presentation/pages/savings/savings_notification_preferences_page.dart","90","_SavingsNotificationPreferencesPageState","VitHeader","showBack","-","Icons.chevron_left_rounded","canonical","back","Icons.chevron_left_rounded","no","Back action is present."
"vit_header","flutter_app/lib/features/earn_savings/presentation/pages/savings/savings_notification_preferences_page.dart","125","_SavingsNotificationPreferencesPageState","VitHeader","showBack","-","Icons.chevron_left_rounded","canonical","back","Icons.chevron_left_rounded","no","Back action is present."
"vit_header","flutter_app/lib/features/earn_savings/presentation/pages/savings/savings_notifications_page.dart","67","_SavingsNotificationsPageState","VitHeader","showBack","-","Icons.chevron_left_rounded","canonical","back","Icons.chevron_left_rounded","no","Back action is present."
"vit_header","flutter_app/lib/features/earn_savings/presentation/pages/savings/savings_notifications_page.dart","75","_SavingsNotificationsPageState","VitHeader","showBack","-","Icons.chevron_left_rounded","canonical","back","Icons.chevron_left_rounded","no","Back action is present."
"vit_header","flutter_app/lib/features/earn_savings/presentation/pages/savings/savings_notifications_page.dart","109","_SavingsNotificationsPageState","VitHeader","showBack","-","Icons.chevron_left_rounded","canonical","back","Icons.chevron_left_rounded","no","Back action is present."
"vit_header","flutter_app/lib/features/earn_savings/presentation/pages/savings/savings_page.dart","81","_SavingsPageState","VitHeader","showBack","-","Icons.chevron_left_rounded","canonical","back","Icons.chevron_left_rounded","no","Back action is present."
"vit_header","flutter_app/lib/features/earn_savings/presentation/pages/savings/savings_page.dart","93","_SavingsPageState","VitHeader","showBack","-","Icons.chevron_left_rounded","canonical","back","Icons.chevron_left_rounded","no","Back action is present."
"vit_header","flutter_app/lib/features/earn_savings/presentation/pages/savings/savings_page.dart","120","_SavingsPageState","VitHeader","showBack","-","Icons.chevron_left_rounded","canonical","back","Icons.chevron_left_rounded","no","Back action is present."
"vit_header","flutter_app/lib/features/earn_savings/presentation/pages/savings/savings_product_detail_page.dart","57","SavingsProductDetailPage","VitHeader","showBack","-","Icons.chevron_left_rounded","canonical","back","Icons.chevron_left_rounded","no","Back action is present."
"vit_header","flutter_app/lib/features/earn_savings/presentation/pages/savings/savings_product_detail_page.dart","65","SavingsProductDetailPage","VitHeader","showBack","-","Icons.chevron_left_rounded","canonical","back","Icons.chevron_left_rounded","no","Back action is present."
"vit_header","flutter_app/lib/features/earn_savings/presentation/pages/savings/savings_product_detail_page.dart","82","SavingsProductDetailPage","VitHeader","showBack","-","Icons.chevron_left_rounded","canonical","back","Icons.chevron_left_rounded","no","Back action is present."
"vit_header","flutter_app/lib/features/earn_savings/presentation/pages/savings/savings_receipt_page.dart","40","SavingsReceiptPage","VitHeader","showBack","-","Icons.chevron_left_rounded","canonical","back","Icons.chevron_left_rounded","no","Back action is present."
"vit_header","flutter_app/lib/features/earn_savings/presentation/pages/savings/savings_receipt_page.dart","48","SavingsReceiptPage","VitHeader","showBack","-","Icons.chevron_left_rounded","canonical","back","Icons.chevron_left_rounded","no","Back action is present."
"vit_header","flutter_app/lib/features/earn_savings/presentation/pages/savings/savings_receipt_page.dart","62","SavingsReceiptPage","VitHeader","showBack","-","Icons.chevron_left_rounded","canonical","back","Icons.chevron_left_rounded","no","Back action is present."
"vit_header","flutter_app/lib/features/earn_savings/presentation/pages/savings/savings_recommendations_page.dart","85","_SavingsRecommendationsPageState","VitHeader","showBack","-","Icons.chevron_left_rounded","canonical","back","Icons.chevron_left_rounded","no","Back action is present."
"vit_header","flutter_app/lib/features/earn_savings/presentation/pages/savings/savings_recommendations_page.dart","93","_SavingsRecommendationsPageState","VitHeader","showBack","-","Icons.chevron_left_rounded","canonical","back","Icons.chevron_left_rounded","no","Back action is present."
"vit_header","flutter_app/lib/features/earn_savings/presentation/pages/savings/savings_recommendations_page.dart","115","_SavingsRecommendationsPageState","VitHeader","showBack","-","Icons.chevron_left_rounded","canonical","back","Icons.chevron_left_rounded","no","Back action is present."
"vit_header","flutter_app/lib/features/earn_savings/presentation/pages/savings/savings_redeem_page.dart","47","SavingsRedeemPage","VitHeader","showBack","-","Icons.chevron_left_rounded","canonical","back","Icons.chevron_left_rounded","no","Back action is present."
"vit_header","flutter_app/lib/features/earn_savings/presentation/pages/savings/savings_redeem_page.dart","55","SavingsRedeemPage","VitHeader","showBack","-","Icons.chevron_left_rounded","canonical","back","Icons.chevron_left_rounded","no","Back action is present."
"vit_header","flutter_app/lib/features/earn_savings/presentation/pages/savings/savings_redeem_page.dart","71","SavingsRedeemPage","VitHeader","showBack","-","Icons.chevron_left_rounded","canonical","back","Icons.chevron_left_rounded","no","Back action is present."
"vit_header","flutter_app/lib/features/earn_savings/presentation/pages/savings/savings_risk_assessment_page.dart","75","_SavingsRiskAssessmentPageState","VitHeader","showBack","-","Icons.chevron_left_rounded","canonical","back","Icons.chevron_left_rounded","no","Back action is present."
"vit_header","flutter_app/lib/features/earn_savings/presentation/pages/savings/savings_risk_assessment_page.dart","83","_SavingsRiskAssessmentPageState","VitHeader","showBack","-","Icons.chevron_left_rounded","canonical","back","Icons.chevron_left_rounded","no","Back action is present."
"vit_header","flutter_app/lib/features/earn_savings/presentation/pages/savings/savings_risk_assessment_page.dart","99","_SavingsRiskAssessmentPageState","VitHeader","showBack","-","Icons.chevron_left_rounded","canonical","back","Icons.chevron_left_rounded","no","Back action is present."
"vit_header","flutter_app/lib/features/earn_savings/presentation/pages/savings/savings_smart_suggestions_page.dart","70","_SavingsSmartSuggestionsPageState","VitHeader","showBack","-","Icons.chevron_left_rounded","canonical","back","Icons.chevron_left_rounded","no","Back action is present."
"vit_header","flutter_app/lib/features/earn_savings/presentation/pages/savings/savings_smart_suggestions_page.dart","78","_SavingsSmartSuggestionsPageState","VitHeader","showBack","-","Icons.chevron_left_rounded","canonical","back","Icons.chevron_left_rounded","no","Back action is present."
"vit_header","flutter_app/lib/features/earn_savings/presentation/pages/savings/savings_smart_suggestions_page.dart","101","_SavingsSmartSuggestionsPageState","VitHeader","showBack","-","Icons.chevron_left_rounded","canonical","back","Icons.chevron_left_rounded","no","Back action is present."
"vit_header","flutter_app/lib/features/earn_savings/presentation/pages/savings/savings_what_if_page.dart","83","_SavingsWhatIfPageState","VitHeader","showBack","-","Icons.chevron_left_rounded","canonical","back","Icons.chevron_left_rounded","no","Back action is present."
"vit_header","flutter_app/lib/features/earn_savings/presentation/pages/savings/savings_what_if_page.dart","91","_SavingsWhatIfPageState","VitHeader","showBack","-","Icons.chevron_left_rounded","canonical","back","Icons.chevron_left_rounded","no","Back action is present."
"vit_header","flutter_app/lib/features/earn_savings/presentation/pages/savings/savings_what_if_page.dart","127","_SavingsWhatIfPageState","VitHeader","showBack","-","Icons.chevron_left_rounded","canonical","back","Icons.chevron_left_rounded","no","Back action is present."
"vit_header","flutter_app/lib/features/earn_staking/presentation/pages/staking/staking_analytics_page.dart","82","_StakingAnalyticsPageState","VitHeader","showBack","-","Icons.chevron_left_rounded","canonical","back","Icons.chevron_left_rounded","no","Back action is present."
"vit_header","flutter_app/lib/features/earn_staking/presentation/pages/staking/staking_analytics_page.dart","90","_StakingAnalyticsPageState","VitHeader","showBack","-","Icons.chevron_left_rounded","canonical","back","Icons.chevron_left_rounded","no","Back action is present."
"vit_header","flutter_app/lib/features/earn_staking/presentation/pages/staking/staking_analytics_page.dart","112","_StakingAnalyticsPageState","VitHeader","showBack","-","Icons.chevron_left_rounded","canonical","back","Icons.chevron_left_rounded","no","Back action is present."
"vit_header","flutter_app/lib/features/earn_staking/presentation/pages/staking/staking_dashboard_page.dart","65","_StakingDashboardPageState","VitHeader","showBack","-","Icons.chevron_left_rounded","canonical","back","Icons.chevron_left_rounded","no","Back action is present."
"vit_header","flutter_app/lib/features/earn_staking/presentation/pages/staking/staking_dashboard_page.dart","73","_StakingDashboardPageState","VitHeader","showBack","-","Icons.chevron_left_rounded","canonical","back","Icons.chevron_left_rounded","no","Back action is present."
"vit_header","flutter_app/lib/features/earn_staking/presentation/pages/staking/staking_dashboard_page.dart","94","_StakingDashboardPageState","VitHeader","showBack","-","Icons.chevron_left_rounded","canonical","back","Icons.chevron_left_rounded","no","Back action is present."
"vit_header","flutter_app/lib/features/earn_staking/presentation/pages/staking/staking_earnings_calendar_page.dart","73","_StakingEarningsCalendarPageState","VitHeader","showBack","-","Icons.chevron_left_rounded","canonical","back","Icons.chevron_left_rounded","no","Back action is present."
"vit_header","flutter_app/lib/features/earn_staking/presentation/pages/staking/staking_earnings_calendar_page.dart","81","_StakingEarningsCalendarPageState","VitHeader","showBack","-","Icons.chevron_left_rounded","canonical","back","Icons.chevron_left_rounded","no","Back action is present."
"vit_header","flutter_app/lib/features/earn_staking/presentation/pages/staking/staking_earnings_calendar_page.dart","109","_StakingEarningsCalendarPageState","VitHeader","showBack","-","Icons.chevron_left_rounded","canonical","back","Icons.chevron_left_rounded","no","Back action is present."
"vit_header","flutter_app/lib/features/earn_staking/presentation/pages/staking/staking_history_page.dart","79","_StakingHistoryPageState","VitHeader","showBack","-","Icons.chevron_left_rounded","canonical","back","Icons.chevron_left_rounded","no","Back action is present."
"vit_header","flutter_app/lib/features/earn_staking/presentation/pages/staking/staking_history_page.dart","87","_StakingHistoryPageState","VitHeader","showBack","-","Icons.chevron_left_rounded","canonical","back","Icons.chevron_left_rounded","no","Back action is present."
"vit_header","flutter_app/lib/features/earn_staking/presentation/pages/staking/staking_history_page.dart","109","_StakingHistoryPageState","VitHeader","showBack","-","Icons.chevron_left_rounded","canonical","back","Icons.chevron_left_rounded","no","Back action is present."
"vit_header","flutter_app/lib/features/enterprise_states/presentation/pages/enterprise_states_page.dart","72","_EnterpriseStatesPageState","VitHeader","showBack","-","Icons.chevron_left_rounded","canonical","back","Icons.chevron_left_rounded","no","Back action is present."
"vit_header","flutter_app/lib/features/enterprise_states/presentation/pages/enterprise_states_page.dart","82","_EnterpriseStatesPageState","VitHeader","showBack","-","Icons.chevron_left_rounded","canonical","back","Icons.chevron_left_rounded","no","Back action is present."
"vit_header","flutter_app/lib/features/enterprise_states/presentation/pages/enterprise_states_page.dart","97","_EnterpriseStatesPageState","VitHeader","showBack","-","Icons.chevron_left_rounded","canonical","back","Icons.chevron_left_rounded","no","Back action is present."
"vit_header","flutter_app/lib/features/launchpad/presentation/pages/bridge/launchpad_bridge_compare_page.dart","91","_LaunchpadBridgeComparePageState","VitHeader","showBack","-","Icons.chevron_left_rounded","canonical","back","Icons.chevron_left_rounded","no","Back action is present."
"vit_header","flutter_app/lib/features/launchpad/presentation/pages/bridge/launchpad_bridge_compare_page.dart","106","_LaunchpadBridgeComparePageState","VitHeader","showBack","-","Icons.chevron_left_rounded","canonical","back","Icons.chevron_left_rounded","no","Back action is present."
"vit_header","flutter_app/lib/features/launchpad/presentation/pages/bridge/launchpad_bridge_compare_page.dart","139","_LaunchpadBridgeComparePageState","VitHeader","showBack","-","Icons.chevron_left_rounded","canonical","back","Icons.chevron_left_rounded","no","Back action is present."
"vit_header","flutter_app/lib/features/launchpad/presentation/pages/bridge/launchpad_bridge_order_page.dart","81","_LaunchpadBridgeOrderPageState","VitHeader","showBack","-","Icons.chevron_left_rounded","canonical","back","Icons.chevron_left_rounded","no","Back action is present."
"vit_header","flutter_app/lib/features/launchpad/presentation/pages/bridge/launchpad_bridge_order_page.dart","99","_LaunchpadBridgeOrderPageState","VitHeader","showBack","-","Icons.chevron_left_rounded","canonical","back","Icons.chevron_left_rounded","no","Back action is present."
"vit_header","flutter_app/lib/features/launchpad/presentation/pages/bridge/launchpad_bridge_order_page.dart","124","_LaunchpadBridgeOrderPageState","VitHeader","showBack","-","Icons.chevron_left_rounded","canonical","back","Icons.chevron_left_rounded","no","Back action is present."
"vit_header","flutter_app/lib/features/launchpad/presentation/pages/bridge/launchpad_ido_bridge_page.dart","61","LaunchpadIdoBridgePage","VitHeader","showBack","-","Icons.chevron_left_rounded","canonical","back","Icons.chevron_left_rounded","no","Back action is present."
"vit_header","flutter_app/lib/features/launchpad/presentation/pages/bridge/launchpad_ido_bridge_page.dart","80","LaunchpadIdoBridgePage","VitHeader","showBack","-","Icons.chevron_left_rounded","canonical","back","Icons.chevron_left_rounded","no","Back action is present."
"vit_header","flutter_app/lib/features/launchpad/presentation/pages/bridge/launchpad_ido_bridge_page.dart","105","LaunchpadIdoBridgePage","VitHeader","showBack","-","Icons.chevron_left_rounded","canonical","back","Icons.chevron_left_rounded","no","Back action is present."
"vit_header","flutter_app/lib/features/launchpad/presentation/pages/bridge/launchpad_swap_aggregator_page.dart","116","_LaunchpadSwapAggregatorPageState","VitHeader","showBack","-","Icons.chevron_left_rounded","canonical","back","Icons.chevron_left_rounded","no","Back action is present."
"vit_header","flutter_app/lib/features/launchpad/presentation/pages/bridge/launchpad_swap_aggregator_page.dart","131","_LaunchpadSwapAggregatorPageState","VitHeader","showBack","-","Icons.chevron_left_rounded","canonical","back","Icons.chevron_left_rounded","no","Back action is present."
"vit_header","flutter_app/lib/features/launchpad/presentation/pages/bridge/launchpad_swap_aggregator_page.dart","164","_LaunchpadSwapAggregatorPageState","VitHeader","showBack","-","Icons.chevron_left_rounded","canonical","back","Icons.chevron_left_rounded","no","Back action is present."
"vit_header","flutter_app/lib/features/launchpad/presentation/pages/claim/launchpad_batch_claim_page.dart","83","_LaunchpadBatchClaimPageState","VitHeader","showBack","-","Icons.chevron_left_rounded","canonical","back","Icons.chevron_left_rounded","no","Back action is present."
"vit_header","flutter_app/lib/features/launchpad/presentation/pages/claim/launchpad_batch_claim_page.dart","98","_LaunchpadBatchClaimPageState","VitHeader","showBack","-","Icons.chevron_left_rounded","canonical","back","Icons.chevron_left_rounded","no","Back action is present."
"vit_header","flutter_app/lib/features/launchpad/presentation/pages/claim/launchpad_batch_claim_page.dart","134","_LaunchpadBatchClaimPageState","VitHeader","showBack","-","Icons.chevron_left_rounded","canonical","back","Icons.chevron_left_rounded","no","Back action is present."
"vit_header","flutter_app/lib/features/launchpad/presentation/pages/claim/launchpad_claim_receipt_page.dart","96","_LaunchpadClaimReceiptPageState","VitHeader","showBack","-","Icons.chevron_left_rounded","canonical","back","Icons.chevron_left_rounded","no","Back action is present."
"vit_header","flutter_app/lib/features/launchpad/presentation/pages/claim/launchpad_claim_receipt_page.dart","117","_LaunchpadClaimReceiptPageState","VitHeader","showBack","-","Icons.chevron_left_rounded","canonical","back","Icons.chevron_left_rounded","no","Back action is present."
"vit_header","flutter_app/lib/features/launchpad/presentation/pages/claim/launchpad_claim_receipt_page.dart","149","_LaunchpadClaimReceiptPageState","VitHeader","showBack","-","Icons.chevron_left_rounded","canonical","back","Icons.chevron_left_rounded","no","Back action is present."
"vit_header","flutter_app/lib/features/launchpad/presentation/pages/hub/launchpad_contract_page.dart","61","LaunchpadContractPage","VitHeader","showBack","-","Icons.chevron_left_rounded","canonical","back","Icons.chevron_left_rounded","no","Back action is present."
"vit_header","flutter_app/lib/features/launchpad/presentation/pages/hub/launchpad_contract_page.dart","80","LaunchpadContractPage","VitHeader","showBack","-","Icons.chevron_left_rounded","canonical","back","Icons.chevron_left_rounded","no","Back action is present."
"vit_header","flutter_app/lib/features/launchpad/presentation/pages/hub/launchpad_contract_page.dart","105","LaunchpadContractPage","VitHeader","showBack","-","Icons.chevron_left_rounded","canonical","back","Icons.chevron_left_rounded","no","Back action is present."
"vit_header","flutter_app/lib/features/launchpad/presentation/pages/hub/launchpad_detail_page.dart","61","LaunchpadDetailPage","VitHeader","showBack","-","Icons.chevron_left_rounded","canonical","back","Icons.chevron_left_rounded","no","Back action is present."
"vit_header","flutter_app/lib/features/launchpad/presentation/pages/hub/launchpad_detail_page.dart","80","LaunchpadDetailPage","VitHeader","showBack","-","Icons.chevron_left_rounded","canonical","back","Icons.chevron_left_rounded","no","Back action is present."
"vit_header","flutter_app/lib/features/launchpad/presentation/pages/hub/launchpad_detail_page.dart","105","LaunchpadDetailPage","VitHeader","showBack","-","Icons.chevron_left_rounded","canonical","back","Icons.chevron_left_rounded","no","Back action is present."
"vit_header","flutter_app/lib/features/launchpad/presentation/pages/hub/launchpad_performance_page.dart","100","_LaunchpadPerformancePageState","VitHeader","showBack","-","Icons.chevron_left_rounded","canonical","back","Icons.chevron_left_rounded","no","Back action is present."
"vit_header","flutter_app/lib/features/launchpad/presentation/pages/hub/launchpad_portfolio_page.dart","81","_LaunchpadPortfolioPageState","VitHeader","showBack","-","Icons.chevron_left_rounded","canonical","back","Icons.chevron_left_rounded","no","Back action is present."
"vit_header","flutter_app/lib/features/launchpad/presentation/pages/hub/launchpad_receipt_page.dart","69","LaunchpadReceiptPage","VitHeader","showBack","-","Icons.chevron_left_rounded","canonical","back","Icons.chevron_left_rounded","no","Back action is present."
"vit_header","flutter_app/lib/features/launchpad/presentation/pages/hub/launchpad_receipt_page.dart","87","LaunchpadReceiptPage","VitHeader","showBack","-","Icons.chevron_left_rounded","canonical","back","Icons.chevron_left_rounded","no","Back action is present."
"vit_header","flutter_app/lib/features/launchpad/presentation/pages/hub/launchpad_receipt_page.dart","114","LaunchpadReceiptPage","VitHeader","showBack","-","Icons.chevron_left_rounded","canonical","back","Icons.chevron_left_rounded","no","Back action is present."
"vit_header","flutter_app/lib/features/launchpad/presentation/pages/tools/launchpad_abi_diff_page.dart","91","_LaunchpadAbiDiffPageState","VitHeader","showBack","-","Icons.chevron_left_rounded","canonical","back","Icons.chevron_left_rounded","no","Back action is present."
"vit_header","flutter_app/lib/features/launchpad/presentation/pages/tools/launchpad_address_book_page.dart","100","_LaunchpadAddressBookPageState","VitHeader","showBack","-","Icons.chevron_left_rounded","canonical","back","Icons.chevron_left_rounded","no","Back action is present."
"vit_header","flutter_app/lib/features/launchpad/presentation/pages/tools/launchpad_dca_builder_page.dart","111","_LaunchpadDcaBuilderPageState","VitHeader","showBack","-","Icons.chevron_left_rounded","canonical","back","Icons.chevron_left_rounded","no","Back action is present."
"vit_header","flutter_app/lib/features/launchpad/presentation/pages/tools/launchpad_event_log_page.dart","104","_LaunchpadEventLogPageState","VitHeader","showBack","-","Icons.chevron_left_rounded","canonical","back","Icons.chevron_left_rounded","no","Back action is present."
"vit_header","flutter_app/lib/features/launchpad/presentation/pages/tools/launchpad_event_log_page.dart","119","_LaunchpadEventLogPageState","VitHeader","showBack","-","Icons.chevron_left_rounded","canonical","back","Icons.chevron_left_rounded","no","Back action is present."
"vit_header","flutter_app/lib/features/launchpad/presentation/pages/tools/launchpad_event_log_page.dart","149","_LaunchpadEventLogPageState","VitHeader","showBack","-","Icons.chevron_left_rounded","canonical","back","Icons.chevron_left_rounded","no","Back action is present."
"vit_header","flutter_app/lib/features/launchpad/presentation/pages/tools/launchpad_gas_tracker_page.dart","109","_LaunchpadGasTrackerPageState","VitHeader","showBack","-","Icons.chevron_left_rounded","canonical","back","Icons.chevron_left_rounded","no","Back action is present."
"vit_header","flutter_app/lib/features/launchpad/presentation/pages/tools/launchpad_gas_tracker_page.dart","124","_LaunchpadGasTrackerPageState","VitHeader","showBack","-","Icons.chevron_left_rounded","canonical","back","Icons.chevron_left_rounded","no","Back action is present."
"vit_header","flutter_app/lib/features/launchpad/presentation/pages/tools/launchpad_gas_tracker_page.dart","157","_LaunchpadGasTrackerPageState","VitHeader","showBack","-","Icons.chevron_left_rounded","canonical","back","Icons.chevron_left_rounded","no","Back action is present."
"vit_header","flutter_app/lib/features/launchpad/presentation/pages/tools/launchpad_limit_orders_page.dart","127","_LaunchpadLimitOrdersPageState","VitHeader","showBack","-","Icons.chevron_left_rounded","canonical","back","Icons.chevron_left_rounded","no","Back action is present."
"vit_header","flutter_app/lib/features/launchpad/presentation/pages/tools/launchpad_multisig_page.dart","103","_LaunchpadMultisigPageState","VitHeader","showBack","-","Icons.chevron_left_rounded","canonical","back","Icons.chevron_left_rounded","no","Back action is present."
"vit_header","flutter_app/lib/features/launchpad/presentation/pages/tools/launchpad_multisig_page.dart","118","_LaunchpadMultisigPageState","VitHeader","showBack","-","Icons.chevron_left_rounded","canonical","back","Icons.chevron_left_rounded","no","Back action is present."
"vit_header","flutter_app/lib/features/launchpad/presentation/pages/tools/launchpad_multisig_page.dart","159","_LaunchpadMultisigPageState","VitHeader","showBack","-","Icons.chevron_left_rounded","canonical","back","Icons.chevron_left_rounded","no","Back action is present."
"vit_header","flutter_app/lib/features/launchpad/presentation/pages/tools/launchpad_notif_sound_page.dart","95","_LaunchpadNotifSoundPageState","VitHeader","showBack","-","Icons.chevron_left_rounded","canonical","back","Icons.chevron_left_rounded","no","Back action is present."
"vit_header","flutter_app/lib/features/launchpad/presentation/pages/tools/launchpad_rebalance_page.dart","94","_LaunchpadRebalancePageState","VitHeader","showBack","-","Icons.chevron_left_rounded","canonical","back","Icons.chevron_left_rounded","no","Back action is present."
"vit_header","flutter_app/lib/features/launchpad/presentation/pages/tools/launchpad_rebalance_page.dart","109","_LaunchpadRebalancePageState","VitHeader","showBack","-","Icons.chevron_left_rounded","canonical","back","Icons.chevron_left_rounded","no","Back action is present."
"vit_header","flutter_app/lib/features/launchpad/presentation/pages/tools/launchpad_rebalance_page.dart","154","_LaunchpadRebalancePageState","VitHeader","showBack","-","Icons.chevron_left_rounded","canonical","back","Icons.chevron_left_rounded","no","Back action is present."
"vit_header","flutter_app/lib/features/launchpad/presentation/pages/tools/launchpad_risk_analytics_page.dart","79","_LaunchpadRiskAnalyticsPageState","VitHeader","showBack","-","Icons.chevron_left_rounded","canonical","back","Icons.chevron_left_rounded","no","Back action is present."
"vit_header","flutter_app/lib/features/launchpad/presentation/pages/tools/launchpad_staking_page.dart","88","_LaunchpadStakingPageState","VitHeader","showBack","-","Icons.chevron_left_rounded","canonical","back","Icons.chevron_left_rounded","no","Back action is present."
"vit_header","flutter_app/lib/features/launchpad/presentation/pages/tools/launchpad_webhooks_page.dart","150","_LaunchpadWebhooksPageState","VitHeader","showBack","-","Icons.chevron_left_rounded","canonical","back","Icons.chevron_left_rounded","no","Back action is present."
"vit_header","flutter_app/lib/features/launchpad/presentation/pages/tools/launchpad_webhooks_page.dart","164","_LaunchpadWebhooksPageState","VitHeader","showBack","-","Icons.chevron_left_rounded","canonical","back","Icons.chevron_left_rounded","no","Back action is present."
"vit_header","flutter_app/lib/features/launchpad/presentation/pages/tools/launchpad_webhooks_page.dart","196","_LaunchpadWebhooksPageState","VitHeader","showBack","-","Icons.chevron_left_rounded","canonical","back","Icons.chevron_left_rounded","no","Back action is present."
"vit_header","flutter_app/lib/features/markets/presentation/pages/hub/market_overview_page.dart","75","MarketOverviewPage","VitHeader","showBack","-","Icons.chevron_left_rounded","canonical","back","Icons.chevron_left_rounded","no","Back action is present."
"vit_header","flutter_app/lib/features/markets/presentation/pages/hub/watchlist_page.dart","165","_WatchlistPageState","VitHeader","showBack","-","Icons.chevron_left_rounded","canonical","back","Icons.chevron_left_rounded","no","Back action is present."
"vit_header","flutter_app/lib/features/markets/presentation/pages/pair/market_depth_page.dart","174","_MarketDepthScaffold","VitHeader","showBack","-","Icons.chevron_left_rounded","canonical","back","Icons.chevron_left_rounded","no","Back action is present."
"vit_header","flutter_app/lib/features/markets/presentation/pages/pair/market_heatmap_page.dart","62","_MarketHeatmapPageState","VitHeader","showBack","-","Icons.chevron_left_rounded","canonical","back","Icons.chevron_left_rounded","no","Back action is present."
"vit_header","flutter_app/lib/features/markets/presentation/pages/pair/pair_detail_page.dart","248","_PairDetailFallbackScaffold","VitHeader","showBack","-","Icons.chevron_left_rounded","canonical","back","Icons.chevron_left_rounded","no","Back action is present."
"vit_header","flutter_app/lib/features/markets/presentation/pages/portfolio/advanced_charts_page_tabs_filters_widgets.dart","32","_AdvancedChartsPageState","VitHeader","showBack","-","Icons.chevron_left_rounded","canonical","back","Icons.chevron_left_rounded","no","Back action is present."
"vit_header","flutter_app/lib/features/markets/presentation/pages/portfolio/portfolio_tracker_page_overview_widgets.dart","26","_PortfolioTrackerPageState","VitHeader","showBack","-","Icons.chevron_left_rounded","canonical","back","Icons.chevron_left_rounded","no","Back action is present."
"vit_header","flutter_app/lib/features/markets/presentation/pages/portfolio/price_alerts_page.dart","156","_PriceAlertsPageState","VitHeader","showBack","-","Icons.chevron_left_rounded","canonical","back","Icons.chevron_left_rounded","no","Back action is present."
"vit_header","flutter_app/lib/features/markets/presentation/pages/research/market_news_page.dart","82","_MarketNewsPageState","VitHeader","showBack","-","Icons.chevron_left_rounded","canonical","back","Icons.chevron_left_rounded","no","Back action is present."
"vit_header","flutter_app/lib/features/markets/presentation/pages/research/social_sentiment_page.dart","158","_SocialSentimentPageState","VitHeader","showBack","-","Icons.chevron_left_rounded","canonical","back","Icons.chevron_left_rounded","no","Back action is present."
"vit_header","flutter_app/lib/features/markets/presentation/pages/research/social_signals_page_tabs_widgets.dart","47","_SocialSignalsPageState","VitHeader","showBack","-","Icons.chevron_left_rounded","canonical","back","Icons.chevron_left_rounded","no","Back action is present."
"vit_header","flutter_app/lib/features/markets/presentation/pages/research/token_info_page.dart","210","_TokenInfoScaffold","VitHeader","showBack","-","Icons.chevron_left_rounded","canonical","back","Icons.chevron_left_rounded","no","Back action is present."
"vit_header","flutter_app/lib/features/markets/presentation/pages/research/token_unlocks_page_upcoming_widgets.dart","44","_TokenUnlocksPageState","VitHeader","showBack","-","Icons.chevron_left_rounded","canonical","back","Icons.chevron_left_rounded","no","Back action is present."
"vit_header","flutter_app/lib/features/markets/presentation/pages/tools/comparison_tool_page.dart","98","_ComparisonToolPageState","VitHeader","showBack","-","Icons.chevron_left_rounded","canonical","back","Icons.chevron_left_rounded","no","Back action is present."
"vit_header","flutter_app/lib/features/markets/presentation/pages/tools/derivatives_overview_page.dart","65","_DerivativesOverviewPageState","VitHeader","showBack","-","Icons.chevron_left_rounded","canonical","back","Icons.chevron_left_rounded","no","Back action is present."
"vit_header","flutter_app/lib/features/markets/presentation/pages/tools/market_calendar_page.dart","85","_MarketCalendarPageState","VitHeader","showBack","-","Icons.chevron_left_rounded","canonical","back","Icons.chevron_left_rounded","no","Back action is present."
"vit_header","flutter_app/lib/features/markets/presentation/pages/tools/market_correlations_page.dart","97","_MarketCorrelationsPageState","VitHeader","showBack","-","Icons.chevron_left_rounded","canonical","back","Icons.chevron_left_rounded","no","Back action is present."
"vit_header","flutter_app/lib/features/markets/presentation/pages/tools/market_movers_page.dart","150","_MarketMoversPageState","VitHeader","showBack","-","Icons.chevron_left_rounded","canonical","back","Icons.chevron_left_rounded","no","Back action is present."
"vit_header","flutter_app/lib/features/markets/presentation/pages/tools/market_screener_page.dart","199","_MarketScreenerPageState","VitHeader","showBack","-","Icons.chevron_left_rounded","canonical","back","Icons.chevron_left_rounded","no","Back action is present."
"vit_header","flutter_app/lib/features/markets/presentation/pages/tools/market_sectors_page.dart","81","_MarketSectorsPageState","VitHeader","showBack","-","Icons.chevron_left_rounded","canonical","back","Icons.chevron_left_rounded","no","Back action is present."
"vit_header","flutter_app/lib/features/news/presentation/pages/news_page.dart","90","_NewsPageState","VitHeader","showBack","-","Icons.chevron_left_rounded","canonical","back","Icons.chevron_left_rounded","no","Back action is present."
"vit_header","flutter_app/lib/features/notifications/presentation/pages/notifications_page.dart","79","_NotificationsPageState","VitHeader","showBack","-","Icons.chevron_left_rounded","canonical","back","Icons.chevron_left_rounded","no","Back action is present."
"vit_header","flutter_app/lib/features/p2p_account/presentation/pages/merchant/p2p_address_proof_page.dart","82","_P2PAddressProofPageState","VitHeader","showBack","-","Icons.chevron_left_rounded","canonical","back","Icons.chevron_left_rounded","no","Back action is present."
"vit_header","flutter_app/lib/features/p2p_account/presentation/pages/merchant/p2p_address_proof_page.dart","90","_P2PAddressProofPageState","VitHeader","showBack","-","Icons.chevron_left_rounded","canonical","back","Icons.chevron_left_rounded","no","Back action is present."
"vit_header","flutter_app/lib/features/p2p_account/presentation/pages/merchant/p2p_address_proof_page.dart","110","_P2PAddressProofPageState","VitHeader","showBack","-","Icons.chevron_left_rounded","canonical","back","Icons.chevron_left_rounded","no","Back action is present."
"vit_header","flutter_app/lib/features/p2p_account/presentation/pages/merchant/p2p_identity_verification_page.dart","77","_P2PIdentityVerificationPageState","VitHeader","showBack","-","Icons.chevron_left_rounded","canonical","back","Icons.chevron_left_rounded","no","Back action is present."
"vit_header","flutter_app/lib/features/p2p_account/presentation/pages/merchant/p2p_identity_verification_page.dart","85","_P2PIdentityVerificationPageState","VitHeader","showBack","-","Icons.chevron_left_rounded","canonical","back","Icons.chevron_left_rounded","no","Back action is present."
"vit_header","flutter_app/lib/features/p2p_account/presentation/pages/merchant/p2p_identity_verification_page.dart","105","_P2PIdentityVerificationPageState","VitHeader","showBack","-","Icons.chevron_left_rounded","canonical","back","Icons.chevron_left_rounded","no","Back action is present."
"vit_header","flutter_app/lib/features/p2p_account/presentation/pages/merchant/p2p_kyc_requirements_page.dart","69","P2PKycRequirementsPage","VitHeader","showBack","-","Icons.chevron_left_rounded","canonical","back","Icons.chevron_left_rounded","no","Back action is present."
"vit_header","flutter_app/lib/features/p2p_account/presentation/pages/merchant/p2p_kyc_requirements_page.dart","77","P2PKycRequirementsPage","VitHeader","showBack","-","Icons.chevron_left_rounded","canonical","back","Icons.chevron_left_rounded","no","Back action is present."
"vit_header","flutter_app/lib/features/p2p_account/presentation/pages/merchant/p2p_kyc_requirements_page.dart","90","P2PKycRequirementsPage","VitHeader","showBack","-","Icons.chevron_left_rounded","canonical","back","Icons.chevron_left_rounded","no","Back action is present."
"vit_header","flutter_app/lib/features/p2p_account/presentation/pages/merchant/p2p_kyc_status_page.dart","67","P2PKycStatusPage","VitHeader","showBack","-","Icons.chevron_left_rounded","canonical","back","Icons.chevron_left_rounded","no","Back action is present."
"vit_header","flutter_app/lib/features/p2p_account/presentation/pages/merchant/p2p_kyc_status_page.dart","75","P2PKycStatusPage","VitHeader","showBack","-","Icons.chevron_left_rounded","canonical","back","Icons.chevron_left_rounded","no","Back action is present."
"vit_header","flutter_app/lib/features/p2p_account/presentation/pages/merchant/p2p_kyc_status_page.dart","88","P2PKycStatusPage","VitHeader","showBack","-","Icons.chevron_left_rounded","canonical","back","Icons.chevron_left_rounded","no","Back action is present."
"vit_header","flutter_app/lib/features/p2p_account/presentation/pages/merchant/p2p_merchant_apply_page_state.dart","49","_P2PMerchantApplyPageState","VitHeader","showBack","-","Icons.chevron_left_rounded","canonical","back","Icons.chevron_left_rounded","no","Back action is present."
"vit_header","flutter_app/lib/features/p2p_account/presentation/pages/merchant/p2p_selfie_verification_page.dart","90","_P2PSelfieVerificationPageState","VitHeader","showBack","-","Icons.chevron_left_rounded","canonical","back","Icons.chevron_left_rounded","no","Back action is present."
"vit_header","flutter_app/lib/features/p2p_account/presentation/pages/merchant/p2p_selfie_verification_page.dart","98","_P2PSelfieVerificationPageState","VitHeader","showBack","-","Icons.chevron_left_rounded","canonical","back","Icons.chevron_left_rounded","no","Back action is present."
"vit_header","flutter_app/lib/features/p2p_account/presentation/pages/payment/p2p_payment_method_cooling_period_page.dart","56","P2PPaymentMethodCoolingPeriodPage","VitHeader","showBack","-","Icons.chevron_left_rounded","canonical","back","Icons.chevron_left_rounded","no","Back action is present."
"vit_header","flutter_app/lib/features/p2p_account/presentation/pages/payment/p2p_payment_method_history_page.dart","54","P2PPaymentMethodHistoryPage","VitHeader","showBack","-","Icons.chevron_left_rounded","canonical","back","Icons.chevron_left_rounded","no","Back action is present."
"vit_header","flutter_app/lib/features/p2p_account/presentation/pages/payment/p2p_payment_method_verification_page.dart","92","_P2PPaymentMethodVerificationPageState","VitHeader","showBack","-","Icons.chevron_left_rounded","canonical","back","Icons.chevron_left_rounded","no","Back action is present."
"vit_header","flutter_app/lib/features/p2p_account/presentation/pages/payment/p2p_payment_method_verification_page.dart","106","_P2PPaymentMethodVerificationPageState","VitHeader","showBack","-","Icons.chevron_left_rounded","canonical","back","Icons.chevron_left_rounded","no","Back action is present."
"vit_header","flutter_app/lib/features/p2p_account/presentation/pages/payment/p2p_payment_method_verification_page.dart","127","_P2PPaymentMethodVerificationPageState","VitHeader","showBack","-","Icons.chevron_left_rounded","canonical","back","Icons.chevron_left_rounded","no","Back action is present."
"vit_header","flutter_app/lib/features/p2p_core/presentation/tablet/widgets/p2p_tablet_utility_surface.dart","38","P2PTabletUtilitySurface","VitHeader","showBack","-","Icons.chevron_left_rounded","canonical","back","Icons.chevron_left_rounded","no","Back action is present."
"vit_header","flutter_app/lib/features/p2p_dispute/presentation/pages/dispute/p2p_dispute_detail_page.dart","91","_P2PDisputeDetailPageState","VitHeader","showBack","-","Icons.chevron_left_rounded","canonical","back","Icons.chevron_left_rounded","no","Back action is present."
"vit_header","flutter_app/lib/features/p2p_dispute/presentation/pages/dispute/p2p_dispute_evidence_page.dart","76","_P2PDisputeEvidencePageState","VitHeader","showBack","-","Icons.chevron_left_rounded","canonical","back","Icons.chevron_left_rounded","no","Back action is present."
"vit_header","flutter_app/lib/features/p2p_dispute/presentation/pages/dispute/p2p_dispute_page.dart","85","_P2PDisputePageState","VitHeader","showBack","-","Icons.chevron_left_rounded","canonical","back","Icons.chevron_left_rounded","no","Back action is present."
"vit_header","flutter_app/lib/features/p2p_dispute/presentation/pages/dispute/p2p_dispute_resolution_page.dart","77","_P2PDisputeResolutionPageState","VitHeader","showBack","-","Icons.chevron_left_rounded","canonical","back","Icons.chevron_left_rounded","no","Back action is present."
"vit_header","flutter_app/lib/features/p2p_dispute/presentation/pages/dispute/p2p_disputes_page.dart","54","P2PDisputesPage","VitHeader","showBack","-","Icons.chevron_left_rounded","canonical","back","Icons.chevron_left_rounded","no","Back action is present."
"vit_header","flutter_app/lib/features/p2p_dispute/presentation/pages/dispute/p2p_insurance_fund_page.dart","87","_P2PInsuranceFundPageState","VitHeader","showBack","-","Icons.chevron_left_rounded","canonical","back","Icons.chevron_left_rounded","no","Back action is present."
"vit_header","flutter_app/lib/features/p2p_dispute/presentation/pages/dispute/p2p_insurance_fund_page.dart","100","_P2PInsuranceFundPageState","VitHeader","showBack","-","Icons.chevron_left_rounded","canonical","back","Icons.chevron_left_rounded","no","Back action is present."
"vit_header","flutter_app/lib/features/p2p_dispute/presentation/pages/dispute/p2p_insurance_fund_page.dart","122","_P2PInsuranceFundPageState","VitHeader","showBack","-","Icons.chevron_left_rounded","canonical","back","Icons.chevron_left_rounded","no","Back action is present."
"vit_header","flutter_app/lib/features/p2p_dispute/presentation/pages/dispute/p2p_insurance_policy_page.dart","50","P2PInsurancePolicyPage","VitHeader","showBack","-","Icons.chevron_left_rounded","canonical","back","Icons.chevron_left_rounded","no","Back action is present."
"vit_header","flutter_app/lib/features/p2p_dispute/presentation/pages/dispute/p2p_insurance_policy_page.dart","58","P2PInsurancePolicyPage","VitHeader","showBack","-","Icons.chevron_left_rounded","canonical","back","Icons.chevron_left_rounded","no","Back action is present."
"vit_header","flutter_app/lib/features/p2p_dispute/presentation/pages/dispute/p2p_insurance_policy_page.dart","71","P2PInsurancePolicyPage","VitHeader","showBack","-","Icons.chevron_left_rounded","canonical","back","Icons.chevron_left_rounded","no","Back action is present."
"vit_header","flutter_app/lib/features/p2p_dispute/presentation/pages/dispute/p2p_insurance_score_page.dart","55","P2PInsuranceScorePage","VitHeader","showBack","-","Icons.chevron_left_rounded","canonical","back","Icons.chevron_left_rounded","no","Back action is present."
"vit_header","flutter_app/lib/features/p2p_dispute/presentation/pages/dispute/p2p_insurance_score_page.dart","63","P2PInsuranceScorePage","VitHeader","showBack","-","Icons.chevron_left_rounded","canonical","back","Icons.chevron_left_rounded","no","Back action is present."
"vit_header","flutter_app/lib/features/p2p_dispute/presentation/pages/dispute/p2p_insurance_score_page.dart","76","P2PInsuranceScorePage","VitHeader","showBack","-","Icons.chevron_left_rounded","canonical","back","Icons.chevron_left_rounded","no","Back action is present."
"vit_header","flutter_app/lib/features/p2p_marketplace/presentation/pages/ads/p2p_ad_analytics_page.dart","83","P2PAdAnalyticsPage","VitHeader","showBack","-","Icons.chevron_left_rounded","canonical","back","Icons.chevron_left_rounded","no","Back action is present."
"vit_header","flutter_app/lib/features/p2p_marketplace/presentation/pages/ads/p2p_ad_detail_page.dart","71","_P2PAdDetailPageState","VitHeader","showBack","-","Icons.chevron_left_rounded","canonical","back","Icons.chevron_left_rounded","no","Back action is present."
"vit_header","flutter_app/lib/features/p2p_marketplace/presentation/pages/ads/p2p_order_book_page.dart","80","_P2POrderBookPageState","VitHeader","showBack","-","Icons.chevron_left_rounded","canonical","back","Icons.chevron_left_rounded","no","Back action is present."
"vit_header","flutter_app/lib/features/p2p_marketplace/presentation/pages/ads/p2p_order_book_page.dart","88","_P2POrderBookPageState","VitHeader","showBack","-","Icons.chevron_left_rounded","canonical","back","Icons.chevron_left_rounded","no","Back action is present."
"vit_header","flutter_app/lib/features/p2p_marketplace/presentation/pages/ads/p2p_order_book_page.dart","102","_P2POrderBookPageState","VitHeader","showBack","-","Icons.chevron_left_rounded","canonical","back","Icons.chevron_left_rounded","no","Back action is present."
"vit_header","flutter_app/lib/features/p2p_marketplace/presentation/pages/hub/p2p_dashboard_page.dart","91","_P2PDashboardPageState","VitHeader","showBack","-","Icons.chevron_left_rounded","canonical","back","Icons.chevron_left_rounded","no","Back action is present."
"vit_header","flutter_app/lib/features/p2p_marketplace/presentation/pages/hub/p2p_dashboard_page.dart","99","_P2PDashboardPageState","VitHeader","showBack","-","Icons.chevron_left_rounded","canonical","back","Icons.chevron_left_rounded","no","Back action is present."
"vit_header","flutter_app/lib/features/p2p_marketplace/presentation/pages/hub/p2p_dashboard_page.dart","112","_P2PDashboardPageState","VitHeader","showBack","-","Icons.chevron_left_rounded","canonical","back","Icons.chevron_left_rounded","no","Back action is present."
"vit_header","flutter_app/lib/features/p2p_marketplace/presentation/pages/hub/p2p_express_confirm_page.dart","96","_P2PExpressConfirmPageState","VitHeader","showBack","-","Icons.chevron_left_rounded","canonical","back","Icons.chevron_left_rounded","no","Back action is present."
"vit_header","flutter_app/lib/features/p2p_marketplace/presentation/pages/hub/p2p_express_confirm_page.dart","105","_P2PExpressConfirmPageState","VitHeader","showBack","-","Icons.chevron_left_rounded","canonical","back","Icons.chevron_left_rounded","no","Back action is present."
"vit_header","flutter_app/lib/features/p2p_marketplace/presentation/pages/hub/p2p_express_confirm_page.dart","133","_P2PExpressConfirmPageState","VitHeader","showBack","-","Icons.chevron_left_rounded","canonical","back","Icons.chevron_left_rounded","no","Back action is present."
"vit_header","flutter_app/lib/features/p2p_marketplace/presentation/pages/hub/p2p_guide_page.dart","73","_P2PGuidePageState","VitHeader","showBack","-","Icons.chevron_left_rounded","canonical","back","Icons.chevron_left_rounded","no","Back action is present."
"vit_header","flutter_app/lib/features/p2p_marketplace/presentation/pages/hub/p2p_guide_page.dart","81","_P2PGuidePageState","VitHeader","showBack","-","Icons.chevron_left_rounded","canonical","back","Icons.chevron_left_rounded","no","Back action is present."
"vit_header","flutter_app/lib/features/p2p_marketplace/presentation/pages/hub/p2p_guide_page.dart","96","_P2PGuidePageState","VitHeader","showBack","-","Icons.chevron_left_rounded","canonical","back","Icons.chevron_left_rounded","no","Back action is present."
"vit_header","flutter_app/lib/features/p2p_marketplace/presentation/pages/hub/p2p_notifications_settings_page.dart","72","_P2PNotificationsSettingsPageState","VitHeader","showBack","-","Icons.chevron_left_rounded","canonical","back","Icons.chevron_left_rounded","no","Back action is present."
"vit_header","flutter_app/lib/features/p2p_marketplace/presentation/pages/hub/p2p_notifications_settings_page.dart","80","_P2PNotificationsSettingsPageState","VitHeader","showBack","-","Icons.chevron_left_rounded","canonical","back","Icons.chevron_left_rounded","no","Back action is present."
"vit_header","flutter_app/lib/features/p2p_marketplace/presentation/pages/hub/p2p_notifications_settings_page.dart","95","_P2PNotificationsSettingsPageState","VitHeader","showBack","-","Icons.chevron_left_rounded","canonical","back","Icons.chevron_left_rounded","no","Back action is present."
"vit_header","flutter_app/lib/features/p2p_marketplace/presentation/pages/hub/p2p_settings_page.dart","89","_P2PSettingsPageState","VitHeader","showBack","-","Icons.chevron_left_rounded","canonical","back","Icons.chevron_left_rounded","no","Back action is present."
"vit_header","flutter_app/lib/features/p2p_marketplace/presentation/pages/hub/p2p_settings_page.dart","97","_P2PSettingsPageState","VitHeader","showBack","-","Icons.chevron_left_rounded","canonical","back","Icons.chevron_left_rounded","no","Back action is present."
"vit_header","flutter_app/lib/features/p2p_marketplace/presentation/pages/hub/p2p_settings_page.dart","112","_P2PSettingsPageState","VitHeader","showBack","-","Icons.chevron_left_rounded","canonical","back","Icons.chevron_left_rounded","no","Back action is present."
"vit_header","flutter_app/lib/features/p2p_marketplace/presentation/pages/hub/p2p_trading_level_page.dart","56","P2PTradingLevelPage","VitHeader","showBack","-","Icons.chevron_left_rounded","canonical","back","Icons.chevron_left_rounded","no","Back action is present."
"vit_header","flutter_app/lib/features/p2p_marketplace/presentation/widgets/hub/p2p_express_page_state.dart","35","_P2PExpressPageState","VitHeader","showBack","-","Icons.chevron_left_rounded","canonical","back","Icons.chevron_left_rounded","no","Back action is present."
"vit_header","flutter_app/lib/features/p2p_marketplace/presentation/widgets/hub/p2p_home_page_state.dart","39","_P2PHomePageState","VitHeader","showBack","-","Icons.chevron_left_rounded","canonical","back","Icons.chevron_left_rounded","no","Back action is present."
"vit_header","flutter_app/lib/features/p2p_marketplace/presentation/widgets/hub/p2p_home_page_state.dart","47","_P2PHomePageState","VitHeader","showBack","-","Icons.chevron_left_rounded","canonical","back","Icons.chevron_left_rounded","no","Back action is present."
"vit_header","flutter_app/lib/features/p2p_orders/presentation/pages/orders/p2p_my_orders_page.dart","91","_P2PMyOrdersPageState","VitHeader","showBack","-","Icons.chevron_left_rounded","canonical","back","Icons.chevron_left_rounded","no","Back action is present."
"vit_header","flutter_app/lib/features/p2p_orders/presentation/pages/orders/p2p_my_orders_page.dart","99","_P2PMyOrdersPageState","VitHeader","showBack","-","Icons.chevron_left_rounded","canonical","back","Icons.chevron_left_rounded","no","Back action is present."
"vit_header","flutter_app/lib/features/p2p_orders/presentation/pages/orders/p2p_my_orders_page.dart","115","_P2PMyOrdersPageState","VitHeader","showBack","-","Icons.chevron_left_rounded","canonical","back","Icons.chevron_left_rounded","no","Back action is present."
"vit_header","flutter_app/lib/features/p2p_orders/presentation/pages/orders/p2p_order_cancel_page.dart","68","_P2POrderCancelPageState","VitHeader","showBack","-","Icons.chevron_left_rounded","canonical","back","Icons.chevron_left_rounded","no","Back action is present."
"vit_header","flutter_app/lib/features/p2p_orders/presentation/pages/orders/p2p_order_proof_page.dart","79","_P2POrderProofPageState","VitHeader","showBack","-","Icons.chevron_left_rounded","canonical","back","Icons.chevron_left_rounded","no","Back action is present."
"vit_header","flutter_app/lib/features/p2p_orders/presentation/pages/orders/p2p_order_rate_page.dart","88","_P2POrderRatePageState","VitHeader","showBack","-","Icons.chevron_left_rounded","canonical","back","Icons.chevron_left_rounded","no","Back action is present."
"vit_header","flutter_app/lib/features/p2p_orders/presentation/pages/orders/p2p_order_timeline_page.dart","54","P2POrderTimelinePage","VitHeader","showBack","-","Icons.chevron_left_rounded","canonical","back","Icons.chevron_left_rounded","no","Back action is present."
"vit_header","flutter_app/lib/features/p2p_orders/presentation/pages/wallet/p2p_wallet_page.dart","97","_P2PWalletPageState","VitHeader","showBack","-","Icons.chevron_left_rounded","canonical","back","Icons.chevron_left_rounded","no","Back action is present."
"vit_header","flutter_app/lib/features/p2p_orders/presentation/pages/wallet/p2p_wallet_page.dart","105","_P2PWalletPageState","VitHeader","showBack","-","Icons.chevron_left_rounded","canonical","back","Icons.chevron_left_rounded","no","Back action is present."
"vit_header","flutter_app/lib/features/p2p_orders/presentation/pages/wallet/p2p_wallet_page.dart","118","_P2PWalletPageState","VitHeader","showBack","-","Icons.chevron_left_rounded","canonical","back","Icons.chevron_left_rounded","no","Back action is present."
"vit_header","flutter_app/lib/features/p2p_orders/presentation/pages/wallet/p2p_wallet_transfer_page.dart","126","_P2PWalletTransferPageState","VitHeader","showBack","-","Icons.chevron_left_rounded","canonical","back","Icons.chevron_left_rounded","no","Back action is present."
"vit_header","flutter_app/lib/features/p2p_orders/presentation/pages/wallet/p2p_wallet_transfer_page.dart","134","_P2PWalletTransferPageState","VitHeader","showBack","-","Icons.chevron_left_rounded","canonical","back","Icons.chevron_left_rounded","no","Back action is present."
"vit_header","flutter_app/lib/features/p2p_orders/presentation/pages/wallet/p2p_wallet_transfer_page.dart","156","_P2PWalletTransferPageState","VitHeader","showBack","-","Icons.chevron_left_rounded","canonical","back","Icons.chevron_left_rounded","no","Back action is present."
"vit_header","flutter_app/lib/features/p2p_orders/presentation/widgets/orders/p2p_order_page_state.dart","25","_P2POrderPageState","VitHeader","showBack","-","Icons.chevron_left_rounded","canonical","back","Icons.chevron_left_rounded","no","Back action is present."
"vit_header","flutter_app/lib/features/p2p_security/presentation/pages/security/p2p_achievements_page.dart","68","P2PAchievementsPage","VitHeader","showBack","-","Icons.chevron_left_rounded","canonical","back","Icons.chevron_left_rounded","no","Back action is present."
"vit_header","flutter_app/lib/features/p2p_security/presentation/pages/security/p2p_achievements_page.dart","76","P2PAchievementsPage","VitHeader","showBack","-","Icons.chevron_left_rounded","canonical","back","Icons.chevron_left_rounded","no","Back action is present."
"vit_header","flutter_app/lib/features/p2p_security/presentation/pages/security/p2p_achievements_page.dart","89","P2PAchievementsPage","VitHeader","showBack","-","Icons.chevron_left_rounded","canonical","back","Icons.chevron_left_rounded","no","Back action is present."
"vit_header","flutter_app/lib/features/p2p_security/presentation/pages/security/p2p_aml_screening_page.dart","58","P2PAmlScreeningPage","VitHeader","showBack","-","Icons.chevron_left_rounded","canonical","back","Icons.chevron_left_rounded","no","Back action is present."
"vit_header","flutter_app/lib/features/p2p_security/presentation/pages/security/p2p_aml_screening_page.dart","66","P2PAmlScreeningPage","VitHeader","showBack","-","Icons.chevron_left_rounded","canonical","back","Icons.chevron_left_rounded","no","Back action is present."
"vit_header","flutter_app/lib/features/p2p_security/presentation/pages/security/p2p_aml_screening_page.dart","79","P2PAmlScreeningPage","VitHeader","showBack","-","Icons.chevron_left_rounded","canonical","back","Icons.chevron_left_rounded","no","Back action is present."
"vit_header","flutter_app/lib/features/p2p_security/presentation/pages/security/p2p_anti_phishing_code_page.dart","91","_P2PAntiPhishingCodePageState","VitHeader","showBack","-","Icons.chevron_left_rounded","canonical","back","Icons.chevron_left_rounded","no","Back action is present."
"vit_header","flutter_app/lib/features/p2p_security/presentation/pages/security/p2p_anti_phishing_code_page.dart","99","_P2PAntiPhishingCodePageState","VitHeader","showBack","-","Icons.chevron_left_rounded","canonical","back","Icons.chevron_left_rounded","no","Back action is present."
"vit_header","flutter_app/lib/features/p2p_security/presentation/pages/security/p2p_anti_phishing_code_page.dart","119","_P2PAntiPhishingCodePageState","VitHeader","showBack","-","Icons.chevron_left_rounded","canonical","back","Icons.chevron_left_rounded","no","Back action is present."
"vit_header","flutter_app/lib/features/p2p_security/presentation/pages/security/p2p_blacklist_add_page.dart","93","_P2PBlacklistAddPageState","VitHeader","showBack","-","Icons.chevron_left_rounded","canonical","back","Icons.chevron_left_rounded","no","Back action is present."
"vit_header","flutter_app/lib/features/p2p_security/presentation/pages/security/p2p_blacklist_add_page.dart","101","_P2PBlacklistAddPageState","VitHeader","showBack","-","Icons.chevron_left_rounded","canonical","back","Icons.chevron_left_rounded","no","Back action is present."
"vit_header","flutter_app/lib/features/p2p_security/presentation/pages/security/p2p_blacklist_add_page.dart","114","_P2PBlacklistAddPageState","VitHeader","showBack","-","Icons.chevron_left_rounded","canonical","back","Icons.chevron_left_rounded","no","Back action is present."
"vit_header","flutter_app/lib/features/p2p_security/presentation/pages/security/p2p_blacklist_page.dart","91","_P2PBlacklistPageState","VitHeader","showBack","-","Icons.chevron_left_rounded","canonical","back","Icons.chevron_left_rounded","no","Back action is present."
"vit_header","flutter_app/lib/features/p2p_security/presentation/pages/security/p2p_blacklist_page.dart","99","_P2PBlacklistPageState","VitHeader","showBack","-","Icons.chevron_left_rounded","canonical","back","Icons.chevron_left_rounded","no","Back action is present."
"vit_header","flutter_app/lib/features/p2p_security/presentation/pages/security/p2p_blacklist_page.dart","117","_P2PBlacklistPageState","VitHeader","showBack","-","Icons.chevron_left_rounded","canonical","back","Icons.chevron_left_rounded","no","Back action is present."
"vit_header","flutter_app/lib/features/p2p_security/presentation/pages/security/p2p_compliance_overview_page.dart","63","P2PComplianceOverviewPage","VitHeader","showBack","-","Icons.chevron_left_rounded","canonical","back","Icons.chevron_left_rounded","no","Back action is present."
"vit_header","flutter_app/lib/features/p2p_security/presentation/pages/security/p2p_compliance_overview_page.dart","71","P2PComplianceOverviewPage","VitHeader","showBack","-","Icons.chevron_left_rounded","canonical","back","Icons.chevron_left_rounded","no","Back action is present."
"vit_header","flutter_app/lib/features/p2p_security/presentation/pages/security/p2p_compliance_overview_page.dart","84","P2PComplianceOverviewPage","VitHeader","showBack","-","Icons.chevron_left_rounded","canonical","back","Icons.chevron_left_rounded","no","Back action is present."
"vit_header","flutter_app/lib/features/p2p_security/presentation/pages/security/p2p_contribution_history_page.dart","71","_P2PContributionHistoryPageState","VitHeader","showBack","-","Icons.chevron_left_rounded","canonical","back","Icons.chevron_left_rounded","no","Back action is present."
"vit_header","flutter_app/lib/features/p2p_security/presentation/pages/security/p2p_contribution_history_page.dart","79","_P2PContributionHistoryPageState","VitHeader","showBack","-","Icons.chevron_left_rounded","canonical","back","Icons.chevron_left_rounded","no","Back action is present."
"vit_header","flutter_app/lib/features/p2p_security/presentation/pages/security/p2p_contribution_history_page.dart","92","_P2PContributionHistoryPageState","VitHeader","showBack","-","Icons.chevron_left_rounded","canonical","back","Icons.chevron_left_rounded","no","Back action is present."
"vit_header","flutter_app/lib/features/p2p_security/presentation/pages/security/p2p_e2e_info_page.dart","71","P2PE2EInfoPage","VitHeader","showBack","-","Icons.chevron_left_rounded","canonical","back","Icons.chevron_left_rounded","no","Back action is present."
"vit_header","flutter_app/lib/features/p2p_security/presentation/pages/security/p2p_e2e_info_page.dart","79","P2PE2EInfoPage","VitHeader","showBack","-","Icons.chevron_left_rounded","canonical","back","Icons.chevron_left_rounded","no","Back action is present."
"vit_header","flutter_app/lib/features/p2p_security/presentation/pages/security/p2p_e2e_info_page.dart","92","P2PE2EInfoPage","VitHeader","showBack","-","Icons.chevron_left_rounded","canonical","back","Icons.chevron_left_rounded","no","Back action is present."
"vit_header","flutter_app/lib/features/p2p_security/presentation/pages/security/p2p_fraud_prevention_page.dart","89","_P2PFraudPreventionPageState","VitHeader","showBack","-","Icons.chevron_left_rounded","canonical","back","Icons.chevron_left_rounded","no","Back action is present."
"vit_header","flutter_app/lib/features/p2p_security/presentation/pages/security/p2p_fraud_prevention_page.dart","97","_P2PFraudPreventionPageState","VitHeader","showBack","-","Icons.chevron_left_rounded","canonical","back","Icons.chevron_left_rounded","no","Back action is present."
"vit_header","flutter_app/lib/features/p2p_security/presentation/pages/security/p2p_fraud_prevention_page.dart","118","_P2PFraudPreventionPageState","VitHeader","showBack","-","Icons.chevron_left_rounded","canonical","back","Icons.chevron_left_rounded","no","Back action is present."
"vit_header","flutter_app/lib/features/p2p_security/presentation/pages/security/p2p_large_transaction_justification_page.dart","98","_P2PLargeTransactionJustificationPageState","VitHeader","showBack","-","Icons.chevron_left_rounded","canonical","back","Icons.chevron_left_rounded","no","Back action is present."
"vit_header","flutter_app/lib/features/p2p_security/presentation/pages/security/p2p_large_transaction_justification_page.dart","106","_P2PLargeTransactionJustificationPageState","VitHeader","showBack","-","Icons.chevron_left_rounded","canonical","back","Icons.chevron_left_rounded","no","Back action is present."
"vit_header","flutter_app/lib/features/p2p_security/presentation/pages/security/p2p_large_transaction_justification_page.dart","121","_P2PLargeTransactionJustificationPageState","VitHeader","showBack","-","Icons.chevron_left_rounded","canonical","back","Icons.chevron_left_rounded","no","Back action is present."
"vit_header","flutter_app/lib/features/p2p_security/presentation/pages/security/p2p_login_history_page.dart","82","_P2PLoginHistoryPageState","VitHeader","showBack","-","Icons.chevron_left_rounded","canonical","back","Icons.chevron_left_rounded","no","Back action is present."
"vit_header","flutter_app/lib/features/p2p_security/presentation/pages/security/p2p_login_history_page.dart","90","_P2PLoginHistoryPageState","VitHeader","showBack","-","Icons.chevron_left_rounded","canonical","back","Icons.chevron_left_rounded","no","Back action is present."
"vit_header","flutter_app/lib/features/p2p_security/presentation/pages/security/p2p_login_history_page.dart","111","_P2PLoginHistoryPageState","VitHeader","showBack","-","Icons.chevron_left_rounded","canonical","back","Icons.chevron_left_rounded","no","Back action is present."
"vit_header","flutter_app/lib/features/p2p_security/presentation/pages/security/p2p_report_merchant_page.dart","90","_P2PReportMerchantPageState","VitHeader","showBack","-","Icons.chevron_left_rounded","canonical","back","Icons.chevron_left_rounded","no","Back action is present."
"vit_header","flutter_app/lib/features/p2p_security/presentation/pages/security/p2p_report_merchant_page.dart","99","_P2PReportMerchantPageState","VitHeader","showBack","-","Icons.chevron_left_rounded","canonical","back","Icons.chevron_left_rounded","no","Back action is present."
"vit_header","flutter_app/lib/features/p2p_security/presentation/pages/security/p2p_report_merchant_page.dart","118","_P2PReportMerchantPageState","VitHeader","showBack","-","Icons.chevron_left_rounded","canonical","back","Icons.chevron_left_rounded","no","Back action is present."
"vit_header","flutter_app/lib/features/p2p_security/presentation/pages/security/p2p_reviews_page.dart","62","_P2PReviewsPageState","VitHeader","showBack","-","Icons.chevron_left_rounded","canonical","back","Icons.chevron_left_rounded","no","Back action is present."
"vit_header","flutter_app/lib/features/p2p_security/presentation/pages/security/p2p_risk_assessment_page.dart","62","P2PRiskAssessmentPage","VitHeader","showBack","-","Icons.chevron_left_rounded","canonical","back","Icons.chevron_left_rounded","no","Back action is present."
"vit_header","flutter_app/lib/features/p2p_security/presentation/pages/security/p2p_risk_assessment_page.dart","70","P2PRiskAssessmentPage","VitHeader","showBack","-","Icons.chevron_left_rounded","canonical","back","Icons.chevron_left_rounded","no","Back action is present."
"vit_header","flutter_app/lib/features/p2p_security/presentation/pages/security/p2p_risk_assessment_page.dart","87","P2PRiskAssessmentPage","VitHeader","showBack","-","Icons.chevron_left_rounded","canonical","back","Icons.chevron_left_rounded","no","Back action is present."
"vit_header","flutter_app/lib/features/p2p_security/presentation/pages/security/p2p_security_center_page.dart","79","P2PSecurityCenterPage","VitHeader","showBack","-","Icons.chevron_left_rounded","canonical","back","Icons.chevron_left_rounded","no","Back action is present."
"vit_header","flutter_app/lib/features/p2p_security/presentation/pages/security/p2p_security_center_page.dart","87","P2PSecurityCenterPage","VitHeader","showBack","-","Icons.chevron_left_rounded","canonical","back","Icons.chevron_left_rounded","no","Back action is present."
"vit_header","flutter_app/lib/features/p2p_security/presentation/pages/security/p2p_security_center_page.dart","100","P2PSecurityCenterPage","VitHeader","showBack","-","Icons.chevron_left_rounded","canonical","back","Icons.chevron_left_rounded","no","Back action is present."
"vit_header","flutter_app/lib/features/p2p_security/presentation/pages/security/p2p_security_center_page.dart","247","P2PWhitelistModePage","VitHeader","showBack","-","Icons.chevron_left_rounded","canonical","back","Icons.chevron_left_rounded","no","Back action is present."
"vit_header","flutter_app/lib/features/p2p_security/presentation/pages/security/p2p_security_center_page.dart","255","P2PWhitelistModePage","VitHeader","showBack","-","Icons.chevron_left_rounded","canonical","back","Icons.chevron_left_rounded","no","Back action is present."
"vit_header","flutter_app/lib/features/p2p_security/presentation/pages/security/p2p_security_center_page.dart","275","P2PWhitelistModePage","VitHeader","showBack","-","Icons.chevron_left_rounded","canonical","back","Icons.chevron_left_rounded","no","Back action is present."
"vit_header","flutter_app/lib/features/p2p_security/presentation/pages/security/p2p_source_of_funds_page.dart","80","_P2PSourceOfFundsPageState","VitHeader","showBack","-","Icons.chevron_left_rounded","canonical","back","Icons.chevron_left_rounded","no","Back action is present."
"vit_header","flutter_app/lib/features/p2p_security/presentation/pages/security/p2p_source_of_funds_page.dart","88","_P2PSourceOfFundsPageState","VitHeader","showBack","-","Icons.chevron_left_rounded","canonical","back","Icons.chevron_left_rounded","no","Back action is present."
"vit_header","flutter_app/lib/features/p2p_security/presentation/pages/security/p2p_source_of_funds_page.dart","101","_P2PSourceOfFundsPageState","VitHeader","showBack","-","Icons.chevron_left_rounded","canonical","back","Icons.chevron_left_rounded","no","Back action is present."
"vit_header","flutter_app/lib/features/p2p_security/presentation/pages/security/p2p_tax_reporting_page.dart","98","_P2PTaxReportingPageState","VitHeader","showBack","-","Icons.chevron_left_rounded","canonical","back","Icons.chevron_left_rounded","no","Back action is present."
"vit_header","flutter_app/lib/features/p2p_security/presentation/pages/security/p2p_tax_reporting_page.dart","106","_P2PTaxReportingPageState","VitHeader","showBack","-","Icons.chevron_left_rounded","canonical","back","Icons.chevron_left_rounded","no","Back action is present."
"vit_header","flutter_app/lib/features/p2p_security/presentation/pages/security/p2p_tax_reporting_page.dart","124","_P2PTaxReportingPageState","VitHeader","showBack","-","Icons.chevron_left_rounded","canonical","back","Icons.chevron_left_rounded","no","Back action is present."
"vit_header","flutter_app/lib/features/p2p_security/presentation/pages/security/p2p_transaction_limits_page.dart","74","P2PTransactionLimitsPage","VitHeader","showBack","-","Icons.chevron_left_rounded","canonical","back","Icons.chevron_left_rounded","no","Back action is present."
"vit_header","flutter_app/lib/features/p2p_security/presentation/pages/security/p2p_transaction_limits_page.dart","82","P2PTransactionLimitsPage","VitHeader","showBack","-","Icons.chevron_left_rounded","canonical","back","Icons.chevron_left_rounded","no","Back action is present."
"vit_header","flutter_app/lib/features/p2p_security/presentation/pages/security/p2p_transaction_limits_page.dart","95","P2PTransactionLimitsPage","VitHeader","showBack","-","Icons.chevron_left_rounded","canonical","back","Icons.chevron_left_rounded","no","Back action is present."
"vit_header","flutter_app/lib/features/predictions/presentation/pages/event/prediction_advanced_chart_page.dart","94","_PredictionAdvancedChartPageState","VitHeader","showBack","-","Icons.chevron_left_rounded","canonical","back","Icons.chevron_left_rounded","no","Back action is present."
"vit_header","flutter_app/lib/features/predictions/presentation/pages/hub/predictions_rewards_page.dart","79","_PredictionsRewardsPageState","VitHeader","showBack","-","Icons.chevron_left_rounded","canonical","back","Icons.chevron_left_rounded","no","Back action is present."
"vit_header","flutter_app/lib/features/predictions/presentation/pages/portfolio/prediction_market_maker_page.dart","111","_PredictionMarketMakerPageState","VitHeader","showBack","-","Icons.chevron_left_rounded","canonical","back","Icons.chevron_left_rounded","no","Back action is present."
"vit_header","flutter_app/lib/features/predictions/presentation/pages/portfolio/prediction_portfolio_analyzer_page.dart","77","_PredictionPortfolioAnalyzerPageState","VitHeader","showBack","-","Icons.chevron_left_rounded","canonical","back","Icons.chevron_left_rounded","no","Back action is present."
"vit_header","flutter_app/lib/features/predictions/presentation/pages/portfolio/prediction_risk_calculator_page.dart","133","_PredictionRiskCalculatorPageState","VitHeader","showBack","-","Icons.chevron_left_rounded","canonical","back","Icons.chevron_left_rounded","no","Back action is present."
"vit_header","flutter_app/lib/features/predictions/presentation/pages/portfolio/predictions_portfolio_page.dart","88","_PredictionsPortfolioPageState","VitHeader","showBack","-","Icons.chevron_left_rounded","canonical","back","Icons.chevron_left_rounded","no","Back action is present."
"vit_header","flutter_app/lib/features/predictions/presentation/pages/social/prediction_data_integration_page.dart","113","_PredictionDataIntegrationPageState","VitHeader","showBack","-","Icons.chevron_left_rounded","canonical","back","Icons.chevron_left_rounded","no","Back action is present."
"vit_header","flutter_app/lib/features/predictions/presentation/pages/social/prediction_social_page.dart","96","_PredictionSocialPageState","VitHeader","showBack","-","Icons.chevron_left_rounded","canonical","back","Icons.chevron_left_rounded","no","Back action is present."
"vit_header","flutter_app/lib/features/predictions/presentation/pages/social/prediction_tournaments_page.dart","74","_PredictionTournamentsPageState","VitHeader","showBack","-","Icons.chevron_left_rounded","canonical","back","Icons.chevron_left_rounded","no","Back action is present."
"vit_header","flutter_app/lib/features/predictions/presentation/pages/social/predictions_global_activity_page.dart","73","_PredictionsGlobalActivityPageState","VitHeader","showBack","-","Icons.chevron_left_rounded","canonical","back","Icons.chevron_left_rounded","no","Back action is present."
"vit_header","flutter_app/lib/features/predictions/presentation/pages/social/predictions_leaderboard_page.dart","92","_PredictionsLeaderboardPageState","VitHeader","showBack","-","Icons.chevron_left_rounded","canonical","back","Icons.chevron_left_rounded","no","Back action is present."
"vit_header","flutter_app/lib/features/predictions/presentation/widgets/social/prediction_tournaments_detail.dart","96","_TournamentDetailScaffold","VitHeader","showBack","-","Icons.chevron_left_rounded","canonical","back","Icons.chevron_left_rounded","no","Back action is present."
"vit_header","flutter_app/lib/features/profile/presentation/pages/activity_log_page.dart","73","_ActivityLogPageState","VitHeader","showBack","-","Icons.chevron_left_rounded","canonical","back","Icons.chevron_left_rounded","no","Back action is present."
"vit_header","flutter_app/lib/features/profile/presentation/pages/api_key_create_page.dart","115","_ApiKeyCreatePageState","VitHeader","showBack","-","Icons.chevron_left_rounded","canonical","back","Icons.chevron_left_rounded","no","Back action is present."
"vit_header","flutter_app/lib/features/profile/presentation/pages/api_key_create_page.dart","157","_ApiKeyCreatePageState","VitHeader","showBack","-","Icons.chevron_left_rounded","canonical","back","Icons.chevron_left_rounded","no","Back action is present."
"vit_header","flutter_app/lib/features/profile/presentation/pages/api_management_page.dart","82","_ApiManagementPageState","VitHeader","showBack","-","Icons.chevron_left_rounded","canonical","back","Icons.chevron_left_rounded","no","Back action is present."
"vit_header","flutter_app/lib/features/profile/presentation/pages/device_management_page.dart","82","_DeviceManagementPageState","VitHeader","showBack","-","Icons.chevron_left_rounded","canonical","back","Icons.chevron_left_rounded","no","Back action is present."
"vit_header","flutter_app/lib/features/profile/presentation/pages/edit_profile_page.dart","72","_EditProfilePageState","VitHeader","showBack","-","Icons.chevron_left_rounded","canonical","back","Icons.chevron_left_rounded","no","Back action is present."
"vit_header","flutter_app/lib/features/profile/presentation/pages/kyc_page.dart","73","_KYCPageState","VitHeader","showBack","-","Icons.chevron_left_rounded","canonical","back","Icons.chevron_left_rounded","no","Back action is present."
"vit_header","flutter_app/lib/features/profile/presentation/pages/security_page.dart","115","_SecurityPageState","VitHeader","showBack","-","Icons.chevron_left_rounded","canonical","back","Icons.chevron_left_rounded","no","Back action is present."
"vit_header","flutter_app/lib/features/profile/presentation/pages/settings_page.dart","67","_SettingsPageState","VitHeader","showBack","-","Icons.chevron_left_rounded","canonical","back","Icons.chevron_left_rounded","no","Back action is present."
"vit_header","flutter_app/lib/features/profile/presentation/pages/sub_account_page.dart","75","_SubAccountPageState","VitHeader","showBack","-","Icons.chevron_left_rounded","canonical","back","Icons.chevron_left_rounded","no","Back action is present."
"vit_header","flutter_app/lib/features/profile/presentation/pages/vip_page.dart","81","_VIPPageState","VitHeader","showBack","-","Icons.chevron_left_rounded","canonical","back","Icons.chevron_left_rounded","no","Back action is present."
"vit_header","flutter_app/lib/features/profile/presentation/tablet/widgets/profile_tablet_utility_surface.dart","38","ProfileTabletUtilitySurface","VitHeader","showBack","-","Icons.chevron_left_rounded","canonical","back","Icons.chevron_left_rounded","no","Back action is present."
"vit_header","flutter_app/lib/features/referral/presentation/pages/referral_friend_detail_page.dart","36","ReferralFriendDetailPage","VitHeader","showBack","-","Icons.chevron_left_rounded","canonical","back","Icons.chevron_left_rounded","no","Back action is present."
"vit_header","flutter_app/lib/features/referral/presentation/pages/referral_history_page.dart","87","_ReferralHistoryPageState","VitHeader","showBack","-","Icons.chevron_left_rounded","canonical","back","Icons.chevron_left_rounded","no","Back action is present."
"vit_header","flutter_app/lib/features/referral/presentation/pages/referral_home_page.dart","85","_ReferralHomePageState","VitHeader","showBack","-","Icons.chevron_left_rounded","canonical","back","Icons.chevron_left_rounded","no","Back action is present."
"vit_header","flutter_app/lib/features/referral/presentation/pages/referral_rewards_page_state.dart","26","_ReferralRewardsPageState","VitHeader","showBack","-","Icons.chevron_left_rounded","canonical","back","Icons.chevron_left_rounded","no","Back action is present."
"vit_header","flutter_app/lib/features/referral/presentation/pages/referral_rules_page.dart","71","_ReferralRulesPageState","VitHeader","showBack","-","Icons.chevron_left_rounded","canonical","back","Icons.chevron_left_rounded","no","Back action is present."
"vit_header","flutter_app/lib/features/rewards/presentation/pages/rewards_hub_page.dart","90","_RewardsHubPageState","VitHeader","showBack","-","Icons.chevron_left_rounded","canonical","back","Icons.chevron_left_rounded","no","Back action is present."
"vit_header","flutter_app/lib/features/support/presentation/pages/announcements_page.dart","74","_AnnouncementsPageState","VitHeader","showBack","-","Icons.chevron_left_rounded","canonical","back","Icons.chevron_left_rounded","no","Back action is present."
"vit_header","flutter_app/lib/features/support/presentation/pages/help_center_page.dart","91","_HelpCenterPageState","VitHeader","showBack","-","Icons.chevron_left_rounded","canonical","back","Icons.chevron_left_rounded","no","Back action is present."
"vit_header","flutter_app/lib/features/support/presentation/pages/support_page.dart","83","_SupportPageState","VitHeader","showBack","-","Icons.chevron_left_rounded","canonical","back","Icons.chevron_left_rounded","no","Back action is present."
"vit_header","flutter_app/lib/features/wallet/presentation/pages/tools/network_status_page.dart","136","_NetworkStatusPageState","VitHeader","showBack","-","Icons.chevron_left_rounded","canonical","back","Icons.chevron_left_rounded","no","Back action is present."
"vit_header","flutter_app/lib/features/wallet/presentation/pages/tools/wallet_gas_optimizer_page.dart","81","_WalletGasOptimizerPageState","VitHeader","showBack","-","Icons.chevron_left_rounded","canonical","back","Icons.chevron_left_rounded","no","Back action is present."
"vit_header","flutter_app/lib/features/wallet/presentation/pages/tools/wallet_token_approval_page.dart","72","_WalletTokenApprovalPageState","VitHeader","showBack","-","Icons.chevron_left_rounded","canonical","back","Icons.chevron_left_rounded","no","Back action is present."
"vit_header","flutter_app/lib/features/wallet/presentation/pages/transfer/withdraw_limits_page.dart","63","WithdrawLimitsPage","VitHeader","showBack","-","Icons.chevron_left_rounded","canonical","back","Icons.chevron_left_rounded","no","Back action is present."
"vit_header","flutter_app/lib/features/wallet/presentation/phone/pages/address_add_page.dart","101","_AddressAddPageState","VitHeader","showBack","-","Icons.chevron_left_rounded","canonical","back","Icons.chevron_left_rounded","no","Back action is present."
"vit_header","flutter_app/lib/features/wallet/presentation/phone/pages/address_book_page.dart","80","_AddressBookPageState","VitHeader","showBack","-","Icons.chevron_left_rounded","canonical","back","Icons.chevron_left_rounded","no","Back action is present."
"vit_header","flutter_app/lib/features/wallet/presentation/phone/pages/pending_deposits_page.dart","87","_PendingDepositsPageState","VitHeader","showBack","-","Icons.chevron_left_rounded","canonical","back","Icons.chevron_left_rounded","no","Back action is present."
"vit_header","flutter_app/lib/features/wallet/presentation/tablet/widgets/wallet_tablet_detail_surface.dart","41","WalletTabletDetailSurface","VitHeader","showBack","-","Icons.chevron_left_rounded","canonical","back","Icons.chevron_left_rounded","no","Back action is present."
"vit_header","flutter_app/lib/features/wallet/presentation/widgets/address/wallet_address_add_preview.dart","132","AddressSavedState","VitHeader","showBack","-","Icons.chevron_left_rounded","canonical","back","Icons.chevron_left_rounded","no","Back action is present."
"vit_header","flutter_app/lib/features/wallet/presentation/widgets/tools/wallet_health_score_page_shell.dart","19","_WalletHealthScorePageState","VitHeader","showBack","-","Icons.chevron_left_rounded","canonical","back","Icons.chevron_left_rounded","no","Back action is present."
"vit_header","flutter_app/lib/shared/layout/vit_tablet_utility_page.dart","58","VitTabletUtilityPage","VitHeader","showBack","-","Icons.chevron_left_rounded","canonical","back","Icons.chevron_left_rounded","no","Back action is present."
