module,source_file,line,source_unit,trigger_hint,kind,target_expression,normalized_target,target_screen,notes
app,flutter_app/lib/app/router/internal_surface_gate.dart,96,internal_surface_gate.dart,Restricted surface | Internal surface restricted,context.go,AppRoutePaths.home,/home,HomeResponsiveEntry (/home),
app,flutter_app/lib/app/router/route_error_page.dart,29,route_error_page.dart,Về trang chủ | Không tìm thấy trang,context.go,AppRoutePaths.home,/home,HomeResponsiveEntry (/home),
app,flutter_app/lib/app/router/route_groups/root_routes.dart,55,root_routes.dart,,context.go,destination.routePath,,,dynamic_route_expression
core,flutter_app/lib/core/navigation/back_navigation.dart,25,back_navigation.dart,,context.go,safeFallback,,,dynamic_route_expression
core,flutter_app/lib/core/navigation/back_navigation.dart,31,back_navigation.dart,,context.go,safeFallback,,,dynamic_route_expression
core,flutter_app/lib/core/navigation/back_navigation.dart,28,back_navigation.dart,,context.pop,,,,back_or_close_modal
admin,flutter_app/lib/features/admin/presentation/pages/ab_test_dashboard_page.dart,62,ab_test_dashboard_page.dart,A/B Test Dashboard | Test Results & Analysis | A/B test dashboard | Bảng điều khiển thử nghiệm A/B,context.go,AppRoutePaths.admin,/admin,InternalSurfaceGate>AdminHomePage (/admin),
admin,flutter_app/lib/features/admin/presentation/pages/admin_home_page.dart,68,admin_home_page.dart,Admin Dashboard | DCA Analytics & Monitoring | Trang tổng quan quản trị,context.go,AppRoutePaths.adminSettings,/admin/settings,InternalSurfaceGate>AdminSettingsPage (/admin/settings),
admin,flutter_app/lib/features/admin/presentation/pages/admin_settings_page.dart,48,admin_settings_page.dart,Admin Settings | Operations controls | Cài đặt quản trị,context.go,AppRoutePaths.admin,/admin,InternalSurfaceGate>AdminHomePage (/admin),
admin,flutter_app/lib/features/admin/presentation/pages/admin_settings_page.dart,90,admin_settings_page.dart,Dashboard routing,context.go,dashboard.route,,,dynamic_route_expression
admin,flutter_app/lib/features/admin/presentation/pages/analytics_dashboard_page.dart,70,analytics_dashboard_page.dart,Analytics Dashboard | DCA Event Analytics | Analytics dashboard | Bảng phân tích dữ liệu,context.go,AppRoutePaths.admin,/admin,InternalSurfaceGate>AdminHomePage (/admin),
admin,flutter_app/lib/features/admin/presentation/pages/funnel_dashboard_page.dart,63,funnel_dashboard_page.dart,Funnel Analytics | Conversion Funnel Tracking | Funnel dashboard | Bảng phân tích phễu chuyển đổi,context.go,AppRoutePaths.admin,/admin,InternalSurfaceGate>AdminHomePage (/admin),
admin,flutter_app/lib/features/admin/presentation/widgets/admin_home_dashboards_footer.dart,39,admin_home_dashboards_footer.dart,,context.go,dashboard.route,,,dynamic_route_expression
arena,flutter_app/lib/features/arena/presentation/pages/bridge/arena_prediction_bridge_foundation_page_principles_section.dart,106,arena_prediction_bridge_foundation_page_principles_section.dart,,context.go,route,,,dynamic_route_expression
arena,flutter_app/lib/features/arena/presentation/pages/bridge/arena_prediction_bridge_foundation_page_principles_section.dart,115,arena_prediction_bridge_foundation_page_principles_section.dart,,context.go,AppRoutePaths.arena,/arena,ArenaHomePage (/arena),
arena,flutter_app/lib/features/arena/presentation/pages/bridge/arena_prediction_bridge_foundation_page_principles_section.dart,112,arena_prediction_bridge_foundation_page_principles_section.dart,,context.pop,,,,back_or_close_modal
arena,flutter_app/lib/features/arena/presentation/pages/bridge/connected_ecosystem_production_page.dart,157,connected_ecosystem_production_page.dart,,context.go,_resolveConnectedRoute(route),,,dynamic_route_expression
arena,flutter_app/lib/features/arena/presentation/pages/bridge/connected_ecosystem_production_page.dart,166,connected_ecosystem_production_page.dart,,context.go,AppRoutePaths.arena,/arena,ArenaHomePage (/arena),
arena,flutter_app/lib/features/arena/presentation/pages/bridge/connected_ecosystem_production_page.dart,163,connected_ecosystem_production_page.dart,,context.pop,,,,back_or_close_modal
arena,flutter_app/lib/features/arena/presentation/pages/challenge/arena_challenge_detail_page.dart,153,arena_challenge_detail_page.dart,Thử lại | Không tải được chi tiết challenge,context.goHaptic,"AppRoutePaths.arenaMode( snapshot.challenge.modeId, )",/arena/mode/<snapshot.challenge.modeId>,ArenaModeDetailPage (/arena/mode/:modeId),
arena,flutter_app/lib/features/arena/presentation/pages/challenge/arena_challenge_detail_page.dart,177,arena_challenge_detail_page.dart,,context.goHaptic,AppRoutePaths.arenaCreator(snapshot.creator.id),/arena/creator/<snapshot.creator.id>,ArenaCreatorPage (/arena/creator/:creatorId),
arena,flutter_app/lib/features/arena/presentation/pages/challenge/arena_challenge_detail_page.dart,183,arena_challenge_detail_page.dart,,context.goHaptic,AppRoutePaths.arenaSafety,/arena/safety,ArenaSafetyCenterPage (/arena/safety),
arena,flutter_app/lib/features/arena/presentation/pages/challenge/arena_challenge_detail_page.dart,199,arena_challenge_detail_page.dart,,context.goHaptic,"AppRoutePaths.marketsPredictionEvent( snapshot.predictionContext.eventId, )",/markets/predictions/event/<snapshot.predictionContext.eventId>,PredictionEventDetailPage (/markets/predictions/event/:eventId),
arena,flutter_app/lib/features/arena/presentation/pages/challenge/arena_challenge_detail_page.dart,208,arena_challenge_detail_page.dart,,context.goHaptic,AppRoutePaths.arenaSafety,/arena/safety,ArenaSafetyCenterPage (/arena/safety),
arena,flutter_app/lib/features/arena/presentation/pages/challenge/arena_challenge_detail_page.dart,218,arena_challenge_detail_page.dart,,context.goHaptic,AppRoutePaths.arenaSafety,/arena/safety,ArenaSafetyCenterPage (/arena/safety),
arena,flutter_app/lib/features/arena/presentation/pages/challenge/arena_join_page.dart,137,arena_join_page.dart,,context.goHaptic,AppRoutePaths.arenaSafety,/arena/safety,ArenaSafetyCenterPage (/arena/safety),
arena,flutter_app/lib/features/arena/presentation/pages/challenge/arena_join_page.dart,189,arena_join_page.dart,,context.go,AppRoutePaths.arenaChallenge(widget.challengeId),/arena/challenge/<widget.challengeId>,ArenaChallengeDetailPage (/arena/challenge/:challengeId),
arena,flutter_app/lib/features/arena/presentation/pages/challenge/arena_leaderboard_page.dart,171,arena_leaderboard_page.dart,,context.goHaptic,AppRoutePaths.arenaCreator(id),/arena/creator/<id>,ArenaCreatorPage (/arena/creator/:creatorId),
arena,flutter_app/lib/features/arena/presentation/pages/challenge/arena_leaderboard_page.dart,178,arena_leaderboard_page.dart,,context.goHaptic,AppRoutePaths.arenaSafety,/arena/safety,ArenaSafetyCenterPage (/arena/safety),
arena,flutter_app/lib/features/arena/presentation/pages/challenge/arena_mode_detail_page.dart,137,arena_mode_detail_page.dart,,context.goHaptic,AppRoutePaths.arenaCreator(snapshot.creator.id),/arena/creator/<snapshot.creator.id>,ArenaCreatorPage (/arena/creator/:creatorId),
arena,flutter_app/lib/features/arena/presentation/pages/challenge/arena_mode_detail_page.dart,140,arena_mode_detail_page.dart,,context.goHaptic,AppRoutePaths.arenaTrust(snapshot.creator.id),/arena/trust/<snapshot.creator.id>,ArenaTrustBreakdownPage (/arena/trust/:userId),
arena,flutter_app/lib/features/arena/presentation/pages/challenge/arena_mode_detail_page.dart,148,arena_mode_detail_page.dart,,context.goHaptic,AppRoutePaths.arenaStudio,/arena/studio,ArenaStudioPage (/arena/studio),
arena,flutter_app/lib/features/arena/presentation/pages/challenge/arena_mode_detail_page.dart,150,arena_mode_detail_page.dart,,context.goHaptic,AppRoutePaths.arenaStudio,/arena/studio,ArenaStudioPage (/arena/studio),
arena,flutter_app/lib/features/arena/presentation/pages/challenge/arena_mode_detail_page.dart,173,arena_mode_detail_page.dart,,context.goHaptic,AppRoutePaths.arenaChallenge(id),/arena/challenge/<id>,ArenaChallengeDetailPage (/arena/challenge/:challengeId),
arena,flutter_app/lib/features/arena/presentation/pages/challenge/arena_mode_detail_page.dart,183,arena_mode_detail_page.dart,,context.goHaptic,AppRoutePaths.arenaMode(id),/arena/mode/<id>,ArenaModeDetailPage (/arena/mode/:modeId),
arena,flutter_app/lib/features/arena/presentation/pages/challenge/arena_mode_detail_page.dart,188,arena_mode_detail_page.dart,,context.goHaptic,"AppRoutePaths.marketsPredictionEvent( snapshot.predictionContext.eventId, )",/markets/predictions/event/<snapshot.predictionContext.eventId>,PredictionEventDetailPage (/markets/predictions/event/:eventId),
arena,flutter_app/lib/features/arena/presentation/pages/challenge/verified_challenges_page.dart,116,verified_challenges_page.dart,,context.go,AppRoutePaths.arena,/arena,ArenaHomePage (/arena),
arena,flutter_app/lib/features/arena/presentation/pages/challenge/verified_challenges_page.dart,113,verified_challenges_page.dart,,context.pop,,,,back_or_close_modal
arena,flutter_app/lib/features/arena/presentation/pages/governance/arena_blocked_users_page.dart,135,arena_blocked_users_page.dart,,context.go,AppRoutePaths.arenaCreator(user.id),/arena/creator/<user.id>,ArenaCreatorPage (/arena/creator/:creatorId),
arena,flutter_app/lib/features/arena/presentation/pages/governance/arena_blocked_users_page.dart,186,arena_blocked_users_page.dart,,context.go,AppRoutePaths.arenaSafety,/arena/safety,ArenaSafetyCenterPage (/arena/safety),
arena,flutter_app/lib/features/arena/presentation/pages/governance/arena_blocked_users_page.dart,183,arena_blocked_users_page.dart,,context.pop,,,,back_or_close_modal
arena,flutter_app/lib/features/arena/presentation/pages/governance/arena_guide_page.dart,156,arena_guide_page.dart,,context.go,AppRoutePaths.arenaSafety,/arena/safety,ArenaSafetyCenterPage (/arena/safety),
arena,flutter_app/lib/features/arena/presentation/pages/governance/arena_guide_page.dart,178,arena_guide_page.dart,Áp dụng ngay - Tạo Challenge,context.go,AppRoutePaths.arenaStudio,/arena/studio,ArenaStudioPage (/arena/studio),
arena,flutter_app/lib/features/arena/presentation/pages/governance/arena_guide_page.dart,191,arena_guide_page.dart,Áp dụng ngay - Tạo Challenge,context.go,AppRoutePaths.arenaSafety,/arena/safety,ArenaSafetyCenterPage (/arena/safety),
arena,flutter_app/lib/features/arena/presentation/pages/governance/arena_guide_page.dart,201,arena_guide_page.dart,,context.go,AppRoutePaths.support,/support,SupportPage (/support),
arena,flutter_app/lib/features/arena/presentation/pages/governance/arena_guide_page.dart,228,arena_guide_page.dart,,context.go,_mode == _GuideMode.create ? AppRoutePaths.arenaStudio : AppRoutePaths.arena,,,dynamic_route_expression
arena,flutter_app/lib/features/arena/presentation/pages/governance/arena_report_case_page.dart,209,arena_report_case_page.dart,Xem tất cả báo cáo,context.go,AppRoutePaths.arenaMyReports,/arena/my-reports,MyArenaReportsPage (/arena/my-reports),
arena,flutter_app/lib/features/arena/presentation/pages/governance/arena_report_case_page.dart,252,arena_report_case_page.dart,,context.go,AppRoutePaths.arenaChallenge(challengeId),/arena/challenge/<challengeId>,ArenaChallengeDetailPage (/arena/challenge/:challengeId),
arena,flutter_app/lib/features/arena/presentation/pages/governance/arena_report_case_page.dart,278,arena_report_case_page.dart,,context.go,AppRoutePaths.arena,/arena,ArenaHomePage (/arena),
arena,flutter_app/lib/features/arena/presentation/pages/governance/arena_report_case_page.dart,275,arena_report_case_page.dart,,context.pop,,,,back_or_close_modal
arena,flutter_app/lib/features/arena/presentation/pages/governance/arena_resolution_center_page.dart,60,arena_resolution_center_page.dart,Chốt kết quả | Resolution · Open Arena | Trung tâm chốt kết quả thử thách trong Open Arena,context.go,AppRoutePaths.arena,/arena,ArenaHomePage (/arena),
arena,flutter_app/lib/features/arena/presentation/pages/governance/arena_resolution_center_page.dart,57,arena_resolution_center_page.dart,Chốt kết quả | Resolution · Open Arena | Trung tâm chốt kết quả thử thách trong Open Arena,context.pop,,,,back_or_close_modal
arena,flutter_app/lib/features/arena/presentation/pages/governance/arena_safety_center_page.dart,195,arena_safety_center_page.dart,,context.go,AppRoutePaths.arena,/arena,ArenaHomePage (/arena),
arena,flutter_app/lib/features/arena/presentation/pages/governance/arena_safety_center_page.dart,204,arena_safety_center_page.dart,,context.go,AppRoutePaths.arena,/arena,ArenaHomePage (/arena),
arena,flutter_app/lib/features/arena/presentation/pages/governance/arena_safety_center_page.dart,192,arena_safety_center_page.dart,,context.pop,,,,back_or_close_modal
arena,flutter_app/lib/features/arena/presentation/pages/governance/arena_safety_center_page.dart,201,arena_safety_center_page.dart,,context.pop,,,,back_or_close_modal
arena,flutter_app/lib/features/arena/presentation/pages/governance/arena_trust_breakdown_page.dart,137,arena_trust_breakdown_page.dart,,context.go,AppRoutePaths.arena,/arena,ArenaHomePage (/arena),
arena,flutter_app/lib/features/arena/presentation/pages/governance/arena_trust_breakdown_page.dart,302,arena_trust_breakdown_page.dart,,context.go,AppRoutePaths.arenaCreator(creator.id),/arena/creator/<creator.id>,ArenaCreatorPage (/arena/creator/:creatorId),
arena,flutter_app/lib/features/arena/presentation/pages/governance/arena_trust_breakdown_page.dart,365,arena_trust_breakdown_page.dart,,context.go,AppRoutePaths.arenaSafety,/arena/safety,ArenaSafetyCenterPage (/arena/safety),
arena,flutter_app/lib/features/arena/presentation/pages/governance/arena_trust_breakdown_page.dart,134,arena_trust_breakdown_page.dart,,context.pop,,,,back_or_close_modal
arena,flutter_app/lib/features/arena/presentation/pages/governance/my_arena_reports_page.dart,185,my_arena_reports_page.dart,,context.go,AppRoutePaths.arena,/arena,ArenaHomePage (/arena),
arena,flutter_app/lib/features/arena/presentation/pages/governance/my_arena_reports_page.dart,182,my_arena_reports_page.dart,,context.pop,,,,back_or_close_modal
arena,flutter_app/lib/features/arena/presentation/pages/hub/arena_flow_map_page.dart,210,arena_flow_map_page.dart,,context.go,route,,,dynamic_route_expression
arena,flutter_app/lib/features/arena/presentation/pages/hub/arena_flow_map_page.dart,219,arena_flow_map_page.dart,,context.go,AppRoutePaths.arena,/arena,ArenaHomePage (/arena),
arena,flutter_app/lib/features/arena/presentation/pages/hub/arena_flow_map_page.dart,216,arena_flow_map_page.dart,,context.pop,,,,back_or_close_modal
arena,flutter_app/lib/features/arena/presentation/pages/hub/arena_home_page_hero_and_templates.dart,51,arena_home_page_hero_and_templates.dart,Của tôi | Công cụ | Open Arena | Điểm Arena · thách đấu · hoàn thành,context.goHaptic,AppRoutePaths.arenaMy,/arena/my,MyArenaPage (/arena/my),
arena,flutter_app/lib/features/arena/presentation/pages/hub/arena_home_page_hero_and_templates.dart,105,arena_home_page_hero_and_templates.dart,,context.goHaptic,AppRoutePaths.arenaGuide,/arena/guide,ArenaGuidePage (/arena/guide),
arena,flutter_app/lib/features/arena/presentation/pages/hub/arena_home_page_hero_and_templates.dart,106,arena_home_page_hero_and_templates.dart,,context.goHaptic,'${AppRoutePaths.rewards}?tab=arena',/rewards?tab=arena,RewardsHubPage (/rewards),
arena,flutter_app/lib/features/arena/presentation/pages/hub/arena_home_page_hero_and_templates.dart,109,arena_home_page_hero_and_templates.dart,,context.goHaptic,AppRoutePaths.arenaLeaderboard,/arena/leaderboard,ArenaLeaderboardPage (/arena/leaderboard),
arena,flutter_app/lib/features/arena/presentation/pages/hub/arena_home_page_hero_and_templates.dart,113,arena_home_page_hero_and_templates.dart,,context.goHaptic,AppRoutePaths.arenaMy,/arena/my,MyArenaPage (/arena/my),
arena,flutter_app/lib/features/arena/presentation/pages/hub/arena_home_page_hero_and_templates.dart,120,arena_home_page_hero_and_templates.dart,,context.goHaptic,AppRoutePaths.arenaStudio,/arena/studio,ArenaStudioPage (/arena/studio),
arena,flutter_app/lib/features/arena/presentation/pages/hub/arena_home_page_hero_and_templates.dart,132,arena_home_page_hero_and_templates.dart,,context.goHaptic,AppRoutePaths.arenaGuide,/arena/guide,ArenaGuidePage (/arena/guide),
arena,flutter_app/lib/features/arena/presentation/pages/hub/arena_home_page_hero_and_templates.dart,133,arena_home_page_hero_and_templates.dart,,context.goHaptic,'${AppRoutePaths.rewards}?tab=arena',/rewards?tab=arena,RewardsHubPage (/rewards),
arena,flutter_app/lib/features/arena/presentation/pages/hub/arena_home_page_hero_and_templates.dart,136,arena_home_page_hero_and_templates.dart,,context.goHaptic,AppRoutePaths.arenaLeaderboard,/arena/leaderboard,ArenaLeaderboardPage (/arena/leaderboard),
arena,flutter_app/lib/features/arena/presentation/pages/hub/arena_home_page_hero_and_templates.dart,140,arena_home_page_hero_and_templates.dart,,context.goHaptic,AppRoutePaths.arenaMy,/arena/my,MyArenaPage (/arena/my),
arena,flutter_app/lib/features/arena/presentation/pages/hub/arena_home_page_hero_and_templates.dart,147,arena_home_page_hero_and_templates.dart,,context.goHaptic,AppRoutePaths.arenaMode(id),/arena/mode/<id>,ArenaModeDetailPage (/arena/mode/:modeId),
arena,flutter_app/lib/features/arena/presentation/pages/hub/arena_home_page_hero_and_templates.dart,150,arena_home_page_hero_and_templates.dart,,context.goHaptic,AppRoutePaths.arenaChallenge(id),/arena/challenge/<id>,ArenaChallengeDetailPage (/arena/challenge/:challengeId),
arena,flutter_app/lib/features/arena/presentation/pages/hub/arena_home_page_hero_and_templates.dart,153,arena_home_page_hero_and_templates.dart,,context.goHaptic,AppRoutePaths.arenaCreator(id),/arena/creator/<id>,ArenaCreatorPage (/arena/creator/:creatorId),
arena,flutter_app/lib/features/arena/presentation/pages/hub/arena_home_page_hero_and_templates.dart,164,arena_home_page_hero_and_templates.dart,,context.goHaptic,AppRoutePaths.arenaStudio,/arena/studio,ArenaStudioPage (/arena/studio),
arena,flutter_app/lib/features/arena/presentation/pages/hub/arena_home_page_hero_and_templates.dart,174,arena_home_page_hero_and_templates.dart,,context.goHaptic,AppRoutePaths.arenaLeaderboard,/arena/leaderboard,ArenaLeaderboardPage (/arena/leaderboard),
arena,flutter_app/lib/features/arena/presentation/pages/hub/arena_home_page_hero_and_templates.dart,177,arena_home_page_hero_and_templates.dart,,context.goHaptic,AppRoutePaths.arenaMode(id),/arena/mode/<id>,ArenaModeDetailPage (/arena/mode/:modeId),
arena,flutter_app/lib/features/arena/presentation/pages/hub/arena_home_page_hero_and_templates.dart,185,arena_home_page_hero_and_templates.dart,,context.goHaptic,AppRoutePaths.arenaChallenge(id),/arena/challenge/<id>,ArenaChallengeDetailPage (/arena/challenge/:challengeId),
arena,flutter_app/lib/features/arena/presentation/pages/hub/arena_home_page_hero_and_templates.dart,189,arena_home_page_hero_and_templates.dart,,context.goHaptic,AppRoutePaths.arenaGuide,/arena/guide,ArenaGuidePage (/arena/guide),
arena,flutter_app/lib/features/arena/presentation/pages/hub/arena_home_page_hero_and_templates.dart,193,arena_home_page_hero_and_templates.dart,,context.goHaptic,AppRoutePaths.arenaCreator(id),/arena/creator/<id>,ArenaCreatorPage (/arena/creator/:creatorId),
arena,flutter_app/lib/features/arena/presentation/pages/hub/arena_home_page_hero_and_templates.dart,198,arena_home_page_hero_and_templates.dart,,context.goHaptic,AppRoutePaths.marketsPredictions,/markets/predictions,PredictionsHomePage (/markets/predictions),
arena,flutter_app/lib/features/arena/presentation/pages/hub/arena_home_page_hero_and_templates.dart,203,arena_home_page_hero_and_templates.dart,,context.goHaptic,AppRoutePaths.arenaVerified,/arena/verified,VerifiedChallengesPage (/arena/verified),
arena,flutter_app/lib/features/arena/presentation/pages/hub/arena_home_page_hero_and_templates.dart,210,arena_home_page_hero_and_templates.dart,,context.goHaptic,AppRoutePaths.arenaSafety,/arena/safety,ArenaSafetyCenterPage (/arena/safety),
arena,flutter_app/lib/features/arena/presentation/pages/hub/arena_home_page_hero_and_templates.dart,365,arena_home_page_hero_and_templates.dart,Công cụ Arena,onNavigate,tool.route,,,dynamic_route_expression
arena,flutter_app/lib/features/arena/presentation/pages/hub/arena_production_ready_page_screens_states_section.dart,93,arena_production_ready_page_screens_states_section.dart,,context.go,_resolvedRoute(route),,,dynamic_route_expression
arena,flutter_app/lib/features/arena/presentation/pages/hub/arena_production_ready_page_screens_states_section.dart,102,arena_production_ready_page_screens_states_section.dart,,context.go,AppRoutePaths.arena,/arena,ArenaHomePage (/arena),
arena,flutter_app/lib/features/arena/presentation/pages/hub/arena_production_ready_page_screens_states_section.dart,99,arena_production_ready_page_screens_states_section.dart,,context.pop,,,,back_or_close_modal
arena,flutter_app/lib/features/arena/presentation/pages/hub/my_arena_page.dart,141,my_arena_page.dart,,context.goHaptic,AppRoutePaths.arenaPoints,/arena/points,'${AppRoutePaths.rewards}?tab=arena' (/arena/points),
arena,flutter_app/lib/features/arena/presentation/pages/hub/my_arena_page.dart,143,my_arena_page.dart,Tạo thách đấu mới,context.goHaptic,AppRoutePaths.arenaLedger,/arena/ledger,ArenaPointsLedgerPage (/arena/ledger),
arena,flutter_app/lib/features/arena/presentation/pages/hub/my_arena_page.dart,144,my_arena_page.dart,Tạo thách đấu mới,context.goHaptic,'/rewards',/rewards,RewardsHubPage (/rewards),
arena,flutter_app/lib/features/arena/presentation/pages/hub/my_arena_page.dart,150,my_arena_page.dart,Tạo thách đấu mới,context.goHaptic,AppRoutePaths.arenaStudio,/arena/studio,ArenaStudioPage (/arena/studio),
arena,flutter_app/lib/features/arena/presentation/pages/hub/my_arena_page.dart,156,my_arena_page.dart,Tạo thách đấu mới,context.goHaptic,AppRoutePaths.arenaLeaderboard,/arena/leaderboard,ArenaLeaderboardPage (/arena/leaderboard),
arena,flutter_app/lib/features/arena/presentation/pages/hub/my_arena_page.dart,160,my_arena_page.dart,Tạo thách đấu mới,context.goHaptic,AppRoutePaths.arena,/arena,ArenaHomePage (/arena),
arena,flutter_app/lib/features/arena/presentation/pages/hub/my_arena_page.dart,170,my_arena_page.dart,Tạo thách đấu mới,context.goHaptic,AppRoutePaths.arenaChallenge(id),/arena/challenge/<id>,ArenaChallengeDetailPage (/arena/challenge/:challengeId),
arena,flutter_app/lib/features/arena/presentation/pages/hub/my_arena_page.dart,174,my_arena_page.dart,,context.goHaptic,AppRoutePaths.arenaMode(id),/arena/mode/<id>,ArenaModeDetailPage (/arena/mode/:modeId),
arena,flutter_app/lib/features/arena/presentation/pages/hub/my_arena_page.dart,176,my_arena_page.dart,,context.goHaptic,AppRoutePaths.arenaStudio,/arena/studio,ArenaStudioPage (/arena/studio),
arena,flutter_app/lib/features/arena/presentation/pages/hub/my_arena_page.dart,178,my_arena_page.dart,,context.goHaptic,AppRoutePaths.arena,/arena,ArenaHomePage (/arena),
arena,flutter_app/lib/features/arena/presentation/pages/hub/my_arena_page.dart,183,my_arena_page.dart,,context.goHaptic,AppRoutePaths.arenaStudio,/arena/studio,ArenaStudioPage (/arena/studio),
arena,flutter_app/lib/features/arena/presentation/pages/hub/my_arena_page.dart,187,my_arena_page.dart,,context.goHaptic,AppRoutePaths.arenaChallenge('sample'),/arena/challenge/sample,ArenaChallengeDetailPage (/arena/challenge/:challengeId),
arena,flutter_app/lib/features/arena/presentation/pages/hub/my_arena_page.dart,192,my_arena_page.dart,,context.goHaptic,AppRoutePaths.arenaMyReports,/arena/my-reports,MyArenaReportsPage (/arena/my-reports),
arena,flutter_app/lib/features/arena/presentation/pages/hub/my_arena_page.dart,196,my_arena_page.dart,,context.goHaptic,AppRoutePaths.arenaBlocked,/arena/blocked,ArenaBlockedUsersPage (/arena/blocked),
arena,flutter_app/lib/features/arena/presentation/pages/hub/my_arena_page.dart,198,my_arena_page.dart,,context.goHaptic,AppRoutePaths.arenaSafety,/arena/safety,ArenaSafetyCenterPage (/arena/safety),
arena,flutter_app/lib/features/arena/presentation/pages/hub/my_arena_page.dart,202,my_arena_page.dart,,context.goHaptic,AppRoutePaths.arenaSafety,/arena/safety,ArenaSafetyCenterPage (/arena/safety),
arena,flutter_app/lib/features/arena/presentation/pages/points/arena_points_entry_detail_page.dart,177,arena_points_entry_detail_page.dart,,context.go,AppRoutePaths.arenaLedger,/arena/ledger,ArenaPointsLedgerPage (/arena/ledger),
arena,flutter_app/lib/features/arena/presentation/pages/points/arena_points_entry_detail_page.dart,174,arena_points_entry_detail_page.dart,,context.pop,,,,back_or_close_modal
arena,flutter_app/lib/features/arena/presentation/pages/points/arena_points_ledger_page.dart,149,arena_points_ledger_page.dart,,context.go,AppRoutePaths.arenaSafety,/arena/safety,ArenaSafetyCenterPage (/arena/safety),
arena,flutter_app/lib/features/arena/presentation/pages/points/arena_points_ledger_page.dart,193,arena_points_ledger_page.dart,,context.go,AppRoutePaths.arena,/arena,ArenaHomePage (/arena),
arena,flutter_app/lib/features/arena/presentation/pages/points/arena_points_ledger_page.dart,190,arena_points_ledger_page.dart,,context.pop,,,,back_or_close_modal
arena,flutter_app/lib/features/arena/presentation/pages/studio/arena_creator_page.dart,125,arena_creator_page.dart,Thử lại | Không tải được hồ sơ creator,context.goHaptic,AppRoutePaths.arenaTrust(snapshot.creator.id),/arena/trust/<snapshot.creator.id>,ArenaTrustBreakdownPage (/arena/trust/:userId),
arena,flutter_app/lib/features/arena/presentation/pages/studio/arena_creator_page.dart,131,arena_creator_page.dart,Modes | Live Rooms | Lịch sử | Giới thiệu,context.goHaptic,AppRoutePaths.arenaTrust(snapshot.creator.id),/arena/trust/<snapshot.creator.id>,ArenaTrustBreakdownPage (/arena/trust/:userId),
arena,flutter_app/lib/features/arena/presentation/pages/studio/arena_creator_page.dart,153,arena_creator_page.dart,Modes | Live Rooms | Lịch sử | Giới thiệu,context.goHaptic,AppRoutePaths.arenaMode(id),/arena/mode/<id>,ArenaModeDetailPage (/arena/mode/:modeId),
arena,flutter_app/lib/features/arena/presentation/pages/studio/arena_creator_page.dart,155,arena_creator_page.dart,Live Rooms | Lịch sử | Giới thiệu,context.goHaptic,AppRoutePaths.arenaStudio,/arena/studio,ArenaStudioPage (/arena/studio),
arena,flutter_app/lib/features/arena/presentation/pages/studio/arena_creator_page.dart,157,arena_creator_page.dart,Giới thiệu,context.goHaptic,AppRoutePaths.arenaGuide,/arena/guide,ArenaGuidePage (/arena/guide),
arena,flutter_app/lib/features/arena/presentation/pages/studio/arena_creator_page.dart,162,arena_creator_page.dart,,context.goHaptic,AppRoutePaths.arenaSafety,/arena/safety,ArenaSafetyCenterPage (/arena/safety),
arena,flutter_app/lib/features/arena/presentation/pages/studio/arena_smart_rule_builder_page.dart,537,arena_smart_rule_builder_page.dart,,context.go,AppRoutePaths.arenaMy,/arena/my,MyArenaPage (/arena/my),
arena,flutter_app/lib/features/arena/presentation/pages/studio/arena_smart_rule_builder_page_review_submit.dart,542,arena_smart_rule_builder_page_review_submit.dart,,Navigator.of(context).pop,option,,,back_or_close_modal
arena,flutter_app/lib/features/arena/presentation/pages/studio/arena_smart_rule_builder_page_review_submit.dart,587,arena_smart_rule_builder_page_review_submit.dart,,Navigator.of(context).pop,option,,,back_or_close_modal
arena,flutter_app/lib/features/arena/presentation/pages/studio/arena_smart_rule_builder_page_review_submit.dart,772,arena_smart_rule_builder_page_review_submit.dart,${draft.slotsTotal} slots | Clarity ${draft.clarityScore} | Kiểm tra lại | Xác nhận gửi,Navigator.of(context).pop,false,,,back_or_close_modal
arena,flutter_app/lib/features/arena/presentation/pages/studio/arena_smart_rule_builder_page_review_submit.dart,781,arena_smart_rule_builder_page_review_submit.dart,Kiểm tra lại | Xác nhận gửi,Navigator.of(context).pop,true,,,back_or_close_modal
arena,flutter_app/lib/features/arena/presentation/pages/studio/arena_studio_page.dart,128,arena_studio_page.dart,Thử lại,context.go,AppRoutePaths.arenaStudioSmartRules,/arena/studio/smart-rules,ArenaSmartRuleBuilderPage (/arena/studio/smart-rules),
arena,flutter_app/lib/features/arena/presentation/widgets/challenge/arena_navigation_actions.dart,15,arena_navigation_actions.dart,,context.go,route,,,dynamic_route_expression
arena,flutter_app/lib/features/arena/presentation/widgets/governance/arena_report_case_related_common.dart,23,arena_report_case_related_common.dart,,context.go,AppRoutePaths.arenaReportCase(report.id),/arena/report/<report.id>,ArenaReportCasePage (/arena/report/:caseId),
arena,flutter_app/lib/features/arena/presentation/widgets/governance/arena_safety_center_page_common.dart,19,arena_safety_center_page_common.dart,,context.go,link.route,,,dynamic_route_expression
arena,flutter_app/lib/features/arena/presentation/widgets/governance/my_arena_reports_page_sections.dart,163,my_arena_reports_page_sections.dart,,context.go,AppRoutePaths.arenaReportCase(report.id),/arena/report/<report.id>,ArenaReportCasePage (/arena/report/:caseId),
arena,flutter_app/lib/features/arena/presentation/widgets/points/arena_points_entry_detail_page_sections.dart,90,arena_points_entry_detail_page_sections.dart,Mô tả | Mã lý do | Thời gian | Challenge liên quan,context.go,AppRoutePaths.arenaChallenge(entry.linkedChallengeId!),/arena/challenge/<entry.linkedChallengeId!>,ArenaChallengeDetailPage (/arena/challenge/:challengeId),
arena,flutter_app/lib/features/arena/presentation/widgets/points/arena_points_entry_detail_page_sections.dart,102,arena_points_entry_detail_page_sections.dart,Challenge liên quan | Mode liên quan,context.go,AppRoutePaths.arenaMode(entry.linkedModeId!),/arena/mode/<entry.linkedModeId!>,ArenaModeDetailPage (/arena/mode/:modeId),
arena,flutter_app/lib/features/arena/presentation/widgets/points/arena_points_entry_detail_page_sections.dart,256,arena_points_entry_detail_page_sections.dart,Xem challenge,context.go,AppRoutePaths.arenaChallenge(entry.linkedChallengeId!),/arena/challenge/<entry.linkedChallengeId!>,ArenaChallengeDetailPage (/arena/challenge/:challengeId),
arena,flutter_app/lib/features/arena/presentation/widgets/points/arena_points_ledger_page_sections.dart,185,arena_points_ledger_page_sections.dart,,context.go,AppRoutePaths.arenaLedgerEntry(entry.id),/arena/ledger/entry/<entry.id>,ArenaPointsEntryDetailPage (/arena/ledger/entry/:entryId),
arena,flutter_app/lib/features/arena/presentation/widgets/studio/arena_studio_steps.dart,122,arena_studio_steps.dart,Mở Smart Rule Builder,context.go,AppRoutePaths.arenaSafety,/arena/safety,ArenaSafetyCenterPage (/arena/safety),
auth,flutter_app/lib/features/auth/presentation/pages/forgot_password_page.dart,306,forgot_password_page.dart,,context.go,AppRoutePaths.authLogin,/auth/login,AuthRouteShell>LoginPage (/auth/login),
auth,flutter_app/lib/features/auth/presentation/pages/login_page.dart,89,login_page.dart,,context.go,AppRoutePaths.home,/home,HomeResponsiveEntry (/home),
auth,flutter_app/lib/features/auth/presentation/pages/login_page.dart,326,login_page.dart,,context.go,AppRoutePaths.authForgotPassword,/auth/forgot-password,AuthRouteShell>ForgotPasswordPage (/auth/forgot-password),
auth,flutter_app/lib/features/auth/presentation/pages/login_page.dart,344,login_page.dart,,context.go,AppRoutePaths.authRegister,/auth/register,AuthRouteShell>RegisterPage (/auth/register),
auth,flutter_app/lib/features/auth/presentation/pages/otp_page.dart,172,otp_page.dart,,context.go,AppRoutePaths.auth2faSetup,/auth/2fa-setup,AuthRouteShell>TwoFASetupPage (/auth/2fa-setup),
auth,flutter_app/lib/features/auth/presentation/pages/otp_page.dart,174,otp_page.dart,,context.go,AppRoutePaths.home,/home,HomeResponsiveEntry (/home),
auth,flutter_app/lib/features/auth/presentation/pages/otp_page.dart,177,otp_page.dart,,context.go,AppRoutePaths.authResetPassword,/auth/reset-password,AuthRouteShell>ResetPasswordPage (/auth/reset-password),
auth,flutter_app/lib/features/auth/presentation/pages/otp_page.dart,180,otp_page.dart,,context.go,AppRoutePaths.authResetPassword,/auth/reset-password,AuthRouteShell>ResetPasswordPage (/auth/reset-password),
auth,flutter_app/lib/features/auth/presentation/pages/otp_page.dart,231,otp_page.dart,Xác minh OTP | Xác thực · Bảo mật,context.go,AppRoutePaths.authLogin,/auth/login,AuthRouteShell>LoginPage (/auth/login),
auth,flutter_app/lib/features/auth/presentation/pages/register_page.dart,145,register_page.dart,,context.go,AppRoutePaths.authOtp,/auth/otp,AuthRouteShell>buildOtpPage (/auth/otp),
auth,flutter_app/lib/features/auth/presentation/pages/register_page.dart,179,register_page.dart,Tạo tài khoản | Xác thực · Đăng ký,context.go,AppRoutePaths.authLogin,/auth/login,AuthRouteShell>LoginPage (/auth/login),
auth,flutter_app/lib/features/auth/presentation/pages/register_page.dart,344,register_page.dart,Tiếp tục,context.go,AppRoutePaths.authLogin,/auth/login,AuthRouteShell>LoginPage (/auth/login),
auth,flutter_app/lib/features/auth/presentation/pages/reset_password_page.dart,255,reset_password_page.dart,,context.go,AppRoutePaths.authLogin,/auth/login,AuthRouteShell>LoginPage (/auth/login),
auth,flutter_app/lib/features/auth/presentation/pages/reset_password_page.dart,274,reset_password_page.dart,Xác minh lại,context.go,AppRoutePaths.authForgotPassword,/auth/forgot-password,AuthRouteShell>ForgotPasswordPage (/auth/forgot-password),
auth,flutter_app/lib/features/auth/presentation/pages/reset_password_page.dart,280,reset_password_page.dart,Xác minh lại,context.go,AppRoutePaths.authLogin,/auth/login,AuthRouteShell>LoginPage (/auth/login),
auth,flutter_app/lib/features/auth/presentation/pages/reset_password_page.dart,299,reset_password_page.dart,Đăng nhập,context.go,AppRoutePaths.authLogin,/auth/login,AuthRouteShell>LoginPage (/auth/login),
auth,flutter_app/lib/features/auth/presentation/pages/two_fa_setup_page.dart,178,two_fa_setup_page.dart,,context.go,AppRoutePaths.home,/home,HomeResponsiveEntry (/home),
cross_module,flutter_app/lib/features/cross_module/presentation/pages/cross_module_analytics_page.dart,61,cross_module_analytics_page.dart,Cross-Module Analytics | Phân tích liên module,context.go,AppRoutePaths.home,/home,HomeResponsiveEntry (/home),
cross_module,flutter_app/lib/features/cross_module/presentation/pages/cross_module_analytics_page.dart,72,cross_module_analytics_page.dart,Thử lại | Cross-Module Analytics | Phân tích liên module,context.go,AppRoutePaths.home,/home,HomeResponsiveEntry (/home),
cross_module,flutter_app/lib/features/cross_module/presentation/pages/cross_module_analytics_page.dart,90,cross_module_analytics_page.dart,Thử lại | Cross-Module Analytics | Phân tích liên module,context.go,snapshot.backRoute,,,dynamic_route_expression
cross_module,flutter_app/lib/features/cross_module/presentation/pages/smart_alert_center_page.dart,63,smart_alert_center_page.dart,Smart Alerts | Trung tâm cảnh báo thông minh,context.go,AppRoutePaths.home,/home,HomeResponsiveEntry (/home),
cross_module,flutter_app/lib/features/cross_module/presentation/pages/smart_alert_center_page.dart,73,smart_alert_center_page.dart,Thử lại | Smart Alerts | Trung tâm cảnh báo thông minh,context.go,AppRoutePaths.home,/home,HomeResponsiveEntry (/home),
cross_module,flutter_app/lib/features/cross_module/presentation/pages/smart_alert_center_page.dart,90,smart_alert_center_page.dart,Thử lại | Smart Alerts | Trung tâm cảnh báo thông minh,context.go,snapshot.backRoute,,,dynamic_route_expression
cross_module,flutter_app/lib/features/cross_module/presentation/pages/tax_report_center_generate_tab.dart,28,tax_report_center_generate_tab.dart,Tax Report Center | Trung tâm báo cáo thuế,context.go,AppRoutePaths.home,/home,HomeResponsiveEntry (/home),
cross_module,flutter_app/lib/features/cross_module/presentation/pages/tax_report_center_generate_tab.dart,39,tax_report_center_generate_tab.dart,Thử lại | Tax Report Center | Trung tâm báo cáo thuế,context.go,AppRoutePaths.home,/home,HomeResponsiveEntry (/home),
cross_module,flutter_app/lib/features/cross_module/presentation/pages/tax_report_center_generate_tab.dart,57,tax_report_center_generate_tab.dart,Thử lại | Tax Report Center | Trung tâm báo cáo thuế,context.go,snapshot.backRoute,,,dynamic_route_expression
cross_module,flutter_app/lib/features/cross_module/presentation/pages/unified_portfolio_dashboard_page.dart,56,unified_portfolio_dashboard_page.dart,Unified Portfolio | Danh mục đầu tư hợp nhất,context.go,AppRoutePaths.home,/home,HomeResponsiveEntry (/home),
cross_module,flutter_app/lib/features/cross_module/presentation/pages/unified_portfolio_dashboard_page.dart,66,unified_portfolio_dashboard_page.dart,Thử lại | Unified Portfolio | Danh mục đầu tư hợp nhất,context.go,AppRoutePaths.home,/home,HomeResponsiveEntry (/home),
cross_module,flutter_app/lib/features/cross_module/presentation/pages/unified_portfolio_dashboard_page.dart,83,unified_portfolio_dashboard_page.dart,Thử lại | Unified Portfolio | Danh mục đầu tư hợp nhất,context.go,snapshot.backRoute,,,dynamic_route_expression
cross_module,flutter_app/lib/features/cross_module/presentation/pages/unified_portfolio_dashboard_page.dart,97,unified_portfolio_dashboard_page.dart,,context.go,route,,,dynamic_route_expression
dca,flutter_app/lib/features/dca/presentation/pages/hub/dca_overview_demo.dart,182,dca_overview_demo.dart,"Demo thẻ tổng quan DCA với các kịch bản lãi, lỗ và lỗi",context.go,backRoute,,,dynamic_route_expression
dca,flutter_app/lib/features/dca/presentation/pages/hub/dca_page_state_overview.dart,184,dca_page_state_overview.dart,,context.go,route,,,dynamic_route_expression
dca,flutter_app/lib/features/dca/presentation/pages/portfolio/dca_multi_asset_page_setup.dart,228,dca_multi_asset_page_setup.dart,Multi-asset performance state review | Sắp ra mắt,context.go,AppRoutePaths.dca,/dca,DCAPage (/dca),
dca,flutter_app/lib/features/dca/presentation/pages/portfolio/dca_multi_asset_page_setup.dart,225,dca_multi_asset_page_setup.dart,Multi-asset performance state review | Sắp ra mắt,context.pop,,,,back_or_close_modal
dca,flutter_app/lib/features/dca/presentation/pages/portfolio/dca_performance_compare_page.dart,208,dca_performance_compare_page.dart,,context.go,AppRoutePaths.dca,/dca,DCAPage (/dca),
dca,flutter_app/lib/features/dca/presentation/pages/portfolio/dca_performance_compare_page.dart,205,dca_performance_compare_page.dart,,context.pop,,,,back_or_close_modal
dca,flutter_app/lib/features/dca/presentation/pages/portfolio/dca_portfolio_optimizer_page.dart,166,dca_portfolio_optimizer_page.dart,Xem lại phân bổ đề xuất,context.go,AppRoutePaths.dcaRebalanceConfig,/dca/rebalance/config,DCARebalanceConfigPage (/dca/rebalance/config),
dca,flutter_app/lib/features/dca/presentation/pages/portfolio/dca_portfolio_optimizer_page.dart,183,dca_portfolio_optimizer_page.dart,Sắp ra mắt,context.go,AppRoutePaths.dca,/dca,DCAPage (/dca),
dca,flutter_app/lib/features/dca/presentation/pages/portfolio/dca_portfolio_optimizer_page.dart,180,dca_portfolio_optimizer_page.dart,Sắp ra mắt,context.pop,,,,back_or_close_modal
dca,flutter_app/lib/features/dca/presentation/pages/portfolio/dca_rebalance_config_page.dart,288,dca_rebalance_config_page.dart,,context.go,AppRoutePaths.dcaRebalanceDashboard,/dca/rebalance/config001,DCARebalanceDashboardPage (/dca/rebalance/config001),
dca,flutter_app/lib/features/dca/presentation/pages/portfolio/dca_rebalance_config_page.dart,296,dca_rebalance_config_page.dart,,context.go,AppRoutePaths.dca,/dca,DCAPage (/dca),
dca,flutter_app/lib/features/dca/presentation/pages/portfolio/dca_rebalance_config_page.dart,293,dca_rebalance_config_page.dart,,context.pop,,,,back_or_close_modal
dca,flutter_app/lib/features/dca/presentation/pages/portfolio/dca_rebalance_dashboard_page.dart,94,dca_rebalance_dashboard_page.dart,Lịch sử cân bằng,context.go,AppRoutePaths.dcaRebalanceConfig,/dca/rebalance/config,DCARebalanceConfigPage (/dca/rebalance/config),
dca,flutter_app/lib/features/dca/presentation/pages/portfolio/dca_rebalance_dashboard_page.dart,136,dca_rebalance_dashboard_page.dart,,context.go,AppRoutePaths.dca,/dca,DCAPage (/dca),
dca,flutter_app/lib/features/dca/presentation/pages/portfolio/dca_rebalance_dashboard_page.dart,133,dca_rebalance_dashboard_page.dart,Rebalance review required,context.pop,,,,back_or_close_modal
dca,flutter_app/lib/features/dca/presentation/pages/research/dca_backtester_page.dart,174,dca_backtester_page.dart,Sắp ra mắt,context.go,AppRoutePaths.dca,/dca,DCAPage (/dca),
dca,flutter_app/lib/features/dca/presentation/pages/research/dca_backtester_page.dart,171,dca_backtester_page.dart,Sắp ra mắt,context.pop,,,,back_or_close_modal
dca,flutter_app/lib/features/dca/presentation/pages/research/dca_dynamic_amount_page.dart,156,dca_dynamic_amount_page.dart,Xem lại chiến lược số tiền,context.go,AppRoutePaths.dca,/dca,DCAPage (/dca),
dca,flutter_app/lib/features/dca/presentation/pages/research/dca_dynamic_amount_page.dart,171,dca_dynamic_amount_page.dart,Sắp ra mắt,context.go,AppRoutePaths.dca,/dca,DCAPage (/dca),
dca,flutter_app/lib/features/dca/presentation/pages/research/dca_dynamic_amount_page.dart,168,dca_dynamic_amount_page.dart,Sắp ra mắt,context.pop,,,,back_or_close_modal
dca,flutter_app/lib/features/dca/presentation/pages/schedule/dca_schedule_analytics_page.dart,94,dca_schedule_analytics_page.dart,Hiệu suất lịch mua,context.go,AppRoutePaths.dcaScheduleConfig,/dca/schedule/config,DCAScheduleConfigPage (/dca/schedule/config),
dca,flutter_app/lib/features/dca/presentation/pages/schedule/dca_schedule_analytics_page.dart,135,dca_schedule_analytics_page.dart,,context.go,AppRoutePaths.dca,/dca,DCAPage (/dca),
dca,flutter_app/lib/features/dca/presentation/pages/schedule/dca_schedule_analytics_page.dart,132,dca_schedule_analytics_page.dart,Phân tích chỉ đọc,context.pop,,,,back_or_close_modal
dca,flutter_app/lib/features/dca/presentation/pages/schedule/dca_schedule_config_page.dart,249,dca_schedule_config_page.dart,,context.go,AppRoutePaths.dcaScheduleAnalytics,/dca/schedule/config001,DCAScheduleAnalyticsPage (/dca/schedule/config001),
dca,flutter_app/lib/features/dca/presentation/pages/schedule/dca_schedule_config_page.dart,257,dca_schedule_config_page.dart,,context.go,AppRoutePaths.dca,/dca,DCAPage (/dca),
dca,flutter_app/lib/features/dca/presentation/pages/schedule/dca_schedule_config_page.dart,254,dca_schedule_config_page.dart,,context.pop,,,,back_or_close_modal
dca,flutter_app/lib/features/dca/presentation/pages/schedule/dca_smart_rules_page.dart,191,dca_smart_rules_page.dart,Sắp ra mắt,context.go,AppRoutePaths.dca,/dca,DCAPage (/dca),
dca,flutter_app/lib/features/dca/presentation/pages/schedule/dca_smart_rules_page.dart,188,dca_smart_rules_page.dart,Rule Trigger History | Sắp ra mắt,context.pop,,,,back_or_close_modal
dev,flutter_app/lib/features/dev/presentation/pages/design_system_page.dart,306,design_system_page.dart,Hệ thống thiết kế (công cụ nội bộ),context.go,AppRoutePaths.home,/home,HomeResponsiveEntry (/home),
dev,flutter_app/lib/features/dev/presentation/pages/missing_screens_showcase_page.dart,197,missing_screens_showcase_page.dart,Danh sách màn hình bổ sung và điểm vào v2 (công cụ nội bộ),context.go,AppRoutePaths.home,/home,HomeResponsiveEntry (/home),
dev,flutter_app/lib/features/dev/presentation/pages/performance_monitor.dart,188,performance_monitor.dart,Công cụ theo dõi hiệu năng ứng dụng (nội bộ),context.go,AppRoutePaths.home,/home,HomeResponsiveEntry (/home),
dev,flutter_app/lib/features/dev/presentation/pages/route_checker_page.dart,240,route_checker_page.dart,Công cụ kiểm tra tuyến đường Staking (nội bộ),context.go,AppRoutePaths.home,/home,HomeResponsiveEntry (/home),
dev,flutter_app/lib/features/dev/presentation/widgets/missing_screens_showcase_page_sections.dart,20,missing_screens_showcase_page_sections.dart,,context.go,screen.route,,,dynamic_route_expression
dev,flutter_app/lib/features/dev/presentation/widgets/missing_screens_showcase_page_sections.dart,46,missing_screens_showcase_page_sections.dart,,context.go,page.route,,,dynamic_route_expression
dev,flutter_app/lib/features/dev/presentation/widgets/missing_screens_showcase_page_sections.dart,64,missing_screens_showcase_page_sections.dart,,context.go,flow.fromRoute,,,dynamic_route_expression
discovery,flutter_app/lib/features/discovery/presentation/pages/topic_hub_page.dart,171,topic_hub_page.dart,Trung tâm chủ đề,context.go,AppRoutePaths.home,/home,HomeResponsiveEntry (/home),
discovery,flutter_app/lib/features/discovery/presentation/pages/topic_hub_page.dart,176,topic_hub_page.dart,Trung tâm chủ đề,context.go,AppRoutePaths.search,/search,UnifiedSearchPage (/search),
discovery,flutter_app/lib/features/discovery/presentation/pages/unified_search_page.dart,85,unified_search_page.dart,Tìm kiếm,context.go,AppRoutePaths.home,/home,HomeResponsiveEntry (/home),
discovery,flutter_app/lib/features/discovery/presentation/widgets/topic_hub_cards.dart,12,topic_hub_cards.dart,Thị trường dự đoán,context.go,event.route,,,dynamic_route_expression
discovery,flutter_app/lib/features/discovery/presentation/widgets/topic_hub_cards.dart,91,topic_hub_cards.dart,Chỉ điểm Arena,context.go,room.route,,,dynamic_route_expression
discovery,flutter_app/lib/features/discovery/presentation/widgets/topic_hub_cards.dart,156,topic_hub_cards.dart,,context.go,mode.route,,,dynamic_route_expression
discovery,flutter_app/lib/features/discovery/presentation/widgets/topic_hub_cards.dart,219,topic_hub_cards.dart,,context.go,creator.route,,,dynamic_route_expression
discovery,flutter_app/lib/features/discovery/presentation/widgets/topic_hub_cards.dart,299,topic_hub_cards.dart,Tạo room,context.go,snapshot.createArenaRoute,,,dynamic_route_expression
discovery,flutter_app/lib/features/discovery/presentation/widgets/topic_hub_sections.dart,17,topic_hub_sections.dart,Xem tất cả | Sự kiện dự đoán,context.go,snapshot.predictionsRoute,,,dynamic_route_expression
discovery,flutter_app/lib/features/discovery/presentation/widgets/topic_hub_sections.dart,40,topic_hub_sections.dart,Xem tất cả | Phòng Arena trực tiếp,context.go,snapshot.arenaRoute,,,dynamic_route_expression
discovery,flutter_app/lib/features/discovery/presentation/widgets/unified_search_entity_cards.dart,12,unified_search_entity_cards.dart,Chỉ điểm Arena,context.go,room.route,,,dynamic_route_expression
discovery,flutter_app/lib/features/discovery/presentation/widgets/unified_search_entity_cards.dart,86,unified_search_entity_cards.dart,,context.go,creator.route,,,dynamic_route_expression
discovery,flutter_app/lib/features/discovery/presentation/widgets/unified_search_entity_cards.dart,155,unified_search_entity_cards.dart,Giao dịch Spot,context.go,pair.route,,,dynamic_route_expression
discovery,flutter_app/lib/features/discovery/presentation/widgets/unified_search_prediction_arena_cards.dart,12,unified_search_prediction_arena_cards.dart,Thị trường dự đoán,context.go,event.route,,,dynamic_route_expression
discovery,flutter_app/lib/features/discovery/presentation/widgets/unified_search_prediction_arena_cards.dart,68,unified_search_prediction_arena_cards.dart,Open Arena,context.go,mode.route,,,dynamic_route_expression
discovery,flutter_app/lib/features/discovery/presentation/widgets/unified_search_shell.dart,119,unified_search_shell.dart,,context.go,module.route,,,dynamic_route_expression
earn_savings,flutter_app/lib/features/earn_savings/presentation/pages/savings/auto_compound_settings_page.dart,78,auto_compound_settings_page.dart,Đang tải… | Không tải được | Lãi kép tự động,context.go,AppRoutePaths.earnSavings,/earn/savings,SavingsPage (/earn/savings),
earn_savings,flutter_app/lib/features/earn_savings/presentation/pages/savings/auto_compound_settings_page.dart,86,auto_compound_settings_page.dart,Thử lại | Đang tải… | Không tải được | Lãi kép tự động,context.go,AppRoutePaths.earnSavings,/earn/savings,SavingsPage (/earn/savings),
earn_savings,flutter_app/lib/features/earn_savings/presentation/pages/savings/auto_compound_settings_page.dart,112,auto_compound_settings_page.dart,,context.go,snapshot.backRoute,,,dynamic_route_expression
earn_savings,flutter_app/lib/features/earn_savings/presentation/pages/savings/auto_compound_settings_page.dart,227,auto_compound_settings_page.dart,,Navigator.of(context).pop,,,,back_or_close_modal
earn_savings,flutter_app/lib/features/earn_savings/presentation/pages/savings/auto_compound_settings_page.dart,233,auto_compound_settings_page.dart,,Navigator.of(context).pop,,,,back_or_close_modal
earn_savings,flutter_app/lib/features/earn_savings/presentation/pages/savings/auto_compound_settings_page.dart,239,auto_compound_settings_page.dart,,Navigator.of(context).pop,,,,back_or_close_modal
earn_savings,flutter_app/lib/features/earn_savings/presentation/pages/savings/auto_compound_settings_page.dart,245,auto_compound_settings_page.dart,,Navigator.of(context).pop,,,,back_or_close_modal
earn_savings,flutter_app/lib/features/earn_savings/presentation/pages/savings/earn_portfolio_page.dart,23,earn_portfolio_page.dart,Đang tải… | Không tải được | Danh mục tiết kiệm,context.go,AppRoutePaths.earnSavings,/earn/savings,SavingsPage (/earn/savings),
earn_savings,flutter_app/lib/features/earn_savings/presentation/pages/savings/earn_portfolio_page.dart,31,earn_portfolio_page.dart,Thử lại | Đang tải… | Không tải được | Danh mục tiết kiệm,context.go,AppRoutePaths.earnSavings,/earn/savings,SavingsPage (/earn/savings),
earn_savings,flutter_app/lib/features/earn_savings/presentation/pages/savings/earn_portfolio_page.dart,52,earn_portfolio_page.dart,Thử lại,context.go,snapshot.backRoute,,,dynamic_route_expression
earn_savings,flutter_app/lib/features/earn_savings/presentation/pages/savings/savings_analytics_page.dart,68,savings_analytics_page.dart,Đang tải… | Không tải được | Phân tích Tiết kiệm,context.go,AppRoutePaths.earnDashboard,/earn/dashboard,StakingDashboardPage (/earn/dashboard),
earn_savings,flutter_app/lib/features/earn_savings/presentation/pages/savings/savings_analytics_page.dart,76,savings_analytics_page.dart,Thử lại | Đang tải… | Không tải được | Phân tích Tiết kiệm,context.go,AppRoutePaths.earnDashboard,/earn/dashboard,StakingDashboardPage (/earn/dashboard),
earn_savings,flutter_app/lib/features/earn_savings/presentation/pages/savings/savings_analytics_page.dart,100,savings_analytics_page.dart,,context.go,snapshot.backRoute,,,dynamic_route_expression
earn_savings,flutter_app/lib/features/earn_savings/presentation/pages/savings/savings_auto_rebalance_page.dart,101,savings_auto_rebalance_page.dart,Đang tải… | Không tải được | Tái cân bằng,context.go,AppRoutePaths.earnSavings,/earn/savings,SavingsPage (/earn/savings),
earn_savings,flutter_app/lib/features/earn_savings/presentation/pages/savings/savings_auto_rebalance_page.dart,109,savings_auto_rebalance_page.dart,Thử lại | Đang tải… | Không tải được | Tái cân bằng,context.go,AppRoutePaths.earnSavings,/earn/savings,SavingsPage (/earn/savings),
earn_savings,flutter_app/lib/features/earn_savings/presentation/pages/savings/savings_auto_rebalance_page.dart,137,savings_auto_rebalance_page.dart,,context.go,snapshot.backRoute,,,dynamic_route_expression
earn_savings,flutter_app/lib/features/earn_savings/presentation/pages/savings/savings_autopilot_page.dart,77,savings_autopilot_page.dart,Đang tải… | Không tải được | Chế độ tiết kiệm tự động,context.go,AppRoutePaths.earnSavings,/earn/savings,SavingsPage (/earn/savings),
earn_savings,flutter_app/lib/features/earn_savings/presentation/pages/savings/savings_autopilot_page.dart,85,savings_autopilot_page.dart,Thử lại | Đang tải… | Không tải được | Chế độ tiết kiệm tự động,context.go,AppRoutePaths.earnSavings,/earn/savings,SavingsPage (/earn/savings),
earn_savings,flutter_app/lib/features/earn_savings/presentation/pages/savings/savings_autopilot_page.dart,115,savings_autopilot_page.dart,,context.go,snapshot.backRoute,,,dynamic_route_expression
earn_savings,flutter_app/lib/features/earn_savings/presentation/pages/savings/savings_autopilot_page.dart,152,savings_autopilot_page.dart,,context.go,route,,,dynamic_route_expression
earn_savings,flutter_app/lib/features/earn_savings/presentation/pages/savings/savings_autopilot_page.dart,285,savings_autopilot_page.dart,,Navigator.of(context).pop,,,,back_or_close_modal
earn_savings,flutter_app/lib/features/earn_savings/presentation/pages/savings/savings_autopilot_page.dart,291,savings_autopilot_page.dart,,Navigator.of(context).pop,,,,back_or_close_modal
earn_savings,flutter_app/lib/features/earn_savings/presentation/pages/savings/savings_backtest_page.dart,93,savings_backtest_page.dart,Đang tải… | Không tải được | Mô phỏng đầu tư,context.go,AppRoutePaths.earnSavings,/earn/savings,SavingsPage (/earn/savings),
earn_savings,flutter_app/lib/features/earn_savings/presentation/pages/savings/savings_backtest_page.dart,101,savings_backtest_page.dart,Thử lại | Đang tải… | Không tải được | Mô phỏng đầu tư,context.go,AppRoutePaths.earnSavings,/earn/savings,SavingsPage (/earn/savings),
earn_savings,flutter_app/lib/features/earn_savings/presentation/pages/savings/savings_backtest_page.dart,128,savings_backtest_page.dart,,context.go,snapshot.backRoute,,,dynamic_route_expression
earn_savings,flutter_app/lib/features/earn_savings/presentation/pages/savings/savings_backtest_page.dart,177,savings_backtest_page.dart,,context.go,snapshot.recommendationsRoute,,,dynamic_route_expression
earn_savings,flutter_app/lib/features/earn_savings/presentation/pages/savings/savings_comparison_page.dart,69,savings_comparison_page.dart,Đang tải… | Không tải được | So sánh sản phẩm,context.go,AppRoutePaths.earnSavings,/earn/savings,SavingsPage (/earn/savings),
earn_savings,flutter_app/lib/features/earn_savings/presentation/pages/savings/savings_comparison_page.dart,77,savings_comparison_page.dart,Thử lại | Đang tải… | Không tải được | So sánh sản phẩm,context.go,AppRoutePaths.earnSavings,/earn/savings,SavingsPage (/earn/savings),
earn_savings,flutter_app/lib/features/earn_savings/presentation/pages/savings/savings_comparison_page.dart,103,savings_comparison_page.dart,,context.go,snapshot.backRoute,,,dynamic_route_expression
earn_savings,flutter_app/lib/features/earn_savings/presentation/pages/savings/savings_dca_page.dart,72,savings_dca_page.dart,Đang tải… | Không tải được | DCA Tiết kiệm,context.go,AppRoutePaths.earnSavings,/earn/savings,SavingsPage (/earn/savings),
earn_savings,flutter_app/lib/features/earn_savings/presentation/pages/savings/savings_dca_page.dart,80,savings_dca_page.dart,Thử lại | Đang tải… | Không tải được | DCA Tiết kiệm,context.go,AppRoutePaths.earnSavings,/earn/savings,SavingsPage (/earn/savings),
earn_savings,flutter_app/lib/features/earn_savings/presentation/pages/savings/savings_dca_page.dart,103,savings_dca_page.dart,,context.go,snapshot.backRoute,,,dynamic_route_expression
earn_savings,flutter_app/lib/features/earn_savings/presentation/pages/savings/savings_export_page.dart,90,savings_export_page.dart,Đang tải… | Không tải được | Xuất báo cáo,context.go,AppRoutePaths.earnSavings,/earn/savings,SavingsPage (/earn/savings),
earn_savings,flutter_app/lib/features/earn_savings/presentation/pages/savings/savings_export_page.dart,98,savings_export_page.dart,Thử lại | Đang tải… | Không tải được | Xuất báo cáo,context.go,AppRoutePaths.earnSavings,/earn/savings,SavingsPage (/earn/savings),
earn_savings,flutter_app/lib/features/earn_savings/presentation/pages/savings/savings_export_page.dart,127,savings_export_page.dart,,context.go,snapshot.backRoute,,,dynamic_route_expression
earn_savings,flutter_app/lib/features/earn_savings/presentation/pages/savings/savings_faq_page.dart,64,savings_faq_page.dart,Đang tải… | Không tải được | Câu hỏi thường gặp về Tiết kiệm,context.go,AppRoutePaths.earnStaking,/earn/staking,StakingEarnPage (/earn/staking),
earn_savings,flutter_app/lib/features/earn_savings/presentation/pages/savings/savings_faq_page.dart,72,savings_faq_page.dart,Thử lại | Đang tải… | Không tải được | Câu hỏi thường gặp về Tiết kiệm,context.go,AppRoutePaths.earnStaking,/earn/staking,StakingEarnPage (/earn/staking),
earn_savings,flutter_app/lib/features/earn_savings/presentation/pages/savings/savings_faq_page.dart,103,savings_faq_page.dart,,context.go,snapshot.backRoute,,,dynamic_route_expression
earn_savings,flutter_app/lib/features/earn_savings/presentation/pages/savings/savings_goal_page.dart,71,savings_goal_page.dart,Đang tải… | Không tải được | Mục tiêu tiết kiệm,context.go,AppRoutePaths.earnSavings,/earn/savings,SavingsPage (/earn/savings),
earn_savings,flutter_app/lib/features/earn_savings/presentation/pages/savings/savings_goal_page.dart,79,savings_goal_page.dart,Thử lại | Đang tải… | Không tải được | Mục tiêu tiết kiệm,context.go,AppRoutePaths.earnSavings,/earn/savings,SavingsPage (/earn/savings),
earn_savings,flutter_app/lib/features/earn_savings/presentation/pages/savings/savings_goal_page.dart,107,savings_goal_page.dart,,context.go,snapshot.backRoute,,,dynamic_route_expression
earn_savings,flutter_app/lib/features/earn_savings/presentation/pages/savings/savings_goal_page.dart,190,savings_goal_page.dart,,Navigator.of(context).pop,,,,back_or_close_modal
earn_savings,flutter_app/lib/features/earn_savings/presentation/pages/savings/savings_guide_page.dart,65,savings_guide_page.dart,Đang tải… | Không tải được | Hướng dẫn Tiết kiệm,context.go,AppRoutePaths.earnStaking,/earn/staking,StakingEarnPage (/earn/staking),
earn_savings,flutter_app/lib/features/earn_savings/presentation/pages/savings/savings_guide_page.dart,73,savings_guide_page.dart,Thử lại | Đang tải… | Không tải được | Hướng dẫn Tiết kiệm,context.go,AppRoutePaths.earnStaking,/earn/staking,StakingEarnPage (/earn/staking),
earn_savings,flutter_app/lib/features/earn_savings/presentation/pages/savings/savings_guide_page.dart,97,savings_guide_page.dart,,context.go,snapshot.backRoute,,,dynamic_route_expression
earn_savings,flutter_app/lib/features/earn_savings/presentation/pages/savings/savings_guide_page.dart,196,savings_guide_page.dart,Close tutorial,Navigator.of(context).pop,,,,back_or_close_modal
earn_savings,flutter_app/lib/features/earn_savings/presentation/pages/savings/savings_guide_page.dart,253,savings_guide_page.dart,,Navigator.of(context).pop,,,,back_or_close_modal
earn_savings,flutter_app/lib/features/earn_savings/presentation/pages/savings/savings_history_page.dart,63,savings_history_page.dart,Đang tải… | Không tải được | Lịch sử Tiết kiệm,context.go,AppRoutePaths.earnDashboard,/earn/dashboard,StakingDashboardPage (/earn/dashboard),
earn_savings,flutter_app/lib/features/earn_savings/presentation/pages/savings/savings_history_page.dart,71,savings_history_page.dart,Thử lại | Đang tải… | Không tải được | Lịch sử Tiết kiệm,context.go,AppRoutePaths.earnDashboard,/earn/dashboard,StakingDashboardPage (/earn/dashboard),
earn_savings,flutter_app/lib/features/earn_savings/presentation/pages/savings/savings_history_page.dart,97,savings_history_page.dart,,context.go,snapshot.backRoute,,,dynamic_route_expression
earn_savings,flutter_app/lib/features/earn_savings/presentation/pages/savings/savings_ladder_page.dart,83,savings_ladder_page.dart,Đang tải… | Không tải được | Thang đáo hạn tiết kiệm,context.go,AppRoutePaths.earnSavings,/earn/savings,SavingsPage (/earn/savings),
earn_savings,flutter_app/lib/features/earn_savings/presentation/pages/savings/savings_ladder_page.dart,91,savings_ladder_page.dart,Thử lại | Đang tải… | Không tải được | Thang đáo hạn tiết kiệm,context.go,AppRoutePaths.earnSavings,/earn/savings,SavingsPage (/earn/savings),
earn_savings,flutter_app/lib/features/earn_savings/presentation/pages/savings/savings_ladder_page.dart,126,savings_ladder_page.dart,,context.go,snapshot.backRoute,,,dynamic_route_expression
earn_savings,flutter_app/lib/features/earn_savings/presentation/pages/savings/savings_ladder_page.dart,428,savings_ladder_page.dart,Xác nhận tạo ladder,Navigator.of(context).pop,,,,back_or_close_modal
earn_savings,flutter_app/lib/features/earn_savings/presentation/pages/savings/savings_notification_preferences_page.dart,85,savings_notification_preferences_page.dart,Đang tải… | Không tải được | Cài đặt thông báo,context.go,AppRoutePaths.earnSavings,/earn/savings,SavingsPage (/earn/savings),
earn_savings,flutter_app/lib/features/earn_savings/presentation/pages/savings/savings_notification_preferences_page.dart,93,savings_notification_preferences_page.dart,Thử lại | Đang tải… | Không tải được | Cài đặt thông báo,context.go,AppRoutePaths.earnSavings,/earn/savings,SavingsPage (/earn/savings),
earn_savings,flutter_app/lib/features/earn_savings/presentation/pages/savings/savings_notification_preferences_page.dart,129,savings_notification_preferences_page.dart,,context.go,snapshot.backRoute,,,dynamic_route_expression
earn_savings,flutter_app/lib/features/earn_savings/presentation/pages/savings/savings_notifications_page.dart,70,savings_notifications_page.dart,Đang tải… | Không tải được | Thông báo Tiết kiệm,context.go,AppRoutePaths.earnStaking,/earn/staking,StakingEarnPage (/earn/staking),
earn_savings,flutter_app/lib/features/earn_savings/presentation/pages/savings/savings_notifications_page.dart,78,savings_notifications_page.dart,Thử lại | Đang tải… | Không tải được | Thông báo Tiết kiệm,context.go,AppRoutePaths.earnStaking,/earn/staking,StakingEarnPage (/earn/staking),
earn_savings,flutter_app/lib/features/earn_savings/presentation/pages/savings/savings_notifications_page.dart,113,savings_notifications_page.dart,,context.go,snapshot.backRoute,,,dynamic_route_expression
earn_savings,flutter_app/lib/features/earn_savings/presentation/pages/savings/savings_page.dart,169,savings_page.dart,,context.go,route,,,dynamic_route_expression
earn_savings,flutter_app/lib/features/earn_savings/presentation/pages/savings/savings_product_detail_page.dart,60,savings_product_detail_page.dart,Đang tải… | Không tải được | Chi tiết sản phẩm tiết kiệm,context.go,AppRoutePaths.earnSavings,/earn/savings,SavingsPage (/earn/savings),
earn_savings,flutter_app/lib/features/earn_savings/presentation/pages/savings/savings_product_detail_page.dart,68,savings_product_detail_page.dart,Thử lại | Đang tải… | Không tải được | Chi tiết sản phẩm tiết kiệm,context.go,AppRoutePaths.earnSavings,/earn/savings,SavingsPage (/earn/savings),
earn_savings,flutter_app/lib/features/earn_savings/presentation/pages/savings/savings_product_detail_page.dart,85,savings_product_detail_page.dart,Thử lại | Không tải được,context.go,snapshot.backRoute,,,dynamic_route_expression
earn_savings,flutter_app/lib/features/earn_savings/presentation/pages/savings/savings_product_detail_page.dart,261,savings_product_detail_page.dart,Sản phẩm không khả dụng | Quay lại,context.go,snapshot.backRoute,,,dynamic_route_expression
earn_savings,flutter_app/lib/features/earn_savings/presentation/pages/savings/savings_receipt_page.dart,43,savings_receipt_page.dart,Đang tải… | Không tải được | Biên nhận giao dịch tiết kiệm,context.go,AppRoutePaths.earnSavings,/earn/savings,SavingsPage (/earn/savings),
earn_savings,flutter_app/lib/features/earn_savings/presentation/pages/savings/savings_receipt_page.dart,51,savings_receipt_page.dart,Thử lại | Đang tải… | Không tải được | Biên nhận giao dịch tiết kiệm,context.go,AppRoutePaths.earnSavings,/earn/savings,SavingsPage (/earn/savings),
earn_savings,flutter_app/lib/features/earn_savings/presentation/pages/savings/savings_receipt_page.dart,65,savings_receipt_page.dart,Thử lại | Không tải được,context.go,snapshot.backRoute,,,dynamic_route_expression
earn_savings,flutter_app/lib/features/earn_savings/presentation/pages/savings/savings_receipt_page.dart,118,savings_receipt_page.dart,Chưa có biên nhận | Về Tiết kiệm,context.go,snapshot.backRoute,,,dynamic_route_expression
earn_savings,flutter_app/lib/features/earn_savings/presentation/pages/savings/savings_recommendations_page.dart,88,savings_recommendations_page.dart,Đang tải… | Không tải được | Gợi ý Tiết kiệm,context.go,AppRoutePaths.earnStaking,/earn/staking,StakingEarnPage (/earn/staking),
earn_savings,flutter_app/lib/features/earn_savings/presentation/pages/savings/savings_recommendations_page.dart,96,savings_recommendations_page.dart,Thử lại | Đang tải… | Không tải được | Gợi ý Tiết kiệm,context.go,AppRoutePaths.earnStaking,/earn/staking,StakingEarnPage (/earn/staking),
earn_savings,flutter_app/lib/features/earn_savings/presentation/pages/savings/savings_recommendations_page.dart,119,savings_recommendations_page.dart,,context.go,snapshot.backRoute,,,dynamic_route_expression
earn_savings,flutter_app/lib/features/earn_savings/presentation/pages/savings/savings_redeem_page.dart,50,savings_redeem_page.dart,Đang tải… | Không tải được | Rút Tiết kiệm,context.go,AppRoutePaths.earnSavings,/earn/savings,SavingsPage (/earn/savings),
earn_savings,flutter_app/lib/features/earn_savings/presentation/pages/savings/savings_redeem_page.dart,58,savings_redeem_page.dart,Thử lại | Đang tải… | Không tải được | Rút Tiết kiệm,context.go,AppRoutePaths.earnSavings,/earn/savings,SavingsPage (/earn/savings),
earn_savings,flutter_app/lib/features/earn_savings/presentation/pages/savings/savings_redeem_page.dart,74,savings_redeem_page.dart,Thử lại | Không tải được,context.go,snapshot.backRoute,,,dynamic_route_expression
earn_savings,flutter_app/lib/features/earn_savings/presentation/pages/savings/savings_redeem_page.dart,127,savings_redeem_page.dart,Không tìm thấy vị thế tiết kiệm | Quay lại,context.go,snapshot.backRoute,,,dynamic_route_expression
earn_savings,flutter_app/lib/features/earn_savings/presentation/pages/savings/savings_risk_assessment_page.dart,78,savings_risk_assessment_page.dart,Đang tải… | Không tải được | Đánh giá Rủi ro,context.go,AppRoutePaths.earnSavings,/earn/savings,SavingsPage (/earn/savings),
earn_savings,flutter_app/lib/features/earn_savings/presentation/pages/savings/savings_risk_assessment_page.dart,86,savings_risk_assessment_page.dart,Thử lại | Đang tải… | Không tải được | Đánh giá Rủi ro,context.go,AppRoutePaths.earnSavings,/earn/savings,SavingsPage (/earn/savings),
earn_savings,flutter_app/lib/features/earn_savings/presentation/pages/savings/savings_risk_assessment_page.dart,103,savings_risk_assessment_page.dart,Thử lại | Không tải được,context.go,snapshot.backRoute,,,dynamic_route_expression
earn_savings,flutter_app/lib/features/earn_savings/presentation/pages/savings/savings_smart_suggestions_page.dart,73,savings_smart_suggestions_page.dart,Đang tải… | Không tải được | Gợi ý thông minh,context.go,AppRoutePaths.earnSavings,/earn/savings,SavingsPage (/earn/savings),
earn_savings,flutter_app/lib/features/earn_savings/presentation/pages/savings/savings_smart_suggestions_page.dart,81,savings_smart_suggestions_page.dart,Thử lại | Đang tải… | Không tải được | Gợi ý thông minh,context.go,AppRoutePaths.earnSavings,/earn/savings,SavingsPage (/earn/savings),
earn_savings,flutter_app/lib/features/earn_savings/presentation/pages/savings/savings_smart_suggestions_page.dart,105,savings_smart_suggestions_page.dart,,context.go,snapshot.backRoute,,,dynamic_route_expression
earn_savings,flutter_app/lib/features/earn_savings/presentation/pages/savings/savings_what_if_page.dart,86,savings_what_if_page.dart,Đang tải… | Không tải được | Phân tích kịch bản giả định,context.go,AppRoutePaths.earnSavings,/earn/savings,SavingsPage (/earn/savings),
earn_savings,flutter_app/lib/features/earn_savings/presentation/pages/savings/savings_what_if_page.dart,94,savings_what_if_page.dart,Thử lại | Đang tải… | Không tải được | Phân tích kịch bản giả định,context.go,AppRoutePaths.earnSavings,/earn/savings,SavingsPage (/earn/savings),
earn_savings,flutter_app/lib/features/earn_savings/presentation/pages/savings/savings_what_if_page.dart,131,savings_what_if_page.dart,,context.go,snapshot.backRoute,,,dynamic_route_expression
earn_savings,flutter_app/lib/features/earn_savings/presentation/widgets/hub/auto_compound_settings_info_sheet.dart,22,auto_compound_settings_info_sheet.dart,Đóng | Lãi kép là gì?,Navigator.of(context).pop,,,,back_or_close_modal
earn_savings,flutter_app/lib/features/earn_savings/presentation/widgets/hub/auto_compound_settings_settings_sheet.dart,41,auto_compound_settings_settings_sheet.dart,Đóng,Navigator.of(context).pop,,,,back_or_close_modal
earn_savings,flutter_app/lib/features/earn_savings/presentation/widgets/hub/earn_comparison_summary.dart,141,earn_comparison_summary.dart,Đóng,Navigator.of(context).pop,,,,back_or_close_modal
earn_savings,flutter_app/lib/features/earn_savings/presentation/widgets/savings/savings_dca_history_sheet.dart,117,savings_dca_history_sheet.dart,Đóng | Tạo kế hoạch DCA,Navigator.of(context).pop,,,,back_or_close_modal
earn_savings,flutter_app/lib/features/earn_savings/presentation/widgets/savings/savings_dca_history_sheet.dart,137,savings_dca_history_sheet.dart,Xem trước lịch DCA,Navigator.of(context).pop,,,,back_or_close_modal
earn_savings,flutter_app/lib/features/earn_savings/presentation/widgets/savings/savings_faq_page_common.dart,92,savings_faq_page_common.dart,Liên hệ,context.go,snapshot.supportRoute,,,dynamic_route_expression
earn_savings,flutter_app/lib/features/earn_savings/presentation/widgets/savings/savings_goal_create_sheet.dart,36,savings_goal_create_sheet.dart,Đóng,Navigator.of(context).pop,,,,back_or_close_modal
earn_savings,flutter_app/lib/features/earn_savings/presentation/widgets/savings/savings_goal_create_sheet.dart,89,savings_goal_create_sheet.dart,Sản phẩm liên kết | Milestone rewards | Tạo mục tiêu,Navigator.of(context).pop,,,,back_or_close_modal
earn_savings,flutter_app/lib/features/earn_savings/presentation/widgets/savings/savings_goal_detail_sheet.dart,27,savings_goal_detail_sheet.dart,Đóng,Navigator.of(context).pop,,,,back_or_close_modal
earn_savings,flutter_app/lib/features/earn_savings/presentation/widgets/savings/savings_guide_tutorials.dart,405,savings_guide_tutorials.dart,Khám phá sản phẩm | Sẵn sàng bắt đầu?,context.go,snapshot.savingsRoute,,,dynamic_route_expression
earn_savings,flutter_app/lib/features/earn_savings/presentation/widgets/savings/savings_history_page_common.dart,22,savings_history_page_common.dart,,context.go,receiptRoute,,,dynamic_route_expression
earn_savings,flutter_app/lib/features/earn_savings/presentation/widgets/savings/savings_home_hero.dart,49,savings_home_hero.dart,Mở danh mục tiết kiệm | APY ước tính,context.go,snapshot.portfolioRoute,,,dynamic_route_expression
earn_savings,flutter_app/lib/features/earn_savings/presentation/widgets/savings/savings_home_hero.dart,63,savings_home_hero.dart,Mở danh mục tiết kiệm | Danh mục | Gửi,context.go,snapshot.portfolioRoute,,,dynamic_route_expression
earn_savings,flutter_app/lib/features/earn_savings/presentation/widgets/savings/savings_home_hero.dart,266,savings_home_hero.dart,Thêm,onNavigate,tool.route,,,dynamic_route_expression
earn_savings,flutter_app/lib/features/earn_savings/presentation/widgets/savings/savings_home_products.dart,222,savings_home_products.dart,Chi tiết,context.go,detailRoute,,,dynamic_route_expression
earn_savings,flutter_app/lib/features/earn_savings/presentation/widgets/savings/savings_portfolio_hero.dart,135,savings_portfolio_hero.dart,Cố định | Gửi thêm | Rút,context.go,snapshot.savingsRoute,,,dynamic_route_expression
earn_savings,flutter_app/lib/features/earn_savings/presentation/widgets/savings/savings_portfolio_hero.dart,143,savings_portfolio_hero.dart,Gửi thêm | Rút | Lịch sử,context.go,snapshot.savingsRoute,,,dynamic_route_expression
earn_savings,flutter_app/lib/features/earn_savings/presentation/widgets/savings/savings_portfolio_hero.dart,152,savings_portfolio_hero.dart,Rút | Lịch sử,context.go,snapshot.historyRoute,,,dynamic_route_expression
earn_savings,flutter_app/lib/features/earn_savings/presentation/widgets/savings/savings_recommendations_compare_sheet.dart,25,savings_recommendations_compare_sheet.dart,Đóng,Navigator.of(context).pop,,,,back_or_close_modal
earn_savings,flutter_app/lib/features/earn_savings/presentation/widgets/savings/savings_recommendations_hero.dart,127,savings_recommendations_hero.dart,Tài sản yêu thích,context.go,snapshot.riskAssessmentRoute,,,dynamic_route_expression
earn_savings,flutter_app/lib/features/earn_savings/presentation/widgets/savings/savings_recommendations_insights.dart,63,savings_recommendations_insights.dart,Đánh giá rủi ro,context.go,snapshot.riskAssessmentRoute,,,dynamic_route_expression
earn_savings,flutter_app/lib/features/earn_savings/presentation/widgets/savings/savings_recommendations_insights.dart,77,savings_recommendations_insights.dart,Đánh giá rủi ro | Tất cả sản phẩm,context.go,snapshot.savingsRoute,,,dynamic_route_expression
earn_savings,flutter_app/lib/features/earn_savings/presentation/widgets/savings/savings_recommendations_strategy_detail_sheet.dart,116,savings_recommendations_strategy_detail_sheet.dart,Lưu ý / Nhược điểm | Phù hợp với | Đăng ký sản phẩm theo chiến lược,context.go,savingsRoute,,,dynamic_route_expression
earn_savings,flutter_app/lib/features/earn_savings/presentation/widgets/savings/savings_recommendations_strategy_detail_sheet.dart,27,savings_recommendations_strategy_detail_sheet.dart,Đóng,Navigator.of(context).pop,,,,back_or_close_modal
earn_savings,flutter_app/lib/features/earn_savings/presentation/widgets/savings/savings_recommendations_strategy_detail_sheet.dart,115,savings_recommendations_strategy_detail_sheet.dart,Lưu ý / Nhược điểm | Phù hợp với | Đăng ký sản phẩm theo chiến lược,Navigator.of(context).pop,,,,back_or_close_modal
earn_savings,flutter_app/lib/features/earn_savings/presentation/widgets/savings/savings_risk_assessment_result.dart,110,savings_risk_assessment_result.dart,Lưu ý rủi ro | Xem gợi ý cá nhân hóa,context.go,snapshot.recommendationsRoute,,,dynamic_route_expression
earn_savings,flutter_app/lib/features/earn_savings/presentation/widgets/savings/savings_risk_assessment_result.dart,124,savings_risk_assessment_result.dart,Xem gợi ý cá nhân hóa | Sản phẩm,context.go,snapshot.savingsRoute,,,dynamic_route_expression
earn_savings,flutter_app/lib/features/earn_savings/presentation/widgets/savings/savings_smart_suggestions_suggestions.dart,175,savings_smart_suggestions_suggestions.dart,,context.go,suggestion.actionRoute!,,,dynamic_route_expression
earn_staking,flutter_app/lib/features/earn_staking/presentation/pages/staking/staking_advanced_orders_page.dart,77,staking_advanced_orders_page.dart,"Đang tải… | Không tải được | Lệnh stake nâng cao — đặt chốt lời, cắt lỗ tự động và xem lịch sử lệnh",context.go,AppRoutePaths.earnStaking,/earn/staking,StakingEarnPage (/earn/staking),
earn_staking,flutter_app/lib/features/earn_staking/presentation/pages/staking/staking_advanced_orders_page.dart,86,staking_advanced_orders_page.dart,Thử lại | Đang tải… | Không tải được,context.go,AppRoutePaths.earnStaking,/earn/staking,StakingEarnPage (/earn/staking),
earn_staking,flutter_app/lib/features/earn_staking/presentation/pages/staking/staking_advanced_orders_page.dart,113,staking_advanced_orders_page.dart,,context.go,snapshot.backRoute,,,dynamic_route_expression
earn_staking,flutter_app/lib/features/earn_staking/presentation/pages/staking/staking_analytics_page.dart,85,staking_analytics_page.dart,"Đang tải… | Không tải được | Phân tích hiệu suất staking — lợi nhuận, APY và ROI theo thời gian",context.go,AppRoutePaths.earnDashboard,/earn/dashboard,StakingDashboardPage (/earn/dashboard),
earn_staking,flutter_app/lib/features/earn_staking/presentation/pages/staking/staking_analytics_page.dart,93,staking_analytics_page.dart,Thử lại | Đang tải… | Không tải được,context.go,AppRoutePaths.earnDashboard,/earn/dashboard,StakingDashboardPage (/earn/dashboard),
earn_staking,flutter_app/lib/features/earn_staking/presentation/pages/staking/staking_analytics_page.dart,115,staking_analytics_page.dart,Thử lại,context.go,snapshot.backRoute,,,dynamic_route_expression
earn_staking,flutter_app/lib/features/earn_staking/presentation/pages/staking/staking_api_documentation_page.dart,83,staking_api_documentation_page.dart,Đang tải… | Không tải được | Tài liệu API stake — không lời khuyên đầu tư,context.go,AppRoutePaths.earnStaking,/earn/staking,StakingEarnPage (/earn/staking),
earn_staking,flutter_app/lib/features/earn_staking/presentation/pages/staking/staking_api_documentation_page.dart,92,staking_api_documentation_page.dart,Thử lại | Đang tải… | Không tải được,context.go,AppRoutePaths.earnStaking,/earn/staking,StakingEarnPage (/earn/staking),
earn_staking,flutter_app/lib/features/earn_staking/presentation/pages/staking/staking_api_documentation_page.dart,118,staking_api_documentation_page.dart,Tài liệu API stake — không lời khuyên đầu tư,context.go,snapshot.backRoute,,,dynamic_route_expression
earn_staking,flutter_app/lib/features/earn_staking/presentation/pages/staking/staking_audit_reports_page.dart,71,staking_audit_reports_page.dart,Đang tải… | Không tải được | Báo cáo kiểm toán độc lập — tham khảo,context.go,AppRoutePaths.earnStaking,/earn/staking,StakingEarnPage (/earn/staking),
earn_staking,flutter_app/lib/features/earn_staking/presentation/pages/staking/staking_audit_reports_page.dart,80,staking_audit_reports_page.dart,Thử lại | Đang tải… | Không tải được,context.go,AppRoutePaths.earnStaking,/earn/staking,StakingEarnPage (/earn/staking),
earn_staking,flutter_app/lib/features/earn_staking/presentation/pages/staking/staking_audit_reports_page.dart,107,staking_audit_reports_page.dart,Báo cáo kiểm toán độc lập — tham khảo,context.go,snapshot.backRoute,,,dynamic_route_expression
earn_staking,flutter_app/lib/features/earn_staking/presentation/pages/staking/staking_auto_compound_page.dart,109,staking_auto_compound_page.dart,Đang tải… | Không tải được | Tự động Tái đầu tư staking — cài đặt lãi kép và mô phỏng lợi nhuận,context.go,AppRoutePaths.earnStaking,/earn/staking,StakingEarnPage (/earn/staking),
earn_staking,flutter_app/lib/features/earn_staking/presentation/pages/staking/staking_auto_compound_page.dart,118,staking_auto_compound_page.dart,Thử lại | Đang tải… | Không tải được,context.go,AppRoutePaths.earnStaking,/earn/staking,StakingEarnPage (/earn/staking),
earn_staking,flutter_app/lib/features/earn_staking/presentation/pages/staking/staking_auto_compound_page.dart,147,staking_auto_compound_page.dart,,context.go,snapshot.backRoute,,,dynamic_route_expression
earn_staking,flutter_app/lib/features/earn_staking/presentation/pages/staking/staking_community_governance_page.dart,56,staking_community_governance_page.dart,Đang tải… | Không tải được | Quản trị cộng đồng stake,context.go,AppRoutePaths.earnStaking,/earn/staking,StakingEarnPage (/earn/staking),
earn_staking,flutter_app/lib/features/earn_staking/presentation/pages/staking/staking_community_governance_page.dart,65,staking_community_governance_page.dart,Thử lại | Đang tải… | Không tải được,context.go,AppRoutePaths.earnStaking,/earn/staking,StakingEarnPage (/earn/staking),
earn_staking,flutter_app/lib/features/earn_staking/presentation/pages/staking/staking_community_governance_page.dart,89,staking_community_governance_page.dart,Quản trị cộng đồng stake,context.go,snapshot.backRoute,,,dynamic_route_expression
earn_staking,flutter_app/lib/features/earn_staking/presentation/pages/staking/staking_community_governance_page.dart,119,staking_community_governance_page.dart,,context.go,snapshot.proposalsRoute,,,dynamic_route_expression
earn_staking,flutter_app/lib/features/earn_staking/presentation/pages/staking/staking_community_governance_page.dart,126,staking_community_governance_page.dart,,context.go,snapshot.proposalsRoute,,,dynamic_route_expression
earn_staking,flutter_app/lib/features/earn_staking/presentation/pages/staking/staking_community_governance_page.dart,127,staking_community_governance_page.dart,,context.go,snapshot.forumRoute,,,dynamic_route_expression
earn_staking,flutter_app/lib/features/earn_staking/presentation/pages/staking/staking_contingency_plan_page.dart,57,staking_contingency_plan_page.dart,Đang tải… | Không tải được | Kế hoạch dự phòng và khôi phục earn,context.go,AppRoutePaths.earnRiskDashboard,/earn/risk-dashboard,StakingRiskDashboardPage (/earn/risk-dashboard),
earn_staking,flutter_app/lib/features/earn_staking/presentation/pages/staking/staking_contingency_plan_page.dart,66,staking_contingency_plan_page.dart,Thử lại | Đang tải… | Không tải được,context.go,AppRoutePaths.earnRiskDashboard,/earn/risk-dashboard,StakingRiskDashboardPage (/earn/risk-dashboard),
earn_staking,flutter_app/lib/features/earn_staking/presentation/pages/staking/staking_contingency_plan_page.dart,90,staking_contingency_plan_page.dart,Kế hoạch dự phòng và khôi phục earn,context.go,snapshot.backRoute,,,dynamic_route_expression
earn_staking,flutter_app/lib/features/earn_staking/presentation/pages/staking/staking_custody_page.dart,66,staking_custody_page.dart,Đang tải… | Không tải được | Lưu ký tách bạch và minh bạch tài sản,context.go,AppRoutePaths.earnStaking,/earn/staking,StakingEarnPage (/earn/staking),
earn_staking,flutter_app/lib/features/earn_staking/presentation/pages/staking/staking_custody_page.dart,75,staking_custody_page.dart,Thử lại | Đang tải… | Không tải được,context.go,AppRoutePaths.earnStaking,/earn/staking,StakingEarnPage (/earn/staking),
earn_staking,flutter_app/lib/features/earn_staking/presentation/pages/staking/staking_custody_page.dart,98,staking_custody_page.dart,Lưu ký tách bạch và minh bạch tài sản,context.go,snapshot.backRoute,,,dynamic_route_expression
earn_staking,flutter_app/lib/features/earn_staking/presentation/pages/staking/staking_dashboard_page.dart,68,staking_dashboard_page.dart,"Đang tải… | Không tải được | Bảng điều khiển staking — hiệu suất, phân bổ tài sản và các vị thế đang stake",context.go,AppRoutePaths.earnStaking,/earn/staking,StakingEarnPage (/earn/staking),
earn_staking,flutter_app/lib/features/earn_staking/presentation/pages/staking/staking_dashboard_page.dart,76,staking_dashboard_page.dart,Thử lại | Đang tải… | Không tải được,context.go,AppRoutePaths.earnStaking,/earn/staking,StakingEarnPage (/earn/staking),
earn_staking,flutter_app/lib/features/earn_staking/presentation/pages/staking/staking_dashboard_page.dart,97,staking_dashboard_page.dart,Thử lại,context.go,snapshot.backRoute,,,dynamic_route_expression
earn_staking,flutter_app/lib/features/earn_staking/presentation/pages/staking/staking_data_export_page.dart,67,staking_data_export_page.dart,Đang tải… | Không tải được | Xuất dữ liệu stake và yield,context.go,AppRoutePaths.earn,/earn,StakingEarnPage (/earn),
earn_staking,flutter_app/lib/features/earn_staking/presentation/pages/staking/staking_data_export_page.dart,76,staking_data_export_page.dart,Thử lại | Đang tải… | Không tải được,context.go,AppRoutePaths.earn,/earn,StakingEarnPage (/earn),
earn_staking,flutter_app/lib/features/earn_staking/presentation/pages/staking/staking_data_export_page.dart,100,staking_data_export_page.dart,Xuất dữ liệu stake và yield,context.go,snapshot.backRoute,,,dynamic_route_expression
earn_staking,flutter_app/lib/features/earn_staking/presentation/pages/staking/staking_developer_console_page.dart,72,staking_developer_console_page.dart,Đang tải… | Không tải được,context.go,AppRoutePaths.earnStaking,/earn/staking,StakingEarnPage (/earn/staking),
earn_staking,flutter_app/lib/features/earn_staking/presentation/pages/staking/staking_developer_console_page.dart,81,staking_developer_console_page.dart,Thử lại | Đang tải… | Không tải được,context.go,AppRoutePaths.earnStaking,/earn/staking,StakingEarnPage (/earn/staking),
earn_staking,flutter_app/lib/features/earn_staking/presentation/pages/staking/staking_developer_console_page.dart,106,staking_developer_console_page.dart,Console API staking Earn,context.go,snapshot.backRoute,,,dynamic_route_expression
earn_staking,flutter_app/lib/features/earn_staking/presentation/pages/staking/staking_earn_page.dart,90,staking_earn_page.dart,Đang tải… | Không tải được,context.go,AppRoutePaths.home,/home,HomeResponsiveEntry (/home),
earn_staking,flutter_app/lib/features/earn_staking/presentation/pages/staking/staking_earn_page.dart,99,staking_earn_page.dart,Thử lại | Đang tải… | Không tải được,context.go,AppRoutePaths.home,/home,HomeResponsiveEntry (/home),
earn_staking,flutter_app/lib/features/earn_staking/presentation/pages/staking/staking_earn_page.dart,117,staking_earn_page.dart,Thử lại | Không tải được,context.go,snapshot.backRoute,,,dynamic_route_expression
earn_staking,flutter_app/lib/features/earn_staking/presentation/pages/staking/staking_earnings_calendar_page.dart,76,staking_earnings_calendar_page.dart,Đang tải… | Không tải được | Lịch nhận lãi staking — xem sự kiện sắp tới và xuất lịch,context.go,AppRoutePaths.earnStaking,/earn/staking,StakingEarnPage (/earn/staking),
earn_staking,flutter_app/lib/features/earn_staking/presentation/pages/staking/staking_earnings_calendar_page.dart,84,staking_earnings_calendar_page.dart,Thử lại | Đang tải… | Không tải được | Lịch nhận lãi staking — xem sự kiện sắp tới và xuất lịch,context.go,AppRoutePaths.earnStaking,/earn/staking,StakingEarnPage (/earn/staking),
earn_staking,flutter_app/lib/features/earn_staking/presentation/pages/staking/staking_earnings_calendar_page.dart,112,staking_earnings_calendar_page.dart,,context.go,snapshot.backRoute,,,dynamic_route_expression
earn_staking,flutter_app/lib/features/earn_staking/presentation/pages/staking/staking_emergency_actions_page.dart,64,staking_emergency_actions_page.dart,Đang tải… | Không tải được | Hành động khẩn cấp cần xác nhận,context.go,AppRoutePaths.earnStaking,/earn/staking,StakingEarnPage (/earn/staking),
earn_staking,flutter_app/lib/features/earn_staking/presentation/pages/staking/staking_emergency_actions_page.dart,73,staking_emergency_actions_page.dart,Thử lại | Đang tải… | Không tải được,context.go,AppRoutePaths.earnStaking,/earn/staking,StakingEarnPage (/earn/staking),
earn_staking,flutter_app/lib/features/earn_staking/presentation/pages/staking/staking_emergency_actions_page.dart,91,staking_emergency_actions_page.dart,Thử lại | Không tải được | Hành động khẩn cấp cần xác nhận,context.go,snapshot.backRoute,,,dynamic_route_expression
earn_staking,flutter_app/lib/features/earn_staking/presentation/pages/staking/staking_faq_page.dart,63,staking_faq_page.dart,Đang tải… | Không tải được | Giải đáp yield và rủi ro staking,context.go,AppRoutePaths.earnStaking,/earn/staking,StakingEarnPage (/earn/staking),
earn_staking,flutter_app/lib/features/earn_staking/presentation/pages/staking/staking_faq_page.dart,72,staking_faq_page.dart,Thử lại | Đang tải… | Không tải được,context.go,AppRoutePaths.earnStaking,/earn/staking,StakingEarnPage (/earn/staking),
earn_staking,flutter_app/lib/features/earn_staking/presentation/pages/staking/staking_faq_page.dart,96,staking_faq_page.dart,Giải đáp yield và rủi ro staking,context.go,snapshot.backRoute,,,dynamic_route_expression
earn_staking,flutter_app/lib/features/earn_staking/presentation/pages/staking/staking_faq_page.dart,371,staking_faq_page.dart,Live Chat,context.go,snapshot.supportRoute,,,dynamic_route_expression
earn_staking,flutter_app/lib/features/earn_staking/presentation/pages/staking/staking_faq_page.dart,382,staking_faq_page.dart,Live Chat | Email Support,context.go,snapshot.supportRoute,,,dynamic_route_expression
earn_staking,flutter_app/lib/features/earn_staking/presentation/pages/staking/staking_forum_page.dart,53,staking_forum_page.dart,Đang tải… | Không tải được | Diễn đàn cộng đồng stake,context.go,AppRoutePaths.earnCommunityGovernance,/earn/community-governance,StakingCommunityGovernancePage (/earn/community-governance),
earn_staking,flutter_app/lib/features/earn_staking/presentation/pages/staking/staking_forum_page.dart,62,staking_forum_page.dart,Thử lại | Đang tải… | Không tải được,context.go,AppRoutePaths.earnCommunityGovernance,/earn/community-governance,StakingCommunityGovernancePage (/earn/community-governance),
earn_staking,flutter_app/lib/features/earn_staking/presentation/pages/staking/staking_forum_page.dart,85,staking_forum_page.dart,Diễn đàn cộng đồng stake,context.go,snapshot.backRoute,,,dynamic_route_expression
earn_staking,flutter_app/lib/features/earn_staking/presentation/pages/staking/staking_guide_page.dart,69,staking_guide_page.dart,Đang tải… | Không tải được | Hướng dẫn stake — APY ước tính có thể thay đổi,context.go,AppRoutePaths.earnStaking,/earn/staking,StakingEarnPage (/earn/staking),
earn_staking,flutter_app/lib/features/earn_staking/presentation/pages/staking/staking_guide_page.dart,78,staking_guide_page.dart,Thử lại | Đang tải… | Không tải được,context.go,AppRoutePaths.earnStaking,/earn/staking,StakingEarnPage (/earn/staking),
earn_staking,flutter_app/lib/features/earn_staking/presentation/pages/staking/staking_guide_page.dart,104,staking_guide_page.dart,Hướng dẫn stake — APY ước tính có thể thay đổi,context.go,snapshot.backRoute,,,dynamic_route_expression
earn_staking,flutter_app/lib/features/earn_staking/presentation/pages/staking/staking_guide_page.dart,196,staking_guide_page.dart,Close tutorial,Navigator.of(context).pop,,,,back_or_close_modal
earn_staking,flutter_app/lib/features/earn_staking/presentation/pages/staking/staking_guide_page.dart,250,staking_guide_page.dart,,Navigator.of(context).pop,,,,back_or_close_modal
earn_staking,flutter_app/lib/features/earn_staking/presentation/pages/staking/staking_history_page.dart,82,staking_history_page.dart,Đang tải… | Không tải được | Lịch sử Staking — tra cứu và lọc giao dịch stake,context.go,AppRoutePaths.earnDashboard,/earn/dashboard,StakingDashboardPage (/earn/dashboard),
earn_staking,flutter_app/lib/features/earn_staking/presentation/pages/staking/staking_history_page.dart,90,staking_history_page.dart,Thử lại | Đang tải… | Không tải được | Lịch sử Staking — tra cứu và lọc giao dịch stake,context.go,AppRoutePaths.earnDashboard,/earn/dashboard,StakingDashboardPage (/earn/dashboard),
earn_staking,flutter_app/lib/features/earn_staking/presentation/pages/staking/staking_history_page.dart,112,staking_history_page.dart,Thử lại,context.go,snapshot.backRoute,,,dynamic_route_expression
earn_staking,flutter_app/lib/features/earn_staking/presentation/pages/staking/staking_institutional_page.dart,75,staking_institutional_page.dart,Đang tải… | Không tải được | Bảng điều khiển staking tổ chức — phê duyệt đa chữ ký và xử lý theo lô cho doanh nghiệp,context.go,AppRoutePaths.earnStaking,/earn/staking,StakingEarnPage (/earn/staking),
earn_staking,flutter_app/lib/features/earn_staking/presentation/pages/staking/staking_institutional_page.dart,84,staking_institutional_page.dart,Thử lại | Đang tải… | Không tải được,context.go,AppRoutePaths.earnStaking,/earn/staking,StakingEarnPage (/earn/staking),
earn_staking,flutter_app/lib/features/earn_staking/presentation/pages/staking/staking_institutional_page.dart,111,staking_institutional_page.dart,,context.go,snapshot.backRoute,,,dynamic_route_expression
earn_staking,flutter_app/lib/features/earn_staking/presentation/pages/staking/staking_insurance_fund_transparency_page.dart,74,staking_insurance_fund_transparency_page.dart,Đang tải… | Không tải được | Quỹ bảo hiểm — không cam kết bồi thường 100%,context.go,AppRoutePaths.earnStaking,/earn/staking,StakingEarnPage (/earn/staking),
earn_staking,flutter_app/lib/features/earn_staking/presentation/pages/staking/staking_insurance_fund_transparency_page.dart,83,staking_insurance_fund_transparency_page.dart,Thử lại | Đang tải… | Không tải được,context.go,AppRoutePaths.earnStaking,/earn/staking,StakingEarnPage (/earn/staking),
earn_staking,flutter_app/lib/features/earn_staking/presentation/pages/staking/staking_insurance_fund_transparency_page.dart,108,staking_insurance_fund_transparency_page.dart,Quỹ bảo hiểm — không cam kết bồi thường 100%,context.go,snapshot.backRoute,,,dynamic_route_expression
earn_staking,flutter_app/lib/features/earn_staking/presentation/pages/staking/staking_insurance_page.dart,84,staking_insurance_page.dart,"Đang tải… | Không tải được | Bảo vệ Slashing — chọn gói bảo hiểm, quản lý vị thế và yêu cầu bồi thường",context.go,AppRoutePaths.earnStaking,/earn/staking,StakingEarnPage (/earn/staking),
earn_staking,flutter_app/lib/features/earn_staking/presentation/pages/staking/staking_insurance_page.dart,93,staking_insurance_page.dart,Thử lại | Đang tải… | Không tải được,context.go,AppRoutePaths.earnStaking,/earn/staking,StakingEarnPage (/earn/staking),
earn_staking,flutter_app/lib/features/earn_staking/presentation/pages/staking/staking_insurance_page.dart,116,staking_insurance_page.dart,,context.go,snapshot.backRoute,,,dynamic_route_expression
earn_staking,flutter_app/lib/features/earn_staking/presentation/pages/staking/staking_liquid_staking_page.dart,93,staking_liquid_staking_page.dart,"Đang tải… | Không tải được | Về Liquid Staking — stake, hoán đổi và quản lý token thanh khoản",context.go,AppRoutePaths.earnStaking,/earn/staking,StakingEarnPage (/earn/staking),
earn_staking,flutter_app/lib/features/earn_staking/presentation/pages/staking/staking_liquid_staking_page.dart,102,staking_liquid_staking_page.dart,Thử lại | Đang tải… | Không tải được,context.go,AppRoutePaths.earnStaking,/earn/staking,StakingEarnPage (/earn/staking),
earn_staking,flutter_app/lib/features/earn_staking/presentation/pages/staking/staking_liquid_staking_page.dart,126,staking_liquid_staking_page.dart,,context.go,snapshot.backRoute,,,dynamic_route_expression
earn_staking,flutter_app/lib/features/earn_staking/presentation/pages/staking/staking_multi_chain_page.dart,66,staking_multi_chain_page.dart,Đang tải… | Không tải được | Danh mục stake đa chuỗi — theo dõi vị thế và lợi nhuận trên nhiều blockchain,context.go,AppRoutePaths.earnStaking,/earn/staking,StakingEarnPage (/earn/staking),
earn_staking,flutter_app/lib/features/earn_staking/presentation/pages/staking/staking_multi_chain_page.dart,75,staking_multi_chain_page.dart,Thử lại | Đang tải… | Không tải được,context.go,AppRoutePaths.earnStaking,/earn/staking,StakingEarnPage (/earn/staking),
earn_staking,flutter_app/lib/features/earn_staking/presentation/pages/staking/staking_multi_chain_page.dart,98,staking_multi_chain_page.dart,,context.go,snapshot.backRoute,,,dynamic_route_expression
earn_staking,flutter_app/lib/features/earn_staking/presentation/pages/staking/staking_notifications_page.dart,75,staking_notifications_page.dart,Đang tải… | Không tải được | Cảnh báo APY và sự kiện stake,context.go,AppRoutePaths.earnStaking,/earn/staking,StakingEarnPage (/earn/staking),
earn_staking,flutter_app/lib/features/earn_staking/presentation/pages/staking/staking_notifications_page.dart,84,staking_notifications_page.dart,Thử lại | Đang tải… | Không tải được,context.go,AppRoutePaths.earnStaking,/earn/staking,StakingEarnPage (/earn/staking),
earn_staking,flutter_app/lib/features/earn_staking/presentation/pages/staking/staking_notifications_page.dart,116,staking_notifications_page.dart,Cảnh báo APY và sự kiện stake,context.go,snapshot.backRoute,,,dynamic_route_expression
earn_staking,flutter_app/lib/features/earn_staking/presentation/pages/staking/staking_proof_of_reserves_page.dart,86,staking_proof_of_reserves_page.dart,Đang tải… | Không tải được | Bằng chứng dự trữ staking — minh bạch tài sản và kiểm toán độc lập,context.go,AppRoutePaths.earnStaking,/earn/staking,StakingEarnPage (/earn/staking),
earn_staking,flutter_app/lib/features/earn_staking/presentation/pages/staking/staking_proof_of_reserves_page.dart,95,staking_proof_of_reserves_page.dart,Thử lại | Đang tải… | Không tải được,context.go,AppRoutePaths.earnStaking,/earn/staking,StakingEarnPage (/earn/staking),
earn_staking,flutter_app/lib/features/earn_staking/presentation/pages/staking/staking_proof_of_reserves_page.dart,119,staking_proof_of_reserves_page.dart,Minh bạch dự trữ — kiểm tra độc lập,context.go,snapshot.backRoute,,,dynamic_route_expression
earn_staking,flutter_app/lib/features/earn_staking/presentation/pages/staking/staking_proposals_page.dart,51,staking_proposals_page.dart,Đang tải… | Không tải được | Danh sách đề xuất cộng đồng staking,context.go,AppRoutePaths.earnCommunityGovernance,/earn/community-governance,StakingCommunityGovernancePage (/earn/community-governance),
earn_staking,flutter_app/lib/features/earn_staking/presentation/pages/staking/staking_proposals_page.dart,60,staking_proposals_page.dart,Thử lại | Đang tải… | Không tải được,context.go,AppRoutePaths.earnCommunityGovernance,/earn/community-governance,StakingCommunityGovernancePage (/earn/community-governance),
earn_staking,flutter_app/lib/features/earn_staking/presentation/pages/staking/staking_proposals_page.dart,83,staking_proposals_page.dart,Đề xuất cộng đồng — APY tham khảo,context.go,snapshot.backRoute,,,dynamic_route_expression
earn_staking,flutter_app/lib/features/earn_staking/presentation/pages/staking/staking_proposals_page.dart,148,staking_proposals_page.dart,Active Proposals,context.go,proposal.votingRoute,,,dynamic_route_expression
earn_staking,flutter_app/lib/features/earn_staking/presentation/pages/staking/staking_recommendations_page.dart,74,staking_recommendations_page.dart,Đang tải… | Không tải được | Gợi ý chiến lược staking cá nhân hóa,context.go,AppRoutePaths.earnStaking,/earn/staking,StakingEarnPage (/earn/staking),
earn_staking,flutter_app/lib/features/earn_staking/presentation/pages/staking/staking_recommendations_page.dart,83,staking_recommendations_page.dart,Thử lại | Đang tải… | Không tải được,context.go,AppRoutePaths.earnStaking,/earn/staking,StakingEarnPage (/earn/staking),
earn_staking,flutter_app/lib/features/earn_staking/presentation/pages/staking/staking_recommendations_page.dart,107,staking_recommendations_page.dart,Gợi ý chiến lược — không cam kết lợi nhuận,context.go,snapshot.backRoute,,,dynamic_route_expression
earn_staking,flutter_app/lib/features/earn_staking/presentation/pages/staking/staking_regulatory_framework_page.dart,71,staking_regulatory_framework_page.dart,"Đang tải… | Không tải được | Khung pháp lý staking — giấy phép, bảo vệ và khiếu nại",context.go,AppRoutePaths.earnStaking,/earn/staking,StakingEarnPage (/earn/staking),
earn_staking,flutter_app/lib/features/earn_staking/presentation/pages/staking/staking_regulatory_framework_page.dart,80,staking_regulatory_framework_page.dart,Thử lại | Đang tải… | Không tải được,context.go,AppRoutePaths.earnStaking,/earn/staking,StakingEarnPage (/earn/staking),
earn_staking,flutter_app/lib/features/earn_staking/presentation/pages/staking/staking_regulatory_framework_page.dart,106,staking_regulatory_framework_page.dart,Minh bạch giấy phép và tuân thủ,context.go,snapshot.backRoute,,,dynamic_route_expression
earn_staking,flutter_app/lib/features/earn_staking/presentation/pages/staking/staking_risk_assessment_page.dart,76,staking_risk_assessment_page.dart,Đang tải… | Không tải được | Đánh giá rủi ro trước khi chọn sản phẩm staking,context.go,AppRoutePaths.earnStaking,/earn/staking,StakingEarnPage (/earn/staking),
earn_staking,flutter_app/lib/features/earn_staking/presentation/pages/staking/staking_risk_assessment_page.dart,85,staking_risk_assessment_page.dart,Thử lại | Đang tải… | Không tải được,context.go,AppRoutePaths.earnStaking,/earn/staking,StakingEarnPage (/earn/staking),
earn_staking,flutter_app/lib/features/earn_staking/presentation/pages/staking/staking_risk_assessment_page.dart,105,staking_risk_assessment_page.dart,Thử lại | Không tải được,context.go,snapshot.backRoute,,,dynamic_route_expression
earn_staking,flutter_app/lib/features/earn_staking/presentation/pages/staking/staking_risk_dashboard_page.dart,59,staking_risk_dashboard_page.dart,Đang tải… | Không tải được | Bảng điều khiển rủi ro staking — tổng quan và cảnh báo,context.go,AppRoutePaths.earnStaking,/earn/staking,StakingEarnPage (/earn/staking),
earn_staking,flutter_app/lib/features/earn_staking/presentation/pages/staking/staking_risk_dashboard_page.dart,68,staking_risk_dashboard_page.dart,Thử lại | Đang tải… | Không tải được,context.go,AppRoutePaths.earnStaking,/earn/staking,StakingEarnPage (/earn/staking),
earn_staking,flutter_app/lib/features/earn_staking/presentation/pages/staking/staking_risk_dashboard_page.dart,93,staking_risk_dashboard_page.dart,Tổng quan rủi ro earn — APY ước tính có thể thay đổi,context.go,snapshot.backRoute,,,dynamic_route_expression
earn_staking,flutter_app/lib/features/earn_staking/presentation/pages/staking/staking_risk_disclosure_page.dart,93,staking_risk_disclosure_page.dart,Đang tải… | Không tải được | Công bố rủi ro staking theo từng danh mục,context.go,AppRoutePaths.earnStaking,/earn/staking,StakingEarnPage (/earn/staking),
earn_staking,flutter_app/lib/features/earn_staking/presentation/pages/staking/staking_risk_disclosure_page.dart,102,staking_risk_disclosure_page.dart,Thử lại | Đang tải… | Không tải được,context.go,AppRoutePaths.earnStaking,/earn/staking,StakingEarnPage (/earn/staking),
earn_staking,flutter_app/lib/features/earn_staking/presentation/pages/staking/staking_risk_disclosure_page.dart,127,staking_risk_disclosure_page.dart,APY ước tính có thể thay đổi,context.go,snapshot.backRoute,,,dynamic_route_expression
earn_staking,flutter_app/lib/features/earn_staking/presentation/pages/staking/staking_risk_disclosure_page.dart,171,staking_risk_disclosure_page.dart,,context.go,snapshot.assessmentRoute,,,dynamic_route_expression
earn_staking,flutter_app/lib/features/earn_staking/presentation/pages/staking/staking_risk_score_calculator_page.dart,88,staking_risk_score_calculator_page.dart,Đang tải… | Không tải được | Máy tính điểm rủi ro staking theo kịch bản,context.go,AppRoutePaths.earnStaking,/earn/staking,StakingEarnPage (/earn/staking),
earn_staking,flutter_app/lib/features/earn_staking/presentation/pages/staking/staking_risk_score_calculator_page.dart,97,staking_risk_score_calculator_page.dart,Thử lại | Đang tải… | Không tải được,context.go,AppRoutePaths.earnStaking,/earn/staking,StakingEarnPage (/earn/staking),
earn_staking,flutter_app/lib/features/earn_staking/presentation/pages/staking/staking_risk_score_calculator_page.dart,123,staking_risk_score_calculator_page.dart,Điểm rủi ro ước tính — không cam kết,context.go,snapshot.backRoute,,,dynamic_route_expression
earn_staking,flutter_app/lib/features/earn_staking/presentation/pages/staking/staking_slashing_history_page.dart,69,staking_slashing_history_page.dart,Đang tải… | Không tải được | Lịch sử slashing và thống kê rủi ro validator,context.go,AppRoutePaths.earnRiskDashboard,/earn/risk-dashboard,StakingRiskDashboardPage (/earn/risk-dashboard),
earn_staking,flutter_app/lib/features/earn_staking/presentation/pages/staking/staking_slashing_history_page.dart,78,staking_slashing_history_page.dart,Thử lại | Đang tải… | Không tải được,context.go,AppRoutePaths.earnRiskDashboard,/earn/risk-dashboard,StakingRiskDashboardPage (/earn/risk-dashboard),
earn_staking,flutter_app/lib/features/earn_staking/presentation/pages/staking/staking_slashing_history_page.dart,102,staking_slashing_history_page.dart,Lịch sử slashing — rủi ro validator,context.go,snapshot.backRoute,,,dynamic_route_expression
earn_staking,flutter_app/lib/features/earn_staking/presentation/pages/staking/staking_social_feed_page.dart,63,staking_social_feed_page.dart,Đang tải… | Không tải được | Bảng tin cộng đồng staking,context.go,AppRoutePaths.earn,/earn,StakingEarnPage (/earn),
earn_staking,flutter_app/lib/features/earn_staking/presentation/pages/staking/staking_social_feed_page.dart,72,staking_social_feed_page.dart,Thử lại | Đang tải… | Không tải được,context.go,AppRoutePaths.earn,/earn,StakingEarnPage (/earn),
earn_staking,flutter_app/lib/features/earn_staking/presentation/pages/staking/staking_social_feed_page.dart,99,staking_social_feed_page.dart,Cộng đồng stake — thông tin tham khảo,context.go,snapshot.backRoute,,,dynamic_route_expression
earn_staking,flutter_app/lib/features/earn_staking/presentation/pages/staking/staking_suitability_assessment_page.dart,106,staking_suitability_assessment_page.dart,Đang tải… | Không tải được | Đánh giá mức độ phù hợp trước khi staking,context.go,AppRoutePaths.earnStaking,/earn/staking,StakingEarnPage (/earn/staking),
earn_staking,flutter_app/lib/features/earn_staking/presentation/pages/staking/staking_suitability_assessment_page.dart,115,staking_suitability_assessment_page.dart,Thử lại | Đang tải… | Không tải được,context.go,AppRoutePaths.earnStaking,/earn/staking,StakingEarnPage (/earn/staking),
earn_staking,flutter_app/lib/features/earn_staking/presentation/pages/staking/staking_suitability_assessment_page.dart,133,staking_suitability_assessment_page.dart,Thử lại | Không tải được | Đánh giá phù hợp trước khi stake,context.go,snapshot.backRoute,,,dynamic_route_expression
earn_staking,flutter_app/lib/features/earn_staking/presentation/pages/staking/staking_tax_guide_page.dart,74,staking_tax_guide_page.dart,Đang tải… | Không tải được | Hướng dẫn thuế cho thu nhập staking,context.go,AppRoutePaths.earnStaking,/earn/staking,StakingEarnPage (/earn/staking),
earn_staking,flutter_app/lib/features/earn_staking/presentation/pages/staking/staking_tax_guide_page.dart,83,staking_tax_guide_page.dart,Thử lại | Đang tải… | Không tải được,context.go,AppRoutePaths.earnStaking,/earn/staking,StakingEarnPage (/earn/staking),
earn_staking,flutter_app/lib/features/earn_staking/presentation/pages/staking/staking_tax_guide_page.dart,107,staking_tax_guide_page.dart,Tham khảo thuế — không phải tư vấn pháp lý,context.go,snapshot.backRoute,,,dynamic_route_expression
earn_staking,flutter_app/lib/features/earn_staking/presentation/pages/staking/staking_terms_page.dart,63,staking_terms_page.dart,Đang tải… | Không tải được | Điều khoản dịch vụ staking,context.go,AppRoutePaths.earnStaking,/earn/staking,StakingEarnPage (/earn/staking),
earn_staking,flutter_app/lib/features/earn_staking/presentation/pages/staking/staking_terms_page.dart,72,staking_terms_page.dart,Thử lại | Đang tải… | Không tải được,context.go,AppRoutePaths.earnStaking,/earn/staking,StakingEarnPage (/earn/staking),
earn_staking,flutter_app/lib/features/earn_staking/presentation/pages/staking/staking_terms_page.dart,95,staking_terms_page.dart,Minh bạch điều khoản — không cam kết lợi nhuận,context.go,snapshot.backRoute,,,dynamic_route_expression
earn_staking,flutter_app/lib/features/earn_staking/presentation/pages/staking/staking_third_party_integrations_page.dart,67,staking_third_party_integrations_page.dart,Đang tải… | Không tải được | Tích hợp bên thứ ba cho dữ liệu staking,context.go,AppRoutePaths.earnStaking,/earn/staking,StakingEarnPage (/earn/staking),
earn_staking,flutter_app/lib/features/earn_staking/presentation/pages/staking/staking_third_party_integrations_page.dart,76,staking_third_party_integrations_page.dart,Thử lại | Đang tải… | Không tải được,context.go,AppRoutePaths.earnStaking,/earn/staking,StakingEarnPage (/earn/staking),
earn_staking,flutter_app/lib/features/earn_staking/presentation/pages/staking/staking_third_party_integrations_page.dart,104,staking_third_party_integrations_page.dart,Tích hợp bên thứ ba — rủi ro tự đánh giá,context.go,snapshot.backRoute,,,dynamic_route_expression
earn_staking,flutter_app/lib/features/earn_staking/presentation/pages/staking/staking_third_party_integrations_page.dart,344,staking_third_party_integrations_page.dart,,context.go,snapshot.apiDocsRoute,,,dynamic_route_expression
earn_staking,flutter_app/lib/features/earn_staking/presentation/pages/staking/staking_transaction_reporting_page.dart,96,staking_transaction_reporting_page.dart,Đang tải… | Không tải được | Báo cáo giao dịch staking phục vụ khai thuế,context.go,AppRoutePaths.earnStaking,/earn/staking,StakingEarnPage (/earn/staking),
earn_staking,flutter_app/lib/features/earn_staking/presentation/pages/staking/staking_transaction_reporting_page.dart,105,staking_transaction_reporting_page.dart,Thử lại | Đang tải… | Không tải được,context.go,AppRoutePaths.earnStaking,/earn/staking,StakingEarnPage (/earn/staking),
earn_staking,flutter_app/lib/features/earn_staking/presentation/pages/staking/staking_transaction_reporting_page.dart,131,staking_transaction_reporting_page.dart,Báo cáo giao dịch — tham khảo thuế,context.go,snapshot.backRoute,,,dynamic_route_expression
earn_staking,flutter_app/lib/features/earn_staking/presentation/pages/staking/staking_transaction_reporting_page.dart,212,staking_transaction_reporting_page.dart,,Navigator.of(context).pop,,,,back_or_close_modal
earn_staking,flutter_app/lib/features/earn_staking/presentation/pages/staking/staking_validator_health_monitor_page.dart,65,staking_validator_health_monitor_page.dart,Đang tải… | Không tải được | Giám sát sức khỏe validator staking,context.go,AppRoutePaths.earnStaking,/earn/staking,StakingEarnPage (/earn/staking),
earn_staking,flutter_app/lib/features/earn_staking/presentation/pages/staking/staking_validator_health_monitor_page.dart,74,staking_validator_health_monitor_page.dart,Thử lại | Đang tải… | Không tải được,context.go,AppRoutePaths.earnStaking,/earn/staking,StakingEarnPage (/earn/staking),
earn_staking,flutter_app/lib/features/earn_staking/presentation/pages/staking/staking_validator_health_monitor_page.dart,98,staking_validator_health_monitor_page.dart,Theo dõi sức khỏe validator,context.go,snapshot.backRoute,,,dynamic_route_expression
earn_staking,flutter_app/lib/features/earn_staking/presentation/pages/staking/staking_validator_selection_page.dart,80,staking_validator_selection_page.dart,Đang tải… | Không tải được | Chọn validator cho staking,context.go,AppRoutePaths.earnStaking,/earn/staking,StakingEarnPage (/earn/staking),
earn_staking,flutter_app/lib/features/earn_staking/presentation/pages/staking/staking_validator_selection_page.dart,89,staking_validator_selection_page.dart,Thử lại | Đang tải… | Không tải được,context.go,AppRoutePaths.earnStaking,/earn/staking,StakingEarnPage (/earn/staking),
earn_staking,flutter_app/lib/features/earn_staking/presentation/pages/staking/staking_validator_selection_page.dart,114,staking_validator_selection_page.dart,,context.go,snapshot.backRoute,,,dynamic_route_expression
earn_staking,flutter_app/lib/features/earn_staking/presentation/pages/staking/staking_voting_page.dart,69,staking_voting_page.dart,Đang tải… | Không tải được | Bỏ phiếu đề xuất staking,context.go,AppRoutePaths.earnProposals,/earn/proposals,StakingProposalsPage (/earn/proposals),
earn_staking,flutter_app/lib/features/earn_staking/presentation/pages/staking/staking_voting_page.dart,78,staking_voting_page.dart,Thử lại | Đang tải… | Không tải được,context.go,AppRoutePaths.earnProposals,/earn/proposals,StakingProposalsPage (/earn/proposals),
earn_staking,flutter_app/lib/features/earn_staking/presentation/pages/staking/staking_voting_page.dart,96,staking_voting_page.dart,Thử lại | Không tải được | Bỏ phiếu đề xuất stake,context.go,snapshot.backRoute,,,dynamic_route_expression
earn_staking,flutter_app/lib/features/earn_staking/presentation/pages/staking/staking_voting_page.dart,164,staking_voting_page.dart,Đã ghi nhận phiếu bầu,context.go,snapshot.backRoute,,,dynamic_route_expression
earn_staking,flutter_app/lib/features/earn_staking/presentation/pages/staking/staking_webhooks_page.dart,58,staking_webhooks_page.dart,Đang tải… | Không tải được | Quản lý webhook thông báo sự kiện staking,context.go,AppRoutePaths.earn,/earn,StakingEarnPage (/earn),
earn_staking,flutter_app/lib/features/earn_staking/presentation/pages/staking/staking_webhooks_page.dart,67,staking_webhooks_page.dart,Thử lại | Đang tải… | Không tải được,context.go,AppRoutePaths.earn,/earn,StakingEarnPage (/earn),
earn_staking,flutter_app/lib/features/earn_staking/presentation/pages/staking/staking_webhooks_page.dart,90,staking_webhooks_page.dart,Webhook staking — dữ liệu tham khảo,context.go,snapshot.backRoute,,,dynamic_route_expression
earn_staking,flutter_app/lib/features/earn_staking/presentation/pages/staking/staking_webhooks_page.dart,462,staking_webhooks_page.dart,,Navigator.of(context).pop,,,,back_or_close_modal
earn_staking,flutter_app/lib/features/earn_staking/presentation/pages/staking/staking_withdrawal_policy_page.dart,108,staking_withdrawal_policy_page.dart,Đang tải… | Không tải được | Chính sách rút tiền staking,context.go,AppRoutePaths.earnStaking,/earn/staking,StakingEarnPage (/earn/staking),
earn_staking,flutter_app/lib/features/earn_staking/presentation/pages/staking/staking_withdrawal_policy_page.dart,117,staking_withdrawal_policy_page.dart,Thử lại | Đang tải… | Không tải được,context.go,AppRoutePaths.earnStaking,/earn/staking,StakingEarnPage (/earn/staking),
earn_staking,flutter_app/lib/features/earn_staking/presentation/pages/staking/staking_withdrawal_policy_page.dart,142,staking_withdrawal_policy_page.dart,Thời gian rút và phí phạt được liệt kê rõ,context.go,snapshot.backRoute,,,dynamic_route_expression
earn_staking,flutter_app/lib/features/earn_staking/presentation/widgets/staking/staking_advanced_orders_sheet_fields.dart,64,staking_advanced_orders_sheet_fields.dart,Close | Order Type | Create Order,Navigator.of(context).pop,,,,back_or_close_modal
earn_staking,flutter_app/lib/features/earn_staking/presentation/widgets/staking/staking_advanced_orders_sheet_fields.dart,156,staking_advanced_orders_sheet_fields.dart,Create ${_orderTypeLabel(_selected)},Navigator.of(context).pop,,,,back_or_close_modal
earn_staking,flutter_app/lib/features/earn_staking/presentation/widgets/staking/staking_dashboard_actions.dart,33,staking_dashboard_actions.dart,Stake thêm,context.go,snapshot.stakingRoute,,,dynamic_route_expression
earn_staking,flutter_app/lib/features/earn_staking/presentation/widgets/staking/staking_dashboard_actions.dart,43,staking_dashboard_actions.dart,Stake thêm | Phân tích,context.go,snapshot.analyticsRoute,,,dynamic_route_expression
earn_staking,flutter_app/lib/features/earn_staking/presentation/widgets/staking/staking_dashboard_actions.dart,132,staking_dashboard_actions.dart,Xem,context.go,snapshot.calendarRoute,,,dynamic_route_expression
earn_staking,flutter_app/lib/features/earn_staking/presentation/widgets/staking/staking_dashboard_actions.dart,162,staking_dashboard_actions.dart,,context.go,route,,,dynamic_route_expression
earn_staking,flutter_app/lib/features/earn_staking/presentation/widgets/staking/staking_earn_tools.dart,16,staking_earn_tools.dart,Bảng điều khiển,context.go,dashboardRoute,,,dynamic_route_expression
earn_staking,flutter_app/lib/features/earn_staking/presentation/widgets/staking/staking_earn_tools.dart,27,staking_earn_tools.dart,Bảng điều khiển | Tiết kiệm,context.go,savingsRoute,,,dynamic_route_expression
earn_staking,flutter_app/lib/features/earn_staking/presentation/widgets/staking/staking_earn_tools.dart,82,staking_earn_tools.dart,,onNavigate,tool.route,,,dynamic_route_expression
earn_staking,flutter_app/lib/features/earn_staking/presentation/widgets/staking/staking_earn_tools.dart,253,staking_earn_tools.dart,,onNavigate,item.route,,,dynamic_route_expression
earn_staking,flutter_app/lib/features/earn_staking/presentation/widgets/staking/staking_guide_page_sections.dart,311,staking_guide_page_sections.dart,,context.go,snapshot.stakingRoute,,,dynamic_route_expression
earn_staking,flutter_app/lib/features/earn_staking/presentation/widgets/staking/staking_institutional_sheet_painter.dart,60,staking_institutional_sheet_painter.dart,Close | Operation Type,Navigator.of(context).pop,,,,back_or_close_modal
earn_staking,flutter_app/lib/features/earn_staking/presentation/widgets/staking/staking_institutional_sheet_painter.dart,114,staking_institutional_sheet_painter.dart,Submit for Approval,Navigator.of(context).pop,,,,back_or_close_modal
earn_staking,flutter_app/lib/features/earn_staking/presentation/widgets/staking/staking_insurance_sheets.dart,111,staking_insurance_sheets.dart,Chọn plan này,Navigator.of(context).pop,,,,back_or_close_modal
earn_staking,flutter_app/lib/features/earn_staking/presentation/widgets/staking/staking_insurance_sheets.dart,167,staking_insurance_sheets.dart,Số lượng bị mất (USD) | Mô tả chi tiết | Submit Claim,Navigator.of(context).pop,,,,back_or_close_modal
earn_staking,flutter_app/lib/features/earn_staking/presentation/widgets/staking/staking_insurance_sheets.dart,212,staking_insurance_sheets.dart,Close,Navigator.of(context).pop,,,,back_or_close_modal
earn_staking,flutter_app/lib/features/earn_staking/presentation/widgets/staking/staking_liquid_staking_detail_sheet.dart,51,staking_liquid_staking_detail_sheet.dart,Close,Navigator.of(context).pop,,,,back_or_close_modal
earn_staking,flutter_app/lib/features/earn_staking/presentation/widgets/staking/staking_multi_chain_page_common.dart,81,staking_multi_chain_page_common.dart,Manage Position,context.go,dashboardRoute,,,dynamic_route_expression
earn_staking,flutter_app/lib/features/earn_staking/presentation/widgets/staking/staking_proof_of_reserves_verify_sheet.dart,153,staking_proof_of_reserves_verify_sheet.dart,Close,Navigator.of(context).pop,,,,back_or_close_modal
earn_staking,flutter_app/lib/features/earn_staking/presentation/widgets/staking/staking_proof_of_reserves_verify_sheet.dart,271,staking_proof_of_reserves_verify_sheet.dart,Close,Navigator.of(context).pop,,,,back_or_close_modal
earn_staking,flutter_app/lib/features/earn_staking/presentation/widgets/staking/staking_recommendations_overview.dart,131,staking_recommendations_overview.dart,Portfolio Size | Cập nhật Profile,context.go,snapshot.riskAssessmentRoute,,,dynamic_route_expression
earn_staking,flutter_app/lib/features/earn_staking/presentation/widgets/staking/staking_recommendations_sheet.dart,111,staking_recommendations_sheet.dart,Nhược điểm | Phù hợp với | Áp dụng chiến lược này,context.go,stakingRoute,,,dynamic_route_expression
earn_staking,flutter_app/lib/features/earn_staking/presentation/widgets/staking/staking_recommendations_sheet.dart,40,staking_recommendations_sheet.dart,Dong,Navigator.of(context).pop,,,,back_or_close_modal
earn_staking,flutter_app/lib/features/earn_staking/presentation/widgets/staking/staking_recommendations_sheet.dart,110,staking_recommendations_sheet.dart,Nhược điểm | Phù hợp với | Áp dụng chiến lược này,Navigator.of(context).pop,,,,back_or_close_modal
earn_staking,flutter_app/lib/features/earn_staking/presentation/widgets/staking/staking_regulatory_framework_sheet_common.dart,24,staking_regulatory_framework_sheet_common.dart,Close,Navigator.of(context).pop,,,,back_or_close_modal
earn_staking,flutter_app/lib/features/earn_staking/presentation/widgets/staking/staking_regulatory_framework_sheet_common.dart,101,staking_regulatory_framework_sheet_common.dart,Verify on ${license.website},Navigator.of(context).pop,,,,back_or_close_modal
earn_staking,flutter_app/lib/features/earn_staking/presentation/widgets/staking/staking_risk_assessment_page_common.dart,116,staking_risk_assessment_page_common.dart,Lưu ý | Khám phá sản phẩm | Làm lại,context.go,snapshot.stakingRoute,,,dynamic_route_expression
earn_staking,flutter_app/lib/features/earn_staking/presentation/widgets/staking/staking_risk_dashboard_page_sections.dart,126,staking_risk_dashboard_page_sections.dart,,context.go,metric.actionRoute!,,,dynamic_route_expression
earn_staking,flutter_app/lib/features/earn_staking/presentation/widgets/staking/staking_risk_dashboard_page_sections.dart,362,staking_risk_dashboard_page_sections.dart,,context.go,action.route,,,dynamic_route_expression
earn_staking,flutter_app/lib/features/earn_staking/presentation/widgets/staking/staking_risk_score_inputs.dart,187,staking_risk_score_inputs.dart,,Navigator.of(context).pop,,,,back_or_close_modal
earn_staking,flutter_app/lib/features/earn_staking/presentation/widgets/staking/staking_suitability_assessment_page_common.dart,116,staking_suitability_assessment_page_common.dart,Explore Recommended Products | Retake Assessment,context.go,snapshot.stakingRoute,,,dynamic_route_expression
earn_staking,flutter_app/lib/features/earn_staking/presentation/widgets/staking/staking_tax_guide_overview.dart,92,staking_tax_guide_overview.dart,Lịch sử Staking | Xem tất cả giao dịch staking | Báo cáo Thuế | Xuất CSV/PDF cho khai thuế,context.go,snapshot.historyRoute,,,dynamic_route_expression
earn_staking,flutter_app/lib/features/earn_staking/presentation/widgets/staking/staking_tax_guide_overview.dart,100,staking_tax_guide_overview.dart,Lịch sử Staking | Xem tất cả giao dịch staking | Báo cáo Thuế | Xuất CSV/PDF cho khai thuế,context.go,snapshot.taxReportsRoute,,,dynamic_route_expression
earn_staking,flutter_app/lib/features/earn_staking/presentation/widgets/staking/staking_transaction_reporting_sheet_widgets.dart,161,staking_transaction_reporting_sheet_widgets.dart,,Navigator.of(context).pop,,,,back_or_close_modal
earn_staking,flutter_app/lib/features/earn_staking/presentation/widgets/staking/staking_transaction_reporting_sheet_widgets.dart,238,staking_transaction_reporting_sheet_widgets.dart,Close,Navigator.of(context).pop,,,,back_or_close_modal
enterprise_states,flutter_app/lib/features/enterprise_states/presentation/pages/enterprise_states_page.dart,77,enterprise_states_page.dart,02 – Enterprise UI States | UI-only · Không redesign · Match 100% style hiện tại | Thư viện trạng thái giao diện dùng chung,context.go,AppRoutePaths.home,/home,HomeResponsiveEntry (/home),
enterprise_states,flutter_app/lib/features/enterprise_states/presentation/pages/enterprise_states_page.dart,87,enterprise_states_page.dart,Thử lại | 02 – Enterprise UI States | UI-only · Không redesign · Match 100% style hiện tại | Không tải được dữ liệu,context.go,AppRoutePaths.home,/home,HomeResponsiveEntry (/home),
enterprise_states,flutter_app/lib/features/enterprise_states/presentation/pages/enterprise_states_page.dart,102,enterprise_states_page.dart,Thử lại | Không tải được dữ liệu,context.go,snapshot.backRoute,,,dynamic_route_expression
enterprise_states,flutter_app/lib/features/enterprise_states/presentation/pages/enterprise_states_page.dart,142,enterprise_states_page.dart,,context.go,snapshot.marketRoute,,,dynamic_route_expression
enterprise_states,flutter_app/lib/features/enterprise_states/presentation/pages/enterprise_states_page.dart,143,enterprise_states_page.dart,,context.go,snapshot.kycRoute,,,dynamic_route_expression
enterprise_states,flutter_app/lib/features/enterprise_states/presentation/pages/force_update_gate_page.dart,61,force_update_gate_page.dart,Cần cập nhật phiên bản mới,context.go,AppRoutePaths.home,/home,HomeResponsiveEntry (/home),
enterprise_states,flutter_app/lib/features/enterprise_states/presentation/pages/maintenance_gate_page.dart,57,maintenance_gate_page.dart,Hệ thống đang bảo trì,context.go,AppRoutePaths.home,/home,HomeResponsiveEntry (/home),
enterprise_states,flutter_app/lib/features/enterprise_states/presentation/widgets/enterprise_states_references.dart,39,enterprise_states_references.dart,Mở Markets | Preview only | MarketListPage | Loading · Empty · Error · Offline,context.go,snapshot.marketRoute,,,dynamic_route_expression
enterprise_states,flutter_app/lib/features/enterprise_states/presentation/widgets/enterprise_states_references.dart,74,enterprise_states_references.dart,Đăng nhập lại | Đi tới KYC | Session Expired Modal | Phiên đăng nhập đã hết hạn,context.go,snapshot.loginRoute,,,dynamic_route_expression
enterprise_states,flutter_app/lib/features/enterprise_states/presentation/widgets/enterprise_states_references.dart,82,enterprise_states_references.dart,Đăng nhập lại | Đi tới KYC | Thiết lập 2FA | Session Expired Modal,context.go,snapshot.kycRoute,,,dynamic_route_expression
enterprise_states,flutter_app/lib/features/enterprise_states/presentation/widgets/enterprise_states_references.dart,90,enterprise_states_references.dart,Đi tới KYC | Thiết lập 2FA | KYC Gate Panel | Cần KYC để tiếp tục,context.go,snapshot.securityRoute,,,dynamic_route_expression
home,flutter_app/lib/features/home/presentation/pages/phone/home_page_sections.dart,31,home_page_sections.dart,Khám phá thị trường | Vào Arena | Dự đoán & Thách đấu | Thị trường dự đoán,onNavigate,'/markets/predictions',/markets/predictions,PredictionsHomePage (/markets/predictions),
home,flutter_app/lib/features/home/presentation/pages/phone/home_page_sections.dart,49,home_page_sections.dart,"Vào Arena | Arena | Tạo chế độ chơi, mở phòng, dùng điểm Arena",onNavigate,'/arena',/arena,ArenaHomePage (/arena),
home,flutter_app/lib/features/home/presentation/pages/phone/home_page_sections.dart,87,home_page_sections.dart,Hot | Xem tất cả | Thị trường,onNavigate,'/markets',/markets,MarketsResponsiveEntry (/markets),
home,flutter_app/lib/features/home/presentation/pages/phone/home_page_sections.dart,127,home_page_sections.dart,Chưa có cặp nào trong mục này,onNavigate,'/pair/${pairs[i].id}',/pair/${pairs[i].id},PairDetailPage (/pair/:pairId),
home,flutter_app/lib/features/home/presentation/pages/phone/home_page_state.dart,18,home_page_state.dart,,context.push,path,,,dynamic_route_expression
home,flutter_app/lib/features/home/presentation/pages/tablet/home_tablet_page.dart,34,home_tablet_page.dart,,context.push,path,,,dynamic_route_expression
home,flutter_app/lib/features/home/presentation/widgets/phone/home_announcement_banner.dart,87,home_announcement_banner.dart,,onNavigate,routePath,,,dynamic_route_expression
home,flutter_app/lib/features/home/presentation/widgets/phone/home_formatters.dart,24,home_formatters.dart,,onNavigate,action.routePath,,,dynamic_route_expression
home,flutter_app/lib/features/home/presentation/widgets/phone/home_header.dart,26,home_header.dart,Tìm kiếm toàn cục | Thông báo | Tin tức | VitTrade,onNavigate,'/search',/search,UnifiedSearchPage (/search),
home,flutter_app/lib/features/home/presentation/widgets/phone/home_header.dart,32,home_header.dart,Tìm kiếm toàn cục | Thông báo | Tin tức | VitTrade,onNavigate,'/notifications',/notifications,NotificationsPage (/notifications),
home,flutter_app/lib/features/home/presentation/widgets/phone/home_header.dart,37,home_header.dart,Tìm kiếm toàn cục | Thông báo | Tin tức | VitTrade,onNavigate,'/news',/news,NewsPage (/news),
home,flutter_app/lib/features/home/presentation/widgets/phone/home_market_ticker_section.dart,44,home_market_ticker_section.dart,,onNavigate,'/pair/${pair.id}',/pair/${pair.id},PairDetailPage (/pair/:pairId),
home,flutter_app/lib/features/home/presentation/widgets/phone/home_next_action_section.dart,39,home_next_action_section.dart,Tiếp theo,onNavigate,nextAction.routePath,,,dynamic_route_expression
home,flutter_app/lib/features/home/presentation/widgets/phone/home_portfolio_card.dart,210,home_portfolio_card.dart,,onNavigate,'/wallet',/wallet,WalletResponsiveEntry (/wallet),
home,flutter_app/lib/features/home/presentation/widgets/phone/home_portfolio_card.dart,264,home_portfolio_card.dart,Nạp,onNavigate,'/wallet/deposit/USDT',/wallet/deposit/USDT,DepositPage (/wallet/deposit/:asset),
home,flutter_app/lib/features/home/presentation/widgets/phone/home_portfolio_card.dart,276,home_portfolio_card.dart,Nạp | Rút,onNavigate,'/wallet/withdraw/USDT',/wallet/withdraw/USDT,WithdrawPage (/wallet/withdraw/:asset),
home,flutter_app/lib/features/home/presentation/widgets/phone/home_portfolio_card.dart,288,home_portfolio_card.dart,Rút | Ví,onNavigate,'/wallet',/wallet,WalletResponsiveEntry (/wallet),
home,flutter_app/lib/features/home/presentation/widgets/phone/home_portfolio_card.dart,345,home_portfolio_card.dart,Nạp ngay,onNavigate,'/wallet/deposit/USDT',/wallet/deposit/USDT,DepositPage (/wallet/deposit/:asset),
home,flutter_app/lib/features/home/presentation/widgets/phone/home_portfolio_card.dart,355,home_portfolio_card.dart,Nạp ngay | Xem thị trường,onNavigate,'/markets',/markets,MarketsResponsiveEntry (/markets),
home,flutter_app/lib/features/home/presentation/widgets/phone/home_recent_products_section.dart,45,home_recent_products_section.dart,Khám phá thị trường | Gần đây | Chưa có hoạt động gần đây,onNavigate,'/markets',/markets,MarketsResponsiveEntry (/markets),
home,flutter_app/lib/features/home/presentation/widgets/phone/home_recent_products_section.dart,60,home_recent_products_section.dart,Khám phá thị trường,onNavigate,product.routePath,,,dynamic_route_expression
home,flutter_app/lib/features/home/presentation/widgets/tablet/home_announcement_banner.dart,86,home_announcement_banner.dart,,onNavigate,routePath,,,dynamic_route_expression
home,flutter_app/lib/features/home/presentation/widgets/tablet/home_discovery_panel.dart,39,home_discovery_panel.dart,Khám phá thị trường | Vào Arena | Dự đoán & Thách đấu | Thị trường dự đoán,onNavigate,'/markets/predictions',/markets/predictions,PredictionsHomePage (/markets/predictions),
home,flutter_app/lib/features/home/presentation/widgets/tablet/home_discovery_panel.dart,57,home_discovery_panel.dart,"Vào Arena | Arena | Tạo chế độ chơi, mở phòng, dùng điểm Arena",onNavigate,'/arena',/arena,ArenaHomePage (/arena),
home,flutter_app/lib/features/home/presentation/widgets/tablet/home_formatters.dart,23,home_formatters.dart,,onNavigate,action.routePath,,,dynamic_route_expression
home,flutter_app/lib/features/home/presentation/widgets/tablet/home_header.dart,25,home_header.dart,Tìm kiếm toàn cục | Thông báo | Tin tức | VitTrade,onNavigate,'/search',/search,UnifiedSearchPage (/search),
home,flutter_app/lib/features/home/presentation/widgets/tablet/home_header.dart,31,home_header.dart,Tìm kiếm toàn cục | Thông báo | Tin tức | VitTrade,onNavigate,'/notifications',/notifications,NotificationsPage (/notifications),
home,flutter_app/lib/features/home/presentation/widgets/tablet/home_header.dart,36,home_header.dart,Tìm kiếm toàn cục | Thông báo | Tin tức | VitTrade,onNavigate,'/news',/news,NewsPage (/news),
home,flutter_app/lib/features/home/presentation/widgets/tablet/home_market_ticker_section.dart,43,home_market_ticker_section.dart,,onNavigate,'/pair/${pair.id}',/pair/${pair.id},PairDetailPage (/pair/:pairId),
home,flutter_app/lib/features/home/presentation/widgets/tablet/home_market_watchlist_panel.dart,38,home_market_watchlist_panel.dart,Hot | Xem tất cả | Thị trường,onNavigate,'/markets',/markets,MarketsResponsiveEntry (/markets),
home,flutter_app/lib/features/home/presentation/widgets/tablet/home_market_watchlist_panel.dart,77,home_market_watchlist_panel.dart,Chưa có cặp nào trong mục này,onNavigate,'/pair/${pairs[i].id}',/pair/${pairs[i].id},PairDetailPage (/pair/:pairId),
home,flutter_app/lib/features/home/presentation/widgets/tablet/home_next_action_section.dart,38,home_next_action_section.dart,Tiếp theo,onNavigate,nextAction.routePath,,,dynamic_route_expression
home,flutter_app/lib/features/home/presentation/widgets/tablet/home_portfolio_card.dart,209,home_portfolio_card.dart,,onNavigate,'/wallet',/wallet,WalletResponsiveEntry (/wallet),
home,flutter_app/lib/features/home/presentation/widgets/tablet/home_portfolio_card.dart,263,home_portfolio_card.dart,Nạp,onNavigate,'/wallet/deposit/USDT',/wallet/deposit/USDT,DepositPage (/wallet/deposit/:asset),
home,flutter_app/lib/features/home/presentation/widgets/tablet/home_portfolio_card.dart,275,home_portfolio_card.dart,Nạp | Rút,onNavigate,'/wallet/withdraw/USDT',/wallet/withdraw/USDT,WithdrawPage (/wallet/withdraw/:asset),
home,flutter_app/lib/features/home/presentation/widgets/tablet/home_portfolio_card.dart,287,home_portfolio_card.dart,Rút | Ví,onNavigate,'/wallet',/wallet,WalletResponsiveEntry (/wallet),
home,flutter_app/lib/features/home/presentation/widgets/tablet/home_portfolio_card.dart,344,home_portfolio_card.dart,Nạp ngay,onNavigate,'/wallet/deposit/USDT',/wallet/deposit/USDT,DepositPage (/wallet/deposit/:asset),
home,flutter_app/lib/features/home/presentation/widgets/tablet/home_portfolio_card.dart,354,home_portfolio_card.dart,Nạp ngay | Xem thị trường,onNavigate,'/markets',/markets,MarketsResponsiveEntry (/markets),
home,flutter_app/lib/features/home/presentation/widgets/tablet/home_recent_products_section.dart,44,home_recent_products_section.dart,Khám phá thị trường | Gần đây | Chưa có hoạt động gần đây,onNavigate,'/markets',/markets,MarketsResponsiveEntry (/markets),
home,flutter_app/lib/features/home/presentation/widgets/tablet/home_recent_products_section.dart,59,home_recent_products_section.dart,Khám phá thị trường,onNavigate,product.routePath,,,dynamic_route_expression
launchpad,flutter_app/lib/features/launchpad/presentation/pages/bridge/launchpad_bridge_compare_page.dart,94,launchpad_bridge_compare_page.dart,So sánh routes | So sánh route bridge trước khi chuyển | So sánh route bridge – vùng cuộn nội dung,context.go,AppRoutePaths.launchpad,/launchpad,LaunchpadPage (/launchpad),
launchpad,flutter_app/lib/features/launchpad/presentation/pages/bridge/launchpad_bridge_compare_page.dart,109,launchpad_bridge_compare_page.dart,Thử lại | So sánh routes | Không tải được dữ liệu | So sánh route bridge – vùng cuộn nội dung,context.go,AppRoutePaths.launchpad,/launchpad,LaunchpadPage (/launchpad),
launchpad,flutter_app/lib/features/launchpad/presentation/pages/bridge/launchpad_bridge_compare_page.dart,144,launchpad_bridge_compare_page.dart,So sánh route bridge · Xác nhận trước khi chuyển | So sánh route bridge – vùng cuộn nội dung,context.go,snapshot.backRoute,,,dynamic_route_expression
launchpad,flutter_app/lib/features/launchpad/presentation/pages/bridge/launchpad_bridge_compare_page.dart,287,launchpad_bridge_compare_page.dart,Price impact | Tổng phí | Security,context.go,snapshot.bridgeOrderRoute,,,dynamic_route_expression
launchpad,flutter_app/lib/features/launchpad/presentation/pages/bridge/launchpad_bridge_order_page.dart,84,launchpad_bridge_order_page.dart,Chi tiet Bridge | Theo dõi trạng thái đơn bridge | Đơn bridge – vùng cuộn nội dung,context.go,AppRoutePaths.launchpadIdoBridgeSample,/launchpad/idobridge/sample,LaunchpadIdoBridgePage (/launchpad/idobridge/sample),
launchpad,flutter_app/lib/features/launchpad/presentation/pages/bridge/launchpad_bridge_order_page.dart,102,launchpad_bridge_order_page.dart,Thử lại | Chi tiet Bridge | Không tải được dữ liệu | Theo dõi trạng thái đơn bridge,context.go,AppRoutePaths.launchpadIdoBridgeSample,/launchpad/idobridge/sample,LaunchpadIdoBridgePage (/launchpad/idobridge/sample),
launchpad,flutter_app/lib/features/launchpad/presentation/pages/bridge/launchpad_bridge_order_page.dart,129,launchpad_bridge_order_page.dart,${snapshot.order.sourceChain} → ${snapshot.order.targetChain} | Theo dõi trạng thái đơn bridge | Đơn bridge – vùng cuộn nội dung,context.go,snapshot.backRoute,,,dynamic_route_expression
launchpad,flutter_app/lib/features/launchpad/presentation/pages/bridge/launchpad_ido_bridge_page.dart,64,launchpad_ido_bridge_page.dart,IDO Bridge | Bridge token để tham gia IDO | Bridge token IDO – vùng cuộn nội dung,context.go,AppRoutePaths.launchpad,/launchpad,LaunchpadPage (/launchpad),
launchpad,flutter_app/lib/features/launchpad/presentation/pages/bridge/launchpad_ido_bridge_page.dart,83,launchpad_ido_bridge_page.dart,Thử lại | IDO Bridge | Không tải được dữ liệu | Bridge token để tham gia IDO,context.go,AppRoutePaths.launchpad,/launchpad,LaunchpadPage (/launchpad),
launchpad,flutter_app/lib/features/launchpad/presentation/pages/bridge/launchpad_ido_bridge_page.dart,111,launchpad_ido_bridge_page.dart,Bridge token để tham gia IDO | Bridge token IDO – vùng cuộn nội dung,context.go,snapshot.backRoute,,,dynamic_route_expression
launchpad,flutter_app/lib/features/launchpad/presentation/pages/bridge/launchpad_ido_bridge_page.dart,195,launchpad_ido_bridge_page.dart,So sánh routes | Theo dõi đơn bridge,context.go,snapshot.bridgeCompareRoute,,,dynamic_route_expression
launchpad,flutter_app/lib/features/launchpad/presentation/pages/bridge/launchpad_ido_bridge_page.dart,202,launchpad_ido_bridge_page.dart,So sánh routes | Theo dõi đơn bridge,context.go,snapshot.bridgeOrderRoute,,,dynamic_route_expression
launchpad,flutter_app/lib/features/launchpad/presentation/pages/bridge/launchpad_swap_aggregator_page.dart,119,launchpad_swap_aggregator_page.dart,Swap Aggregator | So sánh giá swap trên nhiều DEX | So sánh giá swap – vùng cuộn nội dung,context.go,AppRoutePaths.launchpad,/launchpad,LaunchpadPage (/launchpad),
launchpad,flutter_app/lib/features/launchpad/presentation/pages/bridge/launchpad_swap_aggregator_page.dart,134,launchpad_swap_aggregator_page.dart,Thử lại | Swap Aggregator | Không tải được dữ liệu | So sánh giá swap – vùng cuộn nội dung,context.go,AppRoutePaths.launchpad,/launchpad,LaunchpadPage (/launchpad),
launchpad,flutter_app/lib/features/launchpad/presentation/pages/bridge/launchpad_swap_aggregator_page.dart,168,launchpad_swap_aggregator_page.dart,So sánh swap · Xác nhận route trước khi đổi | So sánh giá swap – vùng cuộn nội dung,context.go,snapshot.backRoute,,,dynamic_route_expression
launchpad,flutter_app/lib/features/launchpad/presentation/pages/claim/launchpad_batch_claim_page.dart,86,launchpad_batch_claim_page.dart,Nhận hàng loạt | Nhận thưởng hàng loạt Launchpad | Nhận thưởng hàng loạt – vùng cuộn nội dung,context.go,AppRoutePaths.launchpadStaking,/launchpad/staking,LaunchpadStakingPage (/launchpad/staking),
launchpad,flutter_app/lib/features/launchpad/presentation/pages/claim/launchpad_batch_claim_page.dart,101,launchpad_batch_claim_page.dart,Thử lại | Nhận hàng loạt | Không tải được dữ liệu | Nhận thưởng hàng loạt – vùng cuộn nội dung,context.go,AppRoutePaths.launchpadStaking,/launchpad/staking,LaunchpadStakingPage (/launchpad/staking),
launchpad,flutter_app/lib/features/launchpad/presentation/pages/claim/launchpad_batch_claim_page.dart,137,launchpad_batch_claim_page.dart,Nhận thưởng hàng loạt – vùng cuộn nội dung,context.go,snapshot.backRoute,,,dynamic_route_expression
launchpad,flutter_app/lib/features/launchpad/presentation/pages/claim/launchpad_batch_claim_page.dart,170,launchpad_batch_claim_page.dart,,context.go,snapshot.claimReceiptRoute,,,dynamic_route_expression
launchpad,flutter_app/lib/features/launchpad/presentation/pages/claim/launchpad_batch_claim_page.dart,251,launchpad_batch_claim_page.dart,Nhận hàng loạt thành công!,context.go,snapshot.backRoute,,,dynamic_route_expression
launchpad,flutter_app/lib/features/launchpad/presentation/pages/hub/launchpad_contract_page.dart,64,launchpad_contract_page.dart,Contract | Xem trước hợp đồng dự án Launchpad | Xem trước hợp đồng – vùng cuộn nội dung,context.go,AppRoutePaths.launchpad,/launchpad,LaunchpadPage (/launchpad),
launchpad,flutter_app/lib/features/launchpad/presentation/pages/hub/launchpad_contract_page.dart,83,launchpad_contract_page.dart,Thử lại | Contract | Không tải được dữ liệu | Xem trước hợp đồng dự án Launchpad,context.go,AppRoutePaths.launchpad,/launchpad,LaunchpadPage (/launchpad),
launchpad,flutter_app/lib/features/launchpad/presentation/pages/hub/launchpad_contract_page.dart,111,launchpad_contract_page.dart,Xem trước hợp đồng dự án Launchpad | Xem trước hợp đồng – vùng cuộn nội dung,context.go,snapshot.backRoute,,,dynamic_route_expression
launchpad,flutter_app/lib/features/launchpad/presentation/pages/hub/launchpad_contract_page.dart,203,launchpad_contract_page.dart,ABI Diff,context.go,snapshot.abiDiffRoute,,,dynamic_route_expression
launchpad,flutter_app/lib/features/launchpad/presentation/pages/hub/launchpad_detail_page.dart,64,launchpad_detail_page.dart,Launchpad | Chi tiết dự án Launchpad | Chi tiết dự án – vùng cuộn nội dung,context.go,AppRoutePaths.launchpad,/launchpad,LaunchpadPage (/launchpad),
launchpad,flutter_app/lib/features/launchpad/presentation/pages/hub/launchpad_detail_page.dart,83,launchpad_detail_page.dart,Thử lại | Launchpad | Không tải được dữ liệu | Chi tiết dự án Launchpad,context.go,AppRoutePaths.launchpad,/launchpad,LaunchpadPage (/launchpad),
launchpad,flutter_app/lib/features/launchpad/presentation/pages/hub/launchpad_detail_page.dart,111,launchpad_detail_page.dart,Chi tiết dự án Launchpad | Chi tiết dự án – vùng cuộn nội dung,context.go,snapshot.backRoute,,,dynamic_route_expression
launchpad,flutter_app/lib/features/launchpad/presentation/pages/hub/launchpad_detail_page.dart,332,launchpad_detail_page.dart,Mở staking Launchpad,context.go,snapshot.stakingRoute,,,dynamic_route_expression
launchpad,flutter_app/lib/features/launchpad/presentation/pages/hub/launchpad_page.dart,99,launchpad_page.dart,Bộ lọc | Launchpad | Dự án mới · Token Launch | Trung tâm dự án Launchpad,context.go,AppRoutePaths.home,/home,HomeResponsiveEntry (/home),
launchpad,flutter_app/lib/features/launchpad/presentation/pages/hub/launchpad_page.dart,114,launchpad_page.dart,Bộ lọc | Hiệu suất | Portfolio | Dự án mới · Token Launch,context.go,AppRoutePaths.launchpadPerformance,/launchpad/performance,LaunchpadPerformancePage (/launchpad/performance),
launchpad,flutter_app/lib/features/launchpad/presentation/pages/hub/launchpad_page.dart,120,launchpad_page.dart,Bộ lọc | Hiệu suất | Portfolio,context.go,AppRoutePaths.launchpadPortfolio,/launchpad/portfolio,LaunchpadPortfolioPage (/launchpad/portfolio),
launchpad,flutter_app/lib/features/launchpad/presentation/pages/hub/launchpad_performance_page.dart,104,launchpad_performance_page.dart,Hiệu suất Launchpad | Lịch sử · Thống kê | Hiệu suất lịch sử các dự án Launchpad | Hiệu suất Launchpad – vùng cuộn nội dung,context.go,AppRoutePaths.launchpad,/launchpad,LaunchpadPage (/launchpad),
launchpad,flutter_app/lib/features/launchpad/presentation/pages/hub/launchpad_portfolio_page.dart,85,launchpad_portfolio_page.dart,Danh mục Launchpad | Các dự án đã tham gia | Danh mục dự án Launchpad đã tham gia | Danh mục dự án Launchpad – vùng cuộn nội dung,context.go,AppRoutePaths.launchpad,/launchpad,LaunchpadPage (/launchpad),
launchpad,flutter_app/lib/features/launchpad/presentation/pages/hub/launchpad_receipt_page.dart,72,launchpad_receipt_page.dart,Biên lai | Biên lai đăng ký tham gia IDO | Biên lai đăng ký – vùng cuộn nội dung,context.go,AppRoutePaths.launchpadPortfolio,/launchpad/portfolio,LaunchpadPortfolioPage (/launchpad/portfolio),
launchpad,flutter_app/lib/features/launchpad/presentation/pages/hub/launchpad_receipt_page.dart,90,launchpad_receipt_page.dart,Thử lại | Biên lai | Không tải được dữ liệu | Biên lai đăng ký tham gia IDO,context.go,AppRoutePaths.launchpadPortfolio,/launchpad/portfolio,LaunchpadPortfolioPage (/launchpad/portfolio),
launchpad,flutter_app/lib/features/launchpad/presentation/pages/hub/launchpad_receipt_page.dart,118,launchpad_receipt_page.dart,Biên lai đăng ký tham gia IDO | Biên lai đăng ký – vùng cuộn nội dung,context.go,snapshot.backRoute,,,dynamic_route_expression
launchpad,flutter_app/lib/features/launchpad/presentation/pages/tools/launchpad_abi_diff_page.dart,95,launchpad_abi_diff_page.dart,ABI Diff | So sánh ABI contract · Xem trước thay đổi | So sánh thay đổi ABI hợp đồng thông minh,context.go,AppRoutePaths.launchpad,/launchpad,LaunchpadPage (/launchpad),
launchpad,flutter_app/lib/features/launchpad/presentation/pages/tools/launchpad_address_book_page.dart,104,launchpad_address_book_page.dart,So dia chi | Sổ địa chỉ tin cậy · Xác minh trước khi gửi | Sổ địa chỉ ví đáng tin cậy trong Launchpad,context.go,AppRoutePaths.launchpad,/launchpad,LaunchpadPage (/launchpad),
launchpad,flutter_app/lib/features/launchpad/presentation/pages/tools/launchpad_dca_builder_page.dart,115,launchpad_dca_builder_page.dart,DCA Builder | Chiến lược DCA · Không cam kết lợi nhuận | Xây dựng chiến lược đầu tư định kỳ DCA,context.go,AppRoutePaths.launchpad,/launchpad,LaunchpadPage (/launchpad),
launchpad,flutter_app/lib/features/launchpad/presentation/pages/tools/launchpad_event_log_page.dart,107,launchpad_event_log_page.dart,Event Log | Nhật ký sự kiện trên chuỗi của Launchpad,context.go,AppRoutePaths.launchpad,/launchpad,LaunchpadPage (/launchpad),
launchpad,flutter_app/lib/features/launchpad/presentation/pages/tools/launchpad_event_log_page.dart,122,launchpad_event_log_page.dart,Thử lại | Event Log | Không tải được dữ liệu | Nhật ký sự kiện trên chuỗi của Launchpad,context.go,AppRoutePaths.launchpad,/launchpad,LaunchpadPage (/launchpad),
launchpad,flutter_app/lib/features/launchpad/presentation/pages/tools/launchpad_event_log_page.dart,153,launchpad_event_log_page.dart,Nhật ký sự kiện on-chain · Tham khảo rủi ro | Nhật ký sự kiện trên chuỗi của Launchpad,context.go,snapshot.backRoute,,,dynamic_route_expression
launchpad,flutter_app/lib/features/launchpad/presentation/pages/tools/launchpad_gas_tracker_page.dart,112,launchpad_gas_tracker_page.dart,Gas Tracker | Theo dõi phí gas trên nhiều chuỗi,context.go,AppRoutePaths.launchpad,/launchpad,LaunchpadPage (/launchpad),
launchpad,flutter_app/lib/features/launchpad/presentation/pages/tools/launchpad_gas_tracker_page.dart,127,launchpad_gas_tracker_page.dart,Thử lại | Gas Tracker | Không tải được dữ liệu | Theo dõi phí gas trên nhiều chuỗi,context.go,AppRoutePaths.launchpad,/launchpad,LaunchpadPage (/launchpad),
launchpad,flutter_app/lib/features/launchpad/presentation/pages/tools/launchpad_gas_tracker_page.dart,161,launchpad_gas_tracker_page.dart,Theo dõi phí gas · Lập kế hoạch giao dịch | Theo dõi phí gas trên nhiều chuỗi,context.go,snapshot.backRoute,,,dynamic_route_expression
launchpad,flutter_app/lib/features/launchpad/presentation/pages/tools/launchpad_limit_orders_page.dart,131,launchpad_limit_orders_page.dart,Limit Orders | Lệnh giới hạn · Xem trước trước khi đặt | Quản lý lệnh giới hạn giao dịch token,context.go,AppRoutePaths.launchpad,/launchpad,LaunchpadPage (/launchpad),
launchpad,flutter_app/lib/features/launchpad/presentation/pages/tools/launchpad_multisig_page.dart,106,launchpad_multisig_page.dart,Multi-sig | Quản lý giao dịch đa chữ ký multisig,context.go,AppRoutePaths.launchpad,/launchpad,LaunchpadPage (/launchpad),
launchpad,flutter_app/lib/features/launchpad/presentation/pages/tools/launchpad_multisig_page.dart,121,launchpad_multisig_page.dart,Thử lại | Multi-sig | Không tải được dữ liệu | Quản lý giao dịch đa chữ ký multisig,context.go,AppRoutePaths.launchpad,/launchpad,LaunchpadPage (/launchpad),
launchpad,flutter_app/lib/features/launchpad/presentation/pages/tools/launchpad_multisig_page.dart,163,launchpad_multisig_page.dart,Hàng đợi multisig · Xác nhận đa chữ ký | Quản lý giao dịch đa chữ ký multisig,context.go,snapshot.backRoute,,,dynamic_route_expression
launchpad,flutter_app/lib/features/launchpad/presentation/pages/tools/launchpad_notif_sound_page.dart,99,launchpad_notif_sound_page.dart,Âm thanh thông báo | Cài đặt thông báo · Không ảnh hưởng tham gia IDO | Cài đặt âm thanh và thông báo Launchpad,context.go,AppRoutePaths.launchpad,/launchpad,LaunchpadPage (/launchpad),
launchpad,flutter_app/lib/features/launchpad/presentation/pages/tools/launchpad_rebalance_page.dart,97,launchpad_rebalance_page.dart,Rebalance | Cân bằng lại danh mục đầu tư,context.go,AppRoutePaths.launchpad,/launchpad,LaunchpadPage (/launchpad),
launchpad,flutter_app/lib/features/launchpad/presentation/pages/tools/launchpad_rebalance_page.dart,112,launchpad_rebalance_page.dart,Thử lại | Rebalance | Không tải được dữ liệu | Cân bằng lại danh mục đầu tư,context.go,AppRoutePaths.launchpad,/launchpad,LaunchpadPage (/launchpad),
launchpad,flutter_app/lib/features/launchpad/presentation/pages/tools/launchpad_rebalance_page.dart,159,launchpad_rebalance_page.dart,Cân bằng danh mục · Xem trước trước khi thực hiện | Cân bằng lại danh mục đầu tư,context.go,snapshot.backRoute,,,dynamic_route_expression
launchpad,flutter_app/lib/features/launchpad/presentation/pages/tools/launchpad_risk_analytics_page.dart,83,launchpad_risk_analytics_page.dart,"Risk Analytics | Phân tích rủi ro · Tham khảo, không phải lời khuyên | Phân tích rủi ro dự án Launchpad",context.go,AppRoutePaths.launchpad,/launchpad,LaunchpadPage (/launchpad),
launchpad,flutter_app/lib/features/launchpad/presentation/pages/tools/launchpad_staking_page.dart,92,launchpad_staking_page.dart,Launchpool Staking | Stake token · Nhận phần thưởng | Stake token Launchpool và nhận phần thưởng,context.go,AppRoutePaths.launchpad,/launchpad,LaunchpadPage (/launchpad),
launchpad,flutter_app/lib/features/launchpad/presentation/pages/tools/launchpad_webhooks_page.dart,153,launchpad_webhooks_page.dart,Webhooks | Quản lý webhook tích hợp cho nhà phát triển,context.go,AppRoutePaths.launchpad,/launchpad,LaunchpadPage (/launchpad),
launchpad,flutter_app/lib/features/launchpad/presentation/pages/tools/launchpad_webhooks_page.dart,167,launchpad_webhooks_page.dart,Thử lại | Webhooks | Không tải được dữ liệu | Quản lý webhook tích hợp cho nhà phát triển,context.go,AppRoutePaths.launchpad,/launchpad,LaunchpadPage (/launchpad),
launchpad,flutter_app/lib/features/launchpad/presentation/pages/tools/launchpad_webhooks_page.dart,200,launchpad_webhooks_page.dart,Webhook tích hợp · Chỉ dùng cho developer | Quản lý webhook tích hợp cho nhà phát triển,context.go,snapshot.backRoute,,,dynamic_route_expression
launchpad,flutter_app/lib/features/launchpad/presentation/widgets/bridge/launchpad_bridge_order_details.dart,156,launchpad_bridge_order_details.dart,,context.go,supportRoute,,,dynamic_route_expression
launchpad,flutter_app/lib/features/launchpad/presentation/widgets/bridge/launchpad_bridge_order_details.dart,192,launchpad_bridge_order_details.dart,Hỗ trợ,context.go,supportRoute,,,dynamic_route_expression
launchpad,flutter_app/lib/features/launchpad/presentation/widgets/hub/launchpad_home_project_widgets.dart,270,launchpad_home_project_widgets.dart,,context.go,AppRoutePaths.launchpadSample,/launchpad/sample,LaunchpadDetailPage (/launchpad/sample),
launchpad,flutter_app/lib/features/launchpad/presentation/widgets/hub/launchpad_home_tool_widgets.dart,14,launchpad_home_tool_widgets.dart,,context.go,route,,,dynamic_route_expression
launchpad,flutter_app/lib/features/launchpad/presentation/widgets/hub/launchpad_home_tool_widgets.dart,103,launchpad_home_tool_widgets.dart,,context.go,tool.route,,,dynamic_route_expression
launchpad,flutter_app/lib/features/launchpad/presentation/widgets/hub/launchpad_portfolio_empty_disclaimer_common.dart,23,launchpad_portfolio_empty_disclaimer_common.dart,,context.go,route,,,dynamic_route_expression
launchpad,flutter_app/lib/features/launchpad/presentation/widgets/hub/launchpad_portfolio_subscription.dart,26,launchpad_portfolio_subscription.dart,,context.go,receiptRoute,,,dynamic_route_expression
launchpad,flutter_app/lib/features/launchpad/presentation/widgets/hub/launchpad_receipt_states_success.dart,42,launchpad_receipt_states_success.dart,Đã rà soát biên lai | Xem danh mục | Quay lại Launchpad,context.go,snapshot.portfolioRoute,,,dynamic_route_expression
launchpad,flutter_app/lib/features/launchpad/presentation/widgets/hub/launchpad_receipt_states_success.dart,50,launchpad_receipt_states_success.dart,Xem danh mục | Quay lại Launchpad,context.go,snapshot.launchpadRoute,,,dynamic_route_expression
launchpad,flutter_app/lib/features/launchpad/presentation/widgets/tools/launchpad_staking_pool_card.dart,35,launchpad_staking_pool_card.dart,,context.go,detailRoute,,,dynamic_route_expression
launchpad,flutter_app/lib/features/launchpad/presentation/widgets/tools/launchpad_staking_positions.dart,43,launchpad_staking_positions.dart,,context.go,snapshot.batchClaimRoute,,,dynamic_route_expression
launchpad,flutter_app/lib/features/launchpad/presentation/widgets/tools/launchpad_staking_positions.dart,239,launchpad_staking_positions.dart,Nhận thưởng,context.go,claimReceiptRoute,,,dynamic_route_expression
markets,flutter_app/lib/features/markets/presentation/pages/hub/market_overview_page_history_tools_widgets.dart,196,market_overview_page_history_tools_widgets.dart,,context.go,route,,,dynamic_route_expression
markets,flutter_app/lib/features/markets/presentation/pages/hub/market_overview_page_movers_sectors_widgets.dart,130,market_overview_page_movers_sectors_widgets.dart,,context.go,route,,,dynamic_route_expression
markets,flutter_app/lib/features/markets/presentation/pages/hub/market_overview_page_movers_sectors_widgets.dart,220,market_overview_page_movers_sectors_widgets.dart,,context.go,AppRoutePaths.marketsMovers,/markets/movers,MarketMoversPage (/markets/movers),
markets,flutter_app/lib/features/markets/presentation/pages/hub/market_overview_page_movers_sectors_widgets.dart,357,market_overview_page_movers_sectors_widgets.dart,Hiệu suất ngành,context.go,'${AppRoutePaths.marketsSectors}?id=${sector.id}',/markets/sectors?id=${sector.id},MarketSectorsPage (/markets/sectors),
markets,flutter_app/lib/features/markets/presentation/pages/hub/market_overview_page_movers_sectors_widgets.dart,365,market_overview_page_movers_sectors_widgets.dart,,context.go,AppRoutePaths.marketsSectors,/markets/sectors,MarketSectorsPage (/markets/sectors),
markets,flutter_app/lib/features/markets/presentation/pages/hub/watchlist_page.dart,170,watchlist_page.dart,Danh sách theo dõi | Theo dõi cặp yêu thích · Cập nhật ${snapshot.lastUpdatedLabel},context.go,AppRoutePaths.markets,/markets,MarketsResponsiveEntry (/markets),
markets,flutter_app/lib/features/markets/presentation/pages/hub/watchlist_page.dart,180,watchlist_page.dart,Danh sách theo dõi | Theo dõi cặp yêu thích · Cập nhật ${snapshot.lastUpdatedLabel},context.go,AppRoutePaths.markets,/markets,MarketsResponsiveEntry (/markets),
markets,flutter_app/lib/features/markets/presentation/pages/hub/watchlist_page.dart,212,watchlist_page.dart,Thử lại | Không tải được danh sách theo dõi,context.go,AppRoutePaths.markets,/markets,MarketsResponsiveEntry (/markets),
markets,flutter_app/lib/features/markets/presentation/pages/hub/watchlist_page.dart,219,watchlist_page.dart,,context.go,"AppRoutePaths.pairDetail( items[i].pair.id, )",/pair/<items[i].pair.id>,PairDetailPage (/pair/:pairId),
markets,flutter_app/lib/features/markets/presentation/pages/hub/watchlist_page.dart,224,watchlist_page.dart,,context.go,"AppRoutePaths.tradePair( items[i].pair.id, )",/trade/<items[i].pair.id>,TradePage (/trade/:pairId),
markets,flutter_app/lib/features/markets/presentation/pages/hub/watchlist_page.dart,110,watchlist_page.dart,Hủy | Ghi chú danh mục theo dõi,Navigator.of(context).pop,,,,back_or_close_modal
markets,flutter_app/lib/features/markets/presentation/pages/hub/watchlist_page.dart,121,watchlist_page.dart,Hủy | Lưu | Ghi chú danh mục theo dõi,Navigator.of(context).pop,controller.text,,,back_or_close_modal
markets,flutter_app/lib/features/markets/presentation/pages/pair/market_heatmap_page.dart,66,market_heatmap_page.dart,Bản đồ thị trường | Quét biến động · Markets,context.go,AppRoutePaths.markets,/markets,MarketsResponsiveEntry (/markets),
markets,flutter_app/lib/features/markets/presentation/pages/pair/market_heatmap_page.dart,155,market_heatmap_page.dart,,context.go,"AppRoutePaths.pairDetail( '${selectedCoin.id}usdt', )",/pair/${selectedCoin.id}usdt,PairDetailPage (/pair/:pairId),
markets,flutter_app/lib/features/markets/presentation/pages/pair/pair_detail_page.dart,125,pair_detail_page.dart,Chi tiết cặp giao dịch,context.go,AppRoutePaths.markets,/markets,MarketsResponsiveEntry (/markets),
markets,flutter_app/lib/features/markets/presentation/pages/pair/pair_detail_page.dart,165,pair_detail_page.dart,,context.go,AppRoutePaths.tradeAdvancedChart(pair.id),/trade/advanced-chart/<pair.id>,AdvancedChartPage (/trade/advanced-chart/:pairId),
markets,flutter_app/lib/features/markets/presentation/pages/pair/pair_detail_page.dart,187,pair_detail_page.dart,Mua định kỳ BTC | Tự động mua theo lịch · Giảm rủi ro biến động | Thông tin ${pair.baseAsset} | Tokenomics · On-chain · Dự án,context.go,AppRoutePaths.dca,/dca,DCAPage (/dca),
markets,flutter_app/lib/features/markets/presentation/pages/pair/pair_detail_page.dart,196,pair_detail_page.dart,Mua định kỳ BTC | Tự động mua theo lịch · Giảm rủi ro biến động | Thông tin ${pair.baseAsset} | Tokenomics · On-chain · Dự án,context.go,AppRoutePaths.pairInfo(pair.id),/pair/<pair.id>/info,TokenInfoPage (/pair/:pairId/info),
markets,flutter_app/lib/features/markets/presentation/pages/pair/pair_detail_page.dart,206,pair_detail_page.dart,Thông tin ${pair.baseAsset} | Tokenomics · On-chain · Dự án | Độ sâu thị trường | Biểu đồ depth · Cảnh báo cá voi · Sổ lệnh,context.go,AppRoutePaths.pairDepth(pair.id),/pair/<pair.id>/depth,MarketDepthPage (/pair/:pairId/depth),
markets,flutter_app/lib/features/markets/presentation/pages/phone/market_list_page.dart,51,market_list_page.dart,,context.go,path,,,dynamic_route_expression
markets,flutter_app/lib/features/markets/presentation/pages/portfolio/advanced_charts_page_tabs_filters_widgets.dart,36,advanced_charts_page_tabs_filters_widgets.dart,Phân tích kỹ thuật | Biểu đồ · Markets,context.go,AppRoutePaths.markets,/markets,MarketsResponsiveEntry (/markets),
markets,flutter_app/lib/features/markets/presentation/pages/portfolio/portfolio_tracker_page_overview_widgets.dart,30,portfolio_tracker_page_overview_widgets.dart,Danh mục | Theo dõi danh mục · Markets | Theo dõi danh mục,context.go,AppRoutePaths.markets,/markets,MarketsResponsiveEntry (/markets),
markets,flutter_app/lib/features/markets/presentation/pages/portfolio/portfolio_tracker_page_overview_widgets.dart,93,portfolio_tracker_page_overview_widgets.dart,Tài sản chính,context.go,AppRoutePaths.pairDetail('${holding.id}usdt'),/pair/${holding.id}usdt,PairDetailPage (/pair/:pairId),
markets,flutter_app/lib/features/markets/presentation/pages/portfolio/portfolio_tracker_page_overview_widgets.dart,112,portfolio_tracker_page_overview_widgets.dart,,context.go,"AppRoutePaths.pairDetail( '${holding.id}usdt', )",/pair/${holding.id}usdt,PairDetailPage (/pair/:pairId),
markets,flutter_app/lib/features/markets/presentation/pages/portfolio/price_alerts_page.dart,160,price_alerts_page.dart,Cảnh báo giá | Cảnh báo · Markets,context.go,AppRoutePaths.markets,/markets,MarketsResponsiveEntry (/markets),
markets,flutter_app/lib/features/markets/presentation/pages/research/market_news_page.dart,86,market_news_page.dart,Tin thị trường | Tin tức · Markets,context.go,AppRoutePaths.markets,/markets,MarketsResponsiveEntry (/markets),
markets,flutter_app/lib/features/markets/presentation/pages/research/market_news_page.dart,166,market_news_page.dart,,context.go,"AppRoutePaths.pairDetail( '${token.toLowerCase()}usdt', )",/pair/${token.toLowerCase()}usdt,PairDetailPage (/pair/:pairId),
markets,flutter_app/lib/features/markets/presentation/pages/research/social_sentiment_page.dart,162,social_sentiment_page.dart,Tâm lý thị trường | Tâm lý xã hội · Markets,context.go,AppRoutePaths.markets,/markets,MarketsResponsiveEntry (/markets),
markets,flutter_app/lib/features/markets/presentation/pages/research/social_signals_page_tabs_widgets.dart,51,social_signals_page_tabs_widgets.dart,Tín hiệu giao dịch | Tín hiệu · Markets,context.go,AppRoutePaths.markets,/markets,MarketsResponsiveEntry (/markets),
markets,flutter_app/lib/features/markets/presentation/pages/research/token_info_page.dart,139,token_info_page.dart,,context.go,AppRoutePaths.pairDetail(widget.pairId),/pair/<widget.pairId>,PairDetailPage (/pair/:pairId),
markets,flutter_app/lib/features/markets/presentation/pages/research/token_info_page.dart,147,token_info_page.dart,Thử lại | Không tải được thông tin token,context.go,AppRoutePaths.pairDetail(widget.pairId),/pair/<widget.pairId>,PairDetailPage (/pair/:pairId),
markets,flutter_app/lib/features/markets/presentation/pages/research/token_info_page.dart,163,token_info_page.dart,Thử lại | Không tải được thông tin token | ${snapshot.pair.baseAsset} - Thông tin,context.go,AppRoutePaths.pairDetail(snapshot.pair.id),/pair/<snapshot.pair.id>,PairDetailPage (/pair/:pairId),
markets,flutter_app/lib/features/markets/presentation/pages/research/token_unlocks_page_upcoming_widgets.dart,48,token_unlocks_page_upcoming_widgets.dart,Mở khóa token | Lịch unlock · Markets,context.go,AppRoutePaths.markets,/markets,MarketsResponsiveEntry (/markets),
markets,flutter_app/lib/features/markets/presentation/pages/tablet/markets_tablet_page.dart,47,markets_tablet_page.dart,,context.go,path,,,dynamic_route_expression
markets,flutter_app/lib/features/markets/presentation/pages/tools/comparison_tool_page.dart,102,comparison_tool_page.dart,So sánh | So sánh token · Markets | So sánh token,context.go,AppRoutePaths.markets,/markets,MarketsResponsiveEntry (/markets),
markets,flutter_app/lib/features/markets/presentation/pages/tools/derivatives_overview_page.dart,69,derivatives_overview_page.dart,Phái sinh | Dữ liệu phái sinh · Markets,context.go,AppRoutePaths.markets,/markets,MarketsResponsiveEntry (/markets),
markets,flutter_app/lib/features/markets/presentation/pages/tools/market_calendar_page.dart,89,market_calendar_page.dart,Lịch sự kiện | Sự kiện · Markets,context.go,AppRoutePaths.markets,/markets,MarketsResponsiveEntry (/markets),
markets,flutter_app/lib/features/markets/presentation/pages/tools/market_correlations_page.dart,101,market_correlations_page.dart,Tương quan thị trường | Tương quan · Markets,context.go,AppRoutePaths.markets,/markets,MarketsResponsiveEntry (/markets),
markets,flutter_app/lib/features/markets/presentation/pages/tools/market_movers_page.dart,154,market_movers_page.dart,Biến động thị trường | So sánh nhanh · Cập nhật $lastUpdatedLabel,context.go,AppRoutePaths.markets,/markets,MarketsResponsiveEntry (/markets),
markets,flutter_app/lib/features/markets/presentation/pages/tools/market_movers_page.dart,252,market_movers_page.dart,Xóa bộ lọc,context.go,AppRoutePaths.pairDetail('${mover.id}usdt'),/pair/${mover.id}usdt,PairDetailPage (/pair/:pairId),
markets,flutter_app/lib/features/markets/presentation/pages/tools/market_screener_page.dart,203,market_screener_page.dart,Bộ lọc thị trường | Lọc token · Markets,context.go,AppRoutePaths.markets,/markets,MarketsResponsiveEntry (/markets),
markets,flutter_app/lib/features/markets/presentation/pages/tools/market_screener_page.dart,270,market_screener_page.dart,,context.go,AppRoutePaths.pairDetail(pair.id),/pair/<pair.id>,PairDetailPage (/pair/:pairId),
markets,flutter_app/lib/features/markets/presentation/pages/tools/market_sectors_page.dart,89,market_sectors_page.dart,,context.go,AppRoutePaths.marketsSectors,/markets/sectors,MarketSectorsPage (/markets/sectors),
markets,flutter_app/lib/features/markets/presentation/pages/tools/market_sectors_page.dart,92,market_sectors_page.dart,,context.go,AppRoutePaths.markets,/markets,MarketsResponsiveEntry (/markets),
markets,flutter_app/lib/features/markets/presentation/pages/tools/market_sectors_page.dart,156,market_sectors_page.dart,,context.go,'${AppRoutePaths.marketsSectors}?id=${sector.id}',/markets/sectors?id=${sector.id},MarketSectorsPage (/markets/sectors),
markets,flutter_app/lib/features/markets/presentation/pages/tools/market_sectors_page.dart,179,market_sectors_page.dart,,context.go,"AppRoutePaths.pairDetail( '${coin.id}usdt', )",/pair/${coin.id}usdt,PairDetailPage (/pair/:pairId),
markets,flutter_app/lib/features/markets/presentation/widgets/pair/pair_detail_chart_widgets.dart,305,pair_detail_chart_widgets.dart,MUA,context.go,'${AppRoutePaths.tradePair(pairId)}?side=buy',${AppRoutePaths.tradePair(pairId)}?side=buy,,
markets,flutter_app/lib/features/markets/presentation/widgets/pair/pair_detail_chart_widgets.dart,316,pair_detail_chart_widgets.dart,MUA | BÁN,context.go,'${AppRoutePaths.tradePair(pairId)}?side=sell',${AppRoutePaths.tradePair(pairId)}?side=sell,,
markets,flutter_app/lib/features/markets/presentation/widgets/phone/market_list_discover.dart,39,market_list_discover.dart,Lối tắt từ Markets | Dự đoán thị trường | Lối tắt từ Markets · Xác suất · Vị thế | Open Arena,context.go,AppRoutePaths.marketsPredictions,/markets/predictions,PredictionsHomePage (/markets/predictions),
markets,flutter_app/lib/features/markets/presentation/widgets/phone/market_list_discover.dart,52,market_list_discover.dart,Dự đoán thị trường | Lối tắt từ Markets · Xác suất · Vị thế | Open Arena | Lối tắt từ Markets · ưu tiên Home · Điểm Arena,context.go,AppRoutePaths.arena,/arena,ArenaHomePage (/arena),
markets,flutter_app/lib/features/markets/presentation/widgets/phone/market_list_header.dart,30,market_list_header.dart,T\u1ED5ng quan th\u1ECB tr\u01B0\u1EDDng | Bi\u1EBFn \u0111\u1ED9ng | Th\u1ECB tr\u01B0\u1EDDng | Theo d\u00F5i th\u1ECB tr\u01B0\u1EDDng \u00B7 C\u1EADp nh\u1EADt $lastUpdatedLabel,onNavigate,'/markets/overview',/markets/overview,MarketOverviewPage (/markets/overview),
markets,flutter_app/lib/features/markets/presentation/widgets/phone/market_list_header.dart,36,market_list_header.dart,T\u1ED5ng quan th\u1ECB tr\u01B0\u1EDDng | Bi\u1EBFn \u0111\u1ED9ng | Th\u1ECB tr\u01B0\u1EDDng | Theo d\u00F5i th\u1ECB tr\u01B0\u1EDDng \u00B7 C\u1EADp nh\u1EADt $lastUpdatedLabel,onNavigate,'/markets/movers',/markets/movers,MarketMoversPage (/markets/movers),
markets,flutter_app/lib/features/markets/presentation/widgets/phone/market_list_pairs.dart,116,market_list_pairs.dart,,onNavigate,'/pair/${pair.id}',/pair/${pair.id},PairDetailPage (/pair/:pairId),
markets,flutter_app/lib/features/markets/presentation/widgets/phone/market_list_tools.dart,146,market_list_tools.dart,,onNavigate,'/markets/${tool.route}',/markets/${tool.route},,
markets,flutter_app/lib/features/markets/presentation/widgets/phone/market_list_tools.dart,168,market_list_tools.dart,Thêm,onNavigate,'/markets/${tool.route}',/markets/${tool.route},,
markets,flutter_app/lib/features/markets/presentation/widgets/phone/market_list_tools.dart,198,market_list_tools.dart,Thêm,onNavigate,'/markets/${hubTools[i].route}',/markets/${hubTools[i].route},,
markets,flutter_app/lib/features/markets/presentation/widgets/research/token_info_market_widgets.dart,321,token_info_market_widgets.dart,,context.go,AppRoutePaths.pairDetail(pairId),/pair/<pairId>,PairDetailPage (/pair/:pairId),
markets,flutter_app/lib/features/markets/presentation/widgets/tablet/market_list_discover.dart,38,market_list_discover.dart,Lối tắt từ Markets | Dự đoán thị trường | Lối tắt từ Markets · Xác suất · Vị thế | Open Arena,context.go,AppRoutePaths.marketsPredictions,/markets/predictions,PredictionsHomePage (/markets/predictions),
markets,flutter_app/lib/features/markets/presentation/widgets/tablet/market_list_discover.dart,51,market_list_discover.dart,Dự đoán thị trường | Lối tắt từ Markets · Xác suất · Vị thế | Open Arena | Lối tắt từ Markets · ưu tiên Home · Điểm Arena,context.go,AppRoutePaths.arena,/arena,ArenaHomePage (/arena),
markets,flutter_app/lib/features/markets/presentation/widgets/tablet/market_list_header.dart,29,market_list_header.dart,T\u1ED5ng quan th\u1ECB tr\u01B0\u1EDDng | Bi\u1EBFn \u0111\u1ED9ng | Th\u1ECB tr\u01B0\u1EDDng | Theo d\u00F5i th\u1ECB tr\u01B0\u1EDDng \u00B7 C\u1EADp nh\u1EADt $lastUpdatedLabel,onNavigate,'/markets/overview',/markets/overview,MarketOverviewPage (/markets/overview),
markets,flutter_app/lib/features/markets/presentation/widgets/tablet/market_list_header.dart,35,market_list_header.dart,T\u1ED5ng quan th\u1ECB tr\u01B0\u1EDDng | Bi\u1EBFn \u0111\u1ED9ng | Th\u1ECB tr\u01B0\u1EDDng | Theo d\u00F5i th\u1ECB tr\u01B0\u1EDDng \u00B7 C\u1EADp nh\u1EADt $lastUpdatedLabel,onNavigate,'/markets/movers',/markets/movers,MarketMoversPage (/markets/movers),
markets,flutter_app/lib/features/markets/presentation/widgets/tablet/market_list_pairs.dart,116,market_list_pairs.dart,,onNavigate,'/pair/${pair.id}',/pair/${pair.id},PairDetailPage (/pair/:pairId),
markets,flutter_app/lib/features/markets/presentation/widgets/tablet/market_list_tools.dart,145,market_list_tools.dart,,onNavigate,'/markets/${tool.route}',/markets/${tool.route},,
markets,flutter_app/lib/features/markets/presentation/widgets/tablet/market_list_tools.dart,167,market_list_tools.dart,Thêm,onNavigate,'/markets/${tool.route}',/markets/${tool.route},,
markets,flutter_app/lib/features/markets/presentation/widgets/tablet/market_list_tools.dart,197,market_list_tools.dart,Thêm,onNavigate,'/markets/${hubTools[i].route}',/markets/${hubTools[i].route},,
news,flutter_app/lib/features/news/presentation/pages/news_page.dart,94,news_page.dart,Tin tức & Thông báo | Sản phẩm · bảo trì · niêm yết,context.go,AppRoutePaths.home,/home,HomeResponsiveEntry (/home),
news,flutter_app/lib/features/news/presentation/widgets/news_page_common.dart,139,news_page_common.dart,,Navigator.of(context).pop,,,,back_or_close_modal
notifications,flutter_app/lib/features/notifications/presentation/pages/notifications_page.dart,83,notifications_page.dart,Thông báo,context.go,snapshot.backRoute,,,dynamic_route_expression
notifications,flutter_app/lib/features/notifications/presentation/pages/notifications_page.dart,225,notifications_page.dart,,context.go,path,,,dynamic_route_expression
onboarding,flutter_app/lib/features/onboarding/presentation/pages/onboarding_flow_page_state.dart,99,onboarding_flow_page_state.dart,Về trang chủ | Thử lại | Chưa có nội dung onboarding | Không tải được onboarding,context.go,snapshot.homeRoute,,,dynamic_route_expression
onboarding,flutter_app/lib/features/onboarding/presentation/pages/onboarding_flow_page_state.dart,325,onboarding_flow_page_state.dart,,context.go,snapshot.homeRoute,,,dynamic_route_expression
onboarding,flutter_app/lib/features/onboarding/presentation/pages/onboarding_flow_page_state.dart,340,onboarding_flow_page_state.dart,,context.go,route,,,dynamic_route_expression
p2p_account,flutter_app/lib/features/p2p_account/presentation/pages/merchant/p2p_address_proof_page.dart,85,p2p_address_proof_page.dart,Đang tải… | Không tải được | Xác minh địa chỉ cư trú P2P,context.go,AppRoutePaths.p2pKycStatus,/p2p/kyc/status,P2PKycStatusPage (/p2p/kyc/status),
p2p_account,flutter_app/lib/features/p2p_account/presentation/pages/merchant/p2p_address_proof_page.dart,93,p2p_address_proof_page.dart,Thử lại | Đang tải… | Không tải được | Xác minh địa chỉ cư trú P2P,context.go,AppRoutePaths.p2pKycStatus,/p2p/kyc/status,P2PKycStatusPage (/p2p/kyc/status),
p2p_account,flutter_app/lib/features/p2p_account/presentation/pages/merchant/p2p_address_proof_page.dart,114,p2p_address_proof_page.dart,Thử lại | Xác minh địa chỉ | KYC · P2P,context.go,snapshot.parentRoute,,,dynamic_route_expression
p2p_account,flutter_app/lib/features/p2p_account/presentation/pages/merchant/p2p_address_proof_page.dart,185,p2p_address_proof_page.dart,Gửi tài liệu,context.go,snapshot.submitRoute,,,dynamic_route_expression
p2p_account,flutter_app/lib/features/p2p_account/presentation/pages/merchant/p2p_identity_verification_page.dart,80,p2p_identity_verification_page.dart,Đang tải… | Không tải được | Xác minh danh tính P2P,context.go,AppRoutePaths.p2pKycStatus,/p2p/kyc/status,P2PKycStatusPage (/p2p/kyc/status),
p2p_account,flutter_app/lib/features/p2p_account/presentation/pages/merchant/p2p_identity_verification_page.dart,88,p2p_identity_verification_page.dart,Thử lại | Đang tải… | Không tải được | Xác minh danh tính P2P,context.go,AppRoutePaths.p2pKycStatus,/p2p/kyc/status,P2PKycStatusPage (/p2p/kyc/status),
p2p_account,flutter_app/lib/features/p2p_account/presentation/pages/merchant/p2p_identity_verification_page.dart,109,p2p_identity_verification_page.dart,Thử lại | Xác minh danh tính | KYC · P2P,context.go,snapshot.parentRoute,,,dynamic_route_expression
p2p_account,flutter_app/lib/features/p2p_account/presentation/pages/merchant/p2p_identity_verification_page.dart,177,p2p_identity_verification_page.dart,Tiếp tục,context.go,snapshot.nextRoute,,,dynamic_route_expression
p2p_account,flutter_app/lib/features/p2p_account/presentation/pages/merchant/p2p_kyc_requirements_page.dart,72,p2p_kyc_requirements_page.dart,Đang tải… | Không tải được | Yêu cầu KYC P2P,context.go,AppRoutePaths.p2p,/p2p,P2PHomePage (/p2p),
p2p_account,flutter_app/lib/features/p2p_account/presentation/pages/merchant/p2p_kyc_requirements_page.dart,80,p2p_kyc_requirements_page.dart,Thử lại | Đang tải… | Không tải được | Yêu cầu KYC P2P,context.go,AppRoutePaths.p2p,/p2p,P2PHomePage (/p2p),
p2p_account,flutter_app/lib/features/p2p_account/presentation/pages/merchant/p2p_kyc_requirements_page.dart,94,p2p_kyc_requirements_page.dart,Thử lại | Không tải được | Yêu cầu KYC | KYC · P2P,context.go,snapshot.parentRoute,,,dynamic_route_expression
p2p_account,flutter_app/lib/features/p2p_account/presentation/pages/merchant/p2p_kyc_requirements_page.dart,129,p2p_kyc_requirements_page.dart,,context.go,snapshot.verifyRouteFor(tier.id),,,dynamic_route_expression
p2p_account,flutter_app/lib/features/p2p_account/presentation/pages/merchant/p2p_kyc_status_page.dart,70,p2p_kyc_status_page.dart,Đang tải… | Không tải được | Trạng thái KYC P2P,context.go,AppRoutePaths.p2pKycRequirements,/p2p/kyc/requirements,P2PKycRequirementsPage (/p2p/kyc/requirements),
p2p_account,flutter_app/lib/features/p2p_account/presentation/pages/merchant/p2p_kyc_status_page.dart,78,p2p_kyc_status_page.dart,Thử lại | Đang tải… | Không tải được | Trạng thái KYC P2P,context.go,AppRoutePaths.p2pKycRequirements,/p2p/kyc/requirements,P2PKycRequirementsPage (/p2p/kyc/requirements),
p2p_account,flutter_app/lib/features/p2p_account/presentation/pages/merchant/p2p_kyc_status_page.dart,92,p2p_kyc_status_page.dart,Thử lại | Không tải được | Trạng thái KYC | KYC · P2P,context.go,snapshot.parentRoute,,,dynamic_route_expression
p2p_account,flutter_app/lib/features/p2p_account/presentation/pages/merchant/p2p_merchant_apply_page_state.dart,53,p2p_merchant_apply_page_state.dart,Thử lại | Đăng ký Merchant | Merchant · P2P | Không tải được,context.go,AppRoutePaths.p2p,/p2p,P2PHomePage (/p2p),
p2p_account,flutter_app/lib/features/p2p_account/presentation/pages/merchant/p2p_merchant_apply_page_state.dart,82,p2p_merchant_apply_page_state.dart,,context.go,AppRoutePaths.p2p,/p2p,P2PHomePage (/p2p),
p2p_account,flutter_app/lib/features/p2p_account/presentation/pages/merchant/p2p_merchant_profile_page.dart,73,p2p_merchant_profile_page.dart,Đang tải… | Không tải được | Hồ sơ Merchant,context.go,AppRoutePaths.p2p,/p2p,P2PHomePage (/p2p),
p2p_account,flutter_app/lib/features/p2p_account/presentation/pages/merchant/p2p_merchant_profile_page.dart,80,p2p_merchant_profile_page.dart,Thử lại | Đang tải… | Không tải được | Hồ sơ Merchant,context.go,AppRoutePaths.p2p,/p2p,P2PHomePage (/p2p),
p2p_account,flutter_app/lib/features/p2p_account/presentation/pages/merchant/p2p_merchant_profile_page.dart,98,p2p_merchant_profile_page.dart,Thử lại | Không tải được | Hồ sơ Merchant | Merchant · P2P,context.go,AppRoutePaths.p2p,/p2p,P2PHomePage (/p2p),
p2p_account,flutter_app/lib/features/p2p_account/presentation/pages/merchant/p2p_merchant_profile_page.dart,104,p2p_merchant_profile_page.dart,Hồ sơ Merchant | Merchant · P2P,context.go,snapshot.reportRoute,,,dynamic_route_expression
p2p_account,flutter_app/lib/features/p2p_account/presentation/pages/merchant/p2p_merchant_profile_page.dart,168,p2p_merchant_profile_page.dart,Chặn ${snapshot.merchant.name}?,context.go,snapshot.blacklistAddRoute,,,dynamic_route_expression
p2p_account,flutter_app/lib/features/p2p_account/presentation/pages/merchant/p2p_selfie_verification_page.dart,93,p2p_selfie_verification_page.dart,Không tải được,context.go,AppRoutePaths.p2pKycStatus,/p2p/kyc/status,P2PKycStatusPage (/p2p/kyc/status),
p2p_account,flutter_app/lib/features/p2p_account/presentation/pages/merchant/p2p_selfie_verification_page.dart,101,p2p_selfie_verification_page.dart,Thử lại | Không tải được,context.go,AppRoutePaths.p2pKycStatus,/p2p/kyc/status,P2PKycStatusPage (/p2p/kyc/status),
p2p_account,flutter_app/lib/features/p2p_account/presentation/pages/merchant/p2p_selfie_verification_page.dart,116,p2p_selfie_verification_page.dart,Thử lại | Không tải được | KYC · P2P,context.go,snapshot.parentRoute,,,dynamic_route_expression
p2p_account,flutter_app/lib/features/p2p_account/presentation/pages/merchant/p2p_selfie_verification_page.dart,174,p2p_selfie_verification_page.dart,,context.go,snapshot.statusRoute,,,dynamic_route_expression
p2p_account,flutter_app/lib/features/p2p_account/presentation/pages/merchant/p2p_selfie_verification_page.dart,178,p2p_selfie_verification_page.dart,,context.go,snapshot.supportRoute,,,dynamic_route_expression
p2p_account,flutter_app/lib/features/p2p_account/presentation/pages/merchant/p2p_video_verification_page.dart,54,p2p_video_verification_page.dart,Đang tải… | Không tải được | Xác minh video,context.go,AppRoutePaths.p2pKycStatus,/p2p/kyc/status,P2PKycStatusPage (/p2p/kyc/status),
p2p_account,flutter_app/lib/features/p2p_account/presentation/pages/merchant/p2p_video_verification_page.dart,61,p2p_video_verification_page.dart,Thử lại | Đang tải… | Không tải được | Xác minh video,context.go,AppRoutePaths.p2pKycStatus,/p2p/kyc/status,P2PKycStatusPage (/p2p/kyc/status),
p2p_account,flutter_app/lib/features/p2p_account/presentation/pages/merchant/p2p_video_verification_page.dart,77,p2p_video_verification_page.dart,Thử lại | Không tải được | Xác minh video | KYC · P2P,context.go,snapshot.parentRoute,,,dynamic_route_expression
p2p_account,flutter_app/lib/features/p2p_account/presentation/pages/merchant/p2p_video_verification_page.dart,96,p2p_video_verification_page.dart,Xem lại xác minh video | Đặt lịch,context.go,snapshot.statusRoute,,,dynamic_route_expression
p2p_account,flutter_app/lib/features/p2p_account/presentation/pages/payment/p2p_payment_method_add_page.dart,89,p2p_payment_method_add_page.dart,Đang tải… | Không tải được | Thêm phương thức thanh toán,context.go,AppRoutePaths.p2pPaymentMethods,/p2p/payment-methods,P2PPaymentMethodsPage (/p2p/payment-methods),
p2p_account,flutter_app/lib/features/p2p_account/presentation/pages/payment/p2p_payment_method_add_page.dart,96,p2p_payment_method_add_page.dart,Thử lại | Đang tải… | Không tải được | Thêm phương thức thanh toán,context.go,AppRoutePaths.p2pPaymentMethods,/p2p/payment-methods,P2PPaymentMethodsPage (/p2p/payment-methods),
p2p_account,flutter_app/lib/features/p2p_account/presentation/pages/payment/p2p_payment_method_add_page.dart,128,p2p_payment_method_add_page.dart,Thêm ${_type == P2PPaymentAddType.bank ? | Thanh toán · P2P | Thêm phương thức thanh toán,context.go,AppRoutePaths.p2pPaymentMethods,/p2p/payment-methods,P2PPaymentMethodsPage (/p2p/payment-methods),
p2p_account,flutter_app/lib/features/p2p_account/presentation/pages/payment/p2p_payment_method_add_page.dart,278,p2p_payment_method_add_page.dart,Đã thêm phương thức thanh toán,context.go,preview.saveRoute,,,dynamic_route_expression
p2p_account,flutter_app/lib/features/p2p_account/presentation/pages/payment/p2p_payment_method_cooling_period_page.dart,60,p2p_payment_method_cooling_period_page.dart,Thử lại | Thời gian chờ | Thanh toán · P2P | Không tải được,context.go,AppRoutePaths.p2pPaymentMethods,/p2p/payment-methods,P2PPaymentMethodsPage (/p2p/payment-methods),
p2p_account,flutter_app/lib/features/p2p_account/presentation/pages/payment/p2p_payment_method_history_page.dart,58,p2p_payment_method_history_page.dart,Thử lại | Lịch sử thanh toán | Thanh toán · P2P | Không tải được,context.go,AppRoutePaths.p2pPaymentMethods,/p2p/payment-methods,P2PPaymentMethodsPage (/p2p/payment-methods),
p2p_account,flutter_app/lib/features/p2p_account/presentation/pages/payment/p2p_payment_method_ownership_page.dart,64,p2p_payment_method_ownership_page.dart,Đang tải… | Không tải được | Xác minh sở hữu,context.go,AppRoutePaths.p2pPaymentMethods,/p2p/payment-methods,P2PPaymentMethodsPage (/p2p/payment-methods),
p2p_account,flutter_app/lib/features/p2p_account/presentation/pages/payment/p2p_payment_method_ownership_page.dart,71,p2p_payment_method_ownership_page.dart,Thử lại | Đang tải… | Không tải được | Xác minh sở hữu,context.go,AppRoutePaths.p2pPaymentMethods,/p2p/payment-methods,P2PPaymentMethodsPage (/p2p/payment-methods),
p2p_account,flutter_app/lib/features/p2p_account/presentation/pages/payment/p2p_payment_method_ownership_page.dart,94,p2p_payment_method_ownership_page.dart,Xác minh sở hữu | Thanh toán · P2P,context.go,AppRoutePaths.p2pPaymentMethods,/p2p/payment-methods,P2PPaymentMethodsPage (/p2p/payment-methods),
p2p_account,flutter_app/lib/features/p2p_account/presentation/pages/payment/p2p_payment_method_ownership_page.dart,176,p2p_payment_method_ownership_page.dart,Đã gửi xác minh sở hữu,context.go,preview.saveRoute,,,dynamic_route_expression
p2p_account,flutter_app/lib/features/p2p_account/presentation/pages/payment/p2p_payment_method_verification_page.dart,100,p2p_payment_method_verification_page.dart,Xác minh phương thức | Không tải được | Xác minh phương thức thanh toán P2P,context.go,AppRoutePaths.p2pPaymentMethods,/p2p/payment-methods,P2PPaymentMethodsPage (/p2p/payment-methods),
p2p_account,flutter_app/lib/features/p2p_account/presentation/pages/payment/p2p_payment_method_verification_page.dart,114,p2p_payment_method_verification_page.dart,Thử lại | Không tải được,context.go,AppRoutePaths.p2pPaymentMethods,/p2p/payment-methods,P2PPaymentMethodsPage (/p2p/payment-methods),
p2p_account,flutter_app/lib/features/p2p_account/presentation/pages/payment/p2p_payment_method_verification_page.dart,138,p2p_payment_method_verification_page.dart,,context.go,AppRoutePaths.p2pPaymentMethods,/p2p/payment-methods,P2PPaymentMethodsPage (/p2p/payment-methods),
p2p_account,flutter_app/lib/features/p2p_account/presentation/pages/payment/p2p_payment_method_verification_page.dart,238,p2p_payment_method_verification_page.dart,Đã xác minh phương thức,context.go,snapshot.saveRoute,,,dynamic_route_expression
p2p_account,flutter_app/lib/features/p2p_account/presentation/pages/payment/p2p_payment_methods_page.dart,74,p2p_payment_methods_page.dart,Đang tải… | Không tải được | Phương thức thanh toán,context.go,AppRoutePaths.p2p,/p2p,P2PHomePage (/p2p),
p2p_account,flutter_app/lib/features/p2p_account/presentation/pages/payment/p2p_payment_methods_page.dart,81,p2p_payment_methods_page.dart,Thử lại | Đang tải… | Không tải được | Phương thức thanh toán,context.go,AppRoutePaths.p2p,/p2p,P2PHomePage (/p2p),
p2p_account,flutter_app/lib/features/p2p_account/presentation/pages/payment/p2p_payment_methods_page.dart,109,p2p_payment_methods_page.dart,Phương thức thanh toán | Thanh toán · P2P,context.go,AppRoutePaths.p2p,/p2p,P2PHomePage (/p2p),
p2p_account,flutter_app/lib/features/p2p_account/presentation/pages/payment/p2p_payment_methods_page.dart,183,p2p_payment_methods_page.dart,,context.go,'${AppRoutePaths.p2pPaymentMethodAdd}?type=$type',/p2p/payment-method/add?type=$type,P2PPaymentMethodAddPage (/p2p/payment-method/add),
p2p_account,flutter_app/lib/features/p2p_account/presentation/widgets/merchant/p2p_kyc_requirements_page_common.dart,158,p2p_kyc_requirements_page_common.dart,,context.go,snapshot.supportRoute,,,dynamic_route_expression
p2p_account,flutter_app/lib/features/p2p_account/presentation/widgets/merchant/p2p_kyc_status_page_common.dart,45,p2p_kyc_status_page_common.dart,,context.go,snapshot.supportRoute,,,dynamic_route_expression
p2p_account,flutter_app/lib/features/p2p_account/presentation/widgets/merchant/p2p_kyc_status_page_sections.dart,336,p2p_kyc_status_page_sections.dart,,context.go,step.actionRoute!,,,dynamic_route_expression
p2p_account,flutter_app/lib/features/p2p_account/presentation/widgets/merchant/p2p_merchant_profile_ads_reviews.dart,114,p2p_merchant_profile_ads_reviews.dart,,context.go,AppRoutePaths.p2pAd(ad.id),/p2p/ad/<ad.id>,P2PAdDetailPage (/p2p/ad/:adId),
p2p_account,flutter_app/lib/features/p2p_account/presentation/widgets/payment/p2p_payment_methods_page_sections.dart,13,p2p_payment_methods_page_sections.dart,Lịch sử,context.go,AppRoutePaths.p2pPaymentMethodHistory,/p2p/payment-method/history,P2PPaymentMethodHistoryPage (/p2p/payment-method/history),
p2p_account,flutter_app/lib/features/p2p_account/presentation/widgets/payment/p2p_payment_methods_page_sections.dart,23,p2p_payment_methods_page_sections.dart,Lịch sử | Thời gian chờ,context.go,AppRoutePaths.p2pPaymentMethodCoolingPeriod,/p2p/payment-method/cooling-period,P2PPaymentMethodCoolingPeriodPage (/p2p/payment-method/cooling-period),
p2p_account,flutter_app/lib/features/p2p_account/presentation/widgets/payment/p2p_payment_methods_page_sections.dart,53,p2p_payment_methods_page_sections.dart,Thêm ngân hàng | Thêm ví điện tử,context.go,snapshot.addBankRoute,,,dynamic_route_expression
p2p_account,flutter_app/lib/features/p2p_account/presentation/widgets/payment/p2p_payment_methods_page_sections.dart,66,p2p_payment_methods_page_sections.dart,Thêm ngân hàng | Thêm ví điện tử,context.go,snapshot.addEwalletRoute,,,dynamic_route_expression
p2p_dispute,flutter_app/lib/features/p2p_dispute/presentation/pages/dispute/p2p_claim_detail_page_state.dart,17,p2p_claim_detail_page_state.dart,Thử lại | Đang tải… | Không tải được,context.go,AppRoutePaths.p2pInsurance,/p2p/insurance,P2PInsuranceFundPage (/p2p/insurance),
p2p_dispute,flutter_app/lib/features/p2p_dispute/presentation/pages/dispute/p2p_claim_detail_page_state.dart,22,p2p_claim_detail_page_state.dart,Thử lại | Đang tải… | Không tải được,context.go,AppRoutePaths.p2pInsurance,/p2p/insurance,P2PInsuranceFundPage (/p2p/insurance),
p2p_dispute,flutter_app/lib/features/p2p_dispute/presentation/pages/dispute/p2p_claim_detail_page_state.dart,44,p2p_claim_detail_page_state.dart,Thông báo claim P2P | Thử lại | Bảo hiểm · P2P | Chi tiết yêu cầu bảo hiểm P2P,context.go,snapshot.parentRoute,,,dynamic_route_expression
p2p_dispute,flutter_app/lib/features/p2p_dispute/presentation/pages/dispute/p2p_claim_detail_page_state.dart,92,p2p_claim_detail_page_state.dart,Xem đơn hàng gốc | Liên hệ hỗ trợ,context.go,snapshot.orderRoute,,,dynamic_route_expression
p2p_dispute,flutter_app/lib/features/p2p_dispute/presentation/pages/dispute/p2p_claim_detail_page_state.dart,101,p2p_claim_detail_page_state.dart,Xem đơn hàng gốc | Liên hệ hỗ trợ,context.go,snapshot.supportRoute,,,dynamic_route_expression
p2p_dispute,flutter_app/lib/features/p2p_dispute/presentation/pages/dispute/p2p_dispute_detail_page.dart,95,p2p_dispute_detail_page.dart,Thử lại | Chi tiết khiếu nại | Tranh chấp · P2P | Không tải được,context.go,AppRoutePaths.p2pDisputes,/p2p/disputes,P2PDisputesPage (/p2p/disputes),
p2p_dispute,flutter_app/lib/features/p2p_dispute/presentation/pages/dispute/p2p_dispute_detail_page.dart,150,p2p_dispute_detail_page.dart,,context.go,"AppRoutePaths.p2pDisputeEvidence( snapshot.dispute.id, )",/p2p/dispute/evidence/<snapshot.dispute.id>,P2PDisputeEvidencePage (/p2p/dispute/evidence/:disputeId),
p2p_dispute,flutter_app/lib/features/p2p_dispute/presentation/pages/dispute/p2p_dispute_detail_page.dart,170,p2p_dispute_detail_page.dart,,context.go,"AppRoutePaths.p2pDisputeEvidence( snapshot.dispute.id, )",/p2p/dispute/evidence/<snapshot.dispute.id>,P2PDisputeEvidencePage (/p2p/dispute/evidence/:disputeId),
p2p_dispute,flutter_app/lib/features/p2p_dispute/presentation/pages/dispute/p2p_dispute_detail_page.dart,176,p2p_dispute_detail_page.dart,,context.go,AppRoutePaths.p2pDisputes,/p2p/disputes,P2PDisputesPage (/p2p/disputes),
p2p_dispute,flutter_app/lib/features/p2p_dispute/presentation/pages/dispute/p2p_dispute_evidence_page.dart,81,p2p_dispute_evidence_page.dart,Thử lại | Bằng chứng tranh chấp | Tranh chấp · P2P | Không tải được,context.go,AppRoutePaths.p2pDisputeDetail(widget.disputeId),/p2p/dispute/detail/<widget.disputeId>,P2PDisputeDetailPage (/p2p/dispute/detail/:disputeId),
p2p_dispute,flutter_app/lib/features/p2p_dispute/presentation/pages/dispute/p2p_dispute_evidence_page.dart,139,p2p_dispute_evidence_page.dart,Gửi bằng chứng,context.go,"AppRoutePaths.p2pDisputeDetail( preview.disputeId, )",/p2p/dispute/detail/<preview.disputeId>,P2PDisputeDetailPage (/p2p/dispute/detail/:disputeId),
p2p_dispute,flutter_app/lib/features/p2p_dispute/presentation/pages/dispute/p2p_dispute_page.dart,89,p2p_dispute_page.dart,Thử lại | Mở tranh chấp | Tranh chấp · P2P | Không tải được,context.go,AppRoutePaths.p2pOrder(widget.orderId),/p2p/order/<widget.orderId>,P2POrderPage (/p2p/order/:orderId),
p2p_dispute,flutter_app/lib/features/p2p_dispute/presentation/pages/dispute/p2p_dispute_page.dart,201,p2p_dispute_page.dart,,context.go,AppRoutePaths.p2pDisputeDetail(disputeId),/p2p/dispute/detail/<disputeId>,P2PDisputeDetailPage (/p2p/dispute/detail/:disputeId),
p2p_dispute,flutter_app/lib/features/p2p_dispute/presentation/pages/dispute/p2p_dispute_resolution_page.dart,82,p2p_dispute_resolution_page.dart,Thử lại | Kết quả giải quyết | Tranh chấp · P2P | Không tải được,context.go,AppRoutePaths.p2pDisputeDetail(widget.disputeId),/p2p/dispute/detail/<widget.disputeId>,P2PDisputeDetailPage (/p2p/dispute/detail/:disputeId),
p2p_dispute,flutter_app/lib/features/p2p_dispute/presentation/pages/dispute/p2p_dispute_resolution_page.dart,125,p2p_dispute_resolution_page.dart,Xem lại kết quả giải quyết | Quay về danh sách tranh chấp,context.go,AppRoutePaths.p2pDisputes,/p2p/disputes,P2PDisputesPage (/p2p/disputes),
p2p_dispute,flutter_app/lib/features/p2p_dispute/presentation/pages/dispute/p2p_disputes_page.dart,58,p2p_disputes_page.dart,Thử lại | Tranh chấp P2P | Tranh chấp · P2P | Không tải được,context.go,AppRoutePaths.p2p,/p2p,P2PHomePage (/p2p),
p2p_dispute,flutter_app/lib/features/p2p_dispute/presentation/pages/dispute/p2p_disputes_page.dart,346,p2p_disputes_page.dart,,context.go,AppRoutePaths.p2pDisputeDetail(dispute.id),/p2p/dispute/detail/<dispute.id>,P2PDisputeDetailPage (/p2p/dispute/detail/:disputeId),
p2p_dispute,flutter_app/lib/features/p2p_dispute/presentation/pages/dispute/p2p_insurance_certificate_page.dart,69,p2p_insurance_certificate_page.dart,Đang tải… | Không tải được | Chứng nhận bảo hiểm,context.go,AppRoutePaths.p2pInsurance,/p2p/insurance,P2PInsuranceFundPage (/p2p/insurance),
p2p_dispute,flutter_app/lib/features/p2p_dispute/presentation/pages/dispute/p2p_insurance_certificate_page.dart,76,p2p_insurance_certificate_page.dart,Thử lại | Đang tải… | Không tải được | Chứng nhận bảo hiểm,context.go,AppRoutePaths.p2pInsurance,/p2p/insurance,P2PInsuranceFundPage (/p2p/insurance),
p2p_dispute,flutter_app/lib/features/p2p_dispute/presentation/pages/dispute/p2p_insurance_certificate_page.dart,91,p2p_insurance_certificate_page.dart,Thử lại | Không tải được | Chứng nhận bảo hiểm | Bảo hiểm · P2P,context.go,AppRoutePaths.p2pInsurance,/p2p/insurance,P2PInsuranceFundPage (/p2p/insurance),
p2p_dispute,flutter_app/lib/features/p2p_dispute/presentation/pages/dispute/p2p_insurance_fund_claims_tour.dart,401,p2p_insurance_fund_claims_tour.dart,,context.go,AppRoutePaths.p2pClaim(claim.id),/p2p/insurance/claim/<claim.id>,P2PClaimDetailPage (/p2p/insurance/claim/:claimId),
p2p_dispute,flutter_app/lib/features/p2p_dispute/presentation/pages/dispute/p2p_insurance_fund_overview_cards.dart,202,p2p_insurance_fund_overview_cards.dart,Tỷ lệ duyệt | Thời gian xử lý TB | Hạn mức/30 ngày,context.go,snapshot.certificateRoute,,,dynamic_route_expression
p2p_dispute,flutter_app/lib/features/p2p_dispute/presentation/pages/dispute/p2p_insurance_fund_overview_cards.dart,364,p2p_insurance_fund_overview_cards.dart,Hạng merchant | Đóng góp/giao dịch,context.go,snapshot.contributionHistoryRoute,,,dynamic_route_expression
p2p_dispute,flutter_app/lib/features/p2p_dispute/presentation/pages/dispute/p2p_insurance_fund_page.dart,90,p2p_insurance_fund_page.dart,Đang tải… | Quỹ bảo hiểm P2P,context.go,AppRoutePaths.p2p,/p2p,P2PHomePage (/p2p),
p2p_dispute,flutter_app/lib/features/p2p_dispute/presentation/pages/dispute/p2p_insurance_fund_page.dart,103,p2p_insurance_fund_page.dart,Thử lại | Đang tải… | Không tải được | Quỹ bảo hiểm P2P,context.go,AppRoutePaths.p2p,/p2p,P2PHomePage (/p2p),
p2p_dispute,flutter_app/lib/features/p2p_dispute/presentation/pages/dispute/p2p_insurance_fund_page.dart,126,p2p_insurance_fund_page.dart,Hướng dẫn sử dụng | Quỹ bảo hiểm | Bảo hiểm · P2P | Quỹ bảo hiểm P2P,context.go,AppRoutePaths.p2p,/p2p,P2PHomePage (/p2p),
p2p_dispute,flutter_app/lib/features/p2p_dispute/presentation/pages/dispute/p2p_insurance_policy_page.dart,53,p2p_insurance_policy_page.dart,Đang tải… | Không tải được | Điều khoản Bảo hiểm P2P,context.go,AppRoutePaths.p2pInsurance,/p2p/insurance,P2PInsuranceFundPage (/p2p/insurance),
p2p_dispute,flutter_app/lib/features/p2p_dispute/presentation/pages/dispute/p2p_insurance_policy_page.dart,61,p2p_insurance_policy_page.dart,Thử lại | Đang tải… | Không tải được | Điều khoản Bảo hiểm P2P,context.go,AppRoutePaths.p2pInsurance,/p2p/insurance,P2PInsuranceFundPage (/p2p/insurance),
p2p_dispute,flutter_app/lib/features/p2p_dispute/presentation/pages/dispute/p2p_insurance_policy_page.dart,75,p2p_insurance_policy_page.dart,Thử lại | Không tải được | Điều khoản Bảo hiểm P2P | Bảo hiểm · P2P,context.go,snapshot.parentRoute,,,dynamic_route_expression
p2p_dispute,flutter_app/lib/features/p2p_dispute/presentation/pages/dispute/p2p_insurance_score_page.dart,58,p2p_insurance_score_page.dart,Đang tải… | Không tải được | Điểm bảo vệ P2P,context.go,AppRoutePaths.p2pInsurance,/p2p/insurance,P2PInsuranceFundPage (/p2p/insurance),
p2p_dispute,flutter_app/lib/features/p2p_dispute/presentation/pages/dispute/p2p_insurance_score_page.dart,66,p2p_insurance_score_page.dart,Thử lại | Đang tải… | Không tải được | Điểm bảo vệ P2P,context.go,AppRoutePaths.p2pInsurance,/p2p/insurance,P2PInsuranceFundPage (/p2p/insurance),
p2p_dispute,flutter_app/lib/features/p2p_dispute/presentation/pages/dispute/p2p_insurance_score_page.dart,80,p2p_insurance_score_page.dart,Thử lại | Không tải được | Điểm bảo vệ | Bảo hiểm · P2P,context.go,snapshot.parentRoute,,,dynamic_route_expression
p2p_dispute,flutter_app/lib/features/p2p_dispute/presentation/widgets/dispute/p2p_insurance_score_page_common.dart,23,p2p_insurance_score_page_common.dart,,context.go,action.route!,,,dynamic_route_expression
p2p_marketplace,flutter_app/lib/features/p2p_marketplace/presentation/pages/ads/p2p_ad_analytics_page.dart,87,p2p_ad_analytics_page.dart,Thử lại | Phân tích quảng cáo | Phân tích · P2P | Không tải được,context.go,AppRoutePaths.p2p,/p2p,P2PHomePage (/p2p),
p2p_marketplace,flutter_app/lib/features/p2p_marketplace/presentation/pages/ads/p2p_ad_detail_page.dart,75,p2p_ad_detail_page.dart,Thử lại | Chi tiết quảng cáo | Quảng cáo · P2P | Không tải được,context.go,AppRoutePaths.p2p,/p2p,P2PHomePage (/p2p),
p2p_marketplace,flutter_app/lib/features/p2p_marketplace/presentation/pages/ads/p2p_ad_detail_page.dart,147,p2p_ad_detail_page.dart,P2P order preview review | Mua ${ad.asset},context.go,"AppRoutePaths.p2pOrder( snapshot.targetOrderId, )",/p2p/order/<snapshot.targetOrderId>,P2POrderPage (/p2p/order/:orderId),
p2p_marketplace,flutter_app/lib/features/p2p_marketplace/presentation/pages/ads/p2p_create_ad_page.dart,114,p2p_create_ad_page.dart,Đang tải… | Không tải được | Đăng quảng cáo P2P,context.go,AppRoutePaths.p2pMyAds,/p2p/my-ads,P2PMyAdsPage (/p2p/my-ads),
p2p_marketplace,flutter_app/lib/features/p2p_marketplace/presentation/pages/ads/p2p_create_ad_page.dart,121,p2p_create_ad_page.dart,Thử lại | Đang tải… | Không tải được | Đăng quảng cáo P2P,context.go,AppRoutePaths.p2pMyAds,/p2p/my-ads,P2PMyAdsPage (/p2p/my-ads),
p2p_marketplace,flutter_app/lib/features/p2p_marketplace/presentation/pages/ads/p2p_create_ad_page.dart,147,p2p_create_ad_page.dart,Đăng quảng cáo P2P | Tạo mới · P2P,context.go,AppRoutePaths.p2pMyAds,/p2p/my-ads,P2PMyAdsPage (/p2p/my-ads),
p2p_marketplace,flutter_app/lib/features/p2p_marketplace/presentation/pages/ads/p2p_create_ad_page.dart,491,p2p_create_ad_page.dart,Limit | Fee | Đã đăng quảng cáo,context.go,AppRoutePaths.p2pMyAds,/p2p/my-ads,P2PMyAdsPage (/p2p/my-ads),
p2p_marketplace,flutter_app/lib/features/p2p_marketplace/presentation/pages/ads/p2p_my_ads_page.dart,76,p2p_my_ads_page.dart,Đang tải… | Không tải được | Quảng cáo của tôi,context.go,AppRoutePaths.p2p,/p2p,P2PHomePage (/p2p),
p2p_marketplace,flutter_app/lib/features/p2p_marketplace/presentation/pages/ads/p2p_my_ads_page.dart,83,p2p_my_ads_page.dart,Thử lại | Đang tải… | Không tải được | Quảng cáo của tôi,context.go,AppRoutePaths.p2p,/p2p,P2PHomePage (/p2p),
p2p_marketplace,flutter_app/lib/features/p2p_marketplace/presentation/pages/ads/p2p_my_ads_page.dart,119,p2p_my_ads_page.dart,Tạo quảng cáo | Quảng cáo của tôi | Quảng cáo · P2P,context.go,AppRoutePaths.p2p,/p2p,P2PHomePage (/p2p),
p2p_marketplace,flutter_app/lib/features/p2p_marketplace/presentation/pages/ads/p2p_my_ads_page.dart,128,p2p_my_ads_page.dart,Tạo quảng cáo | Quảng cáo của tôi | Quảng cáo · P2P,context.go,AppRoutePaths.p2pCreate,/p2p/create,P2PCreateAdPage (/p2p/create),
p2p_marketplace,flutter_app/lib/features/p2p_marketplace/presentation/pages/ads/p2p_my_ads_page.dart,170,p2p_my_ads_page.dart,Tạm dừng ($pausedCount),context.go,AppRoutePaths.p2pAdAnalytics('sample'),/p2p/ad-analytics/sample,P2PAdAnalyticsPage (/p2p/ad-analytics/:adId),
p2p_marketplace,flutter_app/lib/features/p2p_marketplace/presentation/pages/ads/p2p_my_ads_page.dart,172,p2p_my_ads_page.dart,Tạm dừng ($pausedCount) | My ads state review,context.go,AppRoutePaths.p2pCreate,/p2p/create,P2PCreateAdPage (/p2p/create),
p2p_marketplace,flutter_app/lib/features/p2p_marketplace/presentation/pages/ads/p2p_order_book_page.dart,83,p2p_order_book_page.dart,Đang tải… | Không tải được | Sổ lệnh P2P,context.go,AppRoutePaths.p2p,/p2p,P2PHomePage (/p2p),
p2p_marketplace,flutter_app/lib/features/p2p_marketplace/presentation/pages/ads/p2p_order_book_page.dart,91,p2p_order_book_page.dart,Thử lại | Đang tải… | Không tải được | Sổ lệnh P2P,context.go,AppRoutePaths.p2p,/p2p,P2PHomePage (/p2p),
p2p_marketplace,flutter_app/lib/features/p2p_marketplace/presentation/pages/ads/p2p_order_book_page.dart,106,p2p_order_book_page.dart,Thử lại | Không tải được,context.go,snapshot.parentRoute,,,dynamic_route_expression
p2p_marketplace,flutter_app/lib/features/p2p_marketplace/presentation/pages/hub/p2p_dashboard_page.dart,94,p2p_dashboard_page.dart,Đang tải… | Không tải được | Tổng quan P2P,context.go,AppRoutePaths.p2p,/p2p,P2PHomePage (/p2p),
p2p_marketplace,flutter_app/lib/features/p2p_marketplace/presentation/pages/hub/p2p_dashboard_page.dart,102,p2p_dashboard_page.dart,Thử lại | Đang tải… | Không tải được | Tổng quan P2P,context.go,AppRoutePaths.p2p,/p2p,P2PHomePage (/p2p),
p2p_marketplace,flutter_app/lib/features/p2p_marketplace/presentation/pages/hub/p2p_dashboard_page.dart,116,p2p_dashboard_page.dart,Thử lại | Không tải được,context.go,snapshot.parentRoute,,,dynamic_route_expression
p2p_marketplace,flutter_app/lib/features/p2p_marketplace/presentation/pages/hub/p2p_express_confirm_page.dart,215,p2p_express_confirm_page.dart,,context.go,AppRoutePaths.p2pOrder(controller.orderRouteId),/p2p/order/<controller.orderRouteId>,P2POrderPage (/p2p/order/:orderId),
p2p_marketplace,flutter_app/lib/features/p2p_marketplace/presentation/pages/hub/p2p_express_confirm_page.dart,224,p2p_express_confirm_page.dart,,context.go,AppRoutePaths.p2p,/p2p,P2PHomePage (/p2p),
p2p_marketplace,flutter_app/lib/features/p2p_marketplace/presentation/pages/hub/p2p_express_confirm_page.dart,221,p2p_express_confirm_page.dart,,context.pop,,,,back_or_close_modal
p2p_marketplace,flutter_app/lib/features/p2p_marketplace/presentation/pages/hub/p2p_guide_page.dart,76,p2p_guide_page.dart,Đang tải… | Không tải được | Hướng dẫn P2P,context.go,AppRoutePaths.p2p,/p2p,P2PHomePage (/p2p),
p2p_marketplace,flutter_app/lib/features/p2p_marketplace/presentation/pages/hub/p2p_guide_page.dart,84,p2p_guide_page.dart,Thử lại | Đang tải… | Không tải được | Hướng dẫn P2P,context.go,AppRoutePaths.p2p,/p2p,P2PHomePage (/p2p),
p2p_marketplace,flutter_app/lib/features/p2p_marketplace/presentation/pages/hub/p2p_guide_page.dart,100,p2p_guide_page.dart,Thử lại | Không tải được,context.go,snapshot.parentRoute,,,dynamic_route_expression
p2p_marketplace,flutter_app/lib/features/p2p_marketplace/presentation/pages/hub/p2p_notifications_settings_page.dart,75,p2p_notifications_settings_page.dart,Đang tải… | Không tải được | Cài đặt thông báo P2P,context.go,AppRoutePaths.p2pSettings,/p2p/settings,P2PSettingsPage (/p2p/settings),
p2p_marketplace,flutter_app/lib/features/p2p_marketplace/presentation/pages/hub/p2p_notifications_settings_page.dart,83,p2p_notifications_settings_page.dart,Thử lại | Đang tải… | Không tải được | Cài đặt thông báo P2P,context.go,AppRoutePaths.p2pSettings,/p2p/settings,P2PSettingsPage (/p2p/settings),
p2p_marketplace,flutter_app/lib/features/p2p_marketplace/presentation/pages/hub/p2p_notifications_settings_page.dart,99,p2p_notifications_settings_page.dart,Thử lại | Không tải được,context.go,snapshot.parentRoute,,,dynamic_route_expression
p2p_marketplace,flutter_app/lib/features/p2p_marketplace/presentation/pages/hub/p2p_settings_page.dart,92,p2p_settings_page.dart,Đang tải… | Không tải được | Cài đặt P2P,context.go,AppRoutePaths.p2p,/p2p,P2PHomePage (/p2p),
p2p_marketplace,flutter_app/lib/features/p2p_marketplace/presentation/pages/hub/p2p_settings_page.dart,100,p2p_settings_page.dart,Thử lại | Đang tải… | Không tải được | Cài đặt P2P,context.go,AppRoutePaths.p2p,/p2p,P2PHomePage (/p2p),
p2p_marketplace,flutter_app/lib/features/p2p_marketplace/presentation/pages/hub/p2p_settings_page.dart,116,p2p_settings_page.dart,Thử lại | Không tải được,context.go,snapshot.parentRoute,,,dynamic_route_expression
p2p_marketplace,flutter_app/lib/features/p2p_marketplace/presentation/pages/hub/p2p_trading_level_page.dart,60,p2p_trading_level_page.dart,Thử lại | Cấp độ giao dịch P2P | Cấp bậc · P2P | Không tải được,context.go,AppRoutePaths.p2p,/p2p,P2PHomePage (/p2p),
p2p_marketplace,flutter_app/lib/features/p2p_marketplace/presentation/widgets/ads/p2p_ad_detail_merchant_info.dart,14,p2p_ad_detail_merchant_info.dart,,context.go,AppRoutePaths.p2pMerchant(ad.merchantId),/p2p/merchant/<ad.merchantId>,P2PMerchantProfilePage (/p2p/merchant/:merchantId),
p2p_marketplace,flutter_app/lib/features/p2p_marketplace/presentation/widgets/ads/p2p_my_ads_empty_links.dart,26,p2p_my_ads_empty_links.dart,,context.go,AppRoutePaths.p2pCreate,/p2p/create,P2PCreateAdPage (/p2p/create),
p2p_marketplace,flutter_app/lib/features/p2p_marketplace/presentation/widgets/ads/p2p_my_ads_empty_links.dart,92,p2p_my_ads_empty_links.dart,,context.go,link.route,,,dynamic_route_expression
p2p_marketplace,flutter_app/lib/features/p2p_marketplace/presentation/widgets/hub/p2p_dashboard_activity_cards.dart,132,p2p_dashboard_activity_cards.dart,,context.go,AppRoutePaths.p2pMerchant(snapshot.topMerchants[index].id),/p2p/merchant/<snapshot.topMerchants[index].id>,P2PMerchantProfilePage (/p2p/merchant/:merchantId),
p2p_marketplace,flutter_app/lib/features/p2p_marketplace/presentation/widgets/hub/p2p_dashboard_activity_cards.dart,173,p2p_dashboard_activity_cards.dart,Xem tất cả | Hoạt động gần đây,context.go,snapshot.myOrdersRoute,,,dynamic_route_expression
p2p_marketplace,flutter_app/lib/features/p2p_marketplace/presentation/widgets/hub/p2p_dashboard_activity_cards.dart,237,p2p_dashboard_activity_cards.dart,,context.go,action.route,,,dynamic_route_expression
p2p_marketplace,flutter_app/lib/features/p2p_marketplace/presentation/widgets/hub/p2p_express_page_state.dart,39,p2p_express_page_state.dart,Marketplace | Giao dịch Express | Mua bán nhanh | Giao dịch nhanh P2P,context.go,AppRoutePaths.p2p,/p2p,P2PHomePage (/p2p),
p2p_marketplace,flutter_app/lib/features/p2p_marketplace/presentation/widgets/hub/p2p_express_page_state.dart,45,p2p_express_page_state.dart,Marketplace | Thử lại | Giao dịch Express | Mua bán nhanh,context.go,AppRoutePaths.p2p,/p2p,P2PHomePage (/p2p),
p2p_marketplace,flutter_app/lib/features/p2p_marketplace/presentation/widgets/hub/p2p_express_page_state.dart,119,p2p_express_page_state.dart,,context.go,AppRoutePaths.p2pMerchant(bestAd.merchantId),/p2p/merchant/<bestAd.merchantId>,P2PMerchantProfilePage (/p2p/merchant/:merchantId),
p2p_marketplace,flutter_app/lib/features/p2p_marketplace/presentation/widgets/hub/p2p_express_page_state.dart,122,p2p_express_page_state.dart,,context.go,AppRoutePaths.p2p,/p2p,P2PHomePage (/p2p),
p2p_marketplace,flutter_app/lib/features/p2p_marketplace/presentation/widgets/hub/p2p_express_page_state.dart,216,p2p_express_page_state.dart,,context.go,'${AppRoutePaths.p2pExpressConfirm}?$params',/p2p/express/confirm?$params,P2PExpressConfirmPage (/p2p/express/confirm),
p2p_marketplace,flutter_app/lib/features/p2p_marketplace/presentation/widgets/hub/p2p_guide_steps_safety.dart,81,p2p_guide_steps_safety.dart,Mua crypto ngay,context.go,snapshot.marketRoute,,,dynamic_route_expression
p2p_marketplace,flutter_app/lib/features/p2p_marketplace/presentation/widgets/hub/p2p_guide_steps_safety.dart,234,p2p_guide_steps_safety.dart,Liên hệ hỗ trợ khẩn cấp,context.go,snapshot.supportRoute,,,dynamic_route_expression
p2p_marketplace,flutter_app/lib/features/p2p_marketplace/presentation/widgets/hub/p2p_home_offer_list.dart,377,p2p_home_offer_list.dart,Xem hướng dẫn P2P,context.go,AppRoutePaths.p2pGuide,/p2p/guide,P2PGuidePage (/p2p/guide),
p2p_marketplace,flutter_app/lib/features/p2p_marketplace/presentation/widgets/hub/p2p_home_page_state.dart,42,p2p_home_page_state.dart,Đang tải… | Không tải được | Trang chủ giao dịch P2P,context.go,AppRoutePaths.home,/home,HomeResponsiveEntry (/home),
p2p_marketplace,flutter_app/lib/features/p2p_marketplace/presentation/widgets/hub/p2p_home_page_state.dart,50,p2p_home_page_state.dart,Thử lại | Đang tải… | Không tải được | Trang chủ giao dịch P2P,context.go,AppRoutePaths.home,/home,HomeResponsiveEntry (/home),
p2p_marketplace,flutter_app/lib/features/p2p_marketplace/presentation/widgets/hub/p2p_home_page_state.dart,93,p2p_home_page_state.dart,Tạo tin,context.go,AppRoutePaths.home,/home,HomeResponsiveEntry (/home),
p2p_marketplace,flutter_app/lib/features/p2p_marketplace/presentation/widgets/hub/p2p_home_page_state.dart,99,p2p_home_page_state.dart,Tạo tin | Đơn của tôi,context.go,snapshot.createRoute,,,dynamic_route_expression
p2p_marketplace,flutter_app/lib/features/p2p_marketplace/presentation/widgets/hub/p2p_home_page_state.dart,105,p2p_home_page_state.dart,Tạo tin | Đơn của tôi | Công cụ,context.go,snapshot.myOrdersRoute,,,dynamic_route_expression
p2p_marketplace,flutter_app/lib/features/p2p_marketplace/presentation/widgets/hub/p2p_home_page_state.dart,217,p2p_home_page_state.dart,,context.go,AppRoutePaths.p2pAd(ad.id),/p2p/ad/<ad.id>,P2PAdDetailPage (/p2p/ad/:adId),
p2p_marketplace,flutter_app/lib/features/p2p_marketplace/presentation/widgets/hub/p2p_home_page_state.dart,218,p2p_home_page_state.dart,,context.go,AppRoutePaths.p2pMerchant(ad.merchantId),/p2p/merchant/<ad.merchantId>,P2PMerchantProfilePage (/p2p/merchant/:merchantId),
p2p_marketplace,flutter_app/lib/features/p2p_marketplace/presentation/widgets/hub/p2p_home_page_state.dart,221,p2p_home_page_state.dart,,context.go,AppRoutePaths.p2pReport(ad.merchantId),/p2p/report/<ad.merchantId>,P2PReportMerchantPage (/p2p/report/:merchantId),
p2p_marketplace,flutter_app/lib/features/p2p_marketplace/presentation/widgets/hub/p2p_home_page_state.dart,321,p2p_home_page_state.dart,Xác minh KYC,context.go,snapshot.tradingLevelRoute,,,dynamic_route_expression
p2p_marketplace,flutter_app/lib/features/p2p_marketplace/presentation/widgets/hub/p2p_home_page_state.dart,420,p2p_home_page_state.dart,,context.go,snapshot.quickActions[index].route,,,dynamic_route_expression
p2p_marketplace,flutter_app/lib/features/p2p_marketplace/presentation/widgets/hub/p2p_home_tools.dart,97,p2p_home_tools.dart,Công cụ P2P,onNavigate,tool.route,,,dynamic_route_expression
p2p_marketplace,flutter_app/lib/features/p2p_marketplace/presentation/widgets/hub/p2p_settings_trade_security.dart,227,p2p_settings_trade_security.dart,Thiết bị tin cậy | Danh sách chặn,context.go,snapshot.trustedDevicesRoute,,,dynamic_route_expression
p2p_marketplace,flutter_app/lib/features/p2p_marketplace/presentation/widgets/hub/p2p_settings_trade_security.dart,235,p2p_settings_trade_security.dart,Thiết bị tin cậy | Danh sách chặn,context.go,snapshot.blacklistRoute,,,dynamic_route_expression
p2p_orders,flutter_app/lib/features/p2p_orders/presentation/pages/orders/p2p_chat_page.dart,99,p2p_chat_page.dart,Thử lại | Không tải được,context.go,AppRoutePaths.p2pE2EInfo,/p2p/e2e-info,P2PE2EInfoPage (/p2p/e2e-info),
p2p_orders,flutter_app/lib/features/p2p_orders/presentation/pages/orders/p2p_chat_page.dart,124,p2p_chat_page.dart,,context.go,AppRoutePaths.p2pE2EInfo,/p2p/e2e-info,P2PE2EInfoPage (/p2p/e2e-info),
p2p_orders,flutter_app/lib/features/p2p_orders/presentation/pages/orders/p2p_escrow_balance_page.dart,88,p2p_escrow_balance_page.dart,Đang tải… | Không tải được | Số dư ký quỹ Escrow,context.go,AppRoutePaths.p2p,/p2p,P2PHomePage (/p2p),
p2p_orders,flutter_app/lib/features/p2p_orders/presentation/pages/orders/p2p_escrow_balance_page.dart,95,p2p_escrow_balance_page.dart,Thử lại | Đang tải… | Không tải được | Số dư ký quỹ Escrow,context.go,AppRoutePaths.p2p,/p2p,P2PHomePage (/p2p),
p2p_orders,flutter_app/lib/features/p2p_orders/presentation/pages/orders/p2p_escrow_balance_page.dart,117,p2p_escrow_balance_page.dart,Thử lại | Số dư ký quỹ Escrow,context.go,snapshot.parentRoute,,,dynamic_route_expression
p2p_orders,flutter_app/lib/features/p2p_orders/presentation/pages/orders/p2p_escrow_detail_page.dart,85,p2p_escrow_detail_page.dart,Đang tải… | Không tải được | Chi tiết Escrow,context.go,AppRoutePaths.p2pOrder(widget.orderId),/p2p/order/<widget.orderId>,P2POrderPage (/p2p/order/:orderId),
p2p_orders,flutter_app/lib/features/p2p_orders/presentation/pages/orders/p2p_escrow_detail_page.dart,92,p2p_escrow_detail_page.dart,Thử lại | Đang tải… | Không tải được | Chi tiết Escrow,context.go,AppRoutePaths.p2pOrder(widget.orderId),/p2p/order/<widget.orderId>,P2POrderPage (/p2p/order/:orderId),
p2p_orders,flutter_app/lib/features/p2p_orders/presentation/pages/orders/p2p_escrow_detail_page.dart,110,p2p_escrow_detail_page.dart,Thử lại | Không tải được | Chi tiết Escrow | Escrow · P2P,context.go,snapshot.parentRoute,,,dynamic_route_expression
p2p_orders,flutter_app/lib/features/p2p_orders/presentation/pages/orders/p2p_fund_lock_history_page.dart,44,p2p_fund_lock_history_page.dart,Đang tải… | Không tải được | Lịch sử khóa quỹ P2P,context.go,AppRoutePaths.p2pWallet,/p2p/wallet,P2PWalletPage (/p2p/wallet),
p2p_orders,flutter_app/lib/features/p2p_orders/presentation/pages/orders/p2p_fund_lock_history_page.dart,51,p2p_fund_lock_history_page.dart,Thử lại | Đang tải… | Không tải được | Lịch sử khóa quỹ P2P,context.go,AppRoutePaths.p2pWallet,/p2p/wallet,P2PWalletPage (/p2p/wallet),
p2p_orders,flutter_app/lib/features/p2p_orders/presentation/pages/orders/p2p_fund_lock_history_page.dart,68,p2p_fund_lock_history_page.dart,Thử lại | Không tải được | Xem lại lịch sử khóa tiền | Lịch sử khóa quỹ P2P,context.go,snapshot.parentRoute,,,dynamic_route_expression
p2p_orders,flutter_app/lib/features/p2p_orders/presentation/pages/orders/p2p_my_orders_page.dart,94,p2p_my_orders_page.dart,Đang tải… | Không tải được | Đơn P2P của tôi,context.go,AppRoutePaths.p2p,/p2p,P2PHomePage (/p2p),
p2p_orders,flutter_app/lib/features/p2p_orders/presentation/pages/orders/p2p_my_orders_page.dart,102,p2p_my_orders_page.dart,Thử lại | Đang tải… | Không tải được | Đơn P2P của tôi,context.go,AppRoutePaths.p2p,/p2p,P2PHomePage (/p2p),
p2p_orders,flutter_app/lib/features/p2p_orders/presentation/pages/orders/p2p_my_orders_page.dart,119,p2p_my_orders_page.dart,P2P Dashboard | Thử lại | Không tải được,context.go,snapshot.parentRoute,,,dynamic_route_expression
p2p_orders,flutter_app/lib/features/p2p_orders/presentation/pages/orders/p2p_my_orders_page.dart,125,p2p_my_orders_page.dart,P2P Dashboard,context.go,snapshot.dashboardRoute,,,dynamic_route_expression
p2p_orders,flutter_app/lib/features/p2p_orders/presentation/pages/orders/p2p_my_orders_page.dart,181,p2p_my_orders_page.dart,Xem lại danh sách đơn P2P,context.go,"AppRoutePaths.p2pDisputeDetail( order.id, )",/p2p/dispute/detail/<order.id>,P2PDisputeDetailPage (/p2p/dispute/detail/:disputeId),
p2p_orders,flutter_app/lib/features/p2p_orders/presentation/pages/orders/p2p_my_orders_page.dart,246,p2p_my_orders_page.dart,,context.go,AppRoutePaths.p2pDisputeDetail(order.id),/p2p/dispute/detail/<order.id>,P2PDisputeDetailPage (/p2p/dispute/detail/:disputeId),
p2p_orders,flutter_app/lib/features/p2p_orders/presentation/pages/orders/p2p_my_orders_page.dart,249,p2p_my_orders_page.dart,,context.go,AppRoutePaths.p2pOrder(order.id),/p2p/order/<order.id>,P2POrderPage (/p2p/order/:orderId),
p2p_orders,flutter_app/lib/features/p2p_orders/presentation/pages/orders/p2p_order_cancel_page.dart,155,p2p_order_cancel_page.dart,,context.go,AppRoutePaths.p2pOrder(order.id),/p2p/order/<order.id>,P2POrderPage (/p2p/order/:orderId),
p2p_orders,flutter_app/lib/features/p2p_orders/presentation/pages/orders/p2p_order_proof_page.dart,214,p2p_order_proof_page.dart,,context.go,AppRoutePaths.p2pOrder(order.id),/p2p/order/<order.id>,P2POrderPage (/p2p/order/:orderId),
p2p_orders,flutter_app/lib/features/p2p_orders/presentation/pages/orders/p2p_order_rate_page.dart,111,p2p_order_rate_page.dart,Thử lại | Không tải được,context.go,AppRoutePaths.p2p,/p2p,P2PHomePage (/p2p),
p2p_orders,flutter_app/lib/features/p2p_orders/presentation/pages/orders/p2p_order_rate_page.dart,199,p2p_order_rate_page.dart,,context.go,AppRoutePaths.p2pOrder(widget.orderId),/p2p/order/<widget.orderId>,P2POrderPage (/p2p/order/:orderId),
p2p_orders,flutter_app/lib/features/p2p_orders/presentation/pages/orders/p2p_order_rate_page.dart,196,p2p_order_rate_page.dart,,context.pop,,,,back_or_close_modal
p2p_orders,flutter_app/lib/features/p2p_orders/presentation/pages/wallet/p2p_wallet_page.dart,100,p2p_wallet_page.dart,Đang tải… | Không tải được | Ví P2P,context.go,AppRoutePaths.p2p,/p2p,P2PHomePage (/p2p),
p2p_orders,flutter_app/lib/features/p2p_orders/presentation/pages/wallet/p2p_wallet_page.dart,108,p2p_wallet_page.dart,Thử lại | Đang tải… | Không tải được | Ví P2P,context.go,AppRoutePaths.p2p,/p2p,P2PHomePage (/p2p),
p2p_orders,flutter_app/lib/features/p2p_orders/presentation/pages/wallet/p2p_wallet_page.dart,122,p2p_wallet_page.dart,Thử lại | Không tải được,context.go,snapshot.parentRoute,,,dynamic_route_expression
p2p_orders,flutter_app/lib/features/p2p_orders/presentation/pages/wallet/p2p_wallet_page.dart,127,p2p_wallet_page.dart,Thử lại | Không tải được,context.go,snapshot.historyRoute,,,dynamic_route_expression
p2p_orders,flutter_app/lib/features/p2p_orders/presentation/pages/wallet/p2p_wallet_page.dart,159,p2p_wallet_page.dart,,context.go,'${snapshot.transferRoute}?direction=from-main',${snapshot.transferRoute}?direction=from-main,,
p2p_orders,flutter_app/lib/features/p2p_orders/presentation/pages/wallet/p2p_wallet_page.dart,162,p2p_wallet_page.dart,,context.go,'${snapshot.transferRoute}?direction=to-main',${snapshot.transferRoute}?direction=to-main,,
p2p_orders,flutter_app/lib/features/p2p_orders/presentation/pages/wallet/p2p_wallet_transfer_page.dart,129,p2p_wallet_transfer_page.dart,Đang tải… | Không tải được | Chuyển tiền trong ví P2P,context.go,AppRoutePaths.p2pWallet,/p2p/wallet,P2PWalletPage (/p2p/wallet),
p2p_orders,flutter_app/lib/features/p2p_orders/presentation/pages/wallet/p2p_wallet_transfer_page.dart,137,p2p_wallet_transfer_page.dart,Thử lại | Đang tải… | Không tải được | Chuyển tiền trong ví P2P,context.go,AppRoutePaths.p2pWallet,/p2p/wallet,P2PWalletPage (/p2p/wallet),
p2p_orders,flutter_app/lib/features/p2p_orders/presentation/pages/wallet/p2p_wallet_transfer_page.dart,165,p2p_wallet_transfer_page.dart,Ví · P2P,context.go,snapshot.parentRoute,,,dynamic_route_expression
p2p_orders,flutter_app/lib/features/p2p_orders/presentation/pages/wallet/p2p_wallet_transfer_page.dart,203,p2p_wallet_transfer_page.dart,,context.go,snapshot.parentRoute,,,dynamic_route_expression
p2p_orders,flutter_app/lib/features/p2p_orders/presentation/widgets/orders/p2p_chat_header_banners.dart,22,p2p_chat_header_banners.dart,Quay lại chi tiết đơn P2P,context.go,AppRoutePaths.p2pOrder(snapshot.orderId),/p2p/order/<snapshot.orderId>,P2POrderPage (/p2p/order/:orderId),
p2p_orders,flutter_app/lib/features/p2p_orders/presentation/widgets/orders/p2p_chat_header_banners.dart,81,p2p_chat_header_banners.dart,Mở chi tiết đơn P2P | Mở thông tin mã hóa E2E | Chi tiết,context.go,AppRoutePaths.p2pOrder(snapshot.orderId),/p2p/order/<snapshot.orderId>,P2POrderPage (/p2p/order/:orderId),
p2p_orders,flutter_app/lib/features/p2p_orders/presentation/widgets/orders/p2p_chat_header_banners.dart,89,p2p_chat_header_banners.dart,Mở chi tiết đơn P2P | Mở thông tin mã hóa E2E | Chi tiết,context.go,AppRoutePaths.p2pE2EInfo,/p2p/e2e-info,P2PE2EInfoPage (/p2p/e2e-info),
p2p_orders,flutter_app/lib/features/p2p_orders/presentation/widgets/orders/p2p_escrow_balance_page_sections.dart,185,p2p_escrow_balance_page_sections.dart,,context.go,AppRoutePaths.p2pOrder(order.canonicalOrderId),/p2p/order/<order.canonicalOrderId>,P2POrderPage (/p2p/order/:orderId),
p2p_orders,flutter_app/lib/features/p2p_orders/presentation/widgets/orders/p2p_escrow_detail_timeline_actions.dart,163,p2p_escrow_detail_timeline_actions.dart,,context.go,AppRoutePaths.p2pOrder(orderId),/p2p/order/<orderId>,P2POrderPage (/p2p/order/:orderId),
p2p_orders,flutter_app/lib/features/p2p_orders/presentation/widgets/orders/p2p_my_orders_page_sections.dart,347,p2p_my_orders_page_sections.dart,Tạo giao dịch P2P | Xem hướng dẫn P2P,context.go,snapshot.parentRoute,,,dynamic_route_expression
p2p_orders,flutter_app/lib/features/p2p_orders/presentation/widgets/orders/p2p_my_orders_page_sections.dart,354,p2p_my_orders_page_sections.dart,Tạo giao dịch P2P | Xem hướng dẫn P2P,context.go,AppRoutePaths.p2pGuide,/p2p/guide,P2PGuidePage (/p2p/guide),
p2p_orders,flutter_app/lib/features/p2p_orders/presentation/widgets/orders/p2p_order_page_common.dart,14,p2p_order_page_common.dart,,context.go,action.route,,,dynamic_route_expression
p2p_orders,flutter_app/lib/features/p2p_orders/presentation/widgets/orders/p2p_order_page_state.dart,85,p2p_order_page_state.dart,,context.go,AppRoutePaths.p2pEscrow(order.id),/p2p/escrow/<order.id>,P2PEscrowDetailPage (/p2p/escrow/:orderId),
p2p_orders,flutter_app/lib/features/p2p_orders/presentation/widgets/orders/p2p_order_page_state.dart,105,p2p_order_page_state.dart,,context.go,AppRoutePaths.p2pOrderProof(order.id),/p2p/order/proof/<order.id>,P2POrderProofPage (/p2p/order/proof/:orderId),
p2p_orders,flutter_app/lib/features/p2p_orders/presentation/widgets/orders/p2p_order_page_state.dart,114,p2p_order_page_state.dart,,context.go,AppRoutePaths.p2pChat(order.id),/p2p/chat/<order.id>,P2PChatPage (/p2p/chat/:orderId),
p2p_orders,flutter_app/lib/features/p2p_orders/presentation/widgets/orders/p2p_order_page_state.dart,120,p2p_order_page_state.dart,Mở khiếu nại,context.go,AppRoutePaths.p2pDispute(order.id),/p2p/dispute/<order.id>,P2PDisputePage (/p2p/dispute/:orderId),
p2p_orders,flutter_app/lib/features/p2p_orders/presentation/widgets/orders/p2p_order_page_state.dart,133,p2p_order_page_state.dart,Mở khiếu nại | Hủy đơn hàng,context.go,AppRoutePaths.p2pOrderCancel(order.id),/p2p/order/cancel/<order.id>,P2POrderCancelPage (/p2p/order/cancel/:orderId),
p2p_orders,flutter_app/lib/features/p2p_orders/presentation/widgets/wallet/p2p_wallet_actions_history.dart,72,p2p_wallet_actions_history.dart,Xem tất cả,context.go,snapshot.historyRoute,,,dynamic_route_expression
p2p_orders,flutter_app/lib/features/p2p_orders/presentation/widgets/wallet/p2p_wallet_balances.dart,138,p2p_wallet_balances.dart,Chuyển vào | Chuyển ra,context.go,'${snapshot.transferRoute}?asset=${balance.asset}&type=deposit',${snapshot.transferRoute}?asset=${balance.asset}&type=deposit,,
p2p_orders,flutter_app/lib/features/p2p_orders/presentation/widgets/wallet/p2p_wallet_balances.dart,150,p2p_wallet_balances.dart,Chuyển vào | Chuyển ra,context.go,'${snapshot.transferRoute}?asset=${balance.asset}&type=withdraw',${snapshot.transferRoute}?asset=${balance.asset}&type=withdraw,,
p2p_orders,flutter_app/lib/features/p2p_orders/presentation/widgets/wallet/p2p_wallet_balances.dart,163,p2p_wallet_balances.dart,Chuyển ra,context.go,'${snapshot.escrowBalanceRoute}?asset=${balance.asset}',${snapshot.escrowBalanceRoute}?asset=${balance.asset},,
p2p_security,flutter_app/lib/features/p2p_security/presentation/pages/security/p2p_2fa_settings_page.dart,71,p2p_2fa_settings_page.dart,Đang tải… | Không tải được | Cài đặt 2FA cho P2P,context.go,AppRoutePaths.p2pSecurityCenter,/p2p/security/center,P2PSecurityCenterPage (/p2p/security/center),
p2p_security,flutter_app/lib/features/p2p_security/presentation/pages/security/p2p_2fa_settings_page.dart,78,p2p_2fa_settings_page.dart,Thử lại | Đang tải… | Không tải được | Cài đặt 2FA cho P2P,context.go,AppRoutePaths.p2pSecurityCenter,/p2p/security/center,P2PSecurityCenterPage (/p2p/security/center),
p2p_security,flutter_app/lib/features/p2p_security/presentation/pages/security/p2p_2fa_settings_page.dart,103,p2p_2fa_settings_page.dart,2FA cho P2P | Bảo mật · P2P | Cài đặt 2FA cho P2P,context.go,snapshot.parentRoute,,,dynamic_route_expression
p2p_security,flutter_app/lib/features/p2p_security/presentation/pages/security/p2p_achievements_page.dart,71,p2p_achievements_page.dart,Đang tải… | Không tải được | Thành tích P2P,context.go,AppRoutePaths.p2p,/p2p,P2PHomePage (/p2p),
p2p_security,flutter_app/lib/features/p2p_security/presentation/pages/security/p2p_achievements_page.dart,79,p2p_achievements_page.dart,Thử lại | Đang tải… | Không tải được | Thành tích P2P,context.go,AppRoutePaths.p2p,/p2p,P2PHomePage (/p2p),
p2p_security,flutter_app/lib/features/p2p_security/presentation/pages/security/p2p_achievements_page.dart,93,p2p_achievements_page.dart,Thử lại | Không tải được,context.go,snapshot.parentRoute,,,dynamic_route_expression
p2p_security,flutter_app/lib/features/p2p_security/presentation/pages/security/p2p_aml_screening_page.dart,61,p2p_aml_screening_page.dart,Đang tải… | Không tải được | Sàng lọc chống rửa tiền P2P,context.go,AppRoutePaths.p2pComplianceOverview,/p2p/compliance/overview,P2PComplianceOverviewPage (/p2p/compliance/overview),
p2p_security,flutter_app/lib/features/p2p_security/presentation/pages/security/p2p_aml_screening_page.dart,69,p2p_aml_screening_page.dart,Thử lại | Đang tải… | Không tải được | Sàng lọc chống rửa tiền P2P,context.go,AppRoutePaths.p2pComplianceOverview,/p2p/compliance/overview,P2PComplianceOverviewPage (/p2p/compliance/overview),
p2p_security,flutter_app/lib/features/p2p_security/presentation/pages/security/p2p_aml_screening_page.dart,83,p2p_aml_screening_page.dart,Thử lại | Không tải được,context.go,snapshot.parentRoute,,,dynamic_route_expression
p2p_security,flutter_app/lib/features/p2p_security/presentation/pages/security/p2p_anti_phishing_code_page.dart,94,p2p_anti_phishing_code_page.dart,Đang tải… | Không tải được | Mã chống lừa đảo P2P,context.go,AppRoutePaths.p2pSecurityCenter,/p2p/security/center,P2PSecurityCenterPage (/p2p/security/center),
p2p_security,flutter_app/lib/features/p2p_security/presentation/pages/security/p2p_anti_phishing_code_page.dart,102,p2p_anti_phishing_code_page.dart,Thử lại | Đang tải… | Không tải được | Mã chống lừa đảo P2P,context.go,AppRoutePaths.p2pSecurityCenter,/p2p/security/center,P2PSecurityCenterPage (/p2p/security/center),
p2p_security,flutter_app/lib/features/p2p_security/presentation/pages/security/p2p_anti_phishing_code_page.dart,123,p2p_anti_phishing_code_page.dart,Thử lại | Mã chống phishing | Bảo mật · P2P,context.go,snapshot.parentRoute,,,dynamic_route_expression
p2p_security,flutter_app/lib/features/p2p_security/presentation/pages/security/p2p_blacklist_add_page.dart,68,p2p_blacklist_add_page.dart,,context.go,snapshot.blacklistRoute,,,dynamic_route_expression
p2p_security,flutter_app/lib/features/p2p_security/presentation/pages/security/p2p_blacklist_add_page.dart,96,p2p_blacklist_add_page.dart,Đang tải… | Không tải được | Thêm vào danh sách chặn P2P,context.go,AppRoutePaths.p2pBlacklist,/p2p/blacklist,P2PBlacklistPage (/p2p/blacklist),
p2p_security,flutter_app/lib/features/p2p_security/presentation/pages/security/p2p_blacklist_add_page.dart,104,p2p_blacklist_add_page.dart,Thử lại | Đang tải… | Không tải được | Thêm vào danh sách chặn P2P,context.go,AppRoutePaths.p2pBlacklist,/p2p/blacklist,P2PBlacklistPage (/p2p/blacklist),
p2p_security,flutter_app/lib/features/p2p_security/presentation/pages/security/p2p_blacklist_add_page.dart,118,p2p_blacklist_add_page.dart,Thử lại | Không tải được,context.go,snapshot.parentRoute,,,dynamic_route_expression
p2p_security,flutter_app/lib/features/p2p_security/presentation/pages/security/p2p_blacklist_page.dart,94,p2p_blacklist_page.dart,Đang tải… | Không tải được | Danh sách chặn P2P,context.go,AppRoutePaths.p2p,/p2p,P2PHomePage (/p2p),
p2p_security,flutter_app/lib/features/p2p_security/presentation/pages/security/p2p_blacklist_page.dart,102,p2p_blacklist_page.dart,Thử lại | Đang tải… | Không tải được | Danh sách chặn P2P,context.go,AppRoutePaths.p2p,/p2p,P2PHomePage (/p2p),
p2p_security,flutter_app/lib/features/p2p_security/presentation/pages/security/p2p_blacklist_page.dart,121,p2p_blacklist_page.dart,Thử lại | Không tải được,context.go,snapshot.parentRoute,,,dynamic_route_expression
p2p_security,flutter_app/lib/features/p2p_security/presentation/pages/security/p2p_blacklist_page.dart,128,p2p_blacklist_page.dart,,context.go,snapshot.addRoute,,,dynamic_route_expression
p2p_security,flutter_app/lib/features/p2p_security/presentation/pages/security/p2p_compliance_overview_page.dart,66,p2p_compliance_overview_page.dart,Đang tải… | Không tải được | Tổng quan tuân thủ P2P,context.go,AppRoutePaths.p2p,/p2p,P2PHomePage (/p2p),
p2p_security,flutter_app/lib/features/p2p_security/presentation/pages/security/p2p_compliance_overview_page.dart,74,p2p_compliance_overview_page.dart,Thử lại | Đang tải… | Không tải được | Tổng quan tuân thủ P2P,context.go,AppRoutePaths.p2p,/p2p,P2PHomePage (/p2p),
p2p_security,flutter_app/lib/features/p2p_security/presentation/pages/security/p2p_compliance_overview_page.dart,88,p2p_compliance_overview_page.dart,Thử lại | Không tải được,context.go,snapshot.parentRoute,,,dynamic_route_expression
p2p_security,flutter_app/lib/features/p2p_security/presentation/pages/security/p2p_compliance_overview_page.dart,248,p2p_compliance_overview_page.dart,,context.go,item.route,,,dynamic_route_expression
p2p_security,flutter_app/lib/features/p2p_security/presentation/pages/security/p2p_contribution_history_page.dart,74,p2p_contribution_history_page.dart,Đang tải… | Không tải được | Lịch sử đóng góp bảo hiểm P2P,context.go,AppRoutePaths.p2pInsurance,/p2p/insurance,P2PInsuranceFundPage (/p2p/insurance),
p2p_security,flutter_app/lib/features/p2p_security/presentation/pages/security/p2p_contribution_history_page.dart,82,p2p_contribution_history_page.dart,Thử lại | Đang tải… | Không tải được | Lịch sử đóng góp bảo hiểm P2P,context.go,AppRoutePaths.p2pInsurance,/p2p/insurance,P2PInsuranceFundPage (/p2p/insurance),
p2p_security,flutter_app/lib/features/p2p_security/presentation/pages/security/p2p_contribution_history_page.dart,96,p2p_contribution_history_page.dart,Thử lại | Không tải được | Lịch sử đóng góp | Bảo hiểm · P2P,context.go,snapshot.parentRoute,,,dynamic_route_expression
p2p_security,flutter_app/lib/features/p2p_security/presentation/pages/security/p2p_device_management_page.dart,71,p2p_device_management_page.dart,Đang tải… | Không tải được | Quản lý thiết bị,context.go,AppRoutePaths.p2pSecurityCenter,/p2p/security/center,P2PSecurityCenterPage (/p2p/security/center),
p2p_security,flutter_app/lib/features/p2p_security/presentation/pages/security/p2p_device_management_page.dart,78,p2p_device_management_page.dart,Thử lại | Đang tải… | Không tải được | Quản lý thiết bị,context.go,AppRoutePaths.p2pSecurityCenter,/p2p/security/center,P2PSecurityCenterPage (/p2p/security/center),
p2p_security,flutter_app/lib/features/p2p_security/presentation/pages/security/p2p_device_management_page.dart,104,p2p_device_management_page.dart,Quản lý thiết bị | Bảo mật · P2P,context.go,snapshot.parentRoute,,,dynamic_route_expression
p2p_security,flutter_app/lib/features/p2p_security/presentation/pages/security/p2p_e2e_info_page.dart,74,p2p_e2e_info_page.dart,Đang tải… | Không tải được | Mã hóa đầu cuối P2P,context.go,AppRoutePaths.p2pSecurityCenter,/p2p/security/center,P2PSecurityCenterPage (/p2p/security/center),
p2p_security,flutter_app/lib/features/p2p_security/presentation/pages/security/p2p_e2e_info_page.dart,82,p2p_e2e_info_page.dart,Thử lại | Đang tải… | Không tải được | Mã hóa đầu cuối P2P,context.go,AppRoutePaths.p2pSecurityCenter,/p2p/security/center,P2PSecurityCenterPage (/p2p/security/center),
p2p_security,flutter_app/lib/features/p2p_security/presentation/pages/security/p2p_e2e_info_page.dart,96,p2p_e2e_info_page.dart,Thử lại | Không tải được | Mã hóa đầu cuối | Bảo mật · P2P,context.go,snapshot.parentRoute,,,dynamic_route_expression
p2p_security,flutter_app/lib/features/p2p_security/presentation/pages/security/p2p_fraud_prevention_page.dart,92,p2p_fraud_prevention_page.dart,Đang tải… | Không tải được | Phòng chống gian lận P2P,context.go,AppRoutePaths.p2p,/p2p,P2PHomePage (/p2p),
p2p_security,flutter_app/lib/features/p2p_security/presentation/pages/security/p2p_fraud_prevention_page.dart,100,p2p_fraud_prevention_page.dart,Thử lại | Đang tải… | Không tải được | Phòng chống gian lận P2P,context.go,AppRoutePaths.p2p,/p2p,P2PHomePage (/p2p),
p2p_security,flutter_app/lib/features/p2p_security/presentation/pages/security/p2p_fraud_prevention_page.dart,122,p2p_fraud_prevention_page.dart,Thử lại | Phòng chống gian lận | An toàn · P2P,context.go,snapshot.parentRoute,,,dynamic_route_expression
p2p_security,flutter_app/lib/features/p2p_security/presentation/pages/security/p2p_large_transaction_justification_page.dart,101,p2p_large_transaction_justification_page.dart,Đang tải… | Không tải được | Giải trình giao dịch lớn P2P,context.go,AppRoutePaths.p2pComplianceOverview,/p2p/compliance/overview,P2PComplianceOverviewPage (/p2p/compliance/overview),
p2p_security,flutter_app/lib/features/p2p_security/presentation/pages/security/p2p_large_transaction_justification_page.dart,109,p2p_large_transaction_justification_page.dart,Thử lại | Đang tải… | Không tải được | Giải trình giao dịch lớn P2P,context.go,AppRoutePaths.p2pComplianceOverview,/p2p/compliance/overview,P2PComplianceOverviewPage (/p2p/compliance/overview),
p2p_security,flutter_app/lib/features/p2p_security/presentation/pages/security/p2p_large_transaction_justification_page.dart,125,p2p_large_transaction_justification_page.dart,Thử lại | Không tải được,context.go,snapshot.parentRoute,,,dynamic_route_expression
p2p_security,flutter_app/lib/features/p2p_security/presentation/pages/security/p2p_large_transaction_justification_page.dart,186,p2p_large_transaction_justification_page.dart,,context.go,snapshot.successRoute,,,dynamic_route_expression
p2p_security,flutter_app/lib/features/p2p_security/presentation/pages/security/p2p_limit_tracker_page.dart,54,p2p_limit_tracker_page.dart,Đang tải… | Không tải được | Theo dõi hạn mức P2P,context.go,AppRoutePaths.p2pLimits,/p2p/limits,P2PTransactionLimitsPage (/p2p/limits),
p2p_security,flutter_app/lib/features/p2p_security/presentation/pages/security/p2p_limit_tracker_page.dart,61,p2p_limit_tracker_page.dart,Thử lại | Đang tải… | Không tải được | Theo dõi hạn mức P2P,context.go,AppRoutePaths.p2pLimits,/p2p/limits,P2PTransactionLimitsPage (/p2p/limits),
p2p_security,flutter_app/lib/features/p2p_security/presentation/pages/security/p2p_limit_tracker_page.dart,79,p2p_limit_tracker_page.dart,Thử lại | Không tải được | Theo dõi hạn mức P2P,context.go,snapshot.parentRoute,,,dynamic_route_expression
p2p_security,flutter_app/lib/features/p2p_security/presentation/pages/security/p2p_login_history_page.dart,85,p2p_login_history_page.dart,Đang tải… | Không tải được | Lịch sử đăng nhập P2P,context.go,AppRoutePaths.p2pSecurityCenter,/p2p/security/center,P2PSecurityCenterPage (/p2p/security/center),
p2p_security,flutter_app/lib/features/p2p_security/presentation/pages/security/p2p_login_history_page.dart,93,p2p_login_history_page.dart,Thử lại | Đang tải… | Không tải được | Lịch sử đăng nhập P2P,context.go,AppRoutePaths.p2pSecurityCenter,/p2p/security/center,P2PSecurityCenterPage (/p2p/security/center),
p2p_security,flutter_app/lib/features/p2p_security/presentation/pages/security/p2p_login_history_page.dart,115,p2p_login_history_page.dart,Thử lại | Lịch sử đăng nhập | Bảo mật · P2P,context.go,snapshot.parentRoute,,,dynamic_route_expression
p2p_security,flutter_app/lib/features/p2p_security/presentation/pages/security/p2p_report_merchant_page.dart,94,p2p_report_merchant_page.dart,Đang tải… | Không tải được | Báo cáo và chặn người bán P2P,context.go,AppRoutePaths.p2pMerchant(widget.merchantId),/p2p/merchant/<widget.merchantId>,P2PMerchantProfilePage (/p2p/merchant/:merchantId),
p2p_security,flutter_app/lib/features/p2p_security/presentation/pages/security/p2p_report_merchant_page.dart,103,p2p_report_merchant_page.dart,Thử lại | Đang tải… | Không tải được,context.go,AppRoutePaths.p2pMerchant(widget.merchantId),/p2p/merchant/<widget.merchantId>,P2PMerchantProfilePage (/p2p/merchant/:merchantId),
p2p_security,flutter_app/lib/features/p2p_security/presentation/pages/security/p2p_report_merchant_page.dart,156,p2p_report_merchant_page.dart,"Chặn người dùng | Không thể giao dịch với bạn | Xem profile Merchant | Đánh giá, lịch sử, thông tin chi tiết",context.go,snapshot.blacklistAddRoute,,,dynamic_route_expression
p2p_security,flutter_app/lib/features/p2p_security/presentation/pages/security/p2p_report_merchant_page.dart,169,p2p_report_merchant_page.dart,"Xem profile Merchant | Đánh giá, lịch sử, thông tin chi tiết | Báo cáo vi phạm",context.go,snapshot.merchantProfileRoute,,,dynamic_route_expression
p2p_security,flutter_app/lib/features/p2p_security/presentation/pages/security/p2p_report_merchant_page.dart,247,p2p_report_merchant_page.dart,,context.go,snapshot.merchantProfileRoute,,,dynamic_route_expression
p2p_security,flutter_app/lib/features/p2p_security/presentation/pages/security/p2p_report_merchant_page.dart,255,p2p_report_merchant_page.dart,,context.go,snapshot.merchantProfileRoute,,,dynamic_route_expression
p2p_security,flutter_app/lib/features/p2p_security/presentation/pages/security/p2p_report_merchant_page.dart,252,p2p_report_merchant_page.dart,,context.pop,,,,back_or_close_modal
p2p_security,flutter_app/lib/features/p2p_security/presentation/pages/security/p2p_reviews_page.dart,66,p2p_reviews_page.dart,Thử lại | Đánh giá P2P | Đánh giá · P2P | Không tải được,context.go,AppRoutePaths.p2p,/p2p,P2PHomePage (/p2p),
p2p_security,flutter_app/lib/features/p2p_security/presentation/pages/security/p2p_risk_assessment_page.dart,65,p2p_risk_assessment_page.dart,Đang tải… | Không tải được | Đánh giá rủi ro P2P,context.go,AppRoutePaths.p2pComplianceOverview,/p2p/compliance/overview,P2PComplianceOverviewPage (/p2p/compliance/overview),
p2p_security,flutter_app/lib/features/p2p_security/presentation/pages/security/p2p_risk_assessment_page.dart,73,p2p_risk_assessment_page.dart,Thử lại | Đang tải… | Không tải được | Đánh giá rủi ro P2P,context.go,AppRoutePaths.p2pComplianceOverview,/p2p/compliance/overview,P2PComplianceOverviewPage (/p2p/compliance/overview),
p2p_security,flutter_app/lib/features/p2p_security/presentation/pages/security/p2p_risk_assessment_page.dart,91,p2p_risk_assessment_page.dart,Thử lại | Không tải được,context.go,snapshot.parentRoute,,,dynamic_route_expression
p2p_security,flutter_app/lib/features/p2p_security/presentation/pages/security/p2p_security_center_page.dart,82,p2p_security_center_page.dart,Đang tải… | Không tải được | Trung tâm bảo mật P2P,context.go,AppRoutePaths.p2p,/p2p,P2PHomePage (/p2p),
p2p_security,flutter_app/lib/features/p2p_security/presentation/pages/security/p2p_security_center_page.dart,90,p2p_security_center_page.dart,Thử lại | Đang tải… | Không tải được | Trung tâm bảo mật P2P,context.go,AppRoutePaths.p2p,/p2p,P2PHomePage (/p2p),
p2p_security,flutter_app/lib/features/p2p_security/presentation/pages/security/p2p_security_center_page.dart,104,p2p_security_center_page.dart,Thử lại | Không tải được | Trung tâm bảo mật | Bảo mật · P2P,context.go,snapshot.parentRoute,,,dynamic_route_expression
p2p_security,flutter_app/lib/features/p2p_security/presentation/pages/security/p2p_security_center_page.dart,110,p2p_security_center_page.dart,Thử lại | Không tải được | Trung tâm bảo mật | Bảo mật · P2P,context.go,snapshot.settingsRoute,,,dynamic_route_expression
p2p_security,flutter_app/lib/features/p2p_security/presentation/pages/security/p2p_security_center_page.dart,142,p2p_security_center_page.dart,,context.go,route,,,dynamic_route_expression
p2p_security,flutter_app/lib/features/p2p_security/presentation/pages/security/p2p_security_center_page.dart,149,p2p_security_center_page.dart,,context.go,route,,,dynamic_route_expression
p2p_security,flutter_app/lib/features/p2p_security/presentation/pages/security/p2p_security_center_page.dart,166,p2p_security_center_page.dart,,context.go,snapshot.loginHistoryRoute,,,dynamic_route_expression
p2p_security,flutter_app/lib/features/p2p_security/presentation/pages/security/p2p_security_center_page.dart,250,p2p_security_center_page.dart,Đang tải… | Không tải được | Chế độ danh sách trắng P2P,context.go,AppRoutePaths.p2pSecurityCenter,/p2p/security/center,P2PSecurityCenterPage (/p2p/security/center),
p2p_security,flutter_app/lib/features/p2p_security/presentation/pages/security/p2p_security_center_page.dart,258,p2p_security_center_page.dart,Thử lại | Đang tải… | Không tải được | Chế độ danh sách trắng P2P,context.go,AppRoutePaths.p2pSecurityCenter,/p2p/security/center,P2PSecurityCenterPage (/p2p/security/center),
p2p_security,flutter_app/lib/features/p2p_security/presentation/pages/security/p2p_security_center_page.dart,279,p2p_security_center_page.dart,Thử lại | Chế độ whitelist | Bảo mật · P2P,context.go,AppRoutePaths.p2pSecurityCenter,/p2p/security/center,P2PSecurityCenterPage (/p2p/security/center),
p2p_security,flutter_app/lib/features/p2p_security/presentation/pages/security/p2p_security_center_page.dart,338,p2p_security_center_page.dart,Rà soát thiết bị tin cậy | Xác nhận mã chống phishing,context.go,trustedDevicesRoute,,,dynamic_route_expression
p2p_security,flutter_app/lib/features/p2p_security/presentation/pages/security/p2p_security_center_page.dart,352,p2p_security_center_page.dart,Xác nhận mã chống phishing,context.go,antiPhishingRoute,,,dynamic_route_expression
p2p_security,flutter_app/lib/features/p2p_security/presentation/pages/security/p2p_security_center_page.dart,362,p2p_security_center_page.dart,Xác nhận mã chống phishing | Quay lại Trung tâm bảo mật,context.go,AppRoutePaths.p2pSecurityCenter,/p2p/security/center,P2PSecurityCenterPage (/p2p/security/center),
p2p_security,flutter_app/lib/features/p2p_security/presentation/pages/security/p2p_source_of_funds_page.dart,83,p2p_source_of_funds_page.dart,Đang tải… | Không tải được | Khai báo nguồn vốn P2P,context.go,AppRoutePaths.p2pComplianceOverview,/p2p/compliance/overview,P2PComplianceOverviewPage (/p2p/compliance/overview),
p2p_security,flutter_app/lib/features/p2p_security/presentation/pages/security/p2p_source_of_funds_page.dart,91,p2p_source_of_funds_page.dart,Thử lại | Đang tải… | Không tải được | Khai báo nguồn vốn P2P,context.go,AppRoutePaths.p2pComplianceOverview,/p2p/compliance/overview,P2PComplianceOverviewPage (/p2p/compliance/overview),
p2p_security,flutter_app/lib/features/p2p_security/presentation/pages/security/p2p_source_of_funds_page.dart,105,p2p_source_of_funds_page.dart,Thử lại | Không tải được,context.go,snapshot.parentRoute,,,dynamic_route_expression
p2p_security,flutter_app/lib/features/p2p_security/presentation/pages/security/p2p_source_of_funds_page.dart,154,p2p_source_of_funds_page.dart,,context.go,snapshot.successRoute,,,dynamic_route_expression
p2p_security,flutter_app/lib/features/p2p_security/presentation/pages/security/p2p_suspicious_activity_page.dart,56,p2p_suspicious_activity_page.dart,Đang tải… | Không tải được | Hoạt động đáng ngờ,context.go,AppRoutePaths.p2pSecurityCenter,/p2p/security/center,P2PSecurityCenterPage (/p2p/security/center),
p2p_security,flutter_app/lib/features/p2p_security/presentation/pages/security/p2p_suspicious_activity_page.dart,63,p2p_suspicious_activity_page.dart,Thử lại | Đang tải… | Không tải được | Hoạt động đáng ngờ,context.go,AppRoutePaths.p2pSecurityCenter,/p2p/security/center,P2PSecurityCenterPage (/p2p/security/center),
p2p_security,flutter_app/lib/features/p2p_security/presentation/pages/security/p2p_suspicious_activity_page.dart,86,p2p_suspicious_activity_page.dart,Hoạt động đáng ngờ | An toàn · P2P,context.go,snapshot.parentRoute,,,dynamic_route_expression
p2p_security,flutter_app/lib/features/p2p_security/presentation/pages/security/p2p_tax_reporting_page.dart,101,p2p_tax_reporting_page.dart,Đang tải… | Không tải được | Báo cáo thuế P2P,context.go,AppRoutePaths.p2p,/p2p,P2PHomePage (/p2p),
p2p_security,flutter_app/lib/features/p2p_security/presentation/pages/security/p2p_tax_reporting_page.dart,109,p2p_tax_reporting_page.dart,Thử lại | Đang tải… | Không tải được | Báo cáo thuế P2P,context.go,AppRoutePaths.p2p,/p2p,P2PHomePage (/p2p),
p2p_security,flutter_app/lib/features/p2p_security/presentation/pages/security/p2p_tax_reporting_page.dart,128,p2p_tax_reporting_page.dart,Thử lại | Không tải được,context.go,snapshot.parentRoute,,,dynamic_route_expression
p2p_security,flutter_app/lib/features/p2p_security/presentation/pages/security/p2p_tax_reporting_page.dart,173,p2p_tax_reporting_page.dart,View Detailed Tax Report,context.go,snapshot.detailRoute,,,dynamic_route_expression
p2p_security,flutter_app/lib/features/p2p_security/presentation/pages/security/p2p_transaction_limits_page.dart,77,p2p_transaction_limits_page.dart,Đang tải… | Không tải được | Hạn mức giao dịch P2P,context.go,AppRoutePaths.p2p,/p2p,P2PHomePage (/p2p),
p2p_security,flutter_app/lib/features/p2p_security/presentation/pages/security/p2p_transaction_limits_page.dart,85,p2p_transaction_limits_page.dart,Thử lại | Đang tải… | Không tải được | Hạn mức giao dịch P2P,context.go,AppRoutePaths.p2p,/p2p,P2PHomePage (/p2p),
p2p_security,flutter_app/lib/features/p2p_security/presentation/pages/security/p2p_transaction_limits_page.dart,99,p2p_transaction_limits_page.dart,Thử lại | Không tải được,context.go,snapshot.parentRoute,,,dynamic_route_expression
p2p_security,flutter_app/lib/features/p2p_security/presentation/widgets/security/p2p_achievements_page_common.dart,16,p2p_achievements_page_common.dart,,context.go,snapshot.tradingLevelRoute,,,dynamic_route_expression
p2p_security,flutter_app/lib/features/p2p_security/presentation/widgets/security/p2p_fraud_checklist_actions.dart,263,p2p_fraud_checklist_actions.dart,,context.go,action.route,,,dynamic_route_expression
p2p_security,flutter_app/lib/features/p2p_security/presentation/widgets/security/p2p_transaction_limits_page_common.dart,164,p2p_transaction_limits_page_common.dart,Bắt đầu nâng cấp,context.go,snapshot.kycRequirementsRoute,,,dynamic_route_expression
p2p_security,flutter_app/lib/features/p2p_security/presentation/widgets/security/p2p_transaction_limits_page_sections.dart,162,p2p_transaction_limits_page_sections.dart,Sử dụng hiện tại | Xem chi tiết,context.go,snapshot.trackerRoute,,,dynamic_route_expression
predictions,flutter_app/lib/features/predictions/presentation/pages/event/prediction_advanced_chart_page.dart,98,prediction_advanced_chart_page.dart,"Advanced Chart | Biểu đồ · Prediction | Biểu đồ nâng cao của sự kiện dự đoán: nến giá, chỉ báo kỹ thuật và phân tích",context.go,AppRoutePaths.marketsPredictions,/markets/predictions,PredictionsHomePage (/markets/predictions),
predictions,flutter_app/lib/features/predictions/presentation/pages/event/prediction_event_detail_page.dart,127,prediction_event_detail_page.dart,,context.go,AppRoutePaths.marketsPredictionReceipt(receiptId),/markets/predictions/receipt/<receiptId>,PredictionOrderReceiptPage (/markets/predictions/receipt/:receiptId),
predictions,flutter_app/lib/features/predictions/presentation/pages/event/prediction_event_detail_page.dart,155,prediction_event_detail_page.dart,"Chi tiết sự kiện | Xác suất · vị thế · quy tắc | Chi tiết sự kiện dự đoán: xác suất, vị thế và quy tắc",context.go,AppRoutePaths.marketsPredictions,/markets/predictions,PredictionsHomePage (/markets/predictions),
predictions,flutter_app/lib/features/predictions/presentation/pages/event/prediction_event_detail_page.dart,323,prediction_event_detail_page.dart,,context.go,AppRoutePaths.arenaStudio,/arena/studio,ArenaStudioPage (/arena/studio),
predictions,flutter_app/lib/features/predictions/presentation/pages/event/prediction_event_detail_page.dart,326,prediction_event_detail_page.dart,,context.go,AppRoutePaths.marketsPredictionsRewards,/markets/predictions/rewards,PredictionsRewardsPage (/markets/predictions/rewards),
predictions,flutter_app/lib/features/predictions/presentation/pages/event/prediction_event_detail_page.dart,329,prediction_event_detail_page.dart,,context.go,AppRoutePaths.marketsPredictionsActivity,/markets/predictions/activity,PredictionsGlobalActivityPage (/markets/predictions/activity),
predictions,flutter_app/lib/features/predictions/presentation/pages/event/prediction_order_receipt_page.dart,75,prediction_order_receipt_page.dart,"Chi tiết lệnh | Biên lai · phí · tiến trình | Không tải được biên lai | Chi tiết lệnh dự đoán: biên lai, phí và tiến trình",context.go,AppRoutePaths.marketsPredictionsPortfolio,/markets/predictions/portfolio,PredictionsPortfolioPage (/markets/predictions/portfolio),
predictions,flutter_app/lib/features/predictions/presentation/pages/hub/predictions_breaking_page.dart,94,predictions_breaking_page.dart,Biến động | Xác suất thay đổi 24h | Biến động thị trường dự đoán: xác suất thay đổi trong 24 giờ,context.go,AppRoutePaths.marketsPredictions,/markets/predictions,PredictionsHomePage (/markets/predictions),
predictions,flutter_app/lib/features/predictions/presentation/pages/hub/predictions_breaking_page.dart,152,predictions_breaking_page.dart,,context.go,"AppRoutePaths.marketsPredictionEvent( snapshot.movers[index].id, )",/markets/predictions/event/<snapshot.movers[index].id>,PredictionEventDetailPage (/markets/predictions/event/:eventId),
predictions,flutter_app/lib/features/predictions/presentation/pages/hub/predictions_home_page.dart,136,predictions_home_page.dart,Danh mục | Dự đoán thị trường | Xác suất và sự kiện đang mở,context.go,AppRoutePaths.marketsPredictionsSearch,/markets/predictions/search,PredictionsSearchPage (/markets/predictions/search),
predictions,flutter_app/lib/features/predictions/presentation/pages/hub/predictions_home_page.dart,143,predictions_home_page.dart,Danh mục,context.go,AppRoutePaths.marketsPredictionsPortfolio,/markets/predictions/portfolio,PredictionsPortfolioPage (/markets/predictions/portfolio),
predictions,flutter_app/lib/features/predictions/presentation/pages/hub/predictions_home_page.dart,186,predictions_home_page.dart,Thử lại,context.go,AppRoutePaths.marketsPredictionsPortfolio,/markets/predictions/portfolio,PredictionsPortfolioPage (/markets/predictions/portfolio),
predictions,flutter_app/lib/features/predictions/presentation/pages/hub/predictions_home_page.dart,254,predictions_home_page.dart,Sắp đóng,context.go,AppRoutePaths.marketsPredictionsBreaking,/markets/predictions/breaking,PredictionsBreakingPage (/markets/predictions/breaking),
predictions,flutter_app/lib/features/predictions/presentation/pages/hub/predictions_home_page.dart,259,predictions_home_page.dart,Trạng thái thị trường dự đoán,context.go,AppRoutePaths.arena,/arena,ArenaHomePage (/arena),
predictions,flutter_app/lib/features/predictions/presentation/pages/hub/predictions_home_page.dart,274,predictions_home_page.dart,Trạng thái thị trường dự đoán,context.go,AppRoutePaths.marketsPredictionsBreaking,/markets/predictions/breaking,PredictionsBreakingPage (/markets/predictions/breaking),
predictions,flutter_app/lib/features/predictions/presentation/pages/hub/predictions_home_page.dart,285,predictions_home_page.dart,,context.go,"AppRoutePaths.marketsPredictionEvent( event.id, )",/markets/predictions/event/<event.id>,PredictionEventDetailPage (/markets/predictions/event/:eventId),
predictions,flutter_app/lib/features/predictions/presentation/pages/hub/predictions_home_page.dart,295,predictions_home_page.dart,,context.go,AppRoutePaths.marketsPredictionsSearch,/markets/predictions/search,PredictionsSearchPage (/markets/predictions/search),
predictions,flutter_app/lib/features/predictions/presentation/pages/hub/predictions_home_page.dart,309,predictions_home_page.dart,,context.go,route,,,dynamic_route_expression
predictions,flutter_app/lib/features/predictions/presentation/pages/hub/predictions_rewards_page.dart,83,predictions_rewards_page.dart,Daily Rewards | Phần thưởng · Prediction | Phần thưởng hằng ngày của thị trường dự đoán,context.go,AppRoutePaths.marketsPredictions,/markets/predictions,PredictionsHomePage (/markets/predictions),
predictions,flutter_app/lib/features/predictions/presentation/pages/hub/predictions_search_page.dart,106,predictions_search_page.dart,Tìm sự kiện | Lọc theo chủ đề · xác suất | Tìm sự kiện dự đoán: lọc theo chủ đề và xác suất,context.go,AppRoutePaths.marketsPredictions,/markets/predictions,PredictionsHomePage (/markets/predictions),
predictions,flutter_app/lib/features/predictions/presentation/pages/hub/predictions_search_page.dart,175,predictions_search_page.dart,,context.go,AppRoutePaths.marketsPredictionsBreaking,/markets/predictions/breaking,PredictionsBreakingPage (/markets/predictions/breaking),
predictions,flutter_app/lib/features/predictions/presentation/pages/hub/predictions_search_page.dart,184,predictions_search_page.dart,,context.go,"AppRoutePaths.marketsPredictionEvent( event.id, )",/markets/predictions/event/<event.id>,PredictionEventDetailPage (/markets/predictions/event/:eventId),
predictions,flutter_app/lib/features/predictions/presentation/pages/portfolio/prediction_market_maker_page.dart,115,prediction_market_maker_page.dart,Market Maker | Thanh khoản · Prediction | Tạo lập thị trường dự đoán: cung cấp thanh khoản,context.go,AppRoutePaths.marketsPredictions,/markets/predictions,PredictionsHomePage (/markets/predictions),
predictions,flutter_app/lib/features/predictions/presentation/pages/portfolio/prediction_portfolio_analyzer_page.dart,81,prediction_portfolio_analyzer_page.dart,Portfolio Analyzer | Phân tích · Prediction | Phân tích danh mục dự đoán,context.go,AppRoutePaths.marketsPredictions,/markets/predictions,PredictionsHomePage (/markets/predictions),
predictions,flutter_app/lib/features/predictions/presentation/pages/portfolio/prediction_risk_calculator_page.dart,137,prediction_risk_calculator_page.dart,Risk Calculator | Rủi ro · Prediction | Máy tính rủi ro dự đoán,context.go,AppRoutePaths.marketsPredictions,/markets/predictions,PredictionsHomePage (/markets/predictions),
predictions,flutter_app/lib/features/predictions/presentation/pages/portfolio/predictions_portfolio_page.dart,207,predictions_portfolio_page.dart,,context.go,AppRoutePaths.arena,/arena,ArenaHomePage (/arena),
predictions,flutter_app/lib/features/predictions/presentation/pages/social/prediction_data_integration_page.dart,117,prediction_data_integration_page.dart,"Data Integration | Dữ liệu · Prediction | Tích hợp dữ liệu dự đoán: nguồn dữ liệu, khóa API và webhook",context.go,AppRoutePaths.marketsPredictions,/markets/predictions,PredictionsHomePage (/markets/predictions),
predictions,flutter_app/lib/features/predictions/presentation/pages/social/prediction_event_calendar_page.dart,85,prediction_event_calendar_page.dart,Lịch sự kiện | Theo dõi ngày đóng và catalyst | Lịch sự kiện dự đoán: theo dõi ngày đóng và các yếu tố tác động,context.go,AppRoutePaths.marketsPredictions,/markets/predictions,PredictionsHomePage (/markets/predictions),
predictions,flutter_app/lib/features/predictions/presentation/pages/social/prediction_social_page.dart,100,prediction_social_page.dart,Social & Discussion | Thảo luận · Prediction | Thảo luận xã hội về sự kiện dự đoán,context.go,AppRoutePaths.marketsPredictions,/markets/predictions,PredictionsHomePage (/markets/predictions),
predictions,flutter_app/lib/features/predictions/presentation/pages/social/prediction_tournaments_page.dart,78,prediction_tournaments_page.dart,Tournaments | Giải đấu · Prediction | Giải đấu dự đoán,context.go,AppRoutePaths.marketsPredictions,/markets/predictions,PredictionsHomePage (/markets/predictions),
predictions,flutter_app/lib/features/predictions/presentation/pages/social/predictions_global_activity_page.dart,77,predictions_global_activity_page.dart,Global Activity | Hoạt động · Prediction | Hoạt động giao dịch dự đoán toàn cầu,context.go,AppRoutePaths.marketsPredictions,/markets/predictions,PredictionsHomePage (/markets/predictions),
predictions,flutter_app/lib/features/predictions/presentation/pages/social/predictions_leaderboard_page.dart,96,predictions_leaderboard_page.dart,Leaderboard | Bảng xếp hạng · Prediction | Bảng xếp hạng nhà giao dịch dự đoán,context.go,AppRoutePaths.marketsPredictions,/markets/predictions,PredictionsHomePage (/markets/predictions),
predictions,flutter_app/lib/features/predictions/presentation/widgets/event/prediction_event_detail_related_arena.dart,30,prediction_event_detail_related_arena.dart,,context.go,"AppRoutePaths.marketsPredictionEvent( snapshot.relatedEvents[index].id, )",/markets/predictions/event/<snapshot.relatedEvents[index].id>,PredictionEventDetailPage (/markets/predictions/event/:eventId),
predictions,flutter_app/lib/features/predictions/presentation/widgets/event/prediction_order_receipt_page_sections.dart,325,prediction_order_receipt_page_sections.dart,Xem sự kiện | Xem danh mục,context.go,AppRoutePaths.marketsPredictionEvent(receipt.eventId),/markets/predictions/event/<receipt.eventId>,PredictionEventDetailPage (/markets/predictions/event/:eventId),
predictions,flutter_app/lib/features/predictions/presentation/widgets/event/prediction_order_receipt_page_sections.dart,333,prediction_order_receipt_page_sections.dart,Xem sự kiện | Xem danh mục,context.go,AppRoutePaths.marketsPredictionsPortfolio,/markets/predictions/portfolio,PredictionsPortfolioPage (/markets/predictions/portfolio),
predictions,flutter_app/lib/features/predictions/presentation/widgets/hub/predictions_home_highlights.dart,86,predictions_home_highlights.dart,Vị thế của tôi | Xem Breaking,context.go,AppRoutePaths.marketsPredictionsBreaking,/markets/predictions/breaking,PredictionsBreakingPage (/markets/predictions/breaking),
predictions,flutter_app/lib/features/predictions/presentation/widgets/hub/predictions_rewards_arena_common.dart,17,predictions_rewards_arena_common.dart,Room Arena cùng chủ đề,context.go,AppRoutePaths.arena,/arena,ArenaHomePage (/arena),
predictions,flutter_app/lib/features/predictions/presentation/widgets/hub/predictions_rewards_table.dart,121,predictions_rewards_table.dart,,context.go,AppRoutePaths.marketsPredictionEvent(event.id),/markets/predictions/event/<event.id>,PredictionEventDetailPage (/markets/predictions/event/:eventId),
predictions,flutter_app/lib/features/predictions/presentation/widgets/portfolio/prediction_portfolio_history.dart,81,prediction_portfolio_history.dart,,context.go,AppRoutePaths.marketsPredictionReceipt(receipt.id),/markets/predictions/receipt/<receipt.id>,PredictionOrderReceiptPage (/markets/predictions/receipt/:receiptId),
predictions,flutter_app/lib/features/predictions/presentation/widgets/portfolio/prediction_portfolio_orders.dart,103,prediction_portfolio_orders.dart,,context.go,AppRoutePaths.marketsPredictionReceipt(order.receiptId),/markets/predictions/receipt/<order.receiptId>,PredictionOrderReceiptPage (/markets/predictions/receipt/:receiptId),
predictions,flutter_app/lib/features/predictions/presentation/widgets/portfolio/prediction_portfolio_positions.dart,88,prediction_portfolio_positions.dart,,context.go,AppRoutePaths.marketsPredictionEvent(event.id),/markets/predictions/event/<event.id>,PredictionEventDetailPage (/markets/predictions/event/:eventId),
predictions,flutter_app/lib/features/predictions/presentation/widgets/social/prediction_event_calendar_events.dart,69,prediction_event_calendar_events.dart,,context.go,AppRoutePaths.marketsPredictionEvent(event.id),/markets/predictions/event/<event.id>,PredictionEventDetailPage (/markets/predictions/event/:eventId),
predictions,flutter_app/lib/features/predictions/presentation/widgets/social/prediction_tournaments_detail.dart,100,prediction_tournaments_detail.dart,Chi tiết giải đấu dự đoán,context.go,AppRoutePaths.marketsPredictionsTournaments,/markets/predictions/tournaments,PredictionTournamentsPage (/markets/predictions/tournaments),
predictions,flutter_app/lib/features/predictions/presentation/widgets/social/prediction_tournaments_list.dart,112,prediction_tournaments_list.dart,,context.go,AppRoutePaths.marketsPredictionTournament(tournament.id),/markets/predictions/tournament/<tournament.id>,PredictionTournamentDetailPage (/markets/predictions/tournament/:tournamentId),
predictions,flutter_app/lib/features/predictions/presentation/widgets/social/predictions_global_activity_feed_widgets.dart,45,predictions_global_activity_feed_widgets.dart,,context.go,AppRoutePaths.marketsPredictionEvent(event.id),/markets/predictions/event/<event.id>,PredictionEventDetailPage (/markets/predictions/event/:eventId),
predictions,flutter_app/lib/features/predictions/presentation/widgets/social/predictions_leaderboard_rows_wins.dart,196,predictions_leaderboard_rows_wins.dart,,context.go,AppRoutePaths.marketsPredictionEvent(event.id),/markets/predictions/event/<event.id>,PredictionEventDetailPage (/markets/predictions/event/:eventId),
profile,flutter_app/lib/features/profile/presentation/pages/activity_log_page.dart,149,activity_log_page.dart,,context.go,AppRoutePaths.profile,/profile,ProfileResponsiveEntry (/profile),
profile,flutter_app/lib/features/profile/presentation/pages/activity_log_page.dart,146,activity_log_page.dart,,context.pop,,,,back_or_close_modal
profile,flutter_app/lib/features/profile/presentation/pages/api_key_create_page.dart,307,api_key_create_page.dart,"API Key | Secret Key | \u0110\u00E3 l\u01B0u, quay l\u1EA1i | T\u1EA1o th\u00E0nh c\u00F4ng!",context.go,AppRoutePaths.profileApi,/profile/api,ApiManagementPage (/profile/api),
profile,flutter_app/lib/features/profile/presentation/pages/api_management_page.dart,177,api_management_page.dart,,context.go,AppRoutePaths.profileApiCreate,/profile/api/create,ApiKeyCreatePage (/profile/api/create),
profile,flutter_app/lib/features/profile/presentation/pages/device_management_page.dart,282,device_management_page.dart,,context.go,AppRoutePaths.profile,/profile,ProfileResponsiveEntry (/profile),
profile,flutter_app/lib/features/profile/presentation/pages/device_management_page.dart,279,device_management_page.dart,,context.pop,,,,back_or_close_modal
profile,flutter_app/lib/features/profile/presentation/pages/edit_profile_page.dart,204,edit_profile_page.dart,,context.go,AppRoutePaths.profile,/profile,ProfileResponsiveEntry (/profile),
profile,flutter_app/lib/features/profile/presentation/pages/edit_profile_page.dart,201,edit_profile_page.dart,,context.pop,,,,back_or_close_modal
profile,flutter_app/lib/features/profile/presentation/pages/phone/profile_home_legal_accordion.dart,204,profile_home_legal_accordion.dart,,context.push,item.route,,,dynamic_route_expression
profile,flutter_app/lib/features/profile/presentation/pages/phone/profile_home_menu_actions.dart,25,profile_home_menu_actions.dart,Th\u1EED l\u1EA1i | Kh\u00F4ng t\u1EA3i \u0111\u01B0\u1EE3c h\u1ED3 s\u01A1 | Ch\u01B0a c\u00F3 d\u1EEF li\u1EC7u t\u00E0i kho\u1EA3n,context.go,AppRoutePaths.profile,/profile,ProfileResponsiveEntry (/profile),
profile,flutter_app/lib/features/profile/presentation/pages/phone/profile_home_menu_actions.dart,92,profile_home_menu_actions.dart,D\u1EF1 \u0111o\u00E1n & Th\u00E1ch \u0111\u1EA5u,context.go,AppRoutePaths.profileKyc,/profile/kyc,KYCPage (/profile/kyc),
profile,flutter_app/lib/features/profile/presentation/pages/phone/profile_home_menu_actions.dart,244,profile_home_menu_actions.dart,,context.go,shortcut.route,,,dynamic_route_expression
profile,flutter_app/lib/features/profile/presentation/pages/phone/profile_home_menu_actions.dart,296,profile_home_menu_actions.dart,,context.go,item.route,,,dynamic_route_expression
profile,flutter_app/lib/features/profile/presentation/pages/phone/profile_page.dart,115,profile_page.dart,Thử lại | Không tải được dữ liệu,context.go,AppRoutePaths.profileEdit,/profile/edit,EditProfilePage (/profile/edit),
profile,flutter_app/lib/features/profile/presentation/pages/phone/profile_page.dart,124,profile_page.dart,Thử lại,context.go,AppRoutePaths.profileVip,/profile/vip,VIPPage (/profile/vip),
profile,flutter_app/lib/features/profile/presentation/pages/phone/profile_page.dart,126,profile_page.dart,,context.go,AppRoutePaths.marketsPredictionsPortfolio,/markets/predictions/portfolio,PredictionsPortfolioPage (/markets/predictions/portfolio),
profile,flutter_app/lib/features/profile/presentation/pages/phone/profile_page.dart,127,profile_page.dart,,context.go,AppRoutePaths.arenaMy,/arena/my,MyArenaPage (/arena/my),
profile,flutter_app/lib/features/profile/presentation/pages/phone/profile_page.dart,128,profile_page.dart,,context.go,AppRoutePaths.profileActivity,/profile/activity,ActivityLogPage (/profile/activity),
profile,flutter_app/lib/features/profile/presentation/pages/phone/profile_page.dart,131,profile_page.dart,,context.go,AppRoutePaths.authLogin,/auth/login,AuthRouteShell>LoginPage (/auth/login),
profile,flutter_app/lib/features/profile/presentation/pages/security_page.dart,177,security_page.dart,Mã chống lừa đảo | Xác nhận mã chống lừa đảo,context.go,item.route!,,,dynamic_route_expression
profile,flutter_app/lib/features/profile/presentation/pages/settings_page.dart,227,settings_page.dart,,context.go,AppRoutePaths.profile,/profile,ProfileResponsiveEntry (/profile),
profile,flutter_app/lib/features/profile/presentation/pages/settings_page.dart,224,settings_page.dart,,context.pop,,,,back_or_close_modal
profile,flutter_app/lib/features/profile/presentation/pages/sub_account_page.dart,142,sub_account_page.dart,,context.go,AppRoutePaths.profile,/profile,ProfileResponsiveEntry (/profile),
profile,flutter_app/lib/features/profile/presentation/pages/sub_account_page.dart,139,sub_account_page.dart,,context.pop,,,,back_or_close_modal
profile,flutter_app/lib/features/profile/presentation/pages/tablet/profile_tablet_page.dart,104,profile_tablet_page.dart,Thử lại | Không tải được hồ sơ | Chưa có dữ liệu tài khoản,context.go,AppRoutePaths.profile,/profile,ProfileResponsiveEntry (/profile),
profile,flutter_app/lib/features/profile/presentation/pages/tablet/profile_tablet_page.dart,144,profile_tablet_page.dart,,context.go,AppRoutePaths.profileEdit,/profile/edit,EditProfilePage (/profile/edit),
profile,flutter_app/lib/features/profile/presentation/pages/tablet/profile_tablet_page.dart,154,profile_tablet_page.dart,Chưa có mục tài khoản,context.go,AppRoutePaths.profileKyc,/profile/kyc,KYCPage (/profile/kyc),
profile,flutter_app/lib/features/profile/presentation/pages/tablet/profile_tablet_page.dart,179,profile_tablet_page.dart,,context.go,AppRoutePaths.profileActivity,/profile/activity,ActivityLogPage (/profile/activity),
profile,flutter_app/lib/features/profile/presentation/pages/tablet/profile_tablet_page.dart,198,profile_tablet_page.dart,Dự đoán & Thách đấu,context.go,AppRoutePaths.profileVip,/profile/vip,VIPPage (/profile/vip),
profile,flutter_app/lib/features/profile/presentation/pages/tablet/profile_tablet_page.dart,210,profile_tablet_page.dart,Dự đoán & Thách đấu | LỐI TẮT SẢN PHẨM,context.go,AppRoutePaths.marketsPredictionsPortfolio,/markets/predictions/portfolio,PredictionsPortfolioPage (/markets/predictions/portfolio),
profile,flutter_app/lib/features/profile/presentation/pages/tablet/profile_tablet_page.dart,214,profile_tablet_page.dart,Dự đoán & Thách đấu | LỐI TẮT SẢN PHẨM,context.go,AppRoutePaths.arenaMy,/arena/my,MyArenaPage (/arena/my),
profile,flutter_app/lib/features/profile/presentation/pages/vip_page.dart,134,vip_page.dart,,context.go,AppRoutePaths.tradePair('btcusdt'),/trade/btcusdt,TradePage (/trade/:pairId),
profile,flutter_app/lib/features/profile/presentation/pages/vip_page.dart,142,vip_page.dart,,context.go,AppRoutePaths.profile,/profile,ProfileResponsiveEntry (/profile),
profile,flutter_app/lib/features/profile/presentation/pages/vip_page.dart,139,vip_page.dart,,context.pop,,,,back_or_close_modal
profile,flutter_app/lib/features/profile/presentation/widgets/device_management_page_sections.dart,312,device_management_page_sections.dart,Hủy,Navigator.of(context).pop,false,,,back_or_close_modal
profile,flutter_app/lib/features/profile/presentation/widgets/device_management_page_sections.dart,322,device_management_page_sections.dart,Hủy | Đăng xuất tất cả,Navigator.of(context).pop,true,,,back_or_close_modal
profile,flutter_app/lib/features/profile/presentation/widgets/profile_sub_account_summary.dart,24,profile_sub_account_summary.dart,Th\u1EED l\u1EA1i | Kh\u00F4ng t\u1EA3i \u0111\u01B0\u1EE3c t\u00E0i kho\u1EA3n ph\u1EE5 | Ch\u01B0a c\u00F3 t\u00E0i kho\u1EA3n ph\u1EE5,context.go,AppRoutePaths.profileSubAccounts,/profile/sub-accounts,SubAccountPage (/profile/sub-accounts),
profile,flutter_app/lib/features/profile/presentation/widgets/profile_vip_hero.dart,21,profile_vip_hero.dart,Th\u1EED l\u1EA1i | Kh\u00F4ng t\u1EA3i \u0111\u01B0\u1EE3c ch\u01B0\u01A1ng tr\u00ECnh VIP | Ch\u01B0a c\u00F3 d\u1EEF li\u1EC7u VIP,context.go,AppRoutePaths.profileVip,/profile/vip,VIPPage (/profile/vip),
profile,flutter_app/lib/features/profile/presentation/widgets/security_page_common.dart,90,security_page_common.dart,,context.go,supportRoute,,,dynamic_route_expression
profile,flutter_app/lib/features/profile/presentation/widgets/tablet/profile_legal_accordion_panel.dart,222,profile_legal_accordion_panel.dart,,context.push,item.route,,,dynamic_route_expression
profile,flutter_app/lib/features/profile/presentation/widgets/tablet/profile_menu_panel.dart,58,profile_menu_panel.dart,,context.go,item.route,,,dynamic_route_expression
profile,flutter_app/lib/features/profile/presentation/widgets/tablet/profile_product_hub_panel.dart,59,profile_product_hub_panel.dart,,context.go,shortcut.route,,,dynamic_route_expression
referral,flutter_app/lib/features/referral/presentation/pages/referral_friend_detail_page.dart,40,referral_friend_detail_page.dart,Chi tiết bạn bè | Bạn bè · Referral,context.go,detailAsync.value?.backRoute ?? AppRoutePaths.referralHistory,,,dynamic_route_expression
referral,flutter_app/lib/features/referral/presentation/pages/referral_friend_detail_page.dart,72,referral_friend_detail_page.dart,Thử lại | Quay lại danh sách | Không tải được chi tiết bạn bè,context.go,snapshot.listRoute,,,dynamic_route_expression
referral,flutter_app/lib/features/referral/presentation/pages/referral_history_page.dart,91,referral_history_page.dart,Lịch sử giới thiệu | Lịch sử · Referral,context.go,historyAsync.value?.backRoute ?? AppRoutePaths.referral,,,dynamic_route_expression
referral,flutter_app/lib/features/referral/presentation/pages/referral_history_page.dart,189,referral_history_page.dart,Không tìm thấy,context.go,friend.route,,,dynamic_route_expression
referral,flutter_app/lib/features/referral/presentation/pages/referral_home_page.dart,90,referral_home_page.dart,Giới thiệu bạn bè | Chương trình · Referral,context.go,homeAsync.value?.backRoute ?? AppRoutePaths.home,,,dynamic_route_expression
referral,flutter_app/lib/features/referral/presentation/pages/referral_home_page.dart,130,referral_home_page.dart,Thử lại | Không tải được trang giới thiệu,context.go,AppRoutePaths.referralHistory,/referral/history,ReferralHistoryPage (/referral/history),
referral,flutter_app/lib/features/referral/presentation/pages/referral_home_page.dart,170,referral_home_page.dart,,context.go,route,,,dynamic_route_expression
referral,flutter_app/lib/features/referral/presentation/pages/referral_home_page.dart,244,referral_home_page.dart,Sao chép lời mời,Navigator.of(context).pop,,,,back_or_close_modal
referral,flutter_app/lib/features/referral/presentation/pages/referral_rewards_page_state.dart,30,referral_rewards_page_state.dart,Phần thưởng | Phần thưởng · Referral,context.go,rewardsAsync.value?.backRoute ?? AppRoutePaths.referral,,,dynamic_route_expression
referral,flutter_app/lib/features/referral/presentation/pages/referral_rewards_page_state.dart,166,referral_rewards_page_state.dart,Tải xuống CSV,Navigator.of(context).pop,,,,back_or_close_modal
referral,flutter_app/lib/features/referral/presentation/pages/referral_rewards_page_state.dart,221,referral_rewards_page_state.dart,Gửi báo lỗi,Navigator.of(context).pop,,,,back_or_close_modal
referral,flutter_app/lib/features/referral/presentation/pages/referral_rules_page.dart,75,referral_rules_page.dart,Quy tắc chương trình | Quy tắc · Referral,context.go,rulesAsync.value?.backRoute ?? AppRoutePaths.referral,,,dynamic_route_expression
rewards,flutter_app/lib/features/rewards/presentation/pages/rewards_hub_page.dart,168,rewards_hub_page.dart,Thử lại | Về trang chủ | Không tải được phần thưởng | Chưa có phần thưởng,context.go,snapshot.backRoute,,,dynamic_route_expression
rewards,flutter_app/lib/features/rewards/presentation/pages/rewards_hub_page.dart,179,rewards_hub_page.dart,Thử lại | Về trang chủ | Không tải được phần thưởng | Chưa có phần thưởng,context.go,snapshot.backRoute,,,dynamic_route_expression
rewards,flutter_app/lib/features/rewards/presentation/pages/rewards_hub_page.dart,211,rewards_hub_page.dart,,context.go,snapshot.referralRoute,,,dynamic_route_expression
rewards,flutter_app/lib/features/rewards/presentation/pages/rewards_hub_page.dart,231,rewards_hub_page.dart,,context.go,snapshot.leaderboardRoute,,,dynamic_route_expression
rewards,flutter_app/lib/features/rewards/presentation/pages/rewards_hub_page.dart,256,rewards_hub_page.dart,,context.go,backRoute,,,dynamic_route_expression
rewards,flutter_app/lib/features/rewards/presentation/pages/rewards_hub_page.dart,253,rewards_hub_page.dart,,context.pop,,,,back_or_close_modal
support,flutter_app/lib/features/support/presentation/pages/announcements_page.dart,78,announcements_page.dart,Thông báo | Thông báo · Hỗ trợ,context.go,announcementsAsync.value?.backRoute ?? AppRoutePaths.support,,,dynamic_route_expression
support,flutter_app/lib/features/support/presentation/pages/help_center_page.dart,96,help_center_page.dart,Trung tâm trợ giúp | Trung tâm · Hỗ trợ,context.go,helpAsync.value?.backRoute ?? AppRoutePaths.support,,,dynamic_route_expression
support,flutter_app/lib/features/support/presentation/pages/support_page.dart,87,support_page.dart,Hỗ trợ | Liên hệ · Hỗ trợ,context.go,widget.supportContext?.sourceRoute ?? hubAsync.value?.backRoute ?? AppRoutePaths.home,,,dynamic_route_expression
support,flutter_app/lib/features/support/presentation/widgets/help_center_hero_actions.dart,80,help_center_hero_actions.dart,Chat hỗ trợ | Gửi ticket,context.go,chatRoute,,,dynamic_route_expression
support,flutter_app/lib/features/support/presentation/widgets/help_center_hero_actions.dart,90,help_center_hero_actions.dart,Chat hỗ trợ | Gửi ticket,context.go,ticketRoute,,,dynamic_route_expression
support,flutter_app/lib/features/support/presentation/widgets/support_quick_contacts_tabs.dart,101,support_quick_contacts_tabs.dart,Trợ giúp | Hệ thống,context.go,snapshot.helpRoute,,,dynamic_route_expression
support,flutter_app/lib/features/support/presentation/widgets/support_quick_contacts_tabs.dart,112,support_quick_contacts_tabs.dart,Trợ giúp | Hệ thống,context.go,snapshot.announcementsRoute,,,dynamic_route_expression
trade,flutter_app/lib/features/trade/presentation/pages/convert/convert_page.dart,276,convert_page.dart,,context.push,AppRoutePaths.tradeSettings,/trade/settings,TradeSettingsPage (/trade/settings),
trade,flutter_app/lib/features/trade/presentation/pages/phone/order_receipt_page.dart,57,order_receipt_page.dart,Lệnh đã gửi,context.go,AppRoutePaths.tradePair('btcusdt'),/trade/btcusdt,TradePage (/trade/:pairId),
trade,flutter_app/lib/features/trade/presentation/pages/phone/trade_page_state.dart,26,trade_page_state.dart,Lệnh đã gửi,context.go,AppRoutePaths.tradeOrderReceipt,/trade/order-receipt,real_page (/trade/order-receipt),
trade,flutter_app/lib/features/trade/presentation/pages/phone/trade_page_state.dart,40,trade_page_state.dart,Lệnh đã gửi | Gửi lệnh thất bại,context.go,AppRoutePaths.tradePair('btcusdt'),/trade/btcusdt,TradePage (/trade/:pairId),
trade,flutter_app/lib/features/trade/presentation/pages/phone/trade_page_state.dart,64,trade_page_state.dart,Gửi lệnh thất bại | Hoàn tất lệnh đang chờ | Bạn có ${snapshot.orders.length} lệnh mở cần theo dõi | Bắt đầu giao dịch đầu tiên,context.push,AppRoutePaths.tradeOrdersHistory,/trade/orders-history,OrdersHistoryPage (/trade/orders-history),
trade,flutter_app/lib/features/trade/presentation/pages/phone/trade_page_state.dart,92,trade_page_state.dart,Bắt đầu giao dịch | Theo dõi tài sản Spot | Bạn đang giữ ${snapshot.positions.length} vị thế | Không tải được màn hình giao dịch,context.push,AppRoutePaths.tradePositions,/trade/positions,PositionDashboardPage (/trade/positions),
trade,flutter_app/lib/features/trade/presentation/pages/phone/trade_page_state.dart,161,trade_page_state.dart,Lệnh | Vị thế,context.push,AppRoutePaths.tradeOrdersHistory,/trade/orders-history,OrdersHistoryPage (/trade/orders-history),
trade,flutter_app/lib/features/trade/presentation/pages/phone/trade_page_state.dart,167,trade_page_state.dart,Lệnh | Vị thế,context.push,AppRoutePaths.tradePositions,/trade/positions,PositionDashboardPage (/trade/positions),
trade,flutter_app/lib/features/trade/presentation/pages/phone/trade_page_state.dart,256,trade_page_state.dart,Tiếp theo | Tài sản của bạn,context.push,AppRoutePaths.tradePositions,/trade/positions,PositionDashboardPage (/trade/positions),
trade,flutter_app/lib/features/trade/presentation/pages/tablet/trade_tablet_order_receipt_page.dart,58,trade_tablet_order_receipt_page.dart,Lệnh đã gửi,context.go,AppRoutePaths.tradePair('btcusdt'),/trade/btcusdt,TradePage (/trade/:pairId),
trade,flutter_app/lib/features/trade/presentation/pages/tablet/trade_tablet_page.dart,86,trade_tablet_page.dart,Lệnh đã gửi,context.go,AppRoutePaths.tradeOrderReceipt,/trade/order-receipt,real_page (/trade/order-receipt),
trade,flutter_app/lib/features/trade/presentation/pages/tablet/trade_tablet_page.dart,100,trade_tablet_page.dart,Lệnh đã gửi | Gửi lệnh thất bại,context.go,AppRoutePaths.tradePair('btcusdt'),/trade/btcusdt,TradePage (/trade/:pairId),
trade,flutter_app/lib/features/trade/presentation/pages/tablet/trade_tablet_page.dart,122,trade_tablet_page.dart,Gửi lệnh thất bại | Hoàn tất lệnh đang chờ | Bạn có ${snapshot.orders.length} lệnh mở cần theo dõi | Bắt đầu giao dịch đầu tiên,context.push,AppRoutePaths.tradeOrdersHistory,/trade/orders-history,OrdersHistoryPage (/trade/orders-history),
trade,flutter_app/lib/features/trade/presentation/pages/tablet/trade_tablet_page.dart,150,trade_tablet_page.dart,Bắt đầu giao dịch | Theo dõi tài sản Spot | Bạn đang giữ ${snapshot.positions.length} vị thế,context.push,AppRoutePaths.tradePositions,/trade/positions,PositionDashboardPage (/trade/positions),
trade,flutter_app/lib/features/trade/presentation/pages/tablet/trade_tablet_page.dart,190,trade_tablet_page.dart,Lệnh | Vị thế | Giao dịch Spot,context.push,AppRoutePaths.tradeOrdersHistory,/trade/orders-history,OrdersHistoryPage (/trade/orders-history),
trade,flutter_app/lib/features/trade/presentation/pages/tablet/trade_tablet_page.dart,196,trade_tablet_page.dart,Lệnh | Vị thế | Không tải được màn hình giao dịch,context.push,AppRoutePaths.tradePositions,/trade/positions,PositionDashboardPage (/trade/positions),
trade,flutter_app/lib/features/trade/presentation/pages/tablet/trade_tablet_page.dart,360,trade_tablet_page.dart,Tiếp theo | Tài sản của bạn,context.push,AppRoutePaths.tradePositions,/trade/positions,PositionDashboardPage (/trade/positions),
trade,flutter_app/lib/features/trade/presentation/widgets/convert/convert_page_widgets.dart,144,convert_page_widgets.dart,,Navigator.of(context).pop,asset.symbol,,,back_or_close_modal
trade,flutter_app/lib/features/trade/presentation/widgets/margin/margin_trading_hub_hero_nav.dart,63,margin_trading_hub_hero_nav.dart,,context.go,item.targetPath,,,dynamic_route_expression
trade,flutter_app/lib/features/trade/presentation/widgets/phone/order_receipt_page_common.dart,94,order_receipt_page_common.dart,,context.go,supportRoute,,,dynamic_route_expression
trade,flutter_app/lib/features/trade/presentation/widgets/phone/order_receipt_page_sections.dart,18,order_receipt_page_sections.dart,Tóm tắt khớp lệnh,context.go,AppRoutePaths.tradeOrdersHistory,/trade/orders-history,OrdersHistoryPage (/trade/orders-history),
trade,flutter_app/lib/features/trade/presentation/widgets/phone/vit_trade_confirm_sheet.dart,109,vit_trade_confirm_sheet.dart,Huỷ xem trước lệnh giao dịch | Xác nhận gửi lệnh giao dịch | Huỷ,Navigator.of(context).pop,false,,,back_or_close_modal
trade,flutter_app/lib/features/trade/presentation/widgets/phone/vit_trade_confirm_sheet.dart,123,vit_trade_confirm_sheet.dart,Xác nhận gửi lệnh giao dịch | Huỷ | Xác nhận gửi,Navigator.of(context).pop,true,,,back_or_close_modal
trade,flutter_app/lib/features/trade/presentation/widgets/tablet/order_receipt_page_common.dart,94,order_receipt_page_common.dart,,context.go,supportRoute,,,dynamic_route_expression
trade,flutter_app/lib/features/trade/presentation/widgets/tablet/order_receipt_page_sections.dart,18,order_receipt_page_sections.dart,Tóm tắt khớp lệnh,context.go,AppRoutePaths.tradeOrdersHistory,/trade/orders-history,OrdersHistoryPage (/trade/orders-history),
trade,flutter_app/lib/features/trade/presentation/widgets/tablet/vit_trade_confirm_sheet.dart,108,vit_trade_confirm_sheet.dart,Huỷ xem trước lệnh giao dịch | Xác nhận gửi lệnh giao dịch | Huỷ,Navigator.of(context).pop,false,,,back_or_close_modal
trade,flutter_app/lib/features/trade/presentation/widgets/tablet/vit_trade_confirm_sheet.dart,122,vit_trade_confirm_sheet.dart,Xác nhận gửi lệnh giao dịch | Huỷ | Xác nhận gửi,Navigator.of(context).pop,true,,,back_or_close_modal
trade_bots,flutter_app/lib/features/trade_bots/presentation/pages/dashboard/bot_performance_analytics_page.dart,138,bot_performance_analytics_page.dart,Chỉ số chính | Lãi/lỗ luỹ kế | Phân bố thắng/thua | Hiệu suất theo chiến lược,context.go,AppRoutePaths.tradeBotHistory,/trade/bots/history,BotHistoryPage (/trade/bots/history),
trade_bots,flutter_app/lib/features/trade_bots/presentation/pages/dashboard/bot_risk_dashboard_page.dart,96,bot_risk_dashboard_page.dart,Thử lại | Giám sát rủi ro bot theo thời gian thực | Không tải được bảng rủi ro | Bảng giám sát rủi ro bot theo thời gian thực,context.go,path,,,dynamic_route_expression
trade_bots,flutter_app/lib/features/trade_bots/presentation/pages/dashboard/bot_risk_dashboard_page.dart,139,bot_risk_dashboard_page.dart,Mức phơi nhiễm theo tài sản | Xu hướng VaR (7 ngày) | Biện pháp an toàn | Hành động khẩn cấp,context.go,snapshot.emergencyPath,,,dynamic_route_expression
trade_bots,flutter_app/lib/features/trade_bots/presentation/pages/dashboard/bot_risk_dashboard_page.dart,147,bot_risk_dashboard_page.dart,Biện pháp an toàn | Hành động khẩn cấp | Giải thích rủi ro | Xem lịch sử lệnh,context.go,AppRoutePaths.tradeBotHistory,/trade/bots/history,BotHistoryPage (/trade/bots/history),
trade_bots,flutter_app/lib/features/trade_bots/presentation/pages/hub/trading_bots_page.dart,120,trading_bots_page.dart,,context.go,path,,,dynamic_route_expression
trade_bots,flutter_app/lib/features/trade_bots/presentation/pages/hub/trading_bots_page.dart,189,trading_bots_page.dart,Xóa bot?,context.go,AppRoutePaths.tradeBotSecuritySettings,/trade/bots/security-settings,BotSecuritySettingsPage (/trade/bots/security-settings),
trade_bots,flutter_app/lib/features/trade_bots/presentation/pages/hub/trading_bots_page.dart,193,trading_bots_page.dart,Xóa bot?,context.go,AppRoutePaths.tradeBotHistory,/trade/bots/history,BotHistoryPage (/trade/bots/history),
trade_bots,flutter_app/lib/features/trade_bots/presentation/pages/settings/bot_emergency_stop_page.dart,257,bot_emergency_stop_page.dart,Đã dừng khẩn cấp,context.go,result.redirectPath,,,dynamic_route_expression
trade_bots,flutter_app/lib/features/trade_bots/presentation/pages/settings/bot_risk_disclosure_page.dart,124,bot_risk_disclosure_page.dart,Hỗ trợ | Xem lại công bố rủi ro Bot,context.go,snapshot.nextPath,,,dynamic_route_expression
trade_bots,flutter_app/lib/features/trade_bots/presentation/pages/settings/bot_suitability_assessment_page.dart,151,bot_suitability_assessment_page.dart,,context.go,path,,,dynamic_route_expression
trade_bots,flutter_app/lib/features/trade_bots/presentation/pages/settings/bot_terms_of_service_page.dart,178,bot_terms_of_service_page.dart,,context.go,AppRoutePaths.tradeBots,/trade/bots,TradingBotsPage (/trade/bots),
trade_bots,flutter_app/lib/features/trade_bots/presentation/widgets/hub/trading_bots_page_create_bot_sheet.dart,205,trading_bots_page_create_bot_sheet.dart,Đóng,Navigator.pop,context,,,back_or_close_modal
trade_bots,flutter_app/lib/features/trade_bots/presentation/widgets/hub/trading_bots_page_create_bot_sheet.dart,306,trading_bots_page_create_bot_sheet.dart,,Navigator.pop,context,,,back_or_close_modal
trade_bots,flutter_app/lib/features/trade_bots/presentation/widgets/hub/trading_bots_page_create_bot_sheet.dart,350,trading_bots_page_create_bot_sheet.dart,,Navigator.pop,context,,,back_or_close_modal
trade_bots,flutter_app/lib/features/trade_bots/presentation/widgets/settings/bot_security_settings_sheets.dart,148,bot_security_settings_sheets.dart,Địa chỉ IP | Nhãn (Tùy chọn) | Thêm địa chỉ IP,Navigator.of(context).pop,,,,back_or_close_modal
trade_compliance,flutter_app/lib/features/trade_compliance/presentation/pages/client_money/arm_integration_status_page.dart,156,arm_integration_status_page.dart,Latency Monitoring (Last 15 min) | SLA Compliance,context.push,AppRoutePaths.tradeCopyTransactionReporting,/trade/copy-trading/transaction-reporting,TransactionReportingPage (/trade/copy-trading/transaction-reporting),
trade_compliance,flutter_app/lib/features/trade_compliance/presentation/pages/client_money/arm_integration_status_page.dart,157,arm_integration_status_page.dart,Latency Monitoring (Last 15 min) | SLA Compliance,context.push,AppRoutePaths.tradeCopyRegulatoryReportsDashboard,/trade/copy-trading/regulatory-reports-dashboard,RegulatoryReportsDashboardPage (/trade/copy-trading/regulatory-reports-dashboard),
trade_compliance,flutter_app/lib/features/trade_compliance/presentation/pages/complaints/complaint_submission_page.dart,218,complaint_submission_page.dart,,context.go,"AppRoutePaths.tradeCopyComplaintTracking( snapshot.confirmationComplaintId, )",/trade/copy-trading/complaint-tracking/<snapshot.confirmationComplaintId>,ComplaintTrackingPage (/trade/copy-trading/complaint-tracking/:complaintId),
trade_compliance,flutter_app/lib/features/trade_compliance/presentation/pages/complaints/complaint_tracking_page.dart,413,complaint_tracking_page.dart,,context.push,routePath,,,dynamic_route_expression
trade_compliance,flutter_app/lib/features/trade_compliance/presentation/pages/execution/best_execution_reports_page.dart,141,best_execution_reports_page.dart,Q1 2026 (Current) | Archive | Đã xếp hàng,context.push,AppRoutePaths.tradeCopyExecutionVenueAnalysis,/trade/copy-trading/execution-venue-analysis,ExecutionVenueAnalysisPage (/trade/copy-trading/execution-venue-analysis),
trade_compliance,flutter_app/lib/features/trade_compliance/presentation/pages/governance/transaction_reporting_page.dart,171,transaction_reporting_page.dart,Đã sao chép,context.push,AppRoutePaths.tradeCopyRegulatoryReportsDashboard,/trade/copy-trading/regulatory-reports-dashboard,RegulatoryReportsDashboardPage (/trade/copy-trading/regulatory-reports-dashboard),
trade_compliance,flutter_app/lib/features/trade_compliance/presentation/pages/governance/transaction_reporting_page.dart,174,transaction_reporting_page.dart,Đã sao chép,context.push,AppRoutePaths.tradeCopyArmIntegrationStatus,/trade/copy-trading/arm-integration-status,ArmIntegrationStatusPage (/trade/copy-trading/arm-integration-status),
trade_compliance,flutter_app/lib/features/trade_compliance/presentation/pages/hub/regulatory_reports_dashboard_page.dart,192,regulatory_reports_dashboard_page.dart,Xuất dữ liệu,context.push,AppRoutePaths.tradeCopyTransactionReporting,/trade/copy-trading/transaction-reporting,TransactionReportingPage (/trade/copy-trading/transaction-reporting),
trade_compliance,flutter_app/lib/features/trade_compliance/presentation/pages/hub/regulatory_reports_dashboard_page.dart,195,regulatory_reports_dashboard_page.dart,Xuất dữ liệu,context.push,AppRoutePaths.tradeCopyArmIntegrationStatus,/trade/copy-trading/arm-integration-status,ArmIntegrationStatusPage (/trade/copy-trading/arm-integration-status),
trade_compliance,flutter_app/lib/features/trade_compliance/presentation/widgets/client_money/client_money_protection_page_common.dart,60,client_money_protection_page_common.dart,Difference,context.go,AppRoutePaths.tradeCopyCassReconciliation,/trade/copy-trading/cass-reconciliation,CassReconciliationPage (/trade/copy-trading/cass-reconciliation),
trade_compliance,flutter_app/lib/features/trade_compliance/presentation/widgets/complaints/complaints_handling_overview_complaints.dart,189,complaints_handling_overview_complaints.dart,,context.go,AppRoutePaths.tradeCopyComplaintTracking(complaint.id),/trade/copy-trading/complaint-tracking/<complaint.id>,ComplaintTrackingPage (/trade/copy-trading/complaint-tracking/:complaintId),
trade_compliance,flutter_app/lib/features/trade_compliance/presentation/widgets/complaints/complaints_handling_overview_header_tabs.dart,54,complaints_handling_overview_header_tabs.dart,Submit a Complaint,context.go,AppRoutePaths.tradeCopyComplaintSubmission,/trade/copy-trading/complaint-submission,ComplaintSubmissionPage (/trade/copy-trading/complaint-submission),
trade_compliance,flutter_app/lib/features/trade_compliance/presentation/widgets/complaints/complaints_handling_process_common.dart,134,complaints_handling_process_common.dart,Learn About Ombudsman Referral,context.go,AppRoutePaths.tradeCopyOmbudsmanReferral,/trade/copy-trading/ombudsman-referral,OmbudsmanReferralPage (/trade/copy-trading/ombudsman-referral),
trade_compliance,flutter_app/lib/features/trade_compliance/presentation/widgets/disclosures/ex_ante_costs_scenarios_actions.dart,122,ex_ante_costs_scenarios_actions.dart,Ex-Post Report | View KID,context.go,AppRoutePaths.tradeCopyExPostCostsReport,/trade/copy-trading/ex-post-costs-report,ExPostCostsReportPage (/trade/copy-trading/ex-post-costs-report),
trade_compliance,flutter_app/lib/features/trade_compliance/presentation/widgets/disclosures/ex_ante_costs_scenarios_actions.dart,132,ex_ante_costs_scenarios_actions.dart,Ex-Post Report | View KID,context.go,AppRoutePaths.tradeCopyKidGenerator,/trade/copy-trading/kid-generator,KIDGeneratorPage (/trade/copy-trading/kid-generator),
trade_compliance,flutter_app/lib/features/trade_compliance/presentation/widgets/disclosures/ex_ante_costs_summary_breakdown.dart,61,ex_ante_costs_summary_breakdown.dart,Impact on Returns | Use RIY Calculator,context.go,AppRoutePaths.tradeCopyRiyCalculator,/trade/copy-trading/riy-calculator,RIYCalculatorPage (/trade/copy-trading/riy-calculator),
trade_compliance,flutter_app/lib/features/trade_compliance/presentation/widgets/governance/client_categorization_overview_tab.dart,226,client_categorization_overview_tab.dart,Bắt đầu đơn nâng hạng,context.go,AppRoutePaths.tradeCopyClientOptUpRequest,/trade/copy-trading/client-opt-up-request,ClientOptUpRequestPage (/trade/copy-trading/client-opt-up-request),
trade_compliance,flutter_app/lib/features/trade_compliance/presentation/widgets/governance/client_categorization_page_chrome.dart,186,client_categorization_page_chrome.dart,Công bố | Cài đặt,context.go,AppRoutePaths.tradeCopyRegulatoryDisclosures,/trade/copy-regulatory-disclosures,RegulatoryDisclosuresPage (/trade/copy-regulatory-disclosures),
trade_compliance,flutter_app/lib/features/trade_compliance/presentation/widgets/governance/client_categorization_page_chrome.dart,196,client_categorization_page_chrome.dart,Công bố | Cài đặt,context.go,AppRoutePaths.settingsSecurity,/settings/security,SecurityPage (/settings/security),
trade_compliance,flutter_app/lib/features/trade_compliance/presentation/widgets/governance/product_governance_products.dart,74,product_governance_products.dart,Open target market definition,context.go,"AppRoutePaths.tradeCopyTargetMarketDefinitionForProduct( product.id, )",AppRoutePaths.tradeCopyTargetMarketDefinitionForProduct(...),,
trade_compliance,flutter_app/lib/features/trade_compliance/presentation/widgets/governance/transaction_reporting_stats.dart,111,transaction_reporting_stats.dart,ARM Providers | View Full Dashboard,context.go,AppRoutePaths.tradeCopyRegulatoryReportsDashboard,/trade/copy-trading/regulatory-reports-dashboard,RegulatoryReportsDashboardPage (/trade/copy-trading/regulatory-reports-dashboard),
trade_copy,flutter_app/lib/features/trade_copy/presentation/pages/flow/copy_configuration_page.dart,202,copy_configuration_page.dart,Xem lại cấu hình copy | Xem xác nhận,context.push,AppRoutePaths.tradeCopyProviderConfirmation(widget.providerId),AppRoutePaths.tradeCopyProviderConfirmation(...),,
trade_copy,flutter_app/lib/features/trade_copy/presentation/pages/flow/copy_confirmation_page.dart,256,copy_confirmation_page.dart,,context.go,result.activeCopiesPath,,,dynamic_route_expression
trade_copy,flutter_app/lib/features/trade_copy/presentation/pages/flow/pre_copy_assessment_page.dart,286,pre_copy_assessment_page.dart,,context.push,AppRoutePaths.tradeCopyProviderConfiguration(snapshot.providerId),/trade/copy-provider/<snapshot.providerId>/configuration,CopyConfigurationPage (/trade/copy-provider/:providerId/configuration),
trade_copy,flutter_app/lib/features/trade_copy/presentation/pages/hub/active_copies_page.dart,117,active_copies_page.dart,Copy đang chạy | Tổng quan portfolio | Đánh giá rủi ro,context.push,AppRoutePaths.tradeCopyTrading,/trade/copy-trading,CopyTradingPage (/trade/copy-trading),
trade_copy,flutter_app/lib/features/trade_copy/presentation/pages/hub/active_copies_page.dart,160,active_copies_page.dart,Danh sách copy,context.push,AppRoutePaths.tradeCopyTrading,/trade/copy-trading,CopyTradingPage (/trade/copy-trading),
trade_copy,flutter_app/lib/features/trade_copy/presentation/pages/hub/active_copies_page.dart,170,active_copies_page.dart,Danh sách copy,context.push,"AppRoutePaths.tradeCopyProvider( copy.providerId, backPath: AppRoutePaths.tradeCopyActive, )",/trade/copy-provider/<copy.providerId>,CopyProviderDetailPage (/trade/copy-provider/:providerId),
trade_copy,flutter_app/lib/features/trade_copy/presentation/pages/hub/active_copies_page.dart,176,active_copies_page.dart,,context.push,"AppRoutePaths.tradeCopyProviderConfiguration( copy.providerId, backPath: AppRoutePaths.tradeCopyActive, )",/trade/copy-provider/<copy.providerId>/configuration,CopyConfigurationPage (/trade/copy-provider/:providerId/configuration),
trade_copy,flutter_app/lib/features/trade_copy/presentation/pages/hub/copy_notifications_page.dart,71,copy_notifications_page.dart,Thử lại | Thông báo | Không tải được thông báo,context.push,AppRoutePaths.tradeCopySettings,/trade/copy-trading/settings,CopySettingsPage (/trade/copy-trading/settings),
trade_copy,flutter_app/lib/features/trade_copy/presentation/pages/hub/copy_notifications_page.dart,258,copy_notifications_page.dart,,context.push,path,,,dynamic_route_expression
trade_copy,flutter_app/lib/features/trade_copy/presentation/pages/hub/copy_trading_page.dart,100,copy_trading_page.dart,Đánh giá trước khi copy | Tìm hiểu rủi ro copy trading,context.push,AppRoutePaths.tradeCopyEducation,/trade/copy-trading/education,CopyEducationPage (/trade/copy-trading/education),
trade_copy,flutter_app/lib/features/trade_copy/presentation/pages/hub/copy_trading_page.dart,126,copy_trading_page.dart,Đặt lại sắp xếp | Không có nhà cung cấp,context.push,AppRoutePaths.tradeCopyProvider(trader.id),/trade/copy-provider/<trader.id>,CopyProviderDetailPage (/trade/copy-provider/:providerId),
trade_copy,flutter_app/lib/features/trade_copy/presentation/pages/provider/copy_provider_detail_page.dart,170,copy_provider_detail_page.dart,Đánh giá trước khi copy | Xem lại trước khi sao chép,context.push,AppRoutePaths.tradeCopyProviderAssessment(providerId),AppRoutePaths.tradeCopyProviderAssessment(...),,
trade_copy,flutter_app/lib/features/trade_copy/presentation/pages/provider/provider_application_page.dart,299,provider_application_page.dart,Đã gửi đơn đăng ký,context.go,AppRoutePaths.tradeCopyTrading,/trade/copy-trading,CopyTradingPage (/trade/copy-trading),
trade_copy,flutter_app/lib/features/trade_copy/presentation/pages/provider/provider_comparison_page.dart,57,provider_comparison_page.dart,Thử lại | So sánh Providers | Không tải được dữ liệu so sánh provider,context.push,AppRoutePaths.tradeCopyTrading,/trade/copy-trading,CopyTradingPage (/trade/copy-trading),
trade_copy,flutter_app/lib/features/trade_copy/presentation/pages/provider/provider_comparison_page.dart,95,provider_comparison_page.dart,+ Thêm provider,context.push,AppRoutePaths.tradeCopyTrading,/trade/copy-trading,CopyTradingPage (/trade/copy-trading),
trade_copy,flutter_app/lib/features/trade_copy/presentation/pages/provider/provider_leaderboard_page.dart,157,provider_leaderboard_page.dart,Providers,context.push,"AppRoutePaths.tradeCopyProvider( entry.$2.id, backPath: AppRoutePaths.tradeCopyLeaderboard, )",/trade/copy-provider/<entry.$2.id>,CopyProviderDetailPage (/trade/copy-provider/:providerId),
trade_copy,flutter_app/lib/features/trade_copy/presentation/pages/safety/copy_education_page.dart,115,copy_education_page.dart,Tiếp theo,context.push,AppRoutePaths.tradeCopyTrading,/trade/copy-trading,CopyTradingPage (/trade/copy-trading),
trade_core,flutter_app/lib/features/trade_core/presentation/widgets/trade_product_navigation.dart,151,trade_product_navigation.dart,Giao ngay | Chuyển đổi,context.go,AppRoutePaths.tradePair(pair.id),/trade/<pair.id>,TradePage (/trade/:pairId),
trade_core,flutter_app/lib/features/trade_core/presentation/widgets/trade_product_navigation.dart,160,trade_product_navigation.dart,Giao ngay | Chuyển đổi | Phái sinh,context.go,AppRoutePaths.tradeConvert,/trade/convert,ConvertPage (/trade/convert),
trade_core,flutter_app/lib/features/trade_core/presentation/widgets/trade_product_navigation.dart,169,trade_product_navigation.dart,Chuyển đổi | Phái sinh | Ký quỹ,context.go,AppRoutePaths.tradeFutures(pair.id),/trade/<pair.id>/futures,FuturesPage (/trade/:pairId/futures),
trade_core,flutter_app/lib/features/trade_core/presentation/widgets/trade_product_navigation.dart,178,trade_product_navigation.dart,Phái sinh | Ký quỹ | Bot,context.go,AppRoutePaths.tradeMargin,/trade/margin,MarginTradingPage (/trade/margin),
trade_core,flutter_app/lib/features/trade_core/presentation/widgets/trade_product_navigation.dart,187,trade_product_navigation.dart,Ký quỹ | Bot,context.go,AppRoutePaths.tradeBots,/trade/bots,TradingBotsPage (/trade/bots),
trade_terminal,flutter_app/lib/features/trade_terminal/presentation/pages/tools/advanced_chart_page.dart,151,advanced_chart_page.dart,,context.go,AppRoutePaths.markets,/markets,MarketsResponsiveEntry (/markets),
trade_terminal,flutter_app/lib/features/trade_terminal/presentation/widgets/tools/advanced_chart_area_actions.dart,104,advanced_chart_area_actions.dart,MUA,context.go,AppRoutePaths.tradePair(pairId),/trade/<pairId>,TradePage (/trade/:pairId),
trade_terminal,flutter_app/lib/features/trade_terminal/presentation/widgets/tools/advanced_chart_area_actions.dart,115,advanced_chart_area_actions.dart,Open alerts | MUA | BÁN,context.go,'${AppRoutePaths.tradePair(pairId)}?side=sell',${AppRoutePaths.tradePair(pairId)}?side=sell,,
trade_terminal,flutter_app/lib/features/trade_terminal/presentation/widgets/tools/advanced_chart_area_actions.dart,126,advanced_chart_area_actions.dart,Open alerts | BÁN,context.go,AppRoutePaths.marketsAlerts,/markets/alerts,PriceAlertsPage (/markets/alerts),
trade_terminal,flutter_app/lib/features/trade_terminal/presentation/widgets/tools/advanced_tools_tabs_sheets.dart,110,advanced_tools_tabs_sheets.dart,${order.side.name.toUpperCase()} ${order.id} | Place Buy Order,Navigator.pop,context,,,back_or_close_modal
trade_terminal,flutter_app/lib/features/trade_terminal/presentation/widgets/tools/advanced_tools_tabs_sheets.dart,148,advanced_tools_tabs_sheets.dart,${order.symbol} ${order.side.name.toUpperCase()} | Cancel Selected Orders,Navigator.pop,context,,,back_or_close_modal
trade_terminal,flutter_app/lib/features/trade_terminal/presentation/widgets/tools/advanced_tools_tabs_sheets.dart,177,advanced_tools_tabs_sheets.dart,Trigger Quick Buy | Keyboard Shortcuts,Navigator.pop,context,,,back_or_close_modal
trade_terminal,flutter_app/lib/features/trade_terminal/presentation/widgets/tools/execution_quality_sheets.dart,91,execution_quality_sheets.dart,Order ID | Symbol | Current price | Queue position,Navigator.pop,context,,,back_or_close_modal
trade_terminal,flutter_app/lib/features/trade_terminal/presentation/widgets/tools/execution_quality_sheets.dart,136,execution_quality_sheets.dart,Save Slippage Settings,Navigator.pop,context,,,back_or_close_modal
trade_terminal,flutter_app/lib/features/trade_terminal/presentation/widgets/tools/risk_management_common.dart,78,risk_management_common.dart,Cặp | Side | Limit | Take Profit,Navigator.pop,context,,,back_or_close_modal
trade_terminal,flutter_app/lib/features/trade_terminal/presentation/widgets/tools/risk_management_common.dart,121,risk_management_common.dart,Per-unit risk | Suggested amount | Notional | Áp dụng khối lượng,Navigator.pop,context,,,back_or_close_modal
wallet,flutter_app/lib/features/wallet/presentation/pages/address/address_add_page.dart,204,address_add_page.dart,,Navigator.of(context).pop,,,,back_or_close_modal
wallet,flutter_app/lib/features/wallet/presentation/pages/address/address_book_page.dart,84,address_book_page.dart,Thêm địa chỉ | Sổ địa chỉ | Quản lý · Wallet | Sổ địa chỉ - quản lý địa chỉ ví đã lưu,context.go,AppRoutePaths.wallet,/wallet,WalletResponsiveEntry (/wallet),
wallet,flutter_app/lib/features/wallet/presentation/pages/address/address_book_page.dart,90,address_book_page.dart,Thêm địa chỉ | Sổ địa chỉ | Quản lý · Wallet | Sổ địa chỉ - quản lý địa chỉ ví đã lưu,context.go,AppRoutePaths.walletAddressBookAdd,/wallet/address-book/add,AddressAddPage (/wallet/address-book/add),
wallet,flutter_app/lib/features/wallet/presentation/pages/address/address_book_page.dart,186,address_book_page.dart,B\u1EA3o m\u1EADt \u0111\u1ECBa ch\u1EC9,context.go,AppRoutePaths.walletAddressBookAdd,/wallet/address-book/add,AddressAddPage (/wallet/address-book/add),
wallet,flutter_app/lib/features/wallet/presentation/pages/assets/asset_detail_page.dart,78,asset_detail_page.dart,Chi tiết tài sản · số dư minh bạch | Chi tiết tài sản - số dư minh bạch,context.go,AppRoutePaths.wallet,/wallet,WalletResponsiveEntry (/wallet),
wallet,flutter_app/lib/features/wallet/presentation/pages/assets/asset_detail_page.dart,91,asset_detail_page.dart,Thử lại | Chi tiết tài sản · số dư minh bạch | Không tải được chi tiết tài sản | Chi tiết tài sản - số dư minh bạch,context.go,AppRoutePaths.wallet,/wallet,WalletResponsiveEntry (/wallet),
wallet,flutter_app/lib/features/wallet/presentation/pages/assets/asset_detail_page.dart,112,asset_detail_page.dart,Thử lại | Không tải được chi tiết tài sản | Chi tiết tài sản · số dư minh bạch | Chi tiết tài sản - số dư minh bạch,context.go,AppRoutePaths.wallet,/wallet,WalletResponsiveEntry (/wallet),
wallet,flutter_app/lib/features/wallet/presentation/pages/assets/asset_detail_page.dart,126,asset_detail_page.dart,Biểu đồ giá | Chi tiết tài sản · số dư minh bạch,context.go,route,,,dynamic_route_expression
wallet,flutter_app/lib/features/wallet/presentation/pages/assets/asset_detail_page.dart,153,asset_detail_page.dart,Lịch sử giao dịch,context.go,route,,,dynamic_route_expression
wallet,flutter_app/lib/features/wallet/presentation/pages/assets/buy_crypto_page.dart,65,buy_crypto_page.dart,Mua Crypto | Giao dịch · Wallet | Mua tiền mã hoá,context.go,AppRoutePaths.wallet,/wallet,WalletResponsiveEntry (/wallet),
wallet,flutter_app/lib/features/wallet/presentation/pages/assets/buy_crypto_page.dart,75,buy_crypto_page.dart,Thử lại | Mua Crypto | Giao dịch · Wallet | Không tải được dữ liệu mua crypto,context.go,AppRoutePaths.wallet,/wallet,WalletResponsiveEntry (/wallet),
wallet,flutter_app/lib/features/wallet/presentation/pages/assets/buy_crypto_page.dart,95,buy_crypto_page.dart,Thử lại | Không tải được dữ liệu mua crypto,context.go,AppRoutePaths.wallet,/wallet,WalletResponsiveEntry (/wallet),
wallet,flutter_app/lib/features/wallet/presentation/pages/assets/buy_crypto_page.dart,116,buy_crypto_page.dart,Giao dịch · Wallet | Xem lại lệnh mua | Mua tiền mã hoá,context.go,AppRoutePaths.wallet,/wallet,WalletResponsiveEntry (/wallet),
wallet,flutter_app/lib/features/wallet/presentation/pages/assets/buy_crypto_page.dart,209,buy_crypto_page.dart,Chọn loại Crypto,Navigator.of(context).pop,,,,back_or_close_modal
wallet,flutter_app/lib/features/wallet/presentation/pages/assets/dust_converter_page.dart,67,dust_converter_page.dart,Thử lại | Chuy\u1EC3n \u0111\u1ED5i s\u1ED1 d\u01B0 nh\u1ECF | D\u1ECDn d\u1EB9p \u00b7 Wallet | Không tải được số dư nhỏ,context.go,AppRoutePaths.wallet,/wallet,WalletResponsiveEntry (/wallet),
wallet,flutter_app/lib/features/wallet/presentation/pages/history/transaction_detail_page.dart,80,transaction_detail_page.dart,Thử lại | Chi tiết giao dịch | Lịch sử · Wallet | Không tải được chi tiết giao dịch,context.go,AppRoutePaths.walletHistory,/wallet/history,TransactionHistoryPage (/wallet/history),
wallet,flutter_app/lib/features/wallet/presentation/pages/history/transaction_detail_page.dart,96,transaction_detail_page.dart,Ti\u1EBFn tr\u00ECnh | Thử lại | Không tải được chi tiết giao dịch,context.go,AppRoutePaths.walletHistory,/wallet/history,TransactionHistoryPage (/wallet/history),
wallet,flutter_app/lib/features/wallet/presentation/pages/history/transaction_detail_page.dart,129,transaction_detail_page.dart,Th\u00F4ng tin chi ti\u1EBFt,context.go,"ContextualSupportContracts.supportRouteFor( ContextualSupportFlow.withdrawal, referenceId: snapshot.transaction!.id, sourceRoute: AppRoutePaths.walletTransaction( snapshot.transaction!.id, ), issueLabel: 'Wallet transaction support', )",,,dynamic_route_expression
wallet,flutter_app/lib/features/wallet/presentation/pages/history/transaction_history_page.dart,76,transaction_history_page.dart,"Xuất lịch sử | Lịch sử giao dịch | Theo dõi nạp, rút và giao dịch · an toàn | Lịch sử giao dịch - theo dõi nạp, rút an toàn",context.go,AppRoutePaths.wallet,/wallet,WalletResponsiveEntry (/wallet),
wallet,flutter_app/lib/features/wallet/presentation/pages/history/transaction_history_page.dart,153,transaction_history_page.dart,Không có giao dịch,context.go,AppRoutePaths.walletTransaction(tx.id),/wallet/transaction/<tx.id>,TransactionDetailPage (/wallet/transaction/:txId),
wallet,flutter_app/lib/features/wallet/presentation/pages/phone/wallet_page.dart,224,wallet_page.dart,,context.go,route,,,dynamic_route_expression
wallet,flutter_app/lib/features/wallet/presentation/pages/tablet/wallet_tablet_page.dart,70,wallet_tablet_page.dart,,context.go,route,,,dynamic_route_expression
wallet,flutter_app/lib/features/wallet/presentation/pages/tools/network_status_page.dart,139,network_status_page.dart,"Tr\u1EA1ng th\u00E1i m\u1EA1ng | Trạng thái mạng - phí, độ trễ và tắc nghẽn",context.go,AppRoutePaths.wallet,/wallet,WalletResponsiveEntry (/wallet),
wallet,flutter_app/lib/features/wallet/presentation/pages/tools/portfolio_analytics_page.dart,76,portfolio_analytics_page.dart,Phân tích Danh mục | Tổng quan tài sản · không hype | Phân tích danh mục - tổng quan tài sản,context.go,AppRoutePaths.wallet,/wallet,WalletResponsiveEntry (/wallet),
wallet,flutter_app/lib/features/wallet/presentation/pages/tools/wallet_gas_optimizer_page.dart,84,wallet_gas_optimizer_page.dart,Tối ưu phí gas | Tối ưu phí gas giao dịch trên mạng,context.go,AppRoutePaths.wallet,/wallet,WalletResponsiveEntry (/wallet),
wallet,flutter_app/lib/features/wallet/presentation/pages/tools/wallet_multi_manager_page.dart,78,wallet_multi_manager_page.dart,Quản lý đa ví | Địa chỉ ẩn mặc định · kiểm soát sao chép | Quản lý đa ví - kiểm soát địa chỉ và sao chép,context.go,AppRoutePaths.wallet,/wallet,WalletResponsiveEntry (/wallet),
wallet,flutter_app/lib/features/wallet/presentation/pages/transfer/deposit_page.dart,82,deposit_page.dart,Thử lại | Nạp ${widget.asset.toUpperCase()} | Nạp tiền · Wallet | Không tải được dữ liệu nạp tiền,context.go,AppRoutePaths.wallet,/wallet,WalletResponsiveEntry (/wallet),
wallet,flutter_app/lib/features/wallet/presentation/pages/transfer/deposit_page.dart,212,deposit_page.dart,Chọn mạng lưới,Navigator.of(context).pop,,,,back_or_close_modal
wallet,flutter_app/lib/features/wallet/presentation/pages/transfer/pending_deposits_page.dart,91,pending_deposits_page.dart,N\u1EA1p ti\u1EC1n \u0111ang ch\u1EDD | Theo d\u00F5i x\u00E1c nh\u1EADn \u00B7 Wallet | Nạp tiền đang chờ xác nhận,context.go,AppRoutePaths.wallet,/wallet,WalletResponsiveEntry (/wallet),
wallet,flutter_app/lib/features/wallet/presentation/pages/transfer/pending_deposits_page.dart,165,pending_deposits_page.dart,Danh s\u00E1ch n\u1EA1p,context.go,AppRoutePaths.walletDeposit,/wallet/deposit,DepositPage (/wallet/deposit),
wallet,flutter_app/lib/features/wallet/presentation/pages/transfer/pending_deposits_page.dart,240,pending_deposits_page.dart,,context.go,supportContext.toSupportRoute(supportPath: AppRoutePaths.support),,,dynamic_route_expression
wallet,flutter_app/lib/features/wallet/presentation/pages/transfer/transfer_page.dart,73,transfer_page.dart,Thử lại | Chuy\u1ec3n n\u1ed9i b\u1ed9 | Chuy\u1ec3n ti\u1ec1n \u00b7 Wallet | Không tải được dữ liệu chuyển nội bộ,context.go,AppRoutePaths.wallet,/wallet,WalletResponsiveEntry (/wallet),
wallet,flutter_app/lib/features/wallet/presentation/pages/transfer/transfer_page.dart,238,transfer_page.dart,,Navigator.of(context).pop,,,,back_or_close_modal
wallet,flutter_app/lib/features/wallet/presentation/pages/transfer/transfer_page.dart,271,transfer_page.dart,Ch\u1ecdn t\u00e0i s\u1ea3n,Navigator.of(context).pop,,,,back_or_close_modal
wallet,flutter_app/lib/features/wallet/presentation/pages/transfer/transfer_page.dart,301,transfer_page.dart,Chuyển thành công,Navigator.of(context).pop,,,,back_or_close_modal
wallet,flutter_app/lib/features/wallet/presentation/pages/transfer/withdraw_limits_page.dart,66,withdraw_limits_page.dart,H\u1EA1n m\u1EE9c r\u00FAt ti\u1EC1n | Hạn mức rút tiền theo cấp KYC,context.go,AppRoutePaths.wallet,/wallet,WalletResponsiveEntry (/wallet),
wallet,flutter_app/lib/features/wallet/presentation/pages/transfer/withdraw_page.dart,313,withdraw_page.dart,,context.go,"ContextualSupportContracts.supportRouteFor( ContextualSupportFlow.withdrawal, referenceId: 'withdraw-${snapshot.asset.toLowerCase()}', sourceRoute: widget.assetScoped ? AppRoutePaths.walletWithdrawAsset(snapshot.asset) : AppRoutePaths.walletWithdraw, issueLabel: 'Withdrawal support for ${snapshot.asset}', )",,,dynamic_route_expression
wallet,flutter_app/lib/features/wallet/presentation/pages/transfer/withdraw_page.dart,353,withdraw_page.dart,,Navigator.of(context).pop,,,,back_or_close_modal
wallet,flutter_app/lib/features/wallet/presentation/widgets/assets/asset_detail_page_common.dart,29,asset_detail_page_common.dart,Chưa có giao dịch,onNavigate,tx.route,,,dynamic_route_expression
wallet,flutter_app/lib/features/wallet/presentation/widgets/assets/asset_detail_page_sections.dart,210,asset_detail_page_sections.dart,,onNavigate,action.route,,,dynamic_route_expression
wallet,flutter_app/lib/features/wallet/presentation/widgets/phone/wallet_page_asset_sections.dart,156,wallet_page_asset_sections.dart,S\u1ED5 \u0111\u1ECBa ch\u1EC9,onNavigate,'/wallet/address-book',/wallet/address-book,AddressBookPage (/wallet/address-book),
wallet,flutter_app/lib/features/wallet/presentation/widgets/phone/wallet_page_asset_sections.dart,198,wallet_page_asset_sections.dart,Ch\u01B0a c\u00F3 t\u00E0i s\u1EA3n | N\u1EA1p ti\u1EC1n,onNavigate,'/wallet/deposit/USDT',/wallet/deposit/USDT,DepositPage (/wallet/deposit/:asset),
wallet,flutter_app/lib/features/wallet/presentation/widgets/phone/wallet_page_asset_sections.dart,208,wallet_page_asset_sections.dart,N\u1EA1p ti\u1EC1n | Mua crypto,onNavigate,'/wallet/buy-crypto',/wallet/buy-crypto,BuyCryptoPage (/wallet/buy-crypto),
wallet,flutter_app/lib/features/wallet/presentation/widgets/phone/wallet_page_asset_sections.dart,230,wallet_page_asset_sections.dart,,onNavigate,'/wallet/asset/${assets[i].id}',/wallet/asset/${assets[i].id},AssetDetailPage (/wallet/asset/:assetId),
wallet,flutter_app/lib/features/wallet/presentation/widgets/phone/wallet_page_balance_sections.dart,131,wallet_page_balance_sections.dart,,onNavigate,deposit.route,,,dynamic_route_expression
wallet,flutter_app/lib/features/wallet/presentation/widgets/phone/wallet_page_balance_sections.dart,141,wallet_page_balance_sections.dart,Thêm thao tác,onNavigate,withdraw.route,,,dynamic_route_expression
wallet,flutter_app/lib/features/wallet/presentation/widgets/phone/wallet_page_balance_sections.dart,177,wallet_page_balance_sections.dart,Điểm sức khỏe ví | Bảo mật và đa dạng hóa danh mục,onNavigate,'/wallet/health-score',/wallet/health-score,WalletHealthScorePage (/wallet/health-score),
wallet,flutter_app/lib/features/wallet/presentation/widgets/phone/wallet_page_balance_sections.dart,203,wallet_page_balance_sections.dart,$count giao d\u1ECBch n\u1EA1p \u0111ang ch\u1EDD | Theo d\u00F5i x\u00E1c nh\u1EADn blockchain v\u00E0 b\u01B0\u1EDBc ti\u1EBFp theo,onNavigate,'/wallet/pending-deposits',/wallet/pending-deposits,PendingDepositsPage (/wallet/pending-deposits),
wallet,flutter_app/lib/features/wallet/presentation/widgets/phone/wallet_page_dca_tool_sections.dart,276,wallet_page_dca_tool_sections.dart,Th\u00EAm,onNavigate,tool.route,,,dynamic_route_expression
wallet,flutter_app/lib/features/wallet/presentation/widgets/tablet/wallet_page_asset_sections.dart,155,wallet_page_asset_sections.dart,S\u1ED5 \u0111\u1ECBa ch\u1EC9,onNavigate,'/wallet/address-book',/wallet/address-book,AddressBookPage (/wallet/address-book),
wallet,flutter_app/lib/features/wallet/presentation/widgets/tablet/wallet_page_asset_sections.dart,197,wallet_page_asset_sections.dart,Ch\u01B0a c\u00F3 t\u00E0i s\u1EA3n | N\u1EA1p ti\u1EC1n,onNavigate,'/wallet/deposit/USDT',/wallet/deposit/USDT,DepositPage (/wallet/deposit/:asset),
wallet,flutter_app/lib/features/wallet/presentation/widgets/tablet/wallet_page_asset_sections.dart,207,wallet_page_asset_sections.dart,N\u1EA1p ti\u1EC1n | Mua crypto,onNavigate,'/wallet/buy-crypto',/wallet/buy-crypto,BuyCryptoPage (/wallet/buy-crypto),
wallet,flutter_app/lib/features/wallet/presentation/widgets/tablet/wallet_page_asset_sections.dart,229,wallet_page_asset_sections.dart,,onNavigate,'/wallet/asset/${assets[i].id}',/wallet/asset/${assets[i].id},AssetDetailPage (/wallet/asset/:assetId),
wallet,flutter_app/lib/features/wallet/presentation/widgets/tablet/wallet_page_balance_sections.dart,130,wallet_page_balance_sections.dart,,onNavigate,deposit.route,,,dynamic_route_expression
wallet,flutter_app/lib/features/wallet/presentation/widgets/tablet/wallet_page_balance_sections.dart,140,wallet_page_balance_sections.dart,Thêm thao tác,onNavigate,withdraw.route,,,dynamic_route_expression
wallet,flutter_app/lib/features/wallet/presentation/widgets/tablet/wallet_page_balance_sections.dart,176,wallet_page_balance_sections.dart,Điểm sức khỏe ví | Bảo mật và đa dạng hóa danh mục,onNavigate,'/wallet/health-score',/wallet/health-score,WalletHealthScorePage (/wallet/health-score),
wallet,flutter_app/lib/features/wallet/presentation/widgets/tablet/wallet_page_balance_sections.dart,202,wallet_page_balance_sections.dart,$count giao d\u1ECBch n\u1EA1p \u0111ang ch\u1EDD | Theo d\u00F5i x\u00E1c nh\u1EADn blockchain v\u00E0 b\u01B0\u1EDBc ti\u1EBFp theo,onNavigate,'/wallet/pending-deposits',/wallet/pending-deposits,PendingDepositsPage (/wallet/pending-deposits),
wallet,flutter_app/lib/features/wallet/presentation/widgets/tablet/wallet_page_dca_tool_sections.dart,275,wallet_page_dca_tool_sections.dart,Th\u00EAm,onNavigate,tool.route,,,dynamic_route_expression
wallet,flutter_app/lib/features/wallet/presentation/widgets/tools/wallet_health_score_page_shell.dart,22,wallet_health_score_page_shell.dart,"Wallet Health | Điểm sức khỏe ví - tổng quan, bảo mật và đa dạng hóa",context.go,AppRoutePaths.wallet,/wallet,WalletResponsiveEntry (/wallet),
wallet,flutter_app/lib/features/wallet/presentation/widgets/tools/wallet_health_score_page_shell.dart,146,wallet_health_score_page_shell.dart,,Navigator.of(context).pop,,,,back_or_close_modal
wallet,flutter_app/lib/features/wallet/presentation/widgets/tools/wallet_token_revoke_sheet.dart,140,wallet_token_revoke_sheet.dart,Hủy,Navigator.of(context).pop,,,,back_or_close_modal
wallet,flutter_app/lib/features/wallet/presentation/widgets/tools/wallet_token_revoke_sheet.dart,149,wallet_token_revoke_sheet.dart,Hủy,Navigator.of(context).pop,,,,back_or_close_modal
wallet,flutter_app/lib/features/wallet/presentation/widgets/transfer/wallet_transfer_confirm_sheet.dart,120,wallet_transfer_confirm_sheet.dart,Hủy xác nhận chuyển nội bộ | Hủy,Navigator.of(context).pop,,,,back_or_close_modal
wallet,flutter_app/lib/features/wallet/presentation/widgets/transfer/withdraw_limits_page_common.dart,37,withdraw_limits_page_common.dart,,context.go,AppRoutePaths.profileKyc,/profile/kyc,KYCPage (/profile/kyc),
wallet,flutter_app/lib/features/wallet/presentation/widgets/transfer/withdraw_preview_sheet.dart,105,withdraw_preview_sheet.dart,Hủy | Xác nhận rút,Navigator.of(context).pop,,,,back_or_close_modal
wallet,flutter_app/lib/features/wallet/presentation/widgets/transfer/withdraw_preview_sheet.dart,114,withdraw_preview_sheet.dart,Hủy | Xác nhận rút,Navigator.of(context).pop,,,,back_or_close_modal
shared,flutter_app/lib/shared/widgets/vit_balance_breakdown_row.dart,56,vit_balance_breakdown_row.dart,${items[i].label}: mở ${items[i].label},onNavigate,items[i].route,,,dynamic_route_expression
