module,scope,path,container,boxDecoration,borderRadiusCircular,radiusCircular,edgeInsets,fixedWidth,fixedHeight,totalDivergence,exception,exceptionReason
admin,root_page,flutter_app/lib/features/admin/presentation/pages/ab_test_dashboard_page.dart,0,0,0,0,0,0,0,0,no,-
admin,root_page,flutter_app/lib/features/admin/presentation/pages/admin_home_page.dart,0,0,0,0,0,0,0,0,no,-
admin,root_page,flutter_app/lib/features/admin/presentation/pages/admin_settings_page.dart,0,0,0,0,0,0,0,0,no,-
admin,root_page,flutter_app/lib/features/admin/presentation/pages/analytics_dashboard_page.dart,0,0,0,0,0,0,0,0,no,-
admin,root_page,flutter_app/lib/features/admin/presentation/pages/funnel_dashboard_page.dart,0,0,0,0,0,0,0,0,no,-
admin,root_page,flutter_app/lib/features/admin/presentation/widgets/ab_test_dashboard_common.dart,0,0,0,0,0,0,0,0,no,-
admin,root_page,flutter_app/lib/features/admin/presentation/widgets/ab_test_dashboard_sections.dart,0,0,0,0,0,0,0,0,no,-
admin,feature_widget,flutter_app/lib/features/admin/presentation/widgets/admin_dashboard_state_content.dart,0,0,0,0,0,0,0,0,no,-
admin,root_page,flutter_app/lib/features/admin/presentation/widgets/admin_home_dashboards_footer.dart,0,0,0,0,0,0,0,0,no,-
admin,root_page,flutter_app/lib/features/admin/presentation/widgets/admin_home_metrics_realtime.dart,0,0,0,0,0,0,0,0,no,-
admin,feature_widget,flutter_app/lib/features/admin/presentation/widgets/admin_metric_card.dart,0,0,0,0,0,0,0,0,no,-
admin,root_page,flutter_app/lib/features/admin/presentation/widgets/analytics_dashboard_common.dart,0,0,0,0,0,0,0,0,yes,allowed_source_keyword: custompainter
admin,root_page,flutter_app/lib/features/admin/presentation/widgets/analytics_dashboard_sections.dart,0,0,0,0,0,0,0,0,no,-
admin,root_page,flutter_app/lib/features/admin/presentation/widgets/funnel_dashboard_common_painter.dart,0,0,0,0,0,0,0,0,yes,allowed_source_keyword: custompainter
admin,root_page,flutter_app/lib/features/admin/presentation/widgets/funnel_dashboard_selector_metrics.dart,0,0,0,0,0,0,0,0,no,-
admin,root_page,flutter_app/lib/features/admin/presentation/widgets/funnel_dashboard_waterfall_details.dart,0,0,0,0,0,0,0,0,no,-
arena,root_page,flutter_app/lib/features/arena/presentation/pages/bridge/arena_prediction_bridge_foundation_page.dart,0,0,0,0,0,0,0,0,no,-
arena,root_page,flutter_app/lib/features/arena/presentation/pages/bridge/arena_prediction_bridge_foundation_page_examples_and_shared_widgets.dart,0,0,0,0,0,0,0,0,no,-
arena,root_page,flutter_app/lib/features/arena/presentation/pages/bridge/arena_prediction_bridge_foundation_page_principles_section.dart,0,0,0,0,0,0,0,0,no,-
arena,root_page,flutter_app/lib/features/arena/presentation/pages/bridge/arena_prediction_bridge_foundation_page_topics_boundary_bridge_sections.dart,0,0,0,0,0,0,0,0,no,-
arena,root_page,flutter_app/lib/features/arena/presentation/pages/bridge/connected_ecosystem_production_page.dart,0,0,0,0,0,0,0,0,no,-
arena,root_page,flutter_app/lib/features/arena/presentation/pages/bridge/connected_ecosystem_production_page_canonical_states_section.dart,0,0,0,0,0,0,0,0,no,-
arena,root_page,flutter_app/lib/features/arena/presentation/pages/bridge/connected_ecosystem_production_page_flows_registry_handoff.dart,0,0,0,0,0,0,0,0,no,-
arena,root_page,flutter_app/lib/features/arena/presentation/pages/bridge/connected_ecosystem_production_page_handoff_and_shared_widgets.dart,0,0,0,0,0,0,0,0,no,-
arena,root_page,flutter_app/lib/features/arena/presentation/pages/challenge/arena_challenge_detail_page.dart,0,0,0,0,0,0,0,0,no,-
arena,root_page,flutter_app/lib/features/arena/presentation/pages/challenge/arena_challenge_detail_page_actions_and_shared_widgets.dart,0,0,0,0,0,0,0,0,no,-
arena,root_page,flutter_app/lib/features/arena/presentation/pages/challenge/arena_challenge_detail_page_overview_section.dart,0,0,0,0,0,0,0,0,no,-
arena,root_page,flutter_app/lib/features/arena/presentation/pages/challenge/arena_challenge_detail_page_tabs_and_panels.dart,0,0,0,0,0,0,0,0,no,-
arena,root_page,flutter_app/lib/features/arena/presentation/pages/challenge/arena_join_page.dart,0,0,0,0,0,0,0,0,no,-
arena,root_page,flutter_app/lib/features/arena/presentation/pages/challenge/arena_leaderboard_page.dart,0,0,0,0,0,0,0,0,no,-
arena,root_page,flutter_app/lib/features/arena/presentation/pages/challenge/arena_mode_detail_page.dart,0,0,0,0,0,0,0,0,no,-
arena,root_page,flutter_app/lib/features/arena/presentation/pages/challenge/verified_challenges_page.dart,0,0,0,0,0,0,0,0,no,-
arena,root_page,flutter_app/lib/features/arena/presentation/pages/governance/arena_blocked_users_page.dart,0,0,0,0,0,0,0,0,no,-
arena,root_page,flutter_app/lib/features/arena/presentation/pages/governance/arena_governance_gate_page.dart,0,0,0,0,0,0,0,0,no,-
arena,root_page,flutter_app/lib/features/arena/presentation/pages/governance/arena_governance_gate_page_tier_style.dart,0,0,0,0,0,0,0,0,no,-
arena,root_page,flutter_app/lib/features/arena/presentation/pages/governance/arena_guide_page.dart,0,0,0,0,0,0,0,0,no,-
arena,root_page,flutter_app/lib/features/arena/presentation/pages/governance/arena_guide_page_faq_shared_widgets.dart,0,0,0,0,0,0,0,0,no,-
arena,root_page,flutter_app/lib/features/arena/presentation/pages/governance/arena_guide_page_guide_tab.dart,0,0,0,0,0,0,0,0,no,-
arena,root_page,flutter_app/lib/features/arena/presentation/pages/governance/arena_guide_page_tips_safety_content.dart,0,0,0,0,0,0,0,0,no,-
arena,root_page,flutter_app/lib/features/arena/presentation/pages/governance/arena_report_case_page.dart,0,0,0,0,0,0,0,0,no,-
arena,root_page,flutter_app/lib/features/arena/presentation/pages/governance/arena_resolution_center_page.dart,0,0,0,0,0,0,0,0,no,-
arena,root_page,flutter_app/lib/features/arena/presentation/pages/governance/arena_safety_center_page.dart,0,0,0,0,0,0,0,0,no,-
arena,root_page,flutter_app/lib/features/arena/presentation/pages/governance/arena_trust_breakdown_page.dart,0,0,0,0,0,0,0,0,no,-
arena,root_page,flutter_app/lib/features/arena/presentation/pages/governance/my_arena_reports_page.dart,0,0,0,0,0,0,0,0,no,-
arena,root_page,flutter_app/lib/features/arena/presentation/pages/hub/arena_flow_map_page.dart,0,0,0,0,0,0,0,0,no,-
arena,root_page,flutter_app/lib/features/arena/presentation/pages/hub/arena_home_page.dart,0,0,0,0,0,0,0,0,no,-
arena,root_page,flutter_app/lib/features/arena/presentation/pages/hub/arena_home_page_hero_and_templates.dart,0,0,0,0,0,0,0,0,no,-
arena,root_page,flutter_app/lib/features/arena/presentation/pages/hub/arena_home_page_modes_and_rooms_section.dart,0,0,0,0,0,0,0,0,no,-
arena,root_page,flutter_app/lib/features/arena/presentation/pages/hub/arena_home_page_search_and_shared_widgets.dart,0,0,0,0,0,0,0,0,no,-
arena,root_page,flutter_app/lib/features/arena/presentation/pages/hub/arena_production_ready_page.dart,0,0,0,0,0,0,0,0,no,-
arena,root_page,flutter_app/lib/features/arena/presentation/pages/hub/arena_production_ready_page_flows_registry_handoff.dart,0,0,0,0,0,0,0,0,no,-
arena,root_page,flutter_app/lib/features/arena/presentation/pages/hub/arena_production_ready_page_handoff_and_shared_widgets.dart,0,0,0,0,0,0,0,0,no,-
arena,root_page,flutter_app/lib/features/arena/presentation/pages/hub/arena_production_ready_page_screens_states_section.dart,0,0,0,0,0,0,0,0,no,-
arena,root_page,flutter_app/lib/features/arena/presentation/pages/hub/my_arena_page.dart,0,0,0,0,0,0,0,0,no,-
arena,root_page,flutter_app/lib/features/arena/presentation/pages/hub/my_arena_page_hero_and_tabs.dart,0,0,0,0,0,0,0,0,no,-
arena,root_page,flutter_app/lib/features/arena/presentation/pages/hub/my_arena_page_rewards_and_safety.dart,0,0,0,0,0,0,0,0,no,-
arena,root_page,flutter_app/lib/features/arena/presentation/pages/hub/my_arena_page_shared_widgets.dart,0,0,0,0,0,0,0,0,no,-
arena,root_page,flutter_app/lib/features/arena/presentation/pages/hub/my_arena_page_tab_content.dart,0,0,0,0,0,0,0,0,no,-
arena,root_page,flutter_app/lib/features/arena/presentation/pages/points/arena_points_entry_detail_page.dart,0,0,0,0,0,0,0,0,no,-
arena,root_page,flutter_app/lib/features/arena/presentation/pages/points/arena_points_ledger_page.dart,0,0,0,0,0,0,0,0,no,-
arena,root_page,flutter_app/lib/features/arena/presentation/pages/studio/arena_creator_page.dart,0,0,0,0,0,0,0,0,no,-
arena,root_page,flutter_app/lib/features/arena/presentation/pages/studio/arena_smart_rule_builder_page.dart,0,0,0,0,0,0,0,0,no,-
arena,root_page,flutter_app/lib/features/arena/presentation/pages/studio/arena_smart_rule_builder_page_review_submit.dart,0,0,0,0,0,0,0,0,no,-
arena,root_page,flutter_app/lib/features/arena/presentation/pages/studio/arena_studio_page.dart,0,0,0,0,0,0,0,0,no,-
arena,root_page,flutter_app/lib/features/arena/presentation/pages/studio/arena_universal_preset_library_page.dart,0,0,0,0,0,0,0,0,no,-
arena,root_page,flutter_app/lib/features/arena/presentation/pages/studio/arena_universal_preset_library_page_demo_and_title_widgets.dart,0,0,0,0,0,0,0,0,no,-
arena,root_page,flutter_app/lib/features/arena/presentation/pages/studio/arena_universal_preset_library_page_domains_suggestions_dropdowns.dart,0,0,0,0,0,0,0,0,no,-
arena,root_page,flutter_app/lib/features/arena/presentation/pages/studio/arena_universal_preset_library_page_titles_and_shared_widgets.dart,0,0,0,0,0,0,0,0,no,-
arena,root_page,flutter_app/lib/features/arena/presentation/widgets/challenge/arena_join_page_common.dart,0,0,0,0,0,0,0,0,no,-
arena,root_page,flutter_app/lib/features/arena/presentation/widgets/challenge/arena_join_page_sections.dart,0,0,0,0,0,0,0,0,no,-
arena,root_page,flutter_app/lib/features/arena/presentation/widgets/challenge/arena_leaderboard_body.dart,0,0,0,0,0,0,0,0,no,-
arena,root_page,flutter_app/lib/features/arena/presentation/widgets/challenge/arena_leaderboard_controls.dart,0,0,0,0,0,0,0,0,no,-
arena,root_page,flutter_app/lib/features/arena/presentation/widgets/challenge/arena_leaderboard_rows_footer.dart,0,0,0,0,0,0,0,0,no,-
arena,feature_widget,flutter_app/lib/features/arena/presentation/widgets/challenge/arena_mode_detail_actions.dart,0,0,0,0,0,0,0,0,no,-
arena,feature_widget,flutter_app/lib/features/arena/presentation/widgets/challenge/arena_mode_detail_common.dart,0,0,0,0,0,0,0,0,no,-
arena,feature_widget,flutter_app/lib/features/arena/presentation/widgets/challenge/arena_mode_detail_hero.dart,0,0,0,0,0,0,0,0,no,-
arena,feature_widget,flutter_app/lib/features/arena/presentation/widgets/challenge/arena_mode_detail_prediction.dart,0,0,0,0,0,0,0,0,no,-
arena,feature_widget,flutter_app/lib/features/arena/presentation/widgets/challenge/arena_mode_detail_quality.dart,0,0,0,0,0,0,0,0,no,-
arena,feature_widget,flutter_app/lib/features/arena/presentation/widgets/challenge/arena_mode_detail_related.dart,0,0,0,0,0,0,0,0,no,-
arena,feature_widget,flutter_app/lib/features/arena/presentation/widgets/challenge/arena_mode_detail_rules.dart,0,0,0,0,0,0,0,0,no,-
arena,feature_widget,flutter_app/lib/features/arena/presentation/widgets/challenge/arena_navigation_actions.dart,0,0,0,0,0,0,0,0,no,-
arena,root_page,flutter_app/lib/features/arena/presentation/widgets/governance/arena_governance_gate_field_controls.dart,0,0,0,0,0,0,0,0,no,-
arena,root_page,flutter_app/lib/features/arena/presentation/widgets/governance/arena_governance_gate_helpers.dart,0,0,0,0,0,0,0,0,no,-
arena,root_page,flutter_app/lib/features/arena/presentation/widgets/governance/arena_governance_gate_models.dart,0,0,0,0,0,0,0,0,no,-
arena,root_page,flutter_app/lib/features/arena/presentation/widgets/governance/arena_governance_gate_privacy_clarity.dart,0,0,0,0,0,0,0,0,no,-
arena,root_page,flutter_app/lib/features/arena/presentation/widgets/governance/arena_governance_gate_resolution_timing.dart,0,0,0,0,0,0,0,0,no,-
arena,root_page,flutter_app/lib/features/arena/presentation/widgets/governance/arena_governance_gate_setup_fields.dart,0,0,0,0,0,0,0,0,no,-
arena,root_page,flutter_app/lib/features/arena/presentation/widgets/governance/arena_governance_gate_status_widgets.dart,0,0,0,0,0,0,0,0,no,-
arena,feature_widget,flutter_app/lib/features/arena/presentation/widgets/governance/arena_governance_gate_stepper_title.dart,0,0,0,0,0,0,0,0,no,-
arena,root_page,flutter_app/lib/features/arena/presentation/widgets/governance/arena_governance_gate_suggestions_eligibility.dart,0,0,0,0,0,0,0,0,no,-
arena,root_page,flutter_app/lib/features/arena/presentation/widgets/governance/arena_governance_gate_summary_footer.dart,0,0,0,0,0,0,0,0,no,-
arena,root_page,flutter_app/lib/features/arena/presentation/widgets/governance/arena_report_case_related_common.dart,0,0,0,0,0,0,0,0,no,-
arena,root_page,flutter_app/lib/features/arena/presentation/widgets/governance/arena_report_case_summary_timeline.dart,0,0,0,0,0,0,0,0,no,-
arena,root_page,flutter_app/lib/features/arena/presentation/widgets/governance/arena_report_case_system_appeal.dart,0,0,0,0,0,0,0,0,no,-
arena,root_page,flutter_app/lib/features/arena/presentation/widgets/governance/arena_safety_center_page_common.dart,0,0,0,0,0,0,0,0,no,-
arena,root_page,flutter_app/lib/features/arena/presentation/widgets/governance/arena_safety_center_page_sections.dart,0,0,0,0,0,0,0,0,no,-
arena,root_page,flutter_app/lib/features/arena/presentation/widgets/governance/my_arena_reports_page_common.dart,0,0,0,0,0,0,0,0,no,-
arena,root_page,flutter_app/lib/features/arena/presentation/widgets/governance/my_arena_reports_page_sections.dart,0,0,0,0,0,0,0,0,no,-
arena,feature_widget,flutter_app/lib/features/arena/presentation/widgets/hub/arena_date_format.dart,0,0,0,0,0,0,0,0,no,-
arena,root_page,flutter_app/lib/features/arena/presentation/widgets/hub/arena_flow_map_nodes.dart,0,0,0,0,0,0,0,0,no,-
arena,root_page,flutter_app/lib/features/arena/presentation/widgets/hub/arena_flow_map_overview.dart,0,0,0,0,0,0,0,0,no,-
arena,root_page,flutter_app/lib/features/arena/presentation/widgets/hub/arena_flow_map_qa.dart,0,0,0,0,0,0,0,0,no,-
arena,feature_widget,flutter_app/lib/features/arena/presentation/widgets/hub/arena_state_cards.dart,0,0,0,0,0,0,0,0,no,-
arena,feature_widget,flutter_app/lib/features/arena/presentation/widgets/hub/arena_viewport_padding.dart,0,0,0,0,0,0,0,0,no,-
arena,root_page,flutter_app/lib/features/arena/presentation/widgets/points/arena_points_entry_detail_page_common.dart,0,0,0,0,0,0,0,0,no,-
arena,root_page,flutter_app/lib/features/arena/presentation/widgets/points/arena_points_entry_detail_page_sections.dart,0,0,0,0,0,0,0,0,no,-
arena,root_page,flutter_app/lib/features/arena/presentation/widgets/points/arena_points_ledger_page_common.dart,0,0,0,0,0,0,0,0,no,-
arena,root_page,flutter_app/lib/features/arena/presentation/widgets/points/arena_points_ledger_page_sections.dart,0,0,0,0,0,0,0,0,no,-
arena,root_page,flutter_app/lib/features/arena/presentation/widgets/studio/arena_creator_common.dart,0,0,0,0,0,0,0,0,no,-
arena,root_page,flutter_app/lib/features/arena/presentation/widgets/studio/arena_creator_hero_trust.dart,0,0,0,0,0,0,0,0,no,-
arena,root_page,flutter_app/lib/features/arena/presentation/widgets/studio/arena_creator_tabs.dart,0,0,0,0,0,0,0,0,no,-
arena,root_page,flutter_app/lib/features/arena/presentation/widgets/studio/arena_smart_rule_builder_page_basics_fields.dart,0,0,0,0,0,0,0,0,no,-
arena,root_page,flutter_app/lib/features/arena/presentation/widgets/studio/arena_smart_rule_builder_page_condition_timing_fields.dart,0,0,0,0,0,0,0,0,no,-
arena,root_page,flutter_app/lib/features/arena/presentation/widgets/studio/arena_studio_fee_banner.dart,0,0,0,0,0,0,0,0,no,-
arena,root_page,flutter_app/lib/features/arena/presentation/widgets/studio/arena_studio_footer.dart,0,0,0,0,0,0,0,0,no,-
arena,root_page,flutter_app/lib/features/arena/presentation/widgets/studio/arena_studio_stepper.dart,0,0,0,0,0,0,0,0,no,-
arena,root_page,flutter_app/lib/features/arena/presentation/widgets/studio/arena_studio_steps.dart,0,0,0,0,0,0,0,0,no,-
auth,root_page,flutter_app/lib/features/auth/presentation/pages/forgot_password_page.dart,0,0,0,0,0,0,0,0,no,-
auth,root_page,flutter_app/lib/features/auth/presentation/pages/login_page.dart,0,0,0,0,0,0,0,0,no,-
auth,root_page,flutter_app/lib/features/auth/presentation/pages/otp_page.dart,0,0,0,0,0,0,0,0,no,-
auth,root_page,flutter_app/lib/features/auth/presentation/pages/register_page.dart,0,0,0,0,0,0,0,0,no,-
auth,root_page,flutter_app/lib/features/auth/presentation/pages/reset_password_page.dart,0,0,0,0,0,0,0,0,no,-
auth,root_page,flutter_app/lib/features/auth/presentation/pages/two_fa_setup_page.dart,0,0,0,0,0,0,0,0,no,-
cross_module,root_page,flutter_app/lib/features/cross_module/presentation/pages/cross_module_analytics_page.dart,0,0,0,0,0,0,0,0,no,-
cross_module,root_page,flutter_app/lib/features/cross_module/presentation/pages/smart_alert_center_page.dart,0,0,0,0,0,0,0,0,no,-
cross_module,root_page,flutter_app/lib/features/cross_module/presentation/pages/tax_report_center_generate_and_reports_tabs.dart,0,0,0,0,0,0,0,0,no,-
cross_module,root_page,flutter_app/lib/features/cross_module/presentation/pages/tax_report_center_generate_tab.dart,0,0,0,0,0,0,0,0,no,-
cross_module,root_page,flutter_app/lib/features/cross_module/presentation/pages/tax_report_center_page.dart,0,0,0,0,0,0,0,0,no,-
cross_module,root_page,flutter_app/lib/features/cross_module/presentation/pages/tax_report_center_settings_tab.dart,0,0,0,0,0,0,0,0,no,-
cross_module,root_page,flutter_app/lib/features/cross_module/presentation/pages/unified_portfolio_dashboard_page.dart,0,0,0,0,0,0,0,0,no,-
cross_module,root_page,flutter_app/lib/features/cross_module/presentation/widgets/cross_module_analytics_cards.dart,0,0,0,0,0,0,0,0,no,-
cross_module,root_page,flutter_app/lib/features/cross_module/presentation/widgets/cross_module_analytics_common.dart,0,0,0,0,0,0,0,0,no,-
cross_module,root_page,flutter_app/lib/features/cross_module/presentation/widgets/cross_module_analytics_painters.dart,0,0,0,0,0,0,0,0,yes,allowed_source_keyword: custompainter
cross_module,root_page,flutter_app/lib/features/cross_module/presentation/widgets/cross_module_analytics_tabs.dart,0,0,0,0,0,0,0,0,no,-
cross_module,feature_widget,flutter_app/lib/features/cross_module/presentation/widgets/cross_module_icon_widgets.dart,0,0,0,0,0,0,0,0,no,-
cross_module,feature_widget,flutter_app/lib/features/cross_module/presentation/widgets/cross_module_tabbed_shell.dart,0,0,0,0,0,0,0,0,no,-
cross_module,root_page,flutter_app/lib/features/cross_module/presentation/widgets/smart_alert_center_cards.dart,0,0,0,0,0,0,0,0,no,-
cross_module,root_page,flutter_app/lib/features/cross_module/presentation/widgets/smart_alert_center_common.dart,0,0,0,0,0,0,0,0,no,-
cross_module,root_page,flutter_app/lib/features/cross_module/presentation/widgets/smart_alert_center_history_settings.dart,0,0,0,0,0,0,0,0,no,-
cross_module,root_page,flutter_app/lib/features/cross_module/presentation/widgets/smart_alert_center_tabs.dart,0,0,0,0,0,0,0,0,no,-
cross_module,feature_widget,flutter_app/lib/features/cross_module/presentation/widgets/unified_portfolio_analysis.dart,0,0,0,0,0,0,0,0,no,-
cross_module,feature_widget,flutter_app/lib/features/cross_module/presentation/widgets/unified_portfolio_common.dart,0,0,0,0,0,0,0,0,no,-
cross_module,feature_widget,flutter_app/lib/features/cross_module/presentation/widgets/unified_portfolio_history.dart,0,0,0,0,0,0,0,0,no,-
cross_module,feature_widget,flutter_app/lib/features/cross_module/presentation/widgets/unified_portfolio_overview.dart,0,0,0,0,0,0,0,0,no,-
cross_module,feature_widget,flutter_app/lib/features/cross_module/presentation/widgets/unified_portfolio_painters.dart,0,0,0,0,0,0,0,0,yes,allowed_source_keyword: custompainter
cross_module,feature_widget,flutter_app/lib/features/cross_module/presentation/widgets/unified_portfolio_tabs.dart,0,0,0,0,0,0,0,0,no,-
dca,root_page,flutter_app/lib/features/dca/presentation/pages/hub/dca_page.dart,0,0,0,0,0,0,0,0,no,-
dca,root_page,flutter_app/lib/features/dca/presentation/pages/hub/dca_page_common.dart,0,0,0,0,0,0,0,0,yes,allowed_source_keyword: custompainter
dca,root_page,flutter_app/lib/features/dca/presentation/pages/hub/dca_page_history_and_create_sheet.dart,0,0,0,0,0,0,0,0,no,-
dca,root_page,flutter_app/lib/features/dca/presentation/pages/hub/dca_page_plans_and_tools.dart,0,0,0,0,0,0,0,0,no,-
dca,root_page,flutter_app/lib/features/dca/presentation/pages/hub/dca_page_state_overview.dart,0,0,0,0,1,0,0,1,no,-
dca,root_page,flutter_app/lib/features/dca/presentation/pages/portfolio/dca_multi_asset_page.dart,0,0,0,0,0,0,0,0,no,-
dca,root_page,flutter_app/lib/features/dca/presentation/pages/portfolio/dca_multi_asset_page_assets_and_performance.dart,0,0,0,0,0,0,0,0,no,-
dca,root_page,flutter_app/lib/features/dca/presentation/pages/portfolio/dca_multi_asset_page_common.dart,0,0,0,0,0,0,0,0,yes,allowed_source_keyword: custompainter
dca,root_page,flutter_app/lib/features/dca/presentation/pages/portfolio/dca_multi_asset_page_setup.dart,0,0,0,0,0,0,0,0,no,-
dca,root_page,flutter_app/lib/features/dca/presentation/pages/portfolio/dca_performance_compare_page.dart,0,0,0,0,0,0,0,0,no,-
dca,root_page,flutter_app/lib/features/dca/presentation/pages/portfolio/dca_portfolio_optimizer_page.dart,0,0,0,0,0,0,0,0,no,-
dca,root_page,flutter_app/lib/features/dca/presentation/pages/portfolio/dca_portfolio_optimizer_page_common.dart,0,0,0,0,0,0,0,0,yes,allowed_source_keyword: custompainter
dca,root_page,flutter_app/lib/features/dca/presentation/pages/portfolio/dca_rebalance_config_page.dart,0,0,0,0,0,0,0,0,no,-
dca,root_page,flutter_app/lib/features/dca/presentation/pages/portfolio/dca_rebalance_config_page_allocation_strategy.dart,0,0,0,0,0,0,0,0,no,-
dca,root_page,flutter_app/lib/features/dca/presentation/pages/portfolio/dca_rebalance_config_page_common.dart,0,0,0,0,0,0,0,0,yes,allowed_source_keyword: custompainter
dca,root_page,flutter_app/lib/features/dca/presentation/pages/portfolio/dca_rebalance_config_page_settings_and_preview.dart,0,0,0,0,0,0,0,0,no,-
dca,root_page,flutter_app/lib/features/dca/presentation/pages/portfolio/dca_rebalance_dashboard_page.dart,0,0,0,0,0,0,0,0,no,-
dca,root_page,flutter_app/lib/features/dca/presentation/pages/research/dca_backtester_page.dart,0,0,0,0,0,0,0,0,no,-
dca,root_page,flutter_app/lib/features/dca/presentation/pages/research/dca_dynamic_amount_page.dart,0,0,0,0,0,0,0,0,no,-
dca,root_page,flutter_app/lib/features/dca/presentation/pages/research/dca_dynamic_amount_page_common.dart,0,0,0,0,0,0,0,0,yes,allowed_source_keyword: custompainter
dca,root_page,flutter_app/lib/features/dca/presentation/pages/research/dca_dynamic_amount_page_hero_and_strategy.dart,0,0,0,0,0,0,0,0,no,-
dca,root_page,flutter_app/lib/features/dca/presentation/pages/research/dca_dynamic_amount_page_history_and_config.dart,0,0,0,0,0,0,0,0,no,-
dca,root_page,flutter_app/lib/features/dca/presentation/pages/research/dca_dynamic_amount_page_volatility_chart.dart,0,0,0,0,0,0,0,0,yes,allowed_source_keyword: custompainter
dca,root_page,flutter_app/lib/features/dca/presentation/pages/schedule/dca_schedule_analytics_page.dart,0,0,0,0,0,0,0,0,no,-
dca,root_page,flutter_app/lib/features/dca/presentation/pages/schedule/dca_schedule_config_page.dart,0,0,0,0,0,0,0,0,no,-
dca,root_page,flutter_app/lib/features/dca/presentation/pages/schedule/dca_smart_rules_page.dart,0,0,0,0,0,0,0,0,no,-
dca,feature_widget,flutter_app/lib/features/dca/presentation/widgets/dca_delete_button.dart,0,0,0,0,0,0,0,0,no,-
dca,feature_widget,flutter_app/lib/features/dca/presentation/widgets/dca_missing_config_panel.dart,0,0,0,0,0,0,0,0,no,-
dca,feature_widget,flutter_app/lib/features/dca/presentation/widgets/hub/dca_currency_formatters.dart,0,0,0,0,0,0,0,0,no,-
dca,feature_widget,flutter_app/lib/features/dca/presentation/widgets/hub/dca_overview_demo_actions.dart,0,0,0,0,0,0,0,0,yes,allowed_source_keyword: custompainter
dca,feature_widget,flutter_app/lib/features/dca/presentation/widgets/hub/dca_overview_demo_metrics.dart,0,0,0,0,0,0,0,0,no,-
dca,feature_widget,flutter_app/lib/features/dca/presentation/widgets/hub/dca_overview_demo_shell.dart,0,0,0,0,0,0,0,0,no,-
dca,root_page,flutter_app/lib/features/dca/presentation/widgets/portfolio/dca_performance_compare_analysis.dart,0,0,0,0,0,0,0,0,no,-
dca,root_page,flutter_app/lib/features/dca/presentation/widgets/portfolio/dca_performance_compare_charts.dart,0,0,0,0,0,0,0,0,no,-
dca,root_page,flutter_app/lib/features/dca/presentation/widgets/portfolio/dca_performance_compare_painters.dart,0,0,0,0,0,0,0,0,yes,allowed_source_keyword: custompainter
dca,root_page,flutter_app/lib/features/dca/presentation/widgets/portfolio/dca_performance_compare_primitives.dart,0,0,0,0,0,0,0,0,no,-
dca,root_page,flutter_app/lib/features/dca/presentation/widgets/portfolio/dca_performance_compare_tabs.dart,0,0,0,0,0,0,0,0,no,-
dca,root_page,flutter_app/lib/features/dca/presentation/widgets/portfolio/dca_portfolio_optimizer_allocation_widgets.dart,0,0,0,0,0,0,0,0,no,-
dca,root_page,flutter_app/lib/features/dca/presentation/widgets/portfolio/dca_portfolio_optimizer_common_widgets.dart,0,0,0,0,0,0,0,0,no,-
dca,root_page,flutter_app/lib/features/dca/presentation/widgets/portfolio/dca_portfolio_optimizer_comparison_hero.dart,0,0,0,0,0,0,0,0,no,-
dca,root_page,flutter_app/lib/features/dca/presentation/widgets/portfolio/dca_portfolio_optimizer_floating_actions.dart,0,0,0,0,0,0,0,0,no,-
dca,root_page,flutter_app/lib/features/dca/presentation/widgets/portfolio/dca_portfolio_optimizer_frontier.dart,0,0,0,0,0,0,0,0,no,-
dca,root_page,flutter_app/lib/features/dca/presentation/widgets/portfolio/dca_portfolio_optimizer_frontier_painter.dart,0,0,0,0,0,0,0,0,yes,allowed_source_keyword: custompainter
dca,root_page,flutter_app/lib/features/dca/presentation/widgets/portfolio/dca_portfolio_optimizer_header_drift.dart,0,0,0,0,0,0,0,0,no,-
dca,root_page,flutter_app/lib/features/dca/presentation/widgets/portfolio/dca_portfolio_optimizer_stat_widgets.dart,0,0,0,0,0,0,0,0,no,-
dca,root_page,flutter_app/lib/features/dca/presentation/widgets/portfolio/dca_portfolio_optimizer_tab_panels.dart,0,0,0,0,0,0,0,0,no,-
dca,root_page,flutter_app/lib/features/dca/presentation/widgets/portfolio/dca_portfolio_optimizer_tabs.dart,0,0,0,0,0,0,0,0,no,-
dca,feature_widget,flutter_app/lib/features/dca/presentation/widgets/research/dca_backtester_analysis.dart,0,0,0,0,0,0,0,0,no,-
dca,feature_widget,flutter_app/lib/features/dca/presentation/widgets/research/dca_backtester_charts.dart,0,0,0,0,0,0,0,0,yes,allowed_source_keyword: custompainter
dca,feature_widget,flutter_app/lib/features/dca/presentation/widgets/research/dca_backtester_common.dart,0,0,0,0,0,0,0,0,no,-
dca,feature_widget,flutter_app/lib/features/dca/presentation/widgets/research/dca_backtester_results.dart,0,0,0,0,0,0,0,0,no,-
dca,feature_widget,flutter_app/lib/features/dca/presentation/widgets/research/dca_backtester_setup.dart,0,0,0,0,0,0,0,0,no,-
dca,feature_widget,flutter_app/lib/features/dca/presentation/widgets/research/dca_backtester_tabs.dart,0,0,0,0,0,0,0,0,no,-
dca,root_page,flutter_app/lib/features/dca/presentation/widgets/schedule/dca_schedule_common.dart,0,0,0,0,0,0,0,0,no,-
dca,root_page,flutter_app/lib/features/dca/presentation/widgets/schedule/dca_schedule_limits_enable.dart,0,0,0,0,0,0,0,0,no,-
dca,root_page,flutter_app/lib/features/dca/presentation/widgets/schedule/dca_schedule_strategy_time.dart,0,0,0,0,0,0,0,0,no,-
dca,root_page,flutter_app/lib/features/dca/presentation/widgets/schedule/dca_smart_rules_cards.dart,0,0,0,0,0,0,0,0,no,-
dca,root_page,flutter_app/lib/features/dca/presentation/widgets/schedule/dca_smart_rules_info_common.dart,0,0,0,0,0,0,0,0,no,-
dca,root_page,flutter_app/lib/features/dca/presentation/widgets/schedule/dca_smart_rules_tabs_stats.dart,0,0,0,0,0,0,0,0,no,-
dev,root_page,flutter_app/lib/features/dev/presentation/pages/design_system_page.dart,0,0,0,0,0,0,0,0,yes,allowed_path_exception: /dev/
dev,root_page,flutter_app/lib/features/dev/presentation/pages/missing_screens_showcase_page.dart,0,0,0,0,0,0,0,0,yes,allowed_path_exception: /dev/
dev,root_page,flutter_app/lib/features/dev/presentation/pages/performance_monitor.dart,0,0,0,0,0,0,0,0,yes,allowed_path_exception: /dev/
dev,root_page,flutter_app/lib/features/dev/presentation/pages/route_checker_page.dart,0,0,0,0,0,0,0,0,yes,allowed_path_exception: /dev/
dev,feature_widget,flutter_app/lib/features/dev/presentation/widgets/design_system_color_section.dart,0,0,0,0,0,0,0,0,yes,allowed_path_exception: /dev/
dev,feature_widget,flutter_app/lib/features/dev/presentation/widgets/design_system_common.dart,0,0,0,0,0,0,0,0,yes,allowed_path_exception: /dev/
dev,feature_widget,flutter_app/lib/features/dev/presentation/widgets/design_system_cta_section.dart,0,0,0,0,0,0,0,0,yes,allowed_path_exception: /dev/
dev,feature_widget,flutter_app/lib/features/dev/presentation/widgets/design_system_footer.dart,0,0,0,0,0,0,0,0,yes,allowed_path_exception: /dev/
dev,feature_widget,flutter_app/lib/features/dev/presentation/widgets/design_system_hero.dart,0,0,0,0,0,0,0,0,yes,allowed_path_exception: /dev/
dev,feature_widget,flutter_app/lib/features/dev/presentation/widgets/design_system_input_section.dart,0,0,0,0,0,0,0,0,yes,allowed_path_exception: /dev/
dev,feature_widget,flutter_app/lib/features/dev/presentation/widgets/design_system_playground.dart,0,0,0,0,0,0,0,0,yes,allowed_path_exception: /dev/
dev,feature_widget,flutter_app/lib/features/dev/presentation/widgets/design_system_section_header_section.dart,0,0,0,0,0,0,0,0,yes,allowed_path_exception: /dev/
dev,feature_widget,flutter_app/lib/features/dev/presentation/widgets/design_system_tokens_section.dart,0,0,0,0,0,0,0,0,yes,allowed_path_exception: /dev/
dev,feature_widget,flutter_app/lib/features/dev/presentation/widgets/dev_state_bar.dart,0,0,0,0,0,0,0,0,yes,allowed_path_exception: /dev/
dev,root_page,flutter_app/lib/features/dev/presentation/widgets/missing_screens_showcase_page_common.dart,0,0,0,0,0,0,0,0,yes,allowed_path_exception: /dev/
dev,root_page,flutter_app/lib/features/dev/presentation/widgets/missing_screens_showcase_page_sections.dart,0,0,0,0,0,0,0,0,yes,allowed_path_exception: /dev/
dev,root_page,flutter_app/lib/features/dev/presentation/widgets/performance_monitor_common.dart,0,0,0,0,0,0,0,0,yes,allowed_path_exception: /dev/
dev,root_page,flutter_app/lib/features/dev/presentation/widgets/performance_monitor_sections.dart,0,0,0,0,0,0,0,0,yes,allowed_path_exception: /dev/
dev,root_page,flutter_app/lib/features/dev/presentation/widgets/route_checker_page_common.dart,0,0,0,0,0,0,0,0,yes,allowed_path_exception: /dev/
dev,root_page,flutter_app/lib/features/dev/presentation/widgets/route_checker_page_sections.dart,0,0,0,0,0,0,0,0,yes,allowed_path_exception: /dev/
discovery,root_page,flutter_app/lib/features/discovery/presentation/pages/topic_hub_page.dart,0,0,0,0,0,0,0,0,no,-
discovery,root_page,flutter_app/lib/features/discovery/presentation/pages/unified_search_page.dart,0,0,0,0,0,0,0,0,no,-
discovery,feature_widget,flutter_app/lib/features/discovery/presentation/widgets/discovery_shared_tiles.dart,0,0,0,0,0,0,0,0,no,-
discovery,root_page,flutter_app/lib/features/discovery/presentation/widgets/topic_hub_cards.dart,0,0,0,0,0,0,0,0,no,-
discovery,root_page,flutter_app/lib/features/discovery/presentation/widgets/topic_hub_common.dart,0,0,0,0,0,0,0,0,no,-
discovery,root_page,flutter_app/lib/features/discovery/presentation/widgets/topic_hub_header.dart,0,0,0,0,0,0,0,0,no,-
discovery,root_page,flutter_app/lib/features/discovery/presentation/widgets/topic_hub_sections.dart,0,0,0,0,0,0,0,0,no,-
discovery,root_page,flutter_app/lib/features/discovery/presentation/widgets/unified_search_common.dart,0,0,0,0,0,0,0,0,no,-
discovery,root_page,flutter_app/lib/features/discovery/presentation/widgets/unified_search_entity_cards.dart,0,0,0,0,0,0,0,0,no,-
discovery,root_page,flutter_app/lib/features/discovery/presentation/widgets/unified_search_prediction_arena_cards.dart,0,0,0,0,0,0,0,0,no,-
discovery,root_page,flutter_app/lib/features/discovery/presentation/widgets/unified_search_results.dart,0,0,0,0,0,0,0,0,no,-
discovery,root_page,flutter_app/lib/features/discovery/presentation/widgets/unified_search_shell.dart,0,0,0,0,0,0,0,0,no,-
earn_core,feature_widget,flutter_app/lib/features/earn_core/presentation/widgets/earn_custody_risk_banner.dart,0,0,0,0,0,0,0,0,no,-
earn_core,feature_widget,flutter_app/lib/features/earn_core/presentation/widgets/earn_formatters.dart,0,0,0,0,0,0,0,0,no,-
earn_savings,root_page,flutter_app/lib/features/earn_savings/presentation/pages/savings/auto_compound_settings_page.dart,0,0,0,0,0,0,0,0,no,-
earn_savings,root_page,flutter_app/lib/features/earn_savings/presentation/pages/savings/earn_portfolio_page.dart,0,0,0,0,0,0,0,0,no,-
earn_savings,root_page,flutter_app/lib/features/earn_savings/presentation/pages/savings/savings_analytics_page.dart,0,0,0,0,0,0,0,0,no,-
earn_savings,root_page,flutter_app/lib/features/earn_savings/presentation/pages/savings/savings_auto_rebalance_page.dart,0,0,0,0,0,0,0,0,no,-
earn_savings,root_page,flutter_app/lib/features/earn_savings/presentation/pages/savings/savings_autopilot_page.dart,0,0,0,0,0,0,0,0,no,-
earn_savings,root_page,flutter_app/lib/features/earn_savings/presentation/pages/savings/savings_backtest_page.dart,0,0,0,0,0,0,0,0,no,-
earn_savings,root_page,flutter_app/lib/features/earn_savings/presentation/pages/savings/savings_comparison_page.dart,0,0,0,0,0,0,0,0,no,-
earn_savings,root_page,flutter_app/lib/features/earn_savings/presentation/pages/savings/savings_dca_page.dart,0,0,0,0,0,0,0,0,no,-
earn_savings,root_page,flutter_app/lib/features/earn_savings/presentation/pages/savings/savings_export_page.dart,0,0,0,0,0,0,0,0,no,-
earn_savings,root_page,flutter_app/lib/features/earn_savings/presentation/pages/savings/savings_faq_page.dart,0,0,0,0,0,0,0,0,no,-
earn_savings,root_page,flutter_app/lib/features/earn_savings/presentation/pages/savings/savings_goal_page.dart,0,0,0,0,0,0,0,0,no,-
earn_savings,root_page,flutter_app/lib/features/earn_savings/presentation/pages/savings/savings_guide_page.dart,0,0,0,0,0,0,0,0,no,-
earn_savings,root_page,flutter_app/lib/features/earn_savings/presentation/pages/savings/savings_history_page.dart,0,0,0,0,0,0,0,0,no,-
earn_savings,root_page,flutter_app/lib/features/earn_savings/presentation/pages/savings/savings_ladder_page.dart,0,0,0,0,0,0,0,0,no,-
earn_savings,root_page,flutter_app/lib/features/earn_savings/presentation/pages/savings/savings_notification_preferences_page.dart,0,0,0,0,0,0,0,0,no,-
earn_savings,root_page,flutter_app/lib/features/earn_savings/presentation/pages/savings/savings_notifications_page.dart,0,0,0,0,0,0,0,0,no,-
earn_savings,root_page,flutter_app/lib/features/earn_savings/presentation/pages/savings/savings_page.dart,0,0,0,0,0,0,0,0,no,-
earn_savings,root_page,flutter_app/lib/features/earn_savings/presentation/pages/savings/savings_portfolio_page.dart,0,0,0,0,0,0,0,0,no,-
earn_savings,root_page,flutter_app/lib/features/earn_savings/presentation/pages/savings/savings_product_detail_page.dart,0,0,0,0,0,0,0,0,no,-
earn_savings,root_page,flutter_app/lib/features/earn_savings/presentation/pages/savings/savings_receipt_page.dart,0,0,0,0,0,0,0,0,no,-
earn_savings,root_page,flutter_app/lib/features/earn_savings/presentation/pages/savings/savings_recommendations_page.dart,0,0,0,0,0,0,0,0,no,-
earn_savings,root_page,flutter_app/lib/features/earn_savings/presentation/pages/savings/savings_redeem_page.dart,0,0,0,0,0,0,0,0,no,-
earn_savings,root_page,flutter_app/lib/features/earn_savings/presentation/pages/savings/savings_risk_assessment_page.dart,0,0,0,0,0,0,0,0,no,-
earn_savings,root_page,flutter_app/lib/features/earn_savings/presentation/pages/savings/savings_smart_suggestions_page.dart,0,0,0,0,0,0,0,0,no,-
earn_savings,root_page,flutter_app/lib/features/earn_savings/presentation/pages/savings/savings_what_if_page.dart,0,0,0,0,0,0,0,0,no,-
earn_savings,root_page,flutter_app/lib/features/earn_savings/presentation/pages/savings/savings_what_if_page_common.dart,0,0,0,0,0,0,0,0,no,-
earn_savings,root_page,flutter_app/lib/features/earn_savings/presentation/pages/savings/savings_what_if_page_sections.dart,0,0,0,0,0,0,0,0,no,-
earn_savings,root_page,flutter_app/lib/features/earn_savings/presentation/widgets/hub/auto_compound_settings_calculator.dart,0,0,0,0,0,0,0,0,no,-
earn_savings,root_page,flutter_app/lib/features/earn_savings/presentation/widgets/hub/auto_compound_settings_info_sheet.dart,0,0,0,0,0,0,0,0,no,-
earn_savings,root_page,flutter_app/lib/features/earn_savings/presentation/widgets/hub/auto_compound_settings_positions.dart,0,0,0,0,0,0,0,0,no,-
earn_savings,root_page,flutter_app/lib/features/earn_savings/presentation/widgets/hub/auto_compound_settings_settings_sheet.dart,0,0,0,0,0,0,0,0,no,-
earn_savings,root_page,flutter_app/lib/features/earn_savings/presentation/widgets/hub/auto_compound_settings_shared.dart,0,0,0,0,0,0,0,0,no,-
earn_savings,root_page,flutter_app/lib/features/earn_savings/presentation/widgets/hub/earn_comparison_chart.dart,0,0,0,0,0,0,0,0,no,-
earn_savings,root_page,flutter_app/lib/features/earn_savings/presentation/widgets/hub/earn_comparison_summary.dart,0,0,0,0,0,0,0,0,no,-
earn_savings,root_page,flutter_app/lib/features/earn_savings/presentation/widgets/hub/earn_comparison_table.dart,0,0,0,0,0,0,0,0,no,-
earn_savings,root_page,flutter_app/lib/features/earn_savings/presentation/widgets/savings/savings_analytics_charts_metrics.dart,0,0,0,0,0,0,0,0,no,-
earn_savings,root_page,flutter_app/lib/features/earn_savings/presentation/widgets/savings/savings_analytics_secondary_painters.dart,0,0,0,0,0,0,0,0,yes,allowed_source_keyword: custompainter
earn_savings,root_page,flutter_app/lib/features/earn_savings/presentation/widgets/savings/savings_analytics_summary_range.dart,0,0,0,0,0,0,0,0,no,-
earn_savings,root_page,flutter_app/lib/features/earn_savings/presentation/widgets/savings/savings_auto_rebalance_allocation.dart,0,0,0,0,0,0,0,0,no,-
earn_savings,root_page,flutter_app/lib/features/earn_savings/presentation/widgets/savings/savings_auto_rebalance_drift_history.dart,0,0,0,0,0,0,0,0,no,-
earn_savings,root_page,flutter_app/lib/features/earn_savings/presentation/widgets/savings/savings_auto_rebalance_history.dart,0,0,0,0,0,0,0,0,no,-
earn_savings,root_page,flutter_app/lib/features/earn_savings/presentation/widgets/savings/savings_auto_rebalance_painters.dart,0,0,0,0,0,0,0,0,yes,allowed_source_keyword: custompainter
earn_savings,root_page,flutter_app/lib/features/earn_savings/presentation/widgets/savings/savings_auto_rebalance_preview.dart,0,0,0,0,0,0,0,0,no,-
earn_savings,root_page,flutter_app/lib/features/earn_savings/presentation/widgets/savings/savings_auto_rebalance_settings.dart,0,0,0,0,0,0,0,0,no,-
earn_savings,root_page,flutter_app/lib/features/earn_savings/presentation/widgets/savings/savings_auto_rebalance_shared.dart,0,0,0,0,0,0,0,0,no,-
earn_savings,root_page,flutter_app/lib/features/earn_savings/presentation/widgets/savings/savings_auto_rebalance_strategy.dart,0,0,0,0,0,0,0,0,no,-
earn_savings,feature_widget,flutter_app/lib/features/earn_savings/presentation/widgets/savings/savings_autopilot_actions.dart,0,0,0,0,0,0,0,0,no,-
earn_savings,feature_widget,flutter_app/lib/features/earn_savings/presentation/widgets/savings/savings_autopilot_common.dart,0,0,0,0,0,0,0,0,no,-
earn_savings,feature_widget,flutter_app/lib/features/earn_savings/presentation/widgets/savings/savings_autopilot_formatters.dart,0,0,0,0,0,0,0,0,no,-
earn_savings,feature_widget,flutter_app/lib/features/earn_savings/presentation/widgets/savings/savings_autopilot_hero.dart,0,0,0,0,0,0,0,0,no,-
earn_savings,feature_widget,flutter_app/lib/features/earn_savings/presentation/widgets/savings/savings_autopilot_overview.dart,0,0,0,0,0,0,0,0,no,-
earn_savings,feature_widget,flutter_app/lib/features/earn_savings/presentation/widgets/savings/savings_autopilot_settings.dart,0,0,0,0,0,0,0,0,no,-
earn_savings,feature_widget,flutter_app/lib/features/earn_savings/presentation/widgets/savings/savings_backtest_common.dart,0,0,0,0,0,0,0,0,yes,allowed_source_keyword: custompainter
earn_savings,feature_widget,flutter_app/lib/features/earn_savings/presentation/widgets/savings/savings_backtest_compare.dart,0,0,0,0,0,0,0,0,no,-
earn_savings,feature_widget,flutter_app/lib/features/earn_savings/presentation/widgets/savings/savings_backtest_formatters.dart,0,0,0,0,0,0,0,0,no,-
earn_savings,feature_widget,flutter_app/lib/features/earn_savings/presentation/widgets/savings/savings_backtest_hero.dart,0,0,0,0,0,0,0,0,no,-
earn_savings,feature_widget,flutter_app/lib/features/earn_savings/presentation/widgets/savings/savings_backtest_results.dart,0,0,0,0,0,0,0,0,yes,allowed_source_keyword: custompainter
earn_savings,feature_widget,flutter_app/lib/features/earn_savings/presentation/widgets/savings/savings_backtest_setup.dart,0,0,0,0,0,0,0,0,no,-
earn_savings,root_page,flutter_app/lib/features/earn_savings/presentation/widgets/savings/savings_dca_common.dart,0,0,0,0,0,0,0,0,no,-
earn_savings,root_page,flutter_app/lib/features/earn_savings/presentation/widgets/savings/savings_dca_history_sheet.dart,0,0,0,0,0,0,0,0,no,-
earn_savings,root_page,flutter_app/lib/features/earn_savings/presentation/widgets/savings/savings_dca_plans.dart,0,0,0,0,0,0,0,0,no,-
earn_savings,root_page,flutter_app/lib/features/earn_savings/presentation/widgets/savings/savings_dca_summary.dart,0,0,0,0,0,0,0,0,no,-
earn_savings,root_page,flutter_app/lib/features/earn_savings/presentation/widgets/savings/savings_export_config_widgets.dart,0,0,0,0,0,0,0,0,no,-
earn_savings,root_page,flutter_app/lib/features/earn_savings/presentation/widgets/savings/savings_export_option_widgets.dart,0,0,0,0,0,0,0,0,no,-
earn_savings,root_page,flutter_app/lib/features/earn_savings/presentation/widgets/savings/savings_export_summary_widgets.dart,0,0,0,0,0,0,0,0,no,-
earn_savings,root_page,flutter_app/lib/features/earn_savings/presentation/widgets/savings/savings_faq_page_common.dart,0,0,0,0,0,0,0,0,no,-
earn_savings,root_page,flutter_app/lib/features/earn_savings/presentation/widgets/savings/savings_faq_page_sections.dart,0,0,0,0,0,0,0,0,no,-
earn_savings,root_page,flutter_app/lib/features/earn_savings/presentation/widgets/savings/savings_goal_card.dart,0,0,0,0,0,0,0,0,no,-
earn_savings,root_page,flutter_app/lib/features/earn_savings/presentation/widgets/savings/savings_goal_create_sheet.dart,0,0,0,0,0,0,0,0,no,-
earn_savings,root_page,flutter_app/lib/features/earn_savings/presentation/widgets/savings/savings_goal_detail_sheet.dart,0,0,0,0,0,0,0,0,no,-
earn_savings,root_page,flutter_app/lib/features/earn_savings/presentation/widgets/savings/savings_goal_sheet_common.dart,0,0,0,0,0,0,0,0,no,-
earn_savings,root_page,flutter_app/lib/features/earn_savings/presentation/widgets/savings/savings_goal_summary_card.dart,0,0,0,0,0,0,0,0,no,-
earn_savings,root_page,flutter_app/lib/features/earn_savings/presentation/widgets/savings/savings_goal_visuals.dart,0,0,0,0,0,0,0,0,yes,allowed_source_keyword: custompainter
earn_savings,feature_widget,flutter_app/lib/features/earn_savings/presentation/widgets/savings/savings_guide_common.dart,0,0,0,0,0,0,0,0,no,-
earn_savings,feature_widget,flutter_app/lib/features/earn_savings/presentation/widgets/savings/savings_guide_glossary.dart,0,0,0,0,0,0,0,0,no,-
earn_savings,feature_widget,flutter_app/lib/features/earn_savings/presentation/widgets/savings/savings_guide_tabs.dart,0,0,0,0,0,0,0,0,no,-
earn_savings,feature_widget,flutter_app/lib/features/earn_savings/presentation/widgets/savings/savings_guide_tutorials.dart,0,0,0,0,0,0,0,0,no,-
earn_savings,root_page,flutter_app/lib/features/earn_savings/presentation/widgets/savings/savings_history_page_common.dart,0,0,0,0,0,0,0,0,no,-
earn_savings,root_page,flutter_app/lib/features/earn_savings/presentation/widgets/savings/savings_history_page_sections.dart,0,0,0,0,0,0,0,0,no,-
earn_savings,root_page,flutter_app/lib/features/earn_savings/presentation/widgets/savings/savings_home_common.dart,0,0,0,0,0,0,0,0,no,-
earn_savings,root_page,flutter_app/lib/features/earn_savings/presentation/widgets/savings/savings_home_hero.dart,0,0,0,0,0,0,0,0,no,-
earn_savings,root_page,flutter_app/lib/features/earn_savings/presentation/widgets/savings/savings_home_positions.dart,0,0,0,0,0,0,0,0,no,-
earn_savings,root_page,flutter_app/lib/features/earn_savings/presentation/widgets/savings/savings_home_products.dart,0,0,0,0,0,0,0,0,no,-
earn_savings,feature_widget,flutter_app/lib/features/earn_savings/presentation/widgets/savings/savings_ladder_analysis.dart,0,0,0,0,0,0,0,0,no,-
earn_savings,feature_widget,flutter_app/lib/features/earn_savings/presentation/widgets/savings/savings_ladder_builder_config.dart,0,0,0,0,0,0,0,0,no,-
earn_savings,feature_widget,flutter_app/lib/features/earn_savings/presentation/widgets/savings/savings_ladder_common.dart,0,0,0,0,0,0,0,0,no,-
earn_savings,feature_widget,flutter_app/lib/features/earn_savings/presentation/widgets/savings/savings_ladder_formatters.dart,0,0,0,0,0,0,0,0,no,-
earn_savings,feature_widget,flutter_app/lib/features/earn_savings/presentation/widgets/savings/savings_ladder_hero.dart,0,0,0,0,0,0,0,0,no,-
earn_savings,feature_widget,flutter_app/lib/features/earn_savings/presentation/widgets/savings/savings_ladder_liquidity.dart,0,0,0,0,0,0,0,0,no,-
earn_savings,feature_widget,flutter_app/lib/features/earn_savings/presentation/widgets/savings/savings_ladder_rung_manager.dart,0,0,0,0,0,0,0,0,no,-
earn_savings,feature_widget,flutter_app/lib/features/earn_savings/presentation/widgets/savings/savings_ladder_timeline.dart,0,0,0,0,0,0,0,0,no,-
earn_savings,feature_widget,flutter_app/lib/features/earn_savings/presentation/widgets/savings/savings_notification_preferences_common.dart,0,0,0,0,0,0,0,0,no,-
earn_savings,feature_widget,flutter_app/lib/features/earn_savings/presentation/widgets/savings/savings_notification_preferences_delivery.dart,0,0,0,0,0,0,0,0,no,-
earn_savings,feature_widget,flutter_app/lib/features/earn_savings/presentation/widgets/savings/savings_notification_preferences_events.dart,0,0,0,0,0,0,0,0,no,-
earn_savings,feature_widget,flutter_app/lib/features/earn_savings/presentation/widgets/savings/savings_notification_preferences_summary.dart,0,0,0,0,0,0,0,0,no,-
earn_savings,root_page,flutter_app/lib/features/earn_savings/presentation/widgets/savings/savings_notifications_common.dart,0,0,0,0,0,0,0,0,no,-
earn_savings,root_page,flutter_app/lib/features/earn_savings/presentation/widgets/savings/savings_notifications_history.dart,0,0,0,0,0,0,0,0,no,-
earn_savings,root_page,flutter_app/lib/features/earn_savings/presentation/widgets/savings/savings_notifications_settings.dart,0,0,0,0,0,0,0,0,no,-
earn_savings,feature_widget,flutter_app/lib/features/earn_savings/presentation/widgets/savings/savings_portfolio_common.dart,0,0,0,0,0,0,0,0,no,-
earn_savings,feature_widget,flutter_app/lib/features/earn_savings/presentation/widgets/savings/savings_portfolio_formatters.dart,0,0,0,0,0,0,0,0,no,-
earn_savings,feature_widget,flutter_app/lib/features/earn_savings/presentation/widgets/savings/savings_portfolio_hero.dart,0,0,0,0,0,0,0,0,no,-
earn_savings,feature_widget,flutter_app/lib/features/earn_savings/presentation/widgets/savings/savings_portfolio_maturity.dart,0,0,0,0,0,0,0,0,yes,allowed_source_keyword: custompainter
earn_savings,feature_widget,flutter_app/lib/features/earn_savings/presentation/widgets/savings/savings_portfolio_overview.dart,0,0,0,0,0,0,0,0,no,-
earn_savings,feature_widget,flutter_app/lib/features/earn_savings/presentation/widgets/savings/savings_portfolio_positions.dart,0,0,0,0,0,0,0,0,no,-
earn_savings,root_page,flutter_app/lib/features/earn_savings/presentation/widgets/savings/savings_recommendations_amount_panel.dart,0,0,0,0,0,0,0,0,no,-
earn_savings,root_page,flutter_app/lib/features/earn_savings/presentation/widgets/savings/savings_recommendations_compare_sheet.dart,0,0,0,0,0,0,0,0,no,-
earn_savings,root_page,flutter_app/lib/features/earn_savings/presentation/widgets/savings/savings_recommendations_hero.dart,0,0,0,0,0,0,0,0,no,-
earn_savings,root_page,flutter_app/lib/features/earn_savings/presentation/widgets/savings/savings_recommendations_insights.dart,0,0,0,0,0,0,0,0,no,-
earn_savings,root_page,flutter_app/lib/features/earn_savings/presentation/widgets/savings/savings_recommendations_shared.dart,0,0,0,0,0,0,0,0,no,-
earn_savings,root_page,flutter_app/lib/features/earn_savings/presentation/widgets/savings/savings_recommendations_strategy_card.dart,0,0,0,0,0,0,0,0,no,-
earn_savings,root_page,flutter_app/lib/features/earn_savings/presentation/widgets/savings/savings_recommendations_strategy_detail_sheet.dart,0,0,0,0,0,0,0,0,no,-
earn_savings,root_page,flutter_app/lib/features/earn_savings/presentation/widgets/savings/savings_risk_assessment_products_common.dart,0,0,0,0,0,0,0,0,no,-
earn_savings,root_page,flutter_app/lib/features/earn_savings/presentation/widgets/savings/savings_risk_assessment_questions.dart,0,0,0,0,0,0,0,0,no,-
earn_savings,root_page,flutter_app/lib/features/earn_savings/presentation/widgets/savings/savings_risk_assessment_result.dart,0,0,0,0,0,0,0,0,no,-
earn_savings,feature_widget,flutter_app/lib/features/earn_savings/presentation/widgets/savings/savings_smart_suggestions_common.dart,0,0,0,0,0,0,0,0,no,-
earn_savings,feature_widget,flutter_app/lib/features/earn_savings/presentation/widgets/savings/savings_smart_suggestions_suggestions.dart,0,0,0,0,0,0,0,0,no,-
earn_savings,feature_widget,flutter_app/lib/features/earn_savings/presentation/widgets/savings/savings_smart_suggestions_summary.dart,0,0,0,0,0,0,0,0,no,-
earn_savings,feature_widget,flutter_app/lib/features/earn_savings/presentation/widgets/savings/savings_smart_suggestions_trends.dart,0,0,0,0,0,0,0,0,yes,allowed_source_keyword: custompainter
earn_savings,root_page,flutter_app/lib/features/earn_savings/presentation/widgets/savings/savings_what_if_asset_impact.dart,0,0,0,0,0,0,0,0,no,-
earn_savings,root_page,flutter_app/lib/features/earn_savings/presentation/widgets/savings/savings_what_if_common_widgets.dart,0,0,0,0,0,0,0,0,no,-
earn_savings,root_page,flutter_app/lib/features/earn_savings/presentation/widgets/savings/savings_what_if_models.dart,0,0,0,0,0,0,0,0,no,-
earn_savings,root_page,flutter_app/lib/features/earn_savings/presentation/widgets/savings/savings_what_if_painters.dart,0,0,0,0,0,0,0,0,yes,allowed_source_keyword: custompainter
earn_savings,root_page,flutter_app/lib/features/earn_savings/presentation/widgets/savings/savings_what_if_results.dart,0,0,0,0,0,0,0,0,no,-
earn_savings,root_page,flutter_app/lib/features/earn_savings/presentation/widgets/savings/savings_what_if_stress.dart,0,0,0,0,0,0,0,0,no,-
earn_savings,root_page,flutter_app/lib/features/earn_savings/presentation/widgets/savings/savings_what_if_stress_components.dart,0,0,0,0,0,0,0,0,no,-
earn_staking,root_page,flutter_app/lib/features/earn_staking/presentation/pages/staking/staking_advanced_orders_page.dart,0,0,0,0,0,0,0,0,no,-
earn_staking,root_page,flutter_app/lib/features/earn_staking/presentation/pages/staking/staking_analytics_page.dart,0,0,0,0,0,0,0,0,no,-
earn_staking,root_page,flutter_app/lib/features/earn_staking/presentation/pages/staking/staking_api_documentation_page.dart,0,0,0,0,0,0,0,0,no,-
earn_staking,root_page,flutter_app/lib/features/earn_staking/presentation/pages/staking/staking_audit_reports_page.dart,0,0,0,0,0,0,0,0,no,-
earn_staking,root_page,flutter_app/lib/features/earn_staking/presentation/pages/staking/staking_auto_compound_page.dart,0,0,0,0,0,0,0,0,no,-
earn_staking,root_page,flutter_app/lib/features/earn_staking/presentation/pages/staking/staking_community_governance_page.dart,0,0,0,0,0,0,0,0,no,-
earn_staking,root_page,flutter_app/lib/features/earn_staking/presentation/pages/staking/staking_contingency_plan_page.dart,0,0,0,0,0,0,0,0,no,-
earn_staking,root_page,flutter_app/lib/features/earn_staking/presentation/pages/staking/staking_custody_page.dart,0,0,0,0,0,0,0,0,no,-
earn_staking,root_page,flutter_app/lib/features/earn_staking/presentation/pages/staking/staking_dashboard_page.dart,0,0,0,0,0,0,0,0,no,-
earn_staking,root_page,flutter_app/lib/features/earn_staking/presentation/pages/staking/staking_data_export_page.dart,0,0,0,0,0,0,0,0,no,-
earn_staking,root_page,flutter_app/lib/features/earn_staking/presentation/pages/staking/staking_developer_console_page.dart,0,0,0,0,0,0,0,0,no,-
earn_staking,root_page,flutter_app/lib/features/earn_staking/presentation/pages/staking/staking_earn_page.dart,0,0,0,0,0,0,0,0,no,-
earn_staking,root_page,flutter_app/lib/features/earn_staking/presentation/pages/staking/staking_earnings_calendar_page.dart,0,0,0,0,0,0,0,0,no,-
earn_staking,root_page,flutter_app/lib/features/earn_staking/presentation/pages/staking/staking_emergency_actions_page.dart,0,0,0,0,0,0,0,0,no,-
earn_staking,root_page,flutter_app/lib/features/earn_staking/presentation/pages/staking/staking_faq_page.dart,0,0,0,0,0,0,0,0,no,-
earn_staking,root_page,flutter_app/lib/features/earn_staking/presentation/pages/staking/staking_forum_page.dart,0,0,0,0,0,0,0,0,no,-
earn_staking,root_page,flutter_app/lib/features/earn_staking/presentation/pages/staking/staking_guide_page.dart,0,0,0,0,0,0,0,0,no,-
earn_staking,root_page,flutter_app/lib/features/earn_staking/presentation/pages/staking/staking_history_page.dart,0,0,0,0,0,0,0,0,no,-
earn_staking,root_page,flutter_app/lib/features/earn_staking/presentation/pages/staking/staking_institutional_page.dart,0,0,0,0,0,0,0,0,no,-
earn_staking,root_page,flutter_app/lib/features/earn_staking/presentation/pages/staking/staking_insurance_fund_transparency_page.dart,0,0,0,0,0,0,0,0,no,-
earn_staking,root_page,flutter_app/lib/features/earn_staking/presentation/pages/staking/staking_insurance_page.dart,0,0,0,0,0,0,0,0,no,-
earn_staking,root_page,flutter_app/lib/features/earn_staking/presentation/pages/staking/staking_liquid_staking_page.dart,0,0,0,0,0,0,0,0,no,-
earn_staking,root_page,flutter_app/lib/features/earn_staking/presentation/pages/staking/staking_multi_chain_page.dart,0,0,0,0,0,0,0,0,no,-
earn_staking,root_page,flutter_app/lib/features/earn_staking/presentation/pages/staking/staking_notifications_page.dart,0,0,0,0,0,0,0,0,no,-
earn_staking,root_page,flutter_app/lib/features/earn_staking/presentation/pages/staking/staking_proof_of_reserves_page.dart,0,0,0,0,0,0,0,0,no,-
earn_staking,root_page,flutter_app/lib/features/earn_staking/presentation/pages/staking/staking_proposals_page.dart,0,0,0,0,0,0,0,0,no,-
earn_staking,root_page,flutter_app/lib/features/earn_staking/presentation/pages/staking/staking_recommendations_page.dart,0,0,0,0,0,0,0,0,no,-
earn_staking,root_page,flutter_app/lib/features/earn_staking/presentation/pages/staking/staking_regulatory_framework_page.dart,0,0,0,0,0,0,0,0,no,-
earn_staking,root_page,flutter_app/lib/features/earn_staking/presentation/pages/staking/staking_risk_assessment_page.dart,0,0,0,0,0,0,0,0,no,-
earn_staking,root_page,flutter_app/lib/features/earn_staking/presentation/pages/staking/staking_risk_dashboard_page.dart,0,0,0,0,0,0,0,0,no,-
earn_staking,root_page,flutter_app/lib/features/earn_staking/presentation/pages/staking/staking_risk_disclosure_page.dart,0,0,0,0,0,0,0,0,no,-
earn_staking,root_page,flutter_app/lib/features/earn_staking/presentation/pages/staking/staking_risk_score_calculator_page.dart,0,0,0,0,0,0,0,0,no,-
earn_staking,root_page,flutter_app/lib/features/earn_staking/presentation/pages/staking/staking_slashing_history_page.dart,0,0,0,0,0,0,0,0,no,-
earn_staking,root_page,flutter_app/lib/features/earn_staking/presentation/pages/staking/staking_social_feed_page.dart,0,0,0,0,0,0,0,0,no,-
earn_staking,root_page,flutter_app/lib/features/earn_staking/presentation/pages/staking/staking_suitability_assessment_page.dart,0,0,0,0,0,0,0,0,no,-
earn_staking,root_page,flutter_app/lib/features/earn_staking/presentation/pages/staking/staking_tax_guide_page.dart,0,0,0,0,0,0,0,0,no,-
earn_staking,root_page,flutter_app/lib/features/earn_staking/presentation/pages/staking/staking_terms_page.dart,0,0,0,0,0,0,0,0,no,-
earn_staking,root_page,flutter_app/lib/features/earn_staking/presentation/pages/staking/staking_third_party_integrations_page.dart,0,0,0,0,0,0,0,0,no,-
earn_staking,root_page,flutter_app/lib/features/earn_staking/presentation/pages/staking/staking_transaction_reporting_page.dart,0,0,0,0,0,0,0,0,no,-
earn_staking,root_page,flutter_app/lib/features/earn_staking/presentation/pages/staking/staking_validator_health_monitor_page.dart,0,0,0,0,0,0,0,0,no,-
earn_staking,root_page,flutter_app/lib/features/earn_staking/presentation/pages/staking/staking_validator_selection_page.dart,0,0,0,0,0,0,0,0,no,-
earn_staking,root_page,flutter_app/lib/features/earn_staking/presentation/pages/staking/staking_voting_page.dart,0,0,0,0,0,0,0,0,no,-
earn_staking,root_page,flutter_app/lib/features/earn_staking/presentation/pages/staking/staking_webhooks_page.dart,0,0,0,0,0,0,0,0,no,-
earn_staking,root_page,flutter_app/lib/features/earn_staking/presentation/pages/staking/staking_withdrawal_policy_page.dart,0,0,0,0,0,0,0,0,no,-
earn_staking,root_page,flutter_app/lib/features/earn_staking/presentation/widgets/staking/staking_advanced_orders_guidance.dart,0,0,0,0,0,0,0,0,no,-
earn_staking,root_page,flutter_app/lib/features/earn_staking/presentation/widgets/staking/staking_advanced_orders_overview_orders.dart,0,0,0,0,0,0,0,0,no,-
earn_staking,root_page,flutter_app/lib/features/earn_staking/presentation/widgets/staking/staking_advanced_orders_sheet_fields.dart,0,0,0,0,0,0,0,0,no,-
earn_staking,root_page,flutter_app/lib/features/earn_staking/presentation/widgets/staking/staking_analytics_apy_tab.dart,0,0,0,0,0,0,0,0,yes,allowed_source_keyword: custompainter
earn_staking,root_page,flutter_app/lib/features/earn_staking/presentation/widgets/staking/staking_analytics_chart_shared.dart,0,0,0,0,0,0,0,0,no,-
earn_staking,root_page,flutter_app/lib/features/earn_staking/presentation/widgets/staking/staking_analytics_earnings_tab.dart,0,0,0,0,0,0,0,0,yes,allowed_source_keyword: custompainter
earn_staking,root_page,flutter_app/lib/features/earn_staking/presentation/widgets/staking/staking_analytics_products_tab.dart,0,0,0,0,0,0,0,0,no,-
earn_staking,root_page,flutter_app/lib/features/earn_staking/presentation/widgets/staking/staking_analytics_roi_tab.dart,0,0,0,0,0,0,0,0,yes,allowed_source_keyword: custompainter
earn_staking,root_page,flutter_app/lib/features/earn_staking/presentation/widgets/staking/staking_analytics_summary.dart,0,0,0,0,0,0,0,0,no,-
earn_staking,feature_widget,flutter_app/lib/features/earn_staking/presentation/widgets/staking/staking_api_documentation_auth.dart,0,0,0,0,0,0,0,0,no,-
earn_staking,feature_widget,flutter_app/lib/features/earn_staking/presentation/widgets/staking/staking_api_documentation_common.dart,0,0,0,0,0,0,0,0,no,-
earn_staking,feature_widget,flutter_app/lib/features/earn_staking/presentation/widgets/staking/staking_api_documentation_endpoints.dart,0,0,0,0,0,0,0,0,no,-
earn_staking,feature_widget,flutter_app/lib/features/earn_staking/presentation/widgets/staking/staking_api_documentation_examples.dart,0,0,0,0,0,0,0,0,no,-
earn_staking,feature_widget,flutter_app/lib/features/earn_staking/presentation/widgets/staking/staking_api_documentation_overview.dart,0,0,0,0,0,0,0,0,no,-
earn_staking,root_page,flutter_app/lib/features/earn_staking/presentation/widgets/staking/staking_audit_reports_bounty_common.dart,0,0,0,0,0,0,0,0,no,-
earn_staking,root_page,flutter_app/lib/features/earn_staking/presentation/widgets/staking/staking_audit_reports_hero_tabs.dart,0,0,0,0,0,0,0,0,no,-
earn_staking,root_page,flutter_app/lib/features/earn_staking/presentation/widgets/staking/staking_audit_reports_reports_findings.dart,0,0,0,0,0,0,0,0,no,-
earn_staking,root_page,flutter_app/lib/features/earn_staking/presentation/widgets/staking/staking_auto_compound_overview.dart,0,0,0,0,0,0,0,0,no,-
earn_staking,root_page,flutter_app/lib/features/earn_staking/presentation/widgets/staking/staking_auto_compound_positions.dart,0,0,0,0,0,0,0,0,no,-
earn_staking,root_page,flutter_app/lib/features/earn_staking/presentation/widgets/staking/staking_auto_compound_settings.dart,0,0,0,0,0,0,0,0,no,-
earn_staking,root_page,flutter_app/lib/features/earn_staking/presentation/widgets/staking/staking_auto_compound_shared.dart,0,0,0,0,0,0,0,0,yes,allowed_source_keyword: custompainter
earn_staking,root_page,flutter_app/lib/features/earn_staking/presentation/widgets/staking/staking_auto_compound_simulation.dart,0,0,0,0,0,0,0,0,no,-
earn_staking,root_page,flutter_app/lib/features/earn_staking/presentation/widgets/staking/staking_community_governance_page_common.dart,0,0,0,0,0,0,0,0,no,-
earn_staking,root_page,flutter_app/lib/features/earn_staking/presentation/widgets/staking/staking_community_governance_page_sections.dart,0,0,0,0,0,0,0,0,no,-
earn_staking,root_page,flutter_app/lib/features/earn_staking/presentation/widgets/staking/staking_contingency_plan_sections.dart,0,0,0,0,0,0,0,0,no,-
earn_staking,root_page,flutter_app/lib/features/earn_staking/presentation/widgets/staking/staking_contingency_plan_support_sections.dart,0,0,0,0,0,0,0,0,no,-
earn_staking,feature_widget,flutter_app/lib/features/earn_staking/presentation/widgets/staking/staking_custody_actions_common.dart,0,0,0,0,0,0,0,0,no,-
earn_staking,feature_widget,flutter_app/lib/features/earn_staking/presentation/widgets/staking/staking_custody_assets.dart,0,0,0,0,0,0,0,0,no,-
earn_staking,feature_widget,flutter_app/lib/features/earn_staking/presentation/widgets/staking/staking_custody_audit.dart,0,0,0,0,0,0,0,0,no,-
earn_staking,feature_widget,flutter_app/lib/features/earn_staking/presentation/widgets/staking/staking_custody_common.dart,0,0,0,0,0,0,0,0,no,-
earn_staking,feature_widget,flutter_app/lib/features/earn_staking/presentation/widgets/staking/staking_custody_overview.dart,0,0,0,0,0,0,0,0,no,-
earn_staking,feature_widget,flutter_app/lib/features/earn_staking/presentation/widgets/staking/staking_custody_pie_chart.dart,0,0,0,0,0,0,0,0,yes,allowed_source_keyword: custompainter
earn_staking,feature_widget,flutter_app/lib/features/earn_staking/presentation/widgets/staking/staking_dashboard_actions.dart,0,0,0,0,0,0,0,0,no,-
earn_staking,feature_widget,flutter_app/lib/features/earn_staking/presentation/widgets/staking/staking_dashboard_charts.dart,0,0,0,0,0,0,0,0,yes,allowed_source_keyword: custompainter
earn_staking,feature_widget,flutter_app/lib/features/earn_staking/presentation/widgets/staking/staking_dashboard_common.dart,0,0,0,0,0,0,0,0,no,-
earn_staking,feature_widget,flutter_app/lib/features/earn_staking/presentation/widgets/staking/staking_dashboard_positions.dart,0,0,0,0,0,0,0,0,no,-
earn_staking,feature_widget,flutter_app/lib/features/earn_staking/presentation/widgets/staking/staking_dashboard_summary.dart,0,0,0,0,0,0,0,0,no,-
earn_staking,root_page,flutter_app/lib/features/earn_staking/presentation/widgets/staking/staking_earn_hero_tabs.dart,0,0,0,0,0,0,0,0,no,-
earn_staking,root_page,flutter_app/lib/features/earn_staking/presentation/widgets/staking/staking_earn_positions_common.dart,0,0,0,0,0,0,0,0,no,-
earn_staking,root_page,flutter_app/lib/features/earn_staking/presentation/widgets/staking/staking_earn_products.dart,0,0,0,0,0,0,0,0,no,-
earn_staking,root_page,flutter_app/lib/features/earn_staking/presentation/widgets/staking/staking_earn_tools.dart,0,0,0,0,0,0,0,0,no,-
earn_staking,root_page,flutter_app/lib/features/earn_staking/presentation/widgets/staking/staking_earnings_calendar_grid.dart,0,0,0,0,0,0,0,0,no,-
earn_staking,root_page,flutter_app/lib/features/earn_staking/presentation/widgets/staking/staking_earnings_events_common.dart,0,0,0,0,0,0,0,0,no,-
earn_staking,root_page,flutter_app/lib/features/earn_staking/presentation/widgets/staking/staking_earnings_summary_tabs.dart,0,0,0,0,0,0,0,0,no,-
earn_staking,root_page,flutter_app/lib/features/earn_staking/presentation/widgets/staking/staking_guide_page_common.dart,0,0,0,0,0,0,0,0,no,-
earn_staking,root_page,flutter_app/lib/features/earn_staking/presentation/widgets/staking/staking_guide_page_sections.dart,0,0,0,0,0,0,0,0,no,-
earn_staking,root_page,flutter_app/lib/features/earn_staking/presentation/widgets/staking/staking_history_common.dart,0,0,0,0,0,0,0,0,no,-
earn_staking,root_page,flutter_app/lib/features/earn_staking/presentation/widgets/staking/staking_history_detail_list.dart,0,0,0,0,0,0,0,0,no,-
earn_staking,root_page,flutter_app/lib/features/earn_staking/presentation/widgets/staking/staking_history_summary_filters.dart,0,0,0,0,0,0,0,0,no,-
earn_staking,root_page,flutter_app/lib/features/earn_staking/presentation/widgets/staking/staking_institutional_overview_batches.dart,0,0,0,0,0,0,0,0,no,-
earn_staking,root_page,flutter_app/lib/features/earn_staking/presentation/widgets/staking/staking_institutional_sheet_painter.dart,0,0,0,0,0,0,0,0,yes,allowed_source_keyword: custompainter
earn_staking,root_page,flutter_app/lib/features/earn_staking/presentation/widgets/staking/staking_institutional_signers_features.dart,0,0,0,0,0,0,0,0,no,-
earn_staking,root_page,flutter_app/lib/features/earn_staking/presentation/widgets/staking/staking_insurance_claims.dart,0,0,0,0,0,0,0,0,no,-
earn_staking,root_page,flutter_app/lib/features/earn_staking/presentation/widgets/staking/staking_insurance_common.dart,0,0,0,0,0,0,0,0,no,-
earn_staking,feature_widget,flutter_app/lib/features/earn_staking/presentation/widgets/staking/staking_insurance_fund_asset_breakdown.dart,0,0,0,0,0,0,0,0,no,-
earn_staking,feature_widget,flutter_app/lib/features/earn_staking/presentation/widgets/staking/staking_insurance_fund_claims.dart,0,0,0,0,0,0,0,0,no,-
earn_staking,feature_widget,flutter_app/lib/features/earn_staking/presentation/widgets/staking/staking_insurance_fund_common.dart,0,0,0,0,0,0,0,0,yes,allowed_source_keyword: custompainter
earn_staking,feature_widget,flutter_app/lib/features/earn_staking/presentation/widgets/staking/staking_insurance_fund_contribution_card.dart,0,0,0,0,0,0,0,0,no,-
earn_staking,feature_widget,flutter_app/lib/features/earn_staking/presentation/widgets/staking/staking_insurance_fund_history.dart,0,0,0,0,0,0,0,0,no,-
earn_staking,feature_widget,flutter_app/lib/features/earn_staking/presentation/widgets/staking/staking_insurance_fund_overview.dart,0,0,0,0,0,0,0,0,no,-
earn_staking,feature_widget,flutter_app/lib/features/earn_staking/presentation/widgets/staking/staking_insurance_fund_status_card.dart,0,0,0,0,0,0,0,0,no,-
earn_staking,root_page,flutter_app/lib/features/earn_staking/presentation/widgets/staking/staking_insurance_overview.dart,0,0,0,0,0,0,0,0,no,-
earn_staking,root_page,flutter_app/lib/features/earn_staking/presentation/widgets/staking/staking_insurance_plans.dart,0,0,0,0,0,0,0,0,no,-
earn_staking,root_page,flutter_app/lib/features/earn_staking/presentation/widgets/staking/staking_insurance_positions.dart,0,0,0,0,0,0,0,0,no,-
earn_staking,root_page,flutter_app/lib/features/earn_staking/presentation/widgets/staking/staking_insurance_sheets.dart,0,0,0,0,0,0,0,0,no,-
earn_staking,root_page,flutter_app/lib/features/earn_staking/presentation/widgets/staking/staking_liquid_staking_benefits.dart,0,0,0,0,0,0,0,0,no,-
earn_staking,root_page,flutter_app/lib/features/earn_staking/presentation/widgets/staking/staking_liquid_staking_common.dart,0,0,0,0,0,0,0,0,no,-
earn_staking,root_page,flutter_app/lib/features/earn_staking/presentation/widgets/staking/staking_liquid_staking_detail_sheet.dart,0,0,0,0,0,0,0,0,no,-
earn_staking,root_page,flutter_app/lib/features/earn_staking/presentation/widgets/staking/staking_liquid_staking_holdings.dart,0,0,0,0,0,0,0,0,no,-
earn_staking,root_page,flutter_app/lib/features/earn_staking/presentation/widgets/staking/staking_liquid_staking_stake.dart,0,0,0,0,0,0,0,0,no,-
earn_staking,root_page,flutter_app/lib/features/earn_staking/presentation/widgets/staking/staking_liquid_staking_swap.dart,0,0,0,0,0,0,0,0,no,-
earn_staking,root_page,flutter_app/lib/features/earn_staking/presentation/widgets/staking/staking_liquid_staking_swap_fields.dart,0,0,0,0,0,0,0,0,no,-
earn_staking,root_page,flutter_app/lib/features/earn_staking/presentation/widgets/staking/staking_multi_chain_page_common.dart,0,0,0,0,0,0,0,0,no,-
earn_staking,root_page,flutter_app/lib/features/earn_staking/presentation/widgets/staking/staking_multi_chain_page_sections.dart,0,0,0,0,0,0,0,0,yes,allowed_source_keyword: custompainter
earn_staking,root_page,flutter_app/lib/features/earn_staking/presentation/widgets/staking/staking_notifications_page_common.dart,0,0,0,0,0,0,0,0,no,-
earn_staking,root_page,flutter_app/lib/features/earn_staking/presentation/widgets/staking/staking_notifications_page_sections.dart,0,0,0,0,0,0,0,0,no,-
earn_staking,root_page,flutter_app/lib/features/earn_staking/presentation/widgets/staking/staking_proof_of_reserves_assets.dart,0,0,0,0,0,0,0,0,no,-
earn_staking,root_page,flutter_app/lib/features/earn_staking/presentation/widgets/staking/staking_proof_of_reserves_common.dart,0,0,0,0,0,0,0,0,no,-
earn_staking,root_page,flutter_app/lib/features/earn_staking/presentation/widgets/staking/staking_proof_of_reserves_overview.dart,0,0,0,0,0,0,0,0,no,-
earn_staking,root_page,flutter_app/lib/features/earn_staking/presentation/widgets/staking/staking_proof_of_reserves_overview_painters.dart,0,0,0,0,0,0,0,0,yes,allowed_source_keyword: custompainter
earn_staking,root_page,flutter_app/lib/features/earn_staking/presentation/widgets/staking/staking_proof_of_reserves_verify.dart,0,0,0,0,0,0,0,0,no,-
earn_staking,root_page,flutter_app/lib/features/earn_staking/presentation/widgets/staking/staking_proof_of_reserves_verify_sheet.dart,0,0,0,0,0,0,0,0,no,-
earn_staking,feature_widget,flutter_app/lib/features/earn_staking/presentation/widgets/staking/staking_recommendations_common.dart,0,0,0,0,0,0,0,0,no,-
earn_staking,feature_widget,flutter_app/lib/features/earn_staking/presentation/widgets/staking/staking_recommendations_overview.dart,0,0,0,0,0,0,0,0,no,-
earn_staking,feature_widget,flutter_app/lib/features/earn_staking/presentation/widgets/staking/staking_recommendations_sheet.dart,0,0,0,0,0,0,0,0,no,-
earn_staking,feature_widget,flutter_app/lib/features/earn_staking/presentation/widgets/staking/staking_recommendations_strategy.dart,0,0,0,0,0,0,0,0,no,-
earn_staking,root_page,flutter_app/lib/features/earn_staking/presentation/widgets/staking/staking_regulatory_framework_hero_licenses.dart,0,0,0,0,0,0,0,0,no,-
earn_staking,root_page,flutter_app/lib/features/earn_staking/presentation/widgets/staking/staking_regulatory_framework_protection_complaints.dart,0,0,0,0,0,0,0,0,no,-
earn_staking,root_page,flutter_app/lib/features/earn_staking/presentation/widgets/staking/staking_regulatory_framework_sheet_common.dart,0,0,0,0,0,0,0,0,no,-
earn_staking,root_page,flutter_app/lib/features/earn_staking/presentation/widgets/staking/staking_risk_assessment_page_common.dart,0,0,0,0,0,0,0,0,no,-
earn_staking,root_page,flutter_app/lib/features/earn_staking/presentation/widgets/staking/staking_risk_assessment_page_sections.dart,0,0,0,0,0,0,0,0,no,-
earn_staking,root_page,flutter_app/lib/features/earn_staking/presentation/widgets/staking/staking_risk_dashboard_page_common.dart,0,0,0,0,0,0,0,0,yes,allowed_source_keyword: custompainter
earn_staking,root_page,flutter_app/lib/features/earn_staking/presentation/widgets/staking/staking_risk_dashboard_page_sections.dart,0,0,0,0,0,0,0,0,no,-
earn_staking,root_page,flutter_app/lib/features/earn_staking/presentation/widgets/staking/staking_risk_disclosure_assessment_common.dart,0,0,0,0,0,0,0,0,no,-
earn_staking,root_page,flutter_app/lib/features/earn_staking/presentation/widgets/staking/staking_risk_disclosure_categories.dart,0,0,0,0,0,0,0,0,no,-
earn_staking,root_page,flutter_app/lib/features/earn_staking/presentation/widgets/staking/staking_risk_disclosure_overview.dart,0,0,0,0,0,0,0,0,no,-
earn_staking,root_page,flutter_app/lib/features/earn_staking/presentation/widgets/staking/staking_risk_score_inputs.dart,0,0,0,0,0,0,0,0,no,-
earn_staking,root_page,flutter_app/lib/features/earn_staking/presentation/widgets/staking/staking_risk_score_radar.dart,0,0,0,0,0,0,0,0,yes,allowed_source_keyword: custompainter
earn_staking,root_page,flutter_app/lib/features/earn_staking/presentation/widgets/staking/staking_risk_score_results.dart,0,0,0,0,0,0,0,0,no,-
earn_staking,feature_widget,flutter_app/lib/features/earn_staking/presentation/widgets/staking/staking_slashing_history_common.dart,0,0,0,0,0,0,0,0,no,-
earn_staking,feature_widget,flutter_app/lib/features/earn_staking/presentation/widgets/staking/staking_slashing_history_history.dart,0,0,0,0,0,0,0,0,no,-
earn_staking,feature_widget,flutter_app/lib/features/earn_staking/presentation/widgets/staking/staking_slashing_history_overview.dart,0,0,0,0,0,0,0,0,no,-
earn_staking,feature_widget,flutter_app/lib/features/earn_staking/presentation/widgets/staking/staking_slashing_history_prevention.dart,0,0,0,0,0,0,0,0,no,-
earn_staking,feature_widget,flutter_app/lib/features/earn_staking/presentation/widgets/staking/staking_slashing_history_statistics.dart,0,0,0,0,0,0,0,0,yes,allowed_source_keyword: custompainter
earn_staking,root_page,flutter_app/lib/features/earn_staking/presentation/widgets/staking/staking_social_feed_page_common.dart,0,0,0,0,0,0,0,0,no,-
earn_staking,root_page,flutter_app/lib/features/earn_staking/presentation/widgets/staking/staking_social_feed_page_sections.dart,0,0,0,0,0,0,0,0,no,-
earn_staking,root_page,flutter_app/lib/features/earn_staking/presentation/widgets/staking/staking_suitability_assessment_page_common.dart,0,0,0,0,0,0,0,0,no,-
earn_staking,root_page,flutter_app/lib/features/earn_staking/presentation/widgets/staking/staking_suitability_assessment_page_sections.dart,0,0,0,0,0,0,0,0,no,-
earn_staking,feature_widget,flutter_app/lib/features/earn_staking/presentation/widgets/staking/staking_tax_guide_calculator.dart,0,0,0,0,0,0,0,0,no,-
earn_staking,feature_widget,flutter_app/lib/features/earn_staking/presentation/widgets/staking/staking_tax_guide_common.dart,0,0,0,0,0,0,0,0,no,-
earn_staking,feature_widget,flutter_app/lib/features/earn_staking/presentation/widgets/staking/staking_tax_guide_header.dart,0,0,0,0,0,0,0,0,no,-
earn_staking,feature_widget,flutter_app/lib/features/earn_staking/presentation/widgets/staking/staking_tax_guide_jurisdictions.dart,0,0,0,0,0,0,0,0,no,-
earn_staking,feature_widget,flutter_app/lib/features/earn_staking/presentation/widgets/staking/staking_tax_guide_overview.dart,0,0,0,0,0,0,0,0,no,-
earn_staking,root_page,flutter_app/lib/features/earn_staking/presentation/widgets/staking/staking_transaction_reporting_sheet_widgets.dart,0,0,0,0,0,0,0,0,no,-
earn_staking,root_page,flutter_app/lib/features/earn_staking/presentation/widgets/staking/staking_transaction_reporting_summary_widgets.dart,0,0,0,0,0,0,0,0,no,-
earn_staking,root_page,flutter_app/lib/features/earn_staking/presentation/widgets/staking/staking_transaction_reporting_transaction_widgets.dart,0,0,0,0,0,0,0,0,no,-
earn_staking,root_page,flutter_app/lib/features/earn_staking/presentation/widgets/staking/staking_validator_health_monitor_page_common.dart,0,0,0,0,0,0,0,0,yes,allowed_source_keyword: custompainter
earn_staking,root_page,flutter_app/lib/features/earn_staking/presentation/widgets/staking/staking_validator_health_monitor_page_sections.dart,0,0,0,0,0,0,0,0,no,-
earn_staking,feature_widget,flutter_app/lib/features/earn_staking/presentation/widgets/staking/staking_validator_selection_common.dart,0,0,0,0,0,0,0,0,no,-
earn_staking,feature_widget,flutter_app/lib/features/earn_staking/presentation/widgets/staking/staking_validator_selection_detail.dart,0,0,0,0,0,0,0,0,no,-
earn_staking,feature_widget,flutter_app/lib/features/earn_staking/presentation/widgets/staking/staking_validator_selection_filters.dart,0,0,0,0,0,0,0,0,no,-
earn_staking,feature_widget,flutter_app/lib/features/earn_staking/presentation/widgets/staking/staking_validator_selection_list.dart,0,0,0,0,0,0,0,0,no,-
earn_staking,feature_widget,flutter_app/lib/features/earn_staking/presentation/widgets/staking/staking_validator_selection_summary.dart,0,0,0,0,0,0,0,0,no,-
earn_staking,root_page,flutter_app/lib/features/earn_staking/presentation/widgets/staking/staking_withdrawal_policy_calculator.dart,0,0,0,0,0,0,0,0,no,-
earn_staking,root_page,flutter_app/lib/features/earn_staking/presentation/widgets/staking/staking_withdrawal_policy_common.dart,0,0,0,0,0,0,0,0,no,-
earn_staking,root_page,flutter_app/lib/features/earn_staking/presentation/widgets/staking/staking_withdrawal_policy_emergency.dart,0,0,0,0,0,0,0,0,no,-
earn_staking,root_page,flutter_app/lib/features/earn_staking/presentation/widgets/staking/staking_withdrawal_policy_penalties.dart,0,0,0,0,0,0,0,0,no,-
earn_staking,root_page,flutter_app/lib/features/earn_staking/presentation/widgets/staking/staking_withdrawal_policy_timeline.dart,0,0,0,0,0,0,0,0,no,-
enterprise_states,root_page,flutter_app/lib/features/enterprise_states/presentation/pages/enterprise_states_page.dart,0,0,0,0,0,0,0,0,no,-
enterprise_states,root_page,flutter_app/lib/features/enterprise_states/presentation/pages/force_update_gate_page.dart,0,0,0,0,0,0,0,0,no,-
enterprise_states,root_page,flutter_app/lib/features/enterprise_states/presentation/pages/maintenance_gate_page.dart,0,0,0,0,0,0,0,0,no,-
enterprise_states,root_page,flutter_app/lib/features/enterprise_states/presentation/widgets/enterprise_states_hero_tabs.dart,0,0,0,0,0,0,0,0,no,-
enterprise_states,root_page,flutter_app/lib/features/enterprise_states/presentation/widgets/enterprise_states_preview_kit.dart,0,0,0,0,0,0,0,0,no,-
enterprise_states,root_page,flutter_app/lib/features/enterprise_states/presentation/widgets/enterprise_states_references.dart,0,0,0,0,0,0,0,0,no,-
home,root_page,flutter_app/lib/features/home/presentation/pages/home_page.dart,0,0,0,0,0,0,0,0,no,-
home,root_page,flutter_app/lib/features/home/presentation/pages/home_tablet_page.dart,0,0,0,0,0,0,0,0,no,-
home,root_page,flutter_app/lib/features/home/presentation/pages/phone/home_page.dart,0,0,0,0,0,0,0,0,no,-
home,root_page,flutter_app/lib/features/home/presentation/pages/tablet/home_tablet_page.dart,0,0,0,0,0,0,0,0,no,-
home,feature_widget,flutter_app/lib/features/home/presentation/widgets/home_tablet_reference_home.dart,0,0,0,0,0,0,0,0,no,-
home,feature_widget,flutter_app/lib/features/home/presentation/widgets/phone/home_announcement_banner.dart,0,0,0,0,0,0,0,0,no,-
home,feature_widget,flutter_app/lib/features/home/presentation/widgets/phone/home_formatters.dart,0,0,0,0,0,0,0,0,no,-
home,feature_widget,flutter_app/lib/features/home/presentation/widgets/phone/home_header.dart,0,0,0,0,0,0,0,0,no,-
home,feature_widget,flutter_app/lib/features/home/presentation/widgets/phone/home_market_ticker_section.dart,0,0,0,0,0,0,0,0,no,-
home,feature_widget,flutter_app/lib/features/home/presentation/widgets/phone/home_more_products_sheet.dart,0,0,0,0,0,0,0,0,no,-
home,feature_widget,flutter_app/lib/features/home/presentation/widgets/phone/home_next_action_section.dart,0,0,0,0,0,0,0,0,no,-
home,feature_widget,flutter_app/lib/features/home/presentation/widgets/phone/home_portfolio_card.dart,0,0,0,0,0,0,0,0,no,-
home,feature_widget,flutter_app/lib/features/home/presentation/widgets/phone/home_products_section.dart,0,0,0,0,0,0,0,0,no,-
home,feature_widget,flutter_app/lib/features/home/presentation/widgets/phone/home_recent_products_section.dart,0,0,0,0,0,0,0,0,no,-
home,feature_widget,flutter_app/lib/features/home/presentation/widgets/phone/home_scroll_shell.dart,0,0,0,0,0,0,0,0,no,-
home,feature_widget,flutter_app/lib/features/home/presentation/widgets/phone/home_status_content.dart,0,0,0,0,0,0,0,0,no,-
home,feature_widget,flutter_app/lib/features/home/presentation/widgets/tablet/home_announcement_banner.dart,0,0,0,0,0,0,0,0,no,-
home,feature_widget,flutter_app/lib/features/home/presentation/widgets/tablet/home_discovery_panel.dart,0,0,0,0,0,0,0,0,no,-
home,feature_widget,flutter_app/lib/features/home/presentation/widgets/tablet/home_formatters.dart,0,0,0,0,0,0,0,0,no,-
home,feature_widget,flutter_app/lib/features/home/presentation/widgets/tablet/home_header.dart,0,0,0,0,0,0,0,0,no,-
home,feature_widget,flutter_app/lib/features/home/presentation/widgets/tablet/home_market_ticker_section.dart,0,0,0,0,0,0,0,0,no,-
home,feature_widget,flutter_app/lib/features/home/presentation/widgets/tablet/home_market_watchlist_panel.dart,0,0,0,0,0,0,0,0,yes,allowed_source_keyword: candlestick
home,feature_widget,flutter_app/lib/features/home/presentation/widgets/tablet/home_next_action_section.dart,0,0,0,0,0,0,0,0,no,-
home,feature_widget,flutter_app/lib/features/home/presentation/widgets/tablet/home_portfolio_card.dart,0,0,0,0,0,0,0,0,no,-
home,feature_widget,flutter_app/lib/features/home/presentation/widgets/tablet/home_products_section.dart,0,0,0,0,0,0,0,0,no,-
home,feature_widget,flutter_app/lib/features/home/presentation/widgets/tablet/home_recent_products_section.dart,0,0,0,0,0,0,0,0,no,-
home,feature_widget,flutter_app/lib/features/home/presentation/widgets/tablet/home_status_content.dart,0,0,0,0,0,0,0,0,no,-
home,feature_widget,flutter_app/lib/features/home/presentation/widgets/tablet/home_tablet_keys.dart,0,0,0,0,0,0,0,0,no,-
home,feature_widget,flutter_app/lib/features/home/presentation/widgets/tablet/home_tablet_reference_home.dart,0,0,0,0,0,0,0,0,no,-
launchpad,root_page,flutter_app/lib/features/launchpad/presentation/pages/bridge/launchpad_bridge_compare_page.dart,0,0,0,0,0,0,0,0,no,-
launchpad,root_page,flutter_app/lib/features/launchpad/presentation/pages/bridge/launchpad_bridge_order_page.dart,0,0,0,0,0,0,0,0,no,-
launchpad,root_page,flutter_app/lib/features/launchpad/presentation/pages/bridge/launchpad_ido_bridge_page.dart,0,0,0,0,0,0,0,0,no,-
launchpad,root_page,flutter_app/lib/features/launchpad/presentation/pages/bridge/launchpad_swap_aggregator_page.dart,0,0,0,0,0,0,0,0,no,-
launchpad,root_page,flutter_app/lib/features/launchpad/presentation/pages/claim/launchpad_batch_claim_page.dart,0,0,0,0,0,0,0,0,no,-
launchpad,root_page,flutter_app/lib/features/launchpad/presentation/pages/claim/launchpad_claim_receipt_page.dart,0,0,0,0,0,0,0,0,no,-
launchpad,root_page,flutter_app/lib/features/launchpad/presentation/pages/hub/launchpad_contract_page.dart,0,0,0,0,0,0,0,0,no,-
launchpad,root_page,flutter_app/lib/features/launchpad/presentation/pages/hub/launchpad_detail_page.dart,0,0,0,0,0,0,0,0,no,-
launchpad,root_page,flutter_app/lib/features/launchpad/presentation/pages/hub/launchpad_page.dart,0,0,0,0,0,0,0,0,no,-
launchpad,root_page,flutter_app/lib/features/launchpad/presentation/pages/hub/launchpad_performance_page.dart,0,0,0,0,0,0,0,0,no,-
launchpad,root_page,flutter_app/lib/features/launchpad/presentation/pages/hub/launchpad_portfolio_page.dart,0,0,0,0,0,0,0,0,no,-
launchpad,root_page,flutter_app/lib/features/launchpad/presentation/pages/hub/launchpad_receipt_page.dart,0,0,0,0,0,0,0,0,no,-
launchpad,root_page,flutter_app/lib/features/launchpad/presentation/pages/tools/launchpad_abi_diff_page.dart,0,0,0,0,0,0,0,0,no,-
launchpad,root_page,flutter_app/lib/features/launchpad/presentation/pages/tools/launchpad_address_book_page.dart,0,0,0,0,0,0,0,0,no,-
launchpad,root_page,flutter_app/lib/features/launchpad/presentation/pages/tools/launchpad_dca_builder_page.dart,0,0,0,0,0,0,0,0,no,-
launchpad,root_page,flutter_app/lib/features/launchpad/presentation/pages/tools/launchpad_event_log_page.dart,0,0,0,0,0,0,0,0,no,-
launchpad,root_page,flutter_app/lib/features/launchpad/presentation/pages/tools/launchpad_gas_tracker_page.dart,0,0,0,0,0,0,0,0,no,-
launchpad,root_page,flutter_app/lib/features/launchpad/presentation/pages/tools/launchpad_limit_orders_page.dart,0,0,0,0,0,0,0,0,no,-
launchpad,root_page,flutter_app/lib/features/launchpad/presentation/pages/tools/launchpad_multisig_page.dart,0,0,0,0,0,0,0,0,no,-
launchpad,root_page,flutter_app/lib/features/launchpad/presentation/pages/tools/launchpad_notif_sound_page.dart,0,0,0,0,0,0,0,0,no,-
launchpad,root_page,flutter_app/lib/features/launchpad/presentation/pages/tools/launchpad_rebalance_page.dart,0,0,0,0,0,0,0,0,no,-
launchpad,root_page,flutter_app/lib/features/launchpad/presentation/pages/tools/launchpad_risk_analytics_page.dart,0,0,0,0,0,0,0,0,no,-
launchpad,root_page,flutter_app/lib/features/launchpad/presentation/pages/tools/launchpad_staking_page.dart,0,0,0,0,0,0,0,0,no,-
launchpad,root_page,flutter_app/lib/features/launchpad/presentation/pages/tools/launchpad_webhooks_page.dart,0,0,0,0,0,0,0,0,no,-
launchpad,root_page,flutter_app/lib/features/launchpad/presentation/widgets/bridge/launchpad_bridge_compare_common.dart,0,0,0,0,0,0,0,0,no,-
launchpad,root_page,flutter_app/lib/features/launchpad/presentation/widgets/bridge/launchpad_bridge_compare_confirm.dart,0,0,0,0,0,0,0,0,no,-
launchpad,root_page,flutter_app/lib/features/launchpad/presentation/widgets/bridge/launchpad_bridge_compare_hero.dart,0,0,0,0,0,0,0,0,no,-
launchpad,root_page,flutter_app/lib/features/launchpad/presentation/widgets/bridge/launchpad_bridge_compare_quick_compare.dart,0,0,0,0,0,0,0,0,no,-
launchpad,root_page,flutter_app/lib/features/launchpad/presentation/widgets/bridge/launchpad_bridge_compare_route_details.dart,0,0,0,0,0,0,0,0,no,-
launchpad,root_page,flutter_app/lib/features/launchpad/presentation/widgets/bridge/launchpad_bridge_compare_route_list.dart,0,0,0,0,0,0,0,0,no,-
launchpad,root_page,flutter_app/lib/features/launchpad/presentation/widgets/bridge/launchpad_bridge_compare_route_metrics.dart,0,0,0,0,0,0,0,0,no,-
launchpad,root_page,flutter_app/lib/features/launchpad/presentation/widgets/bridge/launchpad_bridge_order_details.dart,0,0,0,0,0,0,0,0,no,-
launchpad,root_page,flutter_app/lib/features/launchpad/presentation/widgets/bridge/launchpad_bridge_order_events.dart,0,0,0,0,0,0,0,0,no,-
launchpad,root_page,flutter_app/lib/features/launchpad/presentation/widgets/bridge/launchpad_bridge_order_hero.dart,0,0,0,0,0,0,0,0,no,-
launchpad,root_page,flutter_app/lib/features/launchpad/presentation/widgets/bridge/launchpad_bridge_order_timeline.dart,0,0,0,0,0,0,0,0,no,-
launchpad,root_page,flutter_app/lib/features/launchpad/presentation/widgets/bridge/launchpad_swap_aggregator_history_settings.dart,0,0,0,0,0,0,0,0,no,-
launchpad,root_page,flutter_app/lib/features/launchpad/presentation/widgets/bridge/launchpad_swap_aggregator_input.dart,0,0,0,0,0,0,0,0,no,-
launchpad,root_page,flutter_app/lib/features/launchpad/presentation/widgets/bridge/launchpad_swap_aggregator_quotes.dart,0,0,0,0,0,0,0,0,no,-
launchpad,root_page,flutter_app/lib/features/launchpad/presentation/widgets/claim/launchpad_batch_claim_review_success.dart,0,0,0,0,0,0,0,0,no,-
launchpad,root_page,flutter_app/lib/features/launchpad/presentation/widgets/claim/launchpad_batch_claim_selection.dart,0,0,0,0,0,0,0,0,no,-
launchpad,root_page,flutter_app/lib/features/launchpad/presentation/widgets/claim/launchpad_batch_claim_summary.dart,0,0,0,0,0,0,0,0,no,-
launchpad,root_page,flutter_app/lib/features/launchpad/presentation/widgets/claim/launchpad_claim_receipt_claim_sheet_widgets.dart,0,0,0,0,0,0,0,0,no,-
launchpad,root_page,flutter_app/lib/features/launchpad/presentation/widgets/claim/launchpad_claim_receipt_hero_widgets.dart,0,0,0,0,0,0,0,0,no,-
launchpad,root_page,flutter_app/lib/features/launchpad/presentation/widgets/claim/launchpad_claim_receipt_misc_widgets.dart,0,0,0,0,0,0,0,0,no,-
launchpad,root_page,flutter_app/lib/features/launchpad/presentation/widgets/claim/launchpad_claim_receipt_overview_widgets.dart,0,0,0,0,0,0,0,0,no,-
launchpad,root_page,flutter_app/lib/features/launchpad/presentation/widgets/claim/launchpad_claim_receipt_timeline_widgets.dart,0,0,0,0,0,0,0,0,no,-
launchpad,root_page,flutter_app/lib/features/launchpad/presentation/widgets/hub/launchpad_home_header_widgets.dart,0,0,0,0,0,0,0,0,no,-
launchpad,root_page,flutter_app/lib/features/launchpad/presentation/widgets/hub/launchpad_home_helpers.dart,0,0,0,0,0,0,0,0,no,-
launchpad,root_page,flutter_app/lib/features/launchpad/presentation/widgets/hub/launchpad_home_project_widgets.dart,0,0,0,0,0,0,0,0,no,-
launchpad,root_page,flutter_app/lib/features/launchpad/presentation/widgets/hub/launchpad_home_shared_widgets.dart,0,0,0,0,0,0,0,0,no,-
launchpad,root_page,flutter_app/lib/features/launchpad/presentation/widgets/hub/launchpad_home_tool_widgets.dart,0,0,0,0,0,0,0,0,no,-
launchpad,root_page,flutter_app/lib/features/launchpad/presentation/widgets/hub/launchpad_performance_chart_common.dart,0,0,0,0,0,0,0,0,no,-
launchpad,root_page,flutter_app/lib/features/launchpad/presentation/widgets/hub/launchpad_performance_overview.dart,0,0,0,0,0,0,0,0,no,-
launchpad,root_page,flutter_app/lib/features/launchpad/presentation/widgets/hub/launchpad_performance_projects.dart,0,0,0,0,0,0,0,0,no,-
launchpad,root_page,flutter_app/lib/features/launchpad/presentation/widgets/hub/launchpad_portfolio_empty_disclaimer_common.dart,0,0,0,0,0,0,0,0,no,-
launchpad,root_page,flutter_app/lib/features/launchpad/presentation/widgets/hub/launchpad_portfolio_hero_tabs.dart,0,0,0,0,0,0,0,0,no,-
launchpad,root_page,flutter_app/lib/features/launchpad/presentation/widgets/hub/launchpad_portfolio_subscription.dart,0,0,0,0,0,0,0,0,no,-
launchpad,root_page,flutter_app/lib/features/launchpad/presentation/widgets/hub/launchpad_receipt_details_next_steps.dart,0,0,0,0,0,0,0,0,no,-
launchpad,root_page,flutter_app/lib/features/launchpad/presentation/widgets/hub/launchpad_receipt_states_success.dart,0,0,0,0,0,0,0,0,no,-
launchpad,root_page,flutter_app/lib/features/launchpad/presentation/widgets/tools/launchpad_abi_diff_entries.dart,0,0,0,0,0,0,0,0,no,-
launchpad,root_page,flutter_app/lib/features/launchpad/presentation/widgets/tools/launchpad_abi_diff_extensions.dart,0,0,0,0,0,0,0,0,no,-
launchpad,root_page,flutter_app/lib/features/launchpad/presentation/widgets/tools/launchpad_abi_diff_summary.dart,0,0,0,0,0,0,0,0,no,-
launchpad,root_page,flutter_app/lib/features/launchpad/presentation/widgets/tools/launchpad_address_book_cards.dart,0,0,0,0,0,0,0,0,no,-
launchpad,root_page,flutter_app/lib/features/launchpad/presentation/widgets/tools/launchpad_address_book_controls.dart,0,0,0,0,0,0,0,0,no,-
launchpad,root_page,flutter_app/lib/features/launchpad/presentation/widgets/tools/launchpad_address_book_sheet_common.dart,0,0,0,0,0,0,0,0,no,-
launchpad,feature_widget,flutter_app/lib/features/launchpad/presentation/widgets/tools/launchpad_dca_builder_common.dart,0,0,0,0,0,0,0,0,no,-
launchpad,feature_widget,flutter_app/lib/features/launchpad/presentation/widgets/tools/launchpad_dca_builder_create_form.dart,0,0,0,0,0,0,0,0,no,-
launchpad,feature_widget,flutter_app/lib/features/launchpad/presentation/widgets/tools/launchpad_dca_builder_history.dart,0,0,0,0,0,0,0,0,no,-
launchpad,feature_widget,flutter_app/lib/features/launchpad/presentation/widgets/tools/launchpad_dca_builder_strategies.dart,0,0,0,0,0,0,0,0,no,-
launchpad,feature_widget,flutter_app/lib/features/launchpad/presentation/widgets/tools/launchpad_dca_builder_summary.dart,0,0,0,0,0,0,0,0,no,-
launchpad,root_page,flutter_app/lib/features/launchpad/presentation/widgets/tools/launchpad_event_log_export_widgets.dart,0,0,0,0,0,0,0,0,no,-
launchpad,root_page,flutter_app/lib/features/launchpad/presentation/widgets/tools/launchpad_event_log_filter_widgets.dart,0,0,0,0,0,0,0,0,no,-
launchpad,root_page,flutter_app/lib/features/launchpad/presentation/widgets/tools/launchpad_event_log_list_widgets.dart,0,0,0,0,0,0,0,0,no,-
launchpad,root_page,flutter_app/lib/features/launchpad/presentation/widgets/tools/launchpad_event_log_misc_widgets.dart,0,0,0,0,0,0,0,0,no,-
launchpad,root_page,flutter_app/lib/features/launchpad/presentation/widgets/tools/launchpad_gas_tracker_alert_sheet.dart,0,0,0,0,0,0,0,0,no,-
launchpad,root_page,flutter_app/lib/features/launchpad/presentation/widgets/tools/launchpad_gas_tracker_alerts.dart,0,0,0,0,0,0,0,0,no,-
launchpad,root_page,flutter_app/lib/features/launchpad/presentation/widgets/tools/launchpad_gas_tracker_chains.dart,0,0,0,0,0,0,0,0,no,-
launchpad,root_page,flutter_app/lib/features/launchpad/presentation/widgets/tools/launchpad_gas_tracker_common.dart,0,0,0,0,0,0,0,0,yes,allowed_source_keyword: custompainter
launchpad,root_page,flutter_app/lib/features/launchpad/presentation/widgets/tools/launchpad_gas_tracker_estimator.dart,0,0,0,0,0,0,0,0,no,-
launchpad,root_page,flutter_app/lib/features/launchpad/presentation/widgets/tools/launchpad_gas_tracker_hero.dart,0,0,0,0,0,0,0,0,no,-
launchpad,root_page,flutter_app/lib/features/launchpad/presentation/widgets/tools/launchpad_gas_tracker_prices.dart,0,0,0,0,0,0,0,0,no,-
launchpad,root_page,flutter_app/lib/features/launchpad/presentation/widgets/tools/launchpad_limit_orders_active_widgets.dart,0,0,0,0,0,0,0,0,no,-
launchpad,root_page,flutter_app/lib/features/launchpad/presentation/widgets/tools/launchpad_limit_orders_create_fields.dart,0,0,0,0,0,0,0,0,no,-
launchpad,root_page,flutter_app/lib/features/launchpad/presentation/widgets/tools/launchpad_limit_orders_create_widgets.dart,0,0,0,0,0,0,0,0,no,-
launchpad,root_page,flutter_app/lib/features/launchpad/presentation/widgets/tools/launchpad_limit_orders_formatters.dart,0,0,0,0,0,0,0,0,no,-
launchpad,root_page,flutter_app/lib/features/launchpad/presentation/widgets/tools/launchpad_limit_orders_header_widgets.dart,0,0,0,0,0,0,0,0,no,-
launchpad,root_page,flutter_app/lib/features/launchpad/presentation/widgets/tools/launchpad_limit_orders_history_widgets.dart,0,0,0,0,0,0,0,0,no,-
launchpad,root_page,flutter_app/lib/features/launchpad/presentation/widgets/tools/launchpad_limit_orders_preview_widgets.dart,0,0,0,0,0,0,0,0,no,-
launchpad,root_page,flutter_app/lib/features/launchpad/presentation/widgets/tools/launchpad_multisig_create_sheet.dart,0,0,0,0,0,0,0,0,no,-
launchpad,root_page,flutter_app/lib/features/launchpad/presentation/widgets/tools/launchpad_multisig_owners.dart,0,0,0,0,0,0,0,0,no,-
launchpad,root_page,flutter_app/lib/features/launchpad/presentation/widgets/tools/launchpad_multisig_page_chrome.dart,0,0,0,0,0,0,0,0,no,-
launchpad,root_page,flutter_app/lib/features/launchpad/presentation/widgets/tools/launchpad_multisig_queue_history.dart,0,0,0,0,0,0,0,0,no,-
launchpad,root_page,flutter_app/lib/features/launchpad/presentation/widgets/tools/launchpad_multisig_tx_card.dart,0,0,0,0,0,0,0,0,no,-
launchpad,root_page,flutter_app/lib/features/launchpad/presentation/widgets/tools/launchpad_multisig_tx_details.dart,0,0,0,0,0,0,0,0,no,-
launchpad,root_page,flutter_app/lib/features/launchpad/presentation/widgets/tools/launchpad_notif_sound_categories.dart,0,0,0,0,0,0,0,0,no,-
launchpad,root_page,flutter_app/lib/features/launchpad/presentation/widgets/tools/launchpad_notif_sound_controls.dart,0,0,0,0,0,0,0,0,no,-
launchpad,root_page,flutter_app/lib/features/launchpad/presentation/widgets/tools/launchpad_notif_sound_footer.dart,0,0,0,0,0,0,0,0,no,-
launchpad,feature_widget,flutter_app/lib/features/launchpad/presentation/widgets/tools/launchpad_rebalance_allocation.dart,0,0,0,0,0,0,0,0,yes,allowed_source_keyword: custompainter
launchpad,root_page,flutter_app/lib/features/launchpad/presentation/widgets/tools/launchpad_rebalance_calculations.dart,0,0,0,0,0,0,0,0,no,-
launchpad,feature_widget,flutter_app/lib/features/launchpad/presentation/widgets/tools/launchpad_rebalance_deviation.dart,0,0,0,0,0,0,0,0,no,-
launchpad,root_page,flutter_app/lib/features/launchpad/presentation/widgets/tools/launchpad_rebalance_hero.dart,0,0,0,0,0,0,0,0,no,-
launchpad,feature_widget,flutter_app/lib/features/launchpad/presentation/widgets/tools/launchpad_rebalance_strategy.dart,0,0,0,0,0,0,0,0,no,-
launchpad,root_page,flutter_app/lib/features/launchpad/presentation/widgets/tools/launchpad_rebalance_suggestions.dart,0,0,0,0,0,0,0,0,no,-
launchpad,root_page,flutter_app/lib/features/launchpad/presentation/widgets/tools/launchpad_rebalance_summary.dart,0,0,0,0,0,0,0,0,no,-
launchpad,root_page,flutter_app/lib/features/launchpad/presentation/widgets/tools/launchpad_risk_due_diligence.dart,0,0,0,0,0,0,0,0,no,-
launchpad,root_page,flutter_app/lib/features/launchpad/presentation/widgets/tools/launchpad_risk_painter.dart,0,0,0,0,0,0,0,0,yes,allowed_source_keyword: custompainter
launchpad,root_page,flutter_app/lib/features/launchpad/presentation/widgets/tools/launchpad_risk_report_common.dart,0,0,0,0,0,0,0,0,no,-
launchpad,root_page,flutter_app/lib/features/launchpad/presentation/widgets/tools/launchpad_risk_tabs_overview.dart,0,0,0,0,0,0,0,0,no,-
launchpad,root_page,flutter_app/lib/features/launchpad/presentation/widgets/tools/launchpad_staking_calculator.dart,0,0,0,0,0,0,0,0,no,-
launchpad,root_page,flutter_app/lib/features/launchpad/presentation/widgets/tools/launchpad_staking_hero.dart,0,0,0,0,0,0,0,0,no,-
launchpad,root_page,flutter_app/lib/features/launchpad/presentation/widgets/tools/launchpad_staking_pool_card.dart,0,0,0,0,0,0,0,0,no,-
launchpad,root_page,flutter_app/lib/features/launchpad/presentation/widgets/tools/launchpad_staking_pool_status.dart,0,0,0,0,0,0,0,0,no,-
launchpad,root_page,flutter_app/lib/features/launchpad/presentation/widgets/tools/launchpad_staking_positions.dart,0,0,0,0,0,0,0,0,no,-
launchpad,root_page,flutter_app/lib/features/launchpad/presentation/widgets/tools/launchpad_staking_shared.dart,0,0,0,0,0,0,0,0,no,-
launchpad,root_page,flutter_app/lib/features/launchpad/presentation/widgets/tools/launchpad_webhooks_common_widgets.dart,0,0,0,0,0,0,0,0,no,-
launchpad,root_page,flutter_app/lib/features/launchpad/presentation/widgets/tools/launchpad_webhooks_create_sheet.dart,0,0,0,0,0,0,0,0,no,-
launchpad,root_page,flutter_app/lib/features/launchpad/presentation/widgets/tools/launchpad_webhooks_deliveries.dart,0,0,0,0,0,0,0,0,no,-
launchpad,root_page,flutter_app/lib/features/launchpad/presentation/widgets/tools/launchpad_webhooks_form_controls.dart,0,0,0,0,0,0,0,0,no,-
launchpad,root_page,flutter_app/lib/features/launchpad/presentation/widgets/tools/launchpad_webhooks_stats_header.dart,0,0,0,0,0,0,0,0,no,-
launchpad,root_page,flutter_app/lib/features/launchpad/presentation/widgets/tools/launchpad_webhooks_status_utils.dart,0,0,0,0,0,0,0,0,no,-
launchpad,root_page,flutter_app/lib/features/launchpad/presentation/widgets/tools/launchpad_webhooks_subscription_detail.dart,0,0,0,0,0,0,0,0,no,-
launchpad,root_page,flutter_app/lib/features/launchpad/presentation/widgets/tools/launchpad_webhooks_subscription_list.dart,0,0,0,0,0,0,0,0,no,-
markets,root_page,flutter_app/lib/features/markets/presentation/pages/hub/market_list_page.dart,0,0,0,0,0,0,0,0,no,-
markets,root_page,flutter_app/lib/features/markets/presentation/pages/hub/market_overview_page.dart,0,0,0,0,0,0,0,0,no,-
markets,root_page,flutter_app/lib/features/markets/presentation/pages/hub/market_overview_page_hero_stats_widgets.dart,0,0,0,0,0,0,0,0,no,-
markets,root_page,flutter_app/lib/features/markets/presentation/pages/hub/market_overview_page_history_tools_widgets.dart,0,0,0,0,0,0,0,0,no,-
markets,root_page,flutter_app/lib/features/markets/presentation/pages/hub/market_overview_page_movers_sectors_widgets.dart,0,0,0,0,0,0,0,0,yes,allowed_source_keyword: custompainter
markets,root_page,flutter_app/lib/features/markets/presentation/pages/hub/markets_tablet_page.dart,0,0,0,0,0,0,0,0,no,-
markets,root_page,flutter_app/lib/features/markets/presentation/pages/hub/watchlist_page.dart,0,0,0,0,0,0,0,0,no,-
markets,root_page,flutter_app/lib/features/markets/presentation/pages/pair/market_depth_page.dart,0,0,0,0,0,0,0,0,yes,allowed_source_keyword: orderbook
markets,root_page,flutter_app/lib/features/markets/presentation/pages/pair/market_heatmap_page.dart,0,0,0,0,0,0,0,0,no,-
markets,root_page,flutter_app/lib/features/markets/presentation/pages/pair/pair_detail_page.dart,0,0,0,0,0,0,0,0,yes,allowed_source_keyword: orderbook
markets,root_page,flutter_app/lib/features/markets/presentation/pages/phone/market_list_page.dart,0,0,0,0,0,0,0,0,no,-
markets,root_page,flutter_app/lib/features/markets/presentation/pages/portfolio/advanced_charts_page.dart,0,0,0,0,0,0,0,0,no,-
markets,root_page,flutter_app/lib/features/markets/presentation/pages/portfolio/advanced_charts_page_indicator_drawing_widgets.dart,0,0,0,0,0,0,0,0,no,-
markets,root_page,flutter_app/lib/features/markets/presentation/pages/portfolio/advanced_charts_page_signal_widgets.dart,0,0,0,0,0,0,0,0,no,-
markets,root_page,flutter_app/lib/features/markets/presentation/pages/portfolio/advanced_charts_page_tabs_filters_widgets.dart,0,0,0,0,0,0,0,0,no,-
markets,root_page,flutter_app/lib/features/markets/presentation/pages/portfolio/portfolio_tracker_page.dart,0,0,0,0,0,0,0,0,no,-
markets,root_page,flutter_app/lib/features/markets/presentation/pages/portfolio/portfolio_tracker_page_holdings_widgets.dart,0,0,0,0,0,0,0,0,no,-
markets,root_page,flutter_app/lib/features/markets/presentation/pages/portfolio/portfolio_tracker_page_overview_widgets.dart,0,0,0,0,0,0,0,0,no,-
markets,root_page,flutter_app/lib/features/markets/presentation/pages/portfolio/portfolio_tracker_page_performance_widgets.dart,0,0,0,0,0,0,0,0,yes,allowed_source_keyword: custompainter
markets,root_page,flutter_app/lib/features/markets/presentation/pages/portfolio/price_alerts_page.dart,0,0,0,0,0,0,0,0,no,-
markets,root_page,flutter_app/lib/features/markets/presentation/pages/research/market_news_page.dart,0,0,0,0,0,0,0,0,no,-
markets,root_page,flutter_app/lib/features/markets/presentation/pages/research/social_sentiment_page.dart,0,0,0,0,0,0,0,0,no,-
markets,root_page,flutter_app/lib/features/markets/presentation/pages/research/social_signals_page.dart,0,0,0,0,0,0,0,0,no,-
markets,root_page,flutter_app/lib/features/markets/presentation/pages/research/social_signals_page_performance_widgets.dart,0,0,0,0,0,0,0,0,no,-
markets,root_page,flutter_app/lib/features/markets/presentation/pages/research/social_signals_page_signal_provider_widgets.dart,0,0,0,0,0,0,0,0,no,-
markets,root_page,flutter_app/lib/features/markets/presentation/pages/research/social_signals_page_tabs_widgets.dart,0,0,0,0,0,0,0,0,no,-
markets,root_page,flutter_app/lib/features/markets/presentation/pages/research/token_info_page.dart,0,0,0,0,0,0,0,0,no,-
markets,root_page,flutter_app/lib/features/markets/presentation/pages/research/token_unlocks_page.dart,0,0,0,0,0,0,0,0,no,-
markets,root_page,flutter_app/lib/features/markets/presentation/pages/research/token_unlocks_page_card_analysis_widgets.dart,0,0,0,0,0,0,0,0,no,-
markets,root_page,flutter_app/lib/features/markets/presentation/pages/research/token_unlocks_page_formatters.dart,0,0,0,0,0,0,0,0,no,-
markets,root_page,flutter_app/lib/features/markets/presentation/pages/research/token_unlocks_page_schedule_widgets.dart,0,0,0,0,0,0,0,0,no,-
markets,root_page,flutter_app/lib/features/markets/presentation/pages/research/token_unlocks_page_upcoming_widgets.dart,0,0,0,0,0,0,0,0,no,-
markets,root_page,flutter_app/lib/features/markets/presentation/pages/tablet/markets_tablet_page.dart,0,0,0,0,0,0,0,0,no,-
markets,root_page,flutter_app/lib/features/markets/presentation/pages/tools/comparison_tool_page.dart,0,0,0,0,0,0,0,0,no,-
markets,root_page,flutter_app/lib/features/markets/presentation/pages/tools/derivatives_overview_page.dart,0,0,0,0,0,0,0,0,no,-
markets,root_page,flutter_app/lib/features/markets/presentation/pages/tools/market_calendar_page.dart,0,0,0,0,0,0,0,0,no,-
markets,root_page,flutter_app/lib/features/markets/presentation/pages/tools/market_correlations_page.dart,0,0,0,0,0,0,0,0,no,-
markets,root_page,flutter_app/lib/features/markets/presentation/pages/tools/market_movers_page.dart,0,0,0,0,0,0,0,0,no,-
markets,root_page,flutter_app/lib/features/markets/presentation/pages/tools/market_screener_page.dart,0,0,0,0,0,0,0,0,no,-
markets,root_page,flutter_app/lib/features/markets/presentation/pages/tools/market_sectors_page.dart,0,0,0,0,0,0,0,0,no,-
markets,feature_widget,flutter_app/lib/features/markets/presentation/widgets/hub/market_formatters.dart,0,0,0,0,0,0,0,0,no,-
markets,root_page,flutter_app/lib/features/markets/presentation/widgets/hub/watchlist_cards.dart,0,0,0,0,0,0,0,0,no,-
markets,root_page,flutter_app/lib/features/markets/presentation/widgets/hub/watchlist_common_painter.dart,0,0,0,0,0,0,0,0,no,-
markets,root_page,flutter_app/lib/features/markets/presentation/widgets/hub/watchlist_toolbar.dart,0,0,0,0,0,0,0,0,no,-
markets,feature_widget,flutter_app/lib/features/markets/presentation/widgets/pair/market_depth_chart.dart,0,0,0,0,0,0,0,0,yes,allowed_source_keyword: custompainter
markets,feature_widget,flutter_app/lib/features/markets/presentation/widgets/pair/market_depth_common.dart,0,0,0,0,0,0,0,0,yes,allowed_source_keyword: orderbook
markets,feature_widget,flutter_app/lib/features/markets/presentation/widgets/pair/market_depth_order_book.dart,0,0,0,0,0,0,0,0,yes,allowed_source_keyword: orderbook
markets,feature_widget,flutter_app/lib/features/markets/presentation/widgets/pair/market_depth_tabs.dart,0,0,0,0,0,0,0,0,yes,allowed_source_keyword: orderbook
markets,feature_widget,flutter_app/lib/features/markets/presentation/widgets/pair/market_depth_whale_alerts.dart,0,0,0,0,0,0,0,0,no,-
markets,feature_widget,flutter_app/lib/features/markets/presentation/widgets/pair/market_heatmap_common.dart,0,0,0,0,0,0,0,0,no,-
markets,feature_widget,flutter_app/lib/features/markets/presentation/widgets/pair/market_heatmap_panels.dart,0,0,0,0,0,0,0,0,no,-
markets,feature_widget,flutter_app/lib/features/markets/presentation/widgets/pair/market_heatmap_summary.dart,0,0,0,0,0,0,0,0,no,-
markets,feature_widget,flutter_app/lib/features/markets/presentation/widgets/pair/market_heatmap_treemap.dart,0,0,0,0,0,0,0,0,no,-
markets,root_page,flutter_app/lib/features/markets/presentation/widgets/pair/pair_detail_chart_widgets.dart,0,0,0,0,0,0,0,0,yes,allowed_source_keyword: orderbook
markets,root_page,flutter_app/lib/features/markets/presentation/widgets/pair/pair_detail_header_widgets.dart,0,0,0,0,0,0,0,0,no,-
markets,root_page,flutter_app/lib/features/markets/presentation/widgets/pair/pair_detail_order_widgets.dart,0,0,0,0,0,0,0,0,yes,allowed_source_keyword: orderbook
markets,root_page,flutter_app/lib/features/markets/presentation/widgets/pair/pair_detail_painter_widgets.dart,0,0,0,0,0,0,0,0,yes,allowed_source_keyword: custompainter
markets,feature_widget,flutter_app/lib/features/markets/presentation/widgets/phone/market_list_common.dart,0,0,0,0,0,0,0,0,yes,allowed_source_keyword: custompainter
markets,feature_widget,flutter_app/lib/features/markets/presentation/widgets/phone/market_list_discover.dart,0,0,0,0,0,0,0,0,no,-
markets,feature_widget,flutter_app/lib/features/markets/presentation/widgets/phone/market_list_filters.dart,0,0,0,0,0,0,0,0,no,-
markets,feature_widget,flutter_app/lib/features/markets/presentation/widgets/phone/market_list_header.dart,0,0,0,0,0,0,0,0,no,-
markets,feature_widget,flutter_app/lib/features/markets/presentation/widgets/phone/market_list_movers.dart,0,0,0,0,0,0,0,0,no,-
markets,feature_widget,flutter_app/lib/features/markets/presentation/widgets/phone/market_list_pairs.dart,0,0,0,0,0,0,0,0,no,-
markets,feature_widget,flutter_app/lib/features/markets/presentation/widgets/phone/market_list_pairs_panel.dart,0,0,0,0,0,0,0,0,no,-
markets,feature_widget,flutter_app/lib/features/markets/presentation/widgets/phone/market_list_tools.dart,0,0,0,0,0,0,0,0,no,-
markets,root_page,flutter_app/lib/features/markets/presentation/widgets/portfolio/price_alerts_page_common.dart,0,0,0,0,0,0,0,0,no,-
markets,root_page,flutter_app/lib/features/markets/presentation/widgets/portfolio/price_alerts_page_details.dart,0,0,0,0,0,0,0,0,no,-
markets,root_page,flutter_app/lib/features/markets/presentation/widgets/portfolio/price_alerts_page_overview.dart,0,0,0,0,0,0,0,0,no,-
markets,root_page,flutter_app/lib/features/markets/presentation/widgets/research/market_news_page_common.dart,0,0,0,0,0,0,0,0,no,-
markets,root_page,flutter_app/lib/features/markets/presentation/widgets/research/market_news_page_sections.dart,0,0,0,0,0,0,0,0,no,-
markets,root_page,flutter_app/lib/features/markets/presentation/widgets/research/social_sentiment_overview_widgets.dart,0,0,0,0,0,0,0,0,no,-
markets,root_page,flutter_app/lib/features/markets/presentation/widgets/research/social_sentiment_tabs_widgets.dart,0,0,0,0,0,0,0,0,no,-
markets,root_page,flutter_app/lib/features/markets/presentation/widgets/research/social_sentiment_token_widgets.dart,0,0,0,0,0,0,0,0,no,-
markets,root_page,flutter_app/lib/features/markets/presentation/widgets/research/social_sentiment_trends_widgets.dart,0,0,0,0,0,0,0,0,no,-
markets,root_page,flutter_app/lib/features/markets/presentation/widgets/research/token_info_detail_widgets.dart,0,0,0,0,0,0,0,0,no,-
markets,root_page,flutter_app/lib/features/markets/presentation/widgets/research/token_info_market_widgets.dart,0,0,0,0,0,0,0,0,yes,allowed_source_keyword: custompainter
markets,root_page,flutter_app/lib/features/markets/presentation/widgets/research/token_info_tabs_widgets.dart,0,0,0,0,0,0,0,0,no,-
markets,feature_widget,flutter_app/lib/features/markets/presentation/widgets/tablet/market_list_common.dart,0,0,0,0,0,0,0,0,yes,allowed_source_keyword: custompainter
markets,feature_widget,flutter_app/lib/features/markets/presentation/widgets/tablet/market_list_discover.dart,0,0,0,0,0,0,0,0,no,-
markets,feature_widget,flutter_app/lib/features/markets/presentation/widgets/tablet/market_list_filters.dart,0,0,0,0,0,0,0,0,no,-
markets,feature_widget,flutter_app/lib/features/markets/presentation/widgets/tablet/market_list_header.dart,0,0,0,0,0,0,0,0,no,-
markets,feature_widget,flutter_app/lib/features/markets/presentation/widgets/tablet/market_list_movers.dart,0,0,0,0,0,0,0,0,no,-
markets,feature_widget,flutter_app/lib/features/markets/presentation/widgets/tablet/market_list_pairs.dart,0,0,0,0,0,0,0,0,no,-
markets,feature_widget,flutter_app/lib/features/markets/presentation/widgets/tablet/market_list_pairs_panel.dart,0,0,0,0,0,0,0,0,no,-
markets,feature_widget,flutter_app/lib/features/markets/presentation/widgets/tablet/market_list_tools.dart,0,0,0,0,0,0,0,0,no,-
markets,feature_widget,flutter_app/lib/features/markets/presentation/widgets/tablet/markets_tablet_keys.dart,0,0,0,0,0,0,0,0,no,-
markets,feature_widget,flutter_app/lib/features/markets/presentation/widgets/tools/comparison_tool_common.dart,0,0,0,0,0,0,0,0,yes,allowed_source_keyword: custompainter
markets,feature_widget,flutter_app/lib/features/markets/presentation/widgets/tools/comparison_tool_content.dart,0,0,0,0,0,0,0,0,no,-
markets,feature_widget,flutter_app/lib/features/markets/presentation/widgets/tools/comparison_tool_tokens.dart,0,0,0,0,0,0,0,0,no,-
markets,feature_widget,flutter_app/lib/features/markets/presentation/widgets/tools/market_calendar_common.dart,0,0,0,0,0,0,0,0,no,-
markets,feature_widget,flutter_app/lib/features/markets/presentation/widgets/tools/market_calendar_events.dart,0,0,0,0,0,0,0,0,no,-
markets,feature_widget,flutter_app/lib/features/markets/presentation/widgets/tools/market_calendar_filters.dart,0,0,0,0,0,0,0,0,no,-
markets,feature_widget,flutter_app/lib/features/markets/presentation/widgets/tools/market_calendar_month.dart,0,0,0,0,0,0,0,0,no,-
markets,root_page,flutter_app/lib/features/markets/presentation/widgets/tools/market_correlations_diversification_widgets.dart,0,0,0,0,0,0,0,0,no,-
markets,root_page,flutter_app/lib/features/markets/presentation/widgets/tools/market_correlations_matrix_widgets.dart,0,0,0,0,0,0,0,0,yes,allowed_source_keyword: custompainter
markets,root_page,flutter_app/lib/features/markets/presentation/widgets/tools/market_correlations_pairs_widgets.dart,0,0,0,0,0,0,0,0,no,-
markets,root_page,flutter_app/lib/features/markets/presentation/widgets/tools/market_correlations_tabs_widgets.dart,0,0,0,0,0,0,0,0,no,-
markets,feature_widget,flutter_app/lib/features/markets/presentation/widgets/tools/market_derivatives_common.dart,0,0,0,0,0,0,0,0,no,-
markets,feature_widget,flutter_app/lib/features/markets/presentation/widgets/tools/market_derivatives_liquidation.dart,0,0,0,0,0,0,0,0,no,-
markets,feature_widget,flutter_app/lib/features/markets/presentation/widgets/tools/market_derivatives_overview.dart,0,0,0,0,0,0,0,0,no,-
markets,feature_widget,flutter_app/lib/features/markets/presentation/widgets/tools/market_derivatives_perpetual.dart,0,0,0,0,0,0,0,0,no,-
markets,feature_widget,flutter_app/lib/features/markets/presentation/widgets/tools/market_derivatives_tabs.dart,0,0,0,0,0,0,0,0,no,-
markets,root_page,flutter_app/lib/features/markets/presentation/widgets/tools/market_movers_filters.dart,0,0,0,0,0,0,0,0,no,-
markets,root_page,flutter_app/lib/features/markets/presentation/widgets/tools/market_movers_results.dart,0,0,0,0,0,0,0,0,no,-
markets,root_page,flutter_app/lib/features/markets/presentation/widgets/tools/market_movers_row_common.dart,0,0,0,0,0,0,0,0,no,-
markets,root_page,flutter_app/lib/features/markets/presentation/widgets/tools/market_movers_sparkline.dart,0,0,0,0,0,0,0,0,no,-
markets,root_page,flutter_app/lib/features/markets/presentation/widgets/tools/market_screener_filters.dart,0,0,0,0,0,0,0,0,no,-
markets,root_page,flutter_app/lib/features/markets/presentation/widgets/tools/market_screener_results.dart,0,0,0,0,0,0,0,0,no,-
markets,root_page,flutter_app/lib/features/markets/presentation/widgets/tools/market_screener_row_common.dart,0,0,0,0,0,0,0,0,no,-
markets,feature_widget,flutter_app/lib/features/markets/presentation/widgets/tools/market_sector_card.dart,0,0,0,0,0,0,0,0,no,-
markets,feature_widget,flutter_app/lib/features/markets/presentation/widgets/tools/market_sector_common.dart,0,0,0,0,0,0,0,0,no,-
markets,feature_widget,flutter_app/lib/features/markets/presentation/widgets/tools/market_sector_comparison_table.dart,0,0,0,0,0,0,0,0,no,-
markets,feature_widget,flutter_app/lib/features/markets/presentation/widgets/tools/market_sector_controls.dart,0,0,0,0,0,0,0,0,no,-
markets,feature_widget,flutter_app/lib/features/markets/presentation/widgets/tools/market_sector_detail_summary.dart,0,0,0,0,0,0,0,0,no,-
markets,feature_widget,flutter_app/lib/features/markets/presentation/widgets/tools/market_sector_distribution.dart,0,0,0,0,0,0,0,0,no,-
news,root_page,flutter_app/lib/features/news/presentation/pages/news_page.dart,0,0,0,0,1,0,0,1,no,-
news,root_page,flutter_app/lib/features/news/presentation/widgets/news_page_common.dart,0,0,0,0,0,0,0,0,no,-
news,root_page,flutter_app/lib/features/news/presentation/widgets/news_page_sections.dart,0,0,0,0,0,0,0,0,no,-
notifications,root_page,flutter_app/lib/features/notifications/presentation/pages/notifications_page.dart,0,0,0,0,1,0,0,1,no,-
notifications,root_page,flutter_app/lib/features/notifications/presentation/widgets/notifications_page_common.dart,0,0,0,0,0,0,0,0,no,-
notifications,root_page,flutter_app/lib/features/notifications/presentation/widgets/notifications_page_sections.dart,0,0,0,0,0,0,0,0,no,-
onboarding,root_page,flutter_app/lib/features/onboarding/presentation/pages/onboarding_flow_page.dart,0,0,0,0,0,0,0,0,no,-
onboarding,root_page,flutter_app/lib/features/onboarding/presentation/pages/onboarding_flow_page_state.dart,0,0,0,0,0,0,0,0,no,-
onboarding,root_page,flutter_app/lib/features/onboarding/presentation/widgets/onboarding_shared_components.dart,0,0,0,0,0,0,0,0,no,-
onboarding,root_page,flutter_app/lib/features/onboarding/presentation/widgets/onboarding_step_screens.dart,0,0,0,0,0,0,0,0,no,-
p2p_account,root_page,flutter_app/lib/features/p2p_account/presentation/pages/merchant/p2p_address_proof_page.dart,0,0,0,0,0,0,0,0,no,-
p2p_account,root_page,flutter_app/lib/features/p2p_account/presentation/pages/merchant/p2p_identity_verification_page.dart,0,0,0,0,0,0,0,0,no,-
p2p_account,root_page,flutter_app/lib/features/p2p_account/presentation/pages/merchant/p2p_kyc_requirements_page.dart,0,0,0,0,0,0,0,0,no,-
p2p_account,root_page,flutter_app/lib/features/p2p_account/presentation/pages/merchant/p2p_kyc_status_page.dart,0,0,0,0,0,0,0,0,no,-
p2p_account,root_page,flutter_app/lib/features/p2p_account/presentation/pages/merchant/p2p_merchant_apply_page.dart,0,0,0,0,0,0,0,0,no,-
p2p_account,root_page,flutter_app/lib/features/p2p_account/presentation/pages/merchant/p2p_merchant_apply_page_common.dart,0,0,0,0,0,0,0,0,no,-
p2p_account,root_page,flutter_app/lib/features/p2p_account/presentation/pages/merchant/p2p_merchant_apply_page_state.dart,0,0,0,0,0,0,0,0,no,-
p2p_account,root_page,flutter_app/lib/features/p2p_account/presentation/pages/merchant/p2p_merchant_apply_steps.dart,0,0,0,0,0,0,0,0,no,-
p2p_account,root_page,flutter_app/lib/features/p2p_account/presentation/pages/merchant/p2p_merchant_profile_page.dart,0,0,0,0,0,0,0,0,no,-
p2p_account,root_page,flutter_app/lib/features/p2p_account/presentation/pages/merchant/p2p_selfie_verification_page.dart,0,0,0,0,0,0,0,0,no,-
p2p_account,root_page,flutter_app/lib/features/p2p_account/presentation/pages/merchant/p2p_video_verification_page.dart,0,0,0,0,0,0,0,0,no,-
p2p_account,root_page,flutter_app/lib/features/p2p_account/presentation/pages/payment/p2p_payment_method_add_page.dart,0,0,0,0,0,0,0,0,no,-
p2p_account,root_page,flutter_app/lib/features/p2p_account/presentation/pages/payment/p2p_payment_method_cooling_period_page.dart,0,0,0,0,0,0,0,0,no,-
p2p_account,root_page,flutter_app/lib/features/p2p_account/presentation/pages/payment/p2p_payment_method_history_page.dart,0,0,0,0,0,0,0,0,no,-
p2p_account,root_page,flutter_app/lib/features/p2p_account/presentation/pages/payment/p2p_payment_method_ownership_page.dart,0,0,0,0,0,0,0,0,no,-
p2p_account,root_page,flutter_app/lib/features/p2p_account/presentation/pages/payment/p2p_payment_method_verification_page.dart,0,0,0,0,0,0,0,0,no,-
p2p_account,root_page,flutter_app/lib/features/p2p_account/presentation/pages/payment/p2p_payment_methods_page.dart,0,0,0,0,0,0,0,0,no,-
p2p_account,root_page,flutter_app/lib/features/p2p_account/presentation/widgets/merchant/p2p_address_proof_page_common.dart,0,0,0,0,0,0,0,0,no,-
p2p_account,root_page,flutter_app/lib/features/p2p_account/presentation/widgets/merchant/p2p_address_proof_page_sections.dart,0,0,0,0,0,0,0,0,no,-
p2p_account,root_page,flutter_app/lib/features/p2p_account/presentation/widgets/merchant/p2p_identity_verification_page_common.dart,0,0,0,0,0,0,0,0,no,-
p2p_account,root_page,flutter_app/lib/features/p2p_account/presentation/widgets/merchant/p2p_identity_verification_page_sections.dart,0,0,0,0,0,0,0,0,no,-
p2p_account,root_page,flutter_app/lib/features/p2p_account/presentation/widgets/merchant/p2p_kyc_requirements_page_common.dart,0,0,0,0,0,0,0,0,no,-
p2p_account,root_page,flutter_app/lib/features/p2p_account/presentation/widgets/merchant/p2p_kyc_requirements_page_sections.dart,0,0,0,0,0,0,0,0,no,-
p2p_account,root_page,flutter_app/lib/features/p2p_account/presentation/widgets/merchant/p2p_kyc_status_page_common.dart,0,0,0,0,0,0,0,0,no,-
p2p_account,root_page,flutter_app/lib/features/p2p_account/presentation/widgets/merchant/p2p_kyc_status_page_sections.dart,0,0,0,0,0,0,0,0,no,-
p2p_account,root_page,flutter_app/lib/features/p2p_account/presentation/widgets/merchant/p2p_merchant_profile_ads_reviews.dart,0,0,0,0,0,0,0,0,no,-
p2p_account,root_page,flutter_app/lib/features/p2p_account/presentation/widgets/merchant/p2p_merchant_profile_header_stats.dart,0,0,0,0,0,0,0,0,no,-
p2p_account,root_page,flutter_app/lib/features/p2p_account/presentation/widgets/merchant/p2p_selfie_verification_page_common.dart,0,0,0,0,0,0,0,0,no,-
p2p_account,root_page,flutter_app/lib/features/p2p_account/presentation/widgets/merchant/p2p_selfie_verification_page_sections.dart,0,0,0,0,0,0,0,0,no,-
p2p_account,root_page,flutter_app/lib/features/p2p_account/presentation/widgets/payment/p2p_payment_method_add_page_common.dart,0,0,0,0,0,0,0,0,no,-
p2p_account,root_page,flutter_app/lib/features/p2p_account/presentation/widgets/payment/p2p_payment_method_add_page_sections.dart,0,0,0,0,0,0,0,0,no,-
p2p_account,root_page,flutter_app/lib/features/p2p_account/presentation/widgets/payment/p2p_payment_method_verification_flow.dart,0,0,0,0,0,0,0,0,no,-
p2p_account,root_page,flutter_app/lib/features/p2p_account/presentation/widgets/payment/p2p_payment_method_verification_methods.dart,0,0,0,0,0,0,0,0,no,-
p2p_account,root_page,flutter_app/lib/features/p2p_account/presentation/widgets/payment/p2p_payment_methods_page_common.dart,0,0,0,0,0,0,0,0,no,-
p2p_account,root_page,flutter_app/lib/features/p2p_account/presentation/widgets/payment/p2p_payment_methods_page_sections.dart,0,0,0,0,0,0,0,0,no,-
p2p_core,feature_widget,flutter_app/lib/features/p2p_core/presentation/widgets/p2p_formatters.dart,0,0,0,0,0,0,0,0,no,-
p2p_core,feature_widget,flutter_app/lib/features/p2p_core/presentation/widgets/p2p_notice_widgets.dart,0,0,0,0,0,0,0,0,no,-
p2p_core,feature_widget,flutter_app/lib/features/p2p_core/presentation/widgets/vit_p2p_flow_scaffold.dart,0,0,0,0,0,0,0,0,no,-
p2p_dispute,root_page,flutter_app/lib/features/p2p_dispute/presentation/pages/dispute/p2p_claim_detail_page.dart,0,0,0,0,0,0,0,0,no,-
p2p_dispute,root_page,flutter_app/lib/features/p2p_dispute/presentation/pages/dispute/p2p_claim_detail_page_common.dart,0,0,0,0,0,0,0,0,no,-
p2p_dispute,root_page,flutter_app/lib/features/p2p_dispute/presentation/pages/dispute/p2p_claim_detail_page_sections.dart,0,0,0,0,0,0,0,0,no,-
p2p_dispute,root_page,flutter_app/lib/features/p2p_dispute/presentation/pages/dispute/p2p_claim_detail_page_state.dart,0,0,0,0,0,0,0,0,no,-
p2p_dispute,root_page,flutter_app/lib/features/p2p_dispute/presentation/pages/dispute/p2p_dispute_detail_page.dart,0,0,0,0,0,0,0,0,no,-
p2p_dispute,root_page,flutter_app/lib/features/p2p_dispute/presentation/pages/dispute/p2p_dispute_evidence_page.dart,0,0,0,0,0,0,0,0,no,-
p2p_dispute,root_page,flutter_app/lib/features/p2p_dispute/presentation/pages/dispute/p2p_dispute_page.dart,0,0,0,0,0,0,0,0,yes,allowed_source_keyword: custompainter
p2p_dispute,root_page,flutter_app/lib/features/p2p_dispute/presentation/pages/dispute/p2p_dispute_resolution_page.dart,0,0,0,0,0,0,0,0,no,-
p2p_dispute,root_page,flutter_app/lib/features/p2p_dispute/presentation/pages/dispute/p2p_disputes_page.dart,0,0,0,0,0,0,0,0,no,-
p2p_dispute,root_page,flutter_app/lib/features/p2p_dispute/presentation/pages/dispute/p2p_insurance_certificate_page.dart,0,0,0,0,0,0,0,0,no,-
p2p_dispute,root_page,flutter_app/lib/features/p2p_dispute/presentation/pages/dispute/p2p_insurance_fund_claims_tour.dart,0,0,0,0,0,0,0,0,no,-
p2p_dispute,root_page,flutter_app/lib/features/p2p_dispute/presentation/pages/dispute/p2p_insurance_fund_overview_cards.dart,0,0,0,0,0,0,0,0,no,-
p2p_dispute,root_page,flutter_app/lib/features/p2p_dispute/presentation/pages/dispute/p2p_insurance_fund_page.dart,0,0,0,0,0,0,0,0,no,-
p2p_dispute,root_page,flutter_app/lib/features/p2p_dispute/presentation/pages/dispute/p2p_insurance_fund_page_common.dart,0,0,0,0,0,0,0,0,yes,allowed_source_keyword: custompainter
p2p_dispute,root_page,flutter_app/lib/features/p2p_dispute/presentation/pages/dispute/p2p_insurance_policy_page.dart,0,0,0,0,0,0,0,0,no,-
p2p_dispute,root_page,flutter_app/lib/features/p2p_dispute/presentation/pages/dispute/p2p_insurance_score_page.dart,0,0,0,0,0,0,0,0,no,-
p2p_dispute,feature_widget,flutter_app/lib/features/p2p_dispute/presentation/widgets/dispute/p2p_dispute_actions_card.dart,0,0,0,0,0,0,0,0,no,-
p2p_dispute,feature_widget,flutter_app/lib/features/p2p_dispute/presentation/widgets/dispute/p2p_dispute_detail_common.dart,0,0,0,0,0,0,0,0,no,-
p2p_dispute,feature_widget,flutter_app/lib/features/p2p_dispute/presentation/widgets/dispute/p2p_dispute_escalation_card.dart,0,0,0,0,0,0,0,0,no,-
p2p_dispute,feature_widget,flutter_app/lib/features/p2p_dispute/presentation/widgets/dispute/p2p_dispute_evidence_card.dart,0,0,0,0,0,0,0,0,no,-
p2p_dispute,feature_widget,flutter_app/lib/features/p2p_dispute/presentation/widgets/dispute/p2p_dispute_status_banner.dart,0,0,0,0,0,0,0,0,no,-
p2p_dispute,feature_widget,flutter_app/lib/features/p2p_dispute/presentation/widgets/dispute/p2p_dispute_support_chat.dart,0,0,0,0,0,0,0,0,no,-
p2p_dispute,feature_widget,flutter_app/lib/features/p2p_dispute/presentation/widgets/dispute/p2p_dispute_timeline_card.dart,0,0,0,0,0,0,0,0,no,-
p2p_dispute,feature_widget,flutter_app/lib/features/p2p_dispute/presentation/widgets/dispute/p2p_dispute_widgets.dart,0,0,0,0,0,0,0,0,no,-
p2p_dispute,root_page,flutter_app/lib/features/p2p_dispute/presentation/widgets/dispute/p2p_insurance_certificate_page_common.dart,0,0,0,0,0,0,0,0,no,-
p2p_dispute,root_page,flutter_app/lib/features/p2p_dispute/presentation/widgets/dispute/p2p_insurance_certificate_page_sections.dart,0,0,0,0,0,0,0,0,no,-
p2p_dispute,root_page,flutter_app/lib/features/p2p_dispute/presentation/widgets/dispute/p2p_insurance_score_page_common.dart,0,0,0,0,0,0,0,0,no,-
p2p_dispute,root_page,flutter_app/lib/features/p2p_dispute/presentation/widgets/dispute/p2p_insurance_score_page_sections.dart,0,0,0,0,0,0,0,0,no,-
p2p_marketplace,root_page,flutter_app/lib/features/p2p_marketplace/presentation/pages/ads/p2p_ad_analytics_page.dart,0,0,0,0,0,0,0,0,no,-
p2p_marketplace,root_page,flutter_app/lib/features/p2p_marketplace/presentation/pages/ads/p2p_ad_detail_page.dart,0,0,0,0,0,0,0,0,no,-
p2p_marketplace,root_page,flutter_app/lib/features/p2p_marketplace/presentation/pages/ads/p2p_create_ad_page.dart,0,0,0,0,0,0,0,0,no,-
p2p_marketplace,root_page,flutter_app/lib/features/p2p_marketplace/presentation/pages/ads/p2p_my_ads_page.dart,0,0,0,0,0,0,0,0,no,-
p2p_marketplace,root_page,flutter_app/lib/features/p2p_marketplace/presentation/pages/ads/p2p_order_book_page.dart,0,0,0,0,0,0,0,0,yes,allowed_source_keyword: orderbook
p2p_marketplace,root_page,flutter_app/lib/features/p2p_marketplace/presentation/pages/hub/p2p_dashboard_page.dart,0,0,0,0,0,0,0,0,no,-
p2p_marketplace,root_page,flutter_app/lib/features/p2p_marketplace/presentation/pages/hub/p2p_express_confirm_page.dart,0,0,0,0,0,0,0,0,no,-
p2p_marketplace,root_page,flutter_app/lib/features/p2p_marketplace/presentation/pages/hub/p2p_express_page.dart,0,0,0,0,0,0,0,0,no,-
p2p_marketplace,root_page,flutter_app/lib/features/p2p_marketplace/presentation/pages/hub/p2p_guide_page.dart,0,0,0,0,0,0,0,0,no,-
p2p_marketplace,root_page,flutter_app/lib/features/p2p_marketplace/presentation/pages/hub/p2p_home_page.dart,0,0,0,0,0,0,0,0,no,-
p2p_marketplace,root_page,flutter_app/lib/features/p2p_marketplace/presentation/pages/hub/p2p_notifications_settings_page.dart,0,0,0,0,0,0,0,0,no,-
p2p_marketplace,root_page,flutter_app/lib/features/p2p_marketplace/presentation/pages/hub/p2p_settings_page.dart,0,0,0,0,0,0,0,0,no,-
p2p_marketplace,root_page,flutter_app/lib/features/p2p_marketplace/presentation/pages/hub/p2p_trading_level_page.dart,0,0,0,0,0,0,0,0,no,-
p2p_marketplace,root_page,flutter_app/lib/features/p2p_marketplace/presentation/widgets/ads/p2p_ad_analytics_breakdown_cards.dart,0,0,0,0,0,0,0,0,no,-
p2p_marketplace,root_page,flutter_app/lib/features/p2p_marketplace/presentation/widgets/ads/p2p_ad_analytics_charts_common.dart,0,0,0,0,0,0,0,0,yes,allowed_source_keyword: custompainter
p2p_marketplace,root_page,flutter_app/lib/features/p2p_marketplace/presentation/widgets/ads/p2p_ad_analytics_overview_cards.dart,0,0,0,0,0,0,0,0,no,-
p2p_marketplace,root_page,flutter_app/lib/features/p2p_marketplace/presentation/widgets/ads/p2p_ad_detail_amount_terms.dart,0,0,0,0,0,0,0,0,no,-
p2p_marketplace,root_page,flutter_app/lib/features/p2p_marketplace/presentation/widgets/ads/p2p_ad_detail_merchant_info.dart,0,0,0,0,0,0,0,0,no,-
p2p_marketplace,feature_widget,flutter_app/lib/features/p2p_marketplace/presentation/widgets/ads/p2p_create_ad_choice_chips.dart,0,0,0,0,0,0,0,0,no,-
p2p_marketplace,root_page,flutter_app/lib/features/p2p_marketplace/presentation/widgets/ads/p2p_create_ad_page_sections.dart,0,0,0,0,0,0,0,0,no,-
p2p_marketplace,feature_widget,flutter_app/lib/features/p2p_marketplace/presentation/widgets/ads/p2p_create_ad_preview_badge.dart,0,0,0,0,0,0,0,0,no,-
p2p_marketplace,feature_widget,flutter_app/lib/features/p2p_marketplace/presentation/widgets/ads/p2p_create_ad_preview_confirm.dart,0,0,0,0,0,0,0,0,no,-
p2p_marketplace,feature_widget,flutter_app/lib/features/p2p_marketplace/presentation/widgets/ads/p2p_create_ad_sections.dart,0,0,0,0,0,0,0,0,no,-
p2p_marketplace,root_page,flutter_app/lib/features/p2p_marketplace/presentation/widgets/ads/p2p_my_ads_empty_links.dart,0,0,0,0,0,0,0,0,no,-
p2p_marketplace,root_page,flutter_app/lib/features/p2p_marketplace/presentation/widgets/ads/p2p_my_ads_stats_cards.dart,0,0,0,0,0,0,0,0,no,-
p2p_marketplace,root_page,flutter_app/lib/features/p2p_marketplace/presentation/widgets/ads/p2p_order_book_cards_lists.dart,0,0,0,0,0,0,0,0,yes,allowed_source_keyword: orderbook
p2p_marketplace,root_page,flutter_app/lib/features/p2p_marketplace/presentation/widgets/ads/p2p_order_book_painter.dart,0,0,0,0,0,0,0,0,yes,allowed_source_keyword: custompainter
p2p_marketplace,root_page,flutter_app/lib/features/p2p_marketplace/presentation/widgets/ads/p2p_order_book_selector_ticker.dart,0,0,0,0,0,0,0,0,yes,allowed_source_keyword: orderbook
p2p_marketplace,root_page,flutter_app/lib/features/p2p_marketplace/presentation/widgets/hub/p2p_dashboard_activity_cards.dart,0,0,0,0,0,0,0,0,no,-
p2p_marketplace,root_page,flutter_app/lib/features/p2p_marketplace/presentation/widgets/hub/p2p_dashboard_overview_cards.dart,0,0,0,0,0,0,0,0,no,-
p2p_marketplace,root_page,flutter_app/lib/features/p2p_marketplace/presentation/widgets/hub/p2p_dashboard_page_common.dart,0,0,0,0,0,0,0,0,yes,allowed_source_keyword: custompainter
p2p_marketplace,root_page,flutter_app/lib/features/p2p_marketplace/presentation/widgets/hub/p2p_dashboard_row_widgets.dart,0,0,0,0,0,0,0,0,yes,allowed_source_keyword: custompainter
p2p_marketplace,root_page,flutter_app/lib/features/p2p_marketplace/presentation/widgets/hub/p2p_express_form_cards.dart,0,0,0,0,0,0,0,0,no,-
p2p_marketplace,root_page,flutter_app/lib/features/p2p_marketplace/presentation/widgets/hub/p2p_express_page_common.dart,0,0,0,0,0,0,0,0,no,-
p2p_marketplace,root_page,flutter_app/lib/features/p2p_marketplace/presentation/widgets/hub/p2p_express_page_state.dart,0,0,0,0,0,0,0,0,no,-
p2p_marketplace,root_page,flutter_app/lib/features/p2p_marketplace/presentation/widgets/hub/p2p_guide_steps_safety.dart,0,0,0,0,0,0,0,0,no,-
p2p_marketplace,root_page,flutter_app/lib/features/p2p_marketplace/presentation/widgets/hub/p2p_guide_tabs_faq.dart,0,0,0,0,0,0,0,0,no,-
p2p_marketplace,root_page,flutter_app/lib/features/p2p_marketplace/presentation/widgets/hub/p2p_guide_video_common.dart,0,0,0,0,0,0,0,0,no,-
p2p_marketplace,root_page,flutter_app/lib/features/p2p_marketplace/presentation/widgets/hub/p2p_home_offer_list.dart,0,0,0,0,0,0,0,0,no,-
p2p_marketplace,root_page,flutter_app/lib/features/p2p_marketplace/presentation/widgets/hub/p2p_home_page_common.dart,0,0,0,0,0,0,0,0,no,-
p2p_marketplace,root_page,flutter_app/lib/features/p2p_marketplace/presentation/widgets/hub/p2p_home_page_state.dart,0,0,0,0,0,0,0,0,no,-
p2p_marketplace,root_page,flutter_app/lib/features/p2p_marketplace/presentation/widgets/hub/p2p_home_tools.dart,0,0,0,0,0,0,0,0,no,-
p2p_marketplace,root_page,flutter_app/lib/features/p2p_marketplace/presentation/widgets/hub/p2p_settings_hours_common.dart,0,0,0,0,0,0,0,0,no,-
p2p_marketplace,root_page,flutter_app/lib/features/p2p_marketplace/presentation/widgets/hub/p2p_settings_trade_security.dart,0,0,0,0,0,0,0,0,no,-
p2p_marketplace,root_page,flutter_app/lib/features/p2p_marketplace/presentation/widgets/hub/p2p_trading_level_cards.dart,0,0,0,0,0,0,0,0,no,-
p2p_marketplace,root_page,flutter_app/lib/features/p2p_marketplace/presentation/widgets/hub/p2p_trading_level_hero_progress.dart,0,0,0,0,0,0,0,0,no,-
p2p_orders,root_page,flutter_app/lib/features/p2p_orders/presentation/pages/orders/p2p_chat_page.dart,0,0,0,0,0,0,0,0,no,-
p2p_orders,root_page,flutter_app/lib/features/p2p_orders/presentation/pages/orders/p2p_escrow_balance_page.dart,0,0,0,0,0,0,0,0,no,-
p2p_orders,root_page,flutter_app/lib/features/p2p_orders/presentation/pages/orders/p2p_escrow_detail_page.dart,0,0,0,0,0,0,0,0,no,-
p2p_orders,root_page,flutter_app/lib/features/p2p_orders/presentation/pages/orders/p2p_fund_lock_history_page.dart,0,0,0,0,0,0,0,0,no,-
p2p_orders,root_page,flutter_app/lib/features/p2p_orders/presentation/pages/orders/p2p_my_orders_page.dart,0,0,0,0,0,0,0,0,no,-
p2p_orders,root_page,flutter_app/lib/features/p2p_orders/presentation/pages/orders/p2p_order_cancel_page.dart,0,0,0,0,0,0,0,0,no,-
p2p_orders,root_page,flutter_app/lib/features/p2p_orders/presentation/pages/orders/p2p_order_page.dart,0,0,0,0,0,0,0,0,no,-
p2p_orders,root_page,flutter_app/lib/features/p2p_orders/presentation/pages/orders/p2p_order_proof_page.dart,0,0,0,0,0,0,0,0,no,-
p2p_orders,root_page,flutter_app/lib/features/p2p_orders/presentation/pages/orders/p2p_order_rate_page.dart,0,0,0,0,0,0,0,0,no,-
p2p_orders,root_page,flutter_app/lib/features/p2p_orders/presentation/pages/orders/p2p_order_timeline_page.dart,0,0,0,0,0,0,0,0,no,-
p2p_orders,root_page,flutter_app/lib/features/p2p_orders/presentation/pages/wallet/p2p_wallet_page.dart,0,0,0,0,0,0,0,0,no,-
p2p_orders,root_page,flutter_app/lib/features/p2p_orders/presentation/pages/wallet/p2p_wallet_transfer_page.dart,0,0,0,0,0,0,0,0,no,-
p2p_orders,root_page,flutter_app/lib/features/p2p_orders/presentation/widgets/orders/p2p_chat_composer_actions.dart,0,0,0,0,0,0,0,0,no,-
p2p_orders,root_page,flutter_app/lib/features/p2p_orders/presentation/widgets/orders/p2p_chat_header_banners.dart,0,0,0,0,0,0,0,0,no,-
p2p_orders,root_page,flutter_app/lib/features/p2p_orders/presentation/widgets/orders/p2p_chat_messages.dart,0,0,0,0,0,0,0,0,no,-
p2p_orders,root_page,flutter_app/lib/features/p2p_orders/presentation/widgets/orders/p2p_escrow_balance_page_common.dart,0,0,0,0,0,0,0,0,no,-
p2p_orders,root_page,flutter_app/lib/features/p2p_orders/presentation/widgets/orders/p2p_escrow_balance_page_sections.dart,0,0,0,0,0,0,0,0,no,-
p2p_orders,root_page,flutter_app/lib/features/p2p_orders/presentation/widgets/orders/p2p_escrow_detail_multisig_order.dart,0,0,0,0,0,0,0,0,no,-
p2p_orders,root_page,flutter_app/lib/features/p2p_orders/presentation/widgets/orders/p2p_escrow_detail_status_address.dart,0,0,0,0,0,0,0,0,no,-
p2p_orders,root_page,flutter_app/lib/features/p2p_orders/presentation/widgets/orders/p2p_escrow_detail_timeline_actions.dart,0,0,0,0,0,0,0,0,no,-
p2p_orders,root_page,flutter_app/lib/features/p2p_orders/presentation/widgets/orders/p2p_my_orders_page_common.dart,0,0,0,0,0,0,0,0,no,-
p2p_orders,root_page,flutter_app/lib/features/p2p_orders/presentation/widgets/orders/p2p_my_orders_page_sections.dart,0,0,0,0,0,0,0,0,no,-
p2p_orders,root_page,flutter_app/lib/features/p2p_orders/presentation/widgets/orders/p2p_order_content_cards.dart,0,0,0,0,0,0,0,0,no,-
p2p_orders,root_page,flutter_app/lib/features/p2p_orders/presentation/widgets/orders/p2p_order_page_common.dart,0,0,0,0,0,0,0,0,yes,allowed_source_keyword: custompainter
p2p_orders,root_page,flutter_app/lib/features/p2p_orders/presentation/widgets/orders/p2p_order_page_state.dart,0,0,0,0,0,0,0,0,no,-
p2p_orders,root_page,flutter_app/lib/features/p2p_orders/presentation/widgets/orders/p2p_order_proof_widgets.dart,0,0,0,0,0,0,0,0,no,-
p2p_orders,root_page,flutter_app/lib/features/p2p_orders/presentation/widgets/orders/p2p_order_rate_widgets.dart,0,0,0,0,0,0,0,0,no,-
p2p_orders,root_page,flutter_app/lib/features/p2p_orders/presentation/widgets/wallet/p2p_wallet_actions_history.dart,0,0,0,0,0,0,0,0,no,-
p2p_orders,root_page,flutter_app/lib/features/p2p_orders/presentation/widgets/wallet/p2p_wallet_balances.dart,0,0,0,0,0,0,0,0,no,-
p2p_orders,root_page,flutter_app/lib/features/p2p_orders/presentation/widgets/wallet/p2p_wallet_hero.dart,0,0,0,0,0,0,0,0,no,-
p2p_orders,root_page,flutter_app/lib/features/p2p_orders/presentation/widgets/wallet/p2p_wallet_transfer_amount.dart,0,0,0,0,0,0,0,0,no,-
p2p_orders,root_page,flutter_app/lib/features/p2p_orders/presentation/widgets/wallet/p2p_wallet_transfer_confirm.dart,0,0,0,0,0,0,0,0,no,-
p2p_orders,root_page,flutter_app/lib/features/p2p_orders/presentation/widgets/wallet/p2p_wallet_transfer_form.dart,0,0,0,0,0,0,0,0,no,-
p2p_security,root_page,flutter_app/lib/features/p2p_security/presentation/pages/security/p2p_2fa_settings_page.dart,0,0,0,0,0,0,0,0,no,-
p2p_security,root_page,flutter_app/lib/features/p2p_security/presentation/pages/security/p2p_achievements_page.dart,0,0,0,0,0,0,0,0,no,-
p2p_security,root_page,flutter_app/lib/features/p2p_security/presentation/pages/security/p2p_aml_screening_page.dart,0,0,0,0,0,0,0,0,no,-
p2p_security,root_page,flutter_app/lib/features/p2p_security/presentation/pages/security/p2p_anti_phishing_code_page.dart,0,0,0,0,0,0,0,0,no,-
p2p_security,root_page,flutter_app/lib/features/p2p_security/presentation/pages/security/p2p_blacklist_add_page.dart,0,0,0,0,0,0,0,0,no,-
p2p_security,root_page,flutter_app/lib/features/p2p_security/presentation/pages/security/p2p_blacklist_page.dart,0,0,0,0,0,0,0,0,no,-
p2p_security,root_page,flutter_app/lib/features/p2p_security/presentation/pages/security/p2p_compliance_overview_page.dart,0,0,0,0,0,0,0,0,no,-
p2p_security,root_page,flutter_app/lib/features/p2p_security/presentation/pages/security/p2p_contribution_history_page.dart,0,0,0,0,0,0,0,0,no,-
p2p_security,root_page,flutter_app/lib/features/p2p_security/presentation/pages/security/p2p_device_management_page.dart,0,0,0,0,0,0,0,0,no,-
p2p_security,root_page,flutter_app/lib/features/p2p_security/presentation/pages/security/p2p_e2e_info_page.dart,0,0,0,0,0,0,0,0,no,-
p2p_security,root_page,flutter_app/lib/features/p2p_security/presentation/pages/security/p2p_fraud_prevention_page.dart,0,0,0,0,0,0,0,0,no,-
p2p_security,root_page,flutter_app/lib/features/p2p_security/presentation/pages/security/p2p_large_transaction_justification_page.dart,0,0,0,0,0,0,0,0,no,-
p2p_security,root_page,flutter_app/lib/features/p2p_security/presentation/pages/security/p2p_limit_tracker_page.dart,0,0,0,0,0,0,0,0,no,-
p2p_security,root_page,flutter_app/lib/features/p2p_security/presentation/pages/security/p2p_login_history_page.dart,0,0,0,0,0,0,0,0,no,-
p2p_security,root_page,flutter_app/lib/features/p2p_security/presentation/pages/security/p2p_report_merchant_page.dart,0,0,0,0,0,0,0,0,no,-
p2p_security,root_page,flutter_app/lib/features/p2p_security/presentation/pages/security/p2p_reviews_page.dart,0,0,0,0,0,0,0,0,no,-
p2p_security,root_page,flutter_app/lib/features/p2p_security/presentation/pages/security/p2p_risk_assessment_page.dart,0,0,0,0,0,0,0,0,no,-
p2p_security,root_page,flutter_app/lib/features/p2p_security/presentation/pages/security/p2p_security_center_page.dart,0,0,0,0,0,0,0,0,no,-
p2p_security,root_page,flutter_app/lib/features/p2p_security/presentation/pages/security/p2p_source_of_funds_page.dart,0,0,0,0,0,0,0,0,no,-
p2p_security,root_page,flutter_app/lib/features/p2p_security/presentation/pages/security/p2p_suspicious_activity_page.dart,0,0,0,0,0,0,0,0,no,-
p2p_security,root_page,flutter_app/lib/features/p2p_security/presentation/pages/security/p2p_tax_reporting_page.dart,0,0,0,0,0,0,0,0,no,-
p2p_security,root_page,flutter_app/lib/features/p2p_security/presentation/pages/security/p2p_transaction_limits_page.dart,0,0,0,0,0,0,0,0,no,-
p2p_security,root_page,flutter_app/lib/features/p2p_security/presentation/widgets/security/p2p_2fa_settings_page_common.dart,0,0,0,0,0,0,0,0,no,-
p2p_security,root_page,flutter_app/lib/features/p2p_security/presentation/widgets/security/p2p_2fa_settings_page_sections.dart,0,0,0,0,0,0,0,0,no,-
p2p_security,root_page,flutter_app/lib/features/p2p_security/presentation/widgets/security/p2p_achievements_page_common.dart,0,0,0,0,0,0,0,0,no,-
p2p_security,root_page,flutter_app/lib/features/p2p_security/presentation/widgets/security/p2p_achievements_page_sections.dart,0,0,0,0,0,0,0,0,no,-
p2p_security,root_page,flutter_app/lib/features/p2p_security/presentation/widgets/security/p2p_anti_phishing_code_page_common.dart,0,0,0,0,0,0,0,0,no,-
p2p_security,root_page,flutter_app/lib/features/p2p_security/presentation/widgets/security/p2p_anti_phishing_code_page_sections.dart,0,0,0,0,0,0,0,0,no,-
p2p_security,root_page,flutter_app/lib/features/p2p_security/presentation/widgets/security/p2p_blacklist_common.dart,0,0,0,0,0,0,0,0,no,-
p2p_security,root_page,flutter_app/lib/features/p2p_security/presentation/widgets/security/p2p_blacklist_entries.dart,0,0,0,0,0,0,0,0,no,-
p2p_security,root_page,flutter_app/lib/features/p2p_security/presentation/widgets/security/p2p_blacklist_summary_filters.dart,0,0,0,0,0,0,0,0,no,-
p2p_security,root_page,flutter_app/lib/features/p2p_security/presentation/widgets/security/p2p_device_management_cards.dart,0,0,0,0,0,0,0,0,no,-
p2p_security,root_page,flutter_app/lib/features/p2p_security/presentation/widgets/security/p2p_device_management_overview.dart,0,0,0,0,0,0,0,0,no,-
p2p_security,root_page,flutter_app/lib/features/p2p_security/presentation/widgets/security/p2p_device_management_tips.dart,0,0,0,0,0,0,0,0,no,-
p2p_security,root_page,flutter_app/lib/features/p2p_security/presentation/widgets/security/p2p_fraud_checklist_actions.dart,0,0,0,0,0,0,0,0,no,-
p2p_security,root_page,flutter_app/lib/features/p2p_security/presentation/widgets/security/p2p_fraud_common.dart,0,0,0,0,0,0,0,0,no,-
p2p_security,root_page,flutter_app/lib/features/p2p_security/presentation/widgets/security/p2p_fraud_score_patterns.dart,0,0,0,0,0,0,0,0,no,-
p2p_security,root_page,flutter_app/lib/features/p2p_security/presentation/widgets/security/p2p_login_history_common.dart,0,0,0,0,0,0,0,0,no,-
p2p_security,root_page,flutter_app/lib/features/p2p_security/presentation/widgets/security/p2p_login_history_events.dart,0,0,0,0,0,0,0,0,no,-
p2p_security,root_page,flutter_app/lib/features/p2p_security/presentation/widgets/security/p2p_login_history_summary_filters.dart,0,0,0,0,0,0,0,0,no,-
p2p_security,root_page,flutter_app/lib/features/p2p_security/presentation/widgets/security/p2p_report_merchant_reasons_details.dart,0,0,0,0,0,0,0,0,no,-
p2p_security,root_page,flutter_app/lib/features/p2p_security/presentation/widgets/security/p2p_report_merchant_summary_actions.dart,0,0,0,0,0,0,0,0,no,-
p2p_security,root_page,flutter_app/lib/features/p2p_security/presentation/widgets/security/p2p_security_center_actions_events.dart,0,0,0,0,0,0,0,0,no,-
p2p_security,root_page,flutter_app/lib/features/p2p_security/presentation/widgets/security/p2p_security_center_score_features.dart,0,0,0,0,0,0,0,0,no,-
p2p_security,root_page,flutter_app/lib/features/p2p_security/presentation/widgets/security/p2p_tax_reporting_page_common.dart,0,0,0,0,0,0,0,0,no,-
p2p_security,root_page,flutter_app/lib/features/p2p_security/presentation/widgets/security/p2p_tax_reporting_page_sections.dart,0,0,0,0,0,0,0,0,no,-
p2p_security,root_page,flutter_app/lib/features/p2p_security/presentation/widgets/security/p2p_transaction_limits_page_common.dart,0,0,0,0,0,0,0,0,no,-
p2p_security,root_page,flutter_app/lib/features/p2p_security/presentation/widgets/security/p2p_transaction_limits_page_sections.dart,0,0,0,0,0,0,0,0,no,-
predictions,root_page,flutter_app/lib/features/predictions/presentation/pages/event/prediction_advanced_chart_page.dart,0,0,0,0,0,0,0,0,no,-
predictions,root_page,flutter_app/lib/features/predictions/presentation/pages/event/prediction_event_detail_page.dart,0,0,0,0,0,0,0,0,yes,allowed_source_keyword: orderbook
predictions,root_page,flutter_app/lib/features/predictions/presentation/pages/event/prediction_order_receipt_page.dart,0,0,0,0,0,0,0,0,no,-
predictions,root_page,flutter_app/lib/features/predictions/presentation/pages/hub/predictions_breaking_page.dart,0,0,0,0,0,0,0,0,no,-
predictions,root_page,flutter_app/lib/features/predictions/presentation/pages/hub/predictions_home_page.dart,0,0,0,0,0,0,0,0,no,-
predictions,root_page,flutter_app/lib/features/predictions/presentation/pages/hub/predictions_rewards_page.dart,0,0,0,0,0,0,0,0,no,-
predictions,root_page,flutter_app/lib/features/predictions/presentation/pages/hub/predictions_search_page.dart,0,0,0,0,0,0,0,0,no,-
predictions,root_page,flutter_app/lib/features/predictions/presentation/pages/portfolio/prediction_market_maker_page.dart,0,0,0,0,0,0,0,0,no,-
predictions,root_page,flutter_app/lib/features/predictions/presentation/pages/portfolio/prediction_portfolio_analyzer_page.dart,0,0,0,0,0,0,0,0,no,-
predictions,root_page,flutter_app/lib/features/predictions/presentation/pages/portfolio/prediction_risk_calculator_page.dart,0,0,0,0,0,0,0,0,no,-
predictions,root_page,flutter_app/lib/features/predictions/presentation/pages/portfolio/predictions_portfolio_page.dart,0,0,0,0,0,0,0,0,no,-
predictions,root_page,flutter_app/lib/features/predictions/presentation/pages/social/prediction_data_integration_page.dart,0,0,0,0,0,0,0,0,no,-
predictions,root_page,flutter_app/lib/features/predictions/presentation/pages/social/prediction_event_calendar_page.dart,0,0,0,0,0,0,0,0,no,-
predictions,root_page,flutter_app/lib/features/predictions/presentation/pages/social/prediction_social_page.dart,0,0,0,0,0,0,0,0,no,-
predictions,root_page,flutter_app/lib/features/predictions/presentation/pages/social/prediction_tournaments_page.dart,0,0,0,0,0,0,0,0,no,-
predictions,root_page,flutter_app/lib/features/predictions/presentation/pages/social/predictions_global_activity_page.dart,0,0,0,0,0,0,0,0,no,-
predictions,root_page,flutter_app/lib/features/predictions/presentation/pages/social/predictions_leaderboard_page.dart,0,0,0,0,0,0,0,0,no,-
predictions,root_page,flutter_app/lib/features/predictions/presentation/widgets/event/prediction_advanced_chart_analysis.dart,0,0,0,0,0,0,0,0,yes,allowed_source_keyword: custompainter
predictions,root_page,flutter_app/lib/features/predictions/presentation/widgets/event/prediction_advanced_chart_indicators.dart,0,0,0,0,0,0,0,0,yes,allowed_source_keyword: custompainter
predictions,root_page,flutter_app/lib/features/predictions/presentation/widgets/event/prediction_advanced_chart_overview.dart,0,0,0,0,0,0,0,0,no,-
predictions,root_page,flutter_app/lib/features/predictions/presentation/widgets/event/prediction_advanced_chart_overview_painters.dart,0,0,0,0,0,0,0,0,yes,allowed_source_keyword: custompainter
predictions,root_page,flutter_app/lib/features/predictions/presentation/widgets/event/prediction_advanced_chart_painter_utils.dart,0,0,0,0,0,0,0,0,no,-
predictions,root_page,flutter_app/lib/features/predictions/presentation/widgets/event/prediction_event_detail_activity_holders.dart,0,0,0,0,0,0,0,0,yes,allowed_source_keyword: orderbook
predictions,root_page,flutter_app/lib/features/predictions/presentation/widgets/event/prediction_event_detail_chart.dart,0,0,0,0,0,0,0,0,yes,allowed_source_keyword: custompainter
predictions,root_page,flutter_app/lib/features/predictions/presentation/widgets/event/prediction_event_detail_comments.dart,0,0,0,0,0,0,0,0,no,-
predictions,root_page,flutter_app/lib/features/predictions/presentation/widgets/event/prediction_event_detail_common.dart,0,0,0,0,0,0,0,0,no,-
predictions,root_page,flutter_app/lib/features/predictions/presentation/widgets/event/prediction_event_detail_detail_tabs.dart,0,0,0,0,0,0,0,0,no,-
predictions,root_page,flutter_app/lib/features/predictions/presentation/widgets/event/prediction_event_detail_header.dart,0,0,0,0,0,0,0,0,no,-
predictions,root_page,flutter_app/lib/features/predictions/presentation/widgets/event/prediction_event_detail_order_book.dart,0,0,0,0,0,0,0,0,yes,allowed_source_keyword: orderbook
predictions,root_page,flutter_app/lib/features/predictions/presentation/widgets/event/prediction_event_detail_quick_links.dart,0,0,0,0,0,0,0,0,no,-
predictions,root_page,flutter_app/lib/features/predictions/presentation/widgets/event/prediction_event_detail_related_arena.dart,0,0,0,0,0,0,0,0,no,-
predictions,root_page,flutter_app/lib/features/predictions/presentation/widgets/event/prediction_event_detail_stats_position.dart,0,0,0,0,0,0,0,0,no,-
predictions,root_page,flutter_app/lib/features/predictions/presentation/widgets/event/prediction_event_detail_trade_controls.dart,0,0,0,0,0,0,0,0,no,-
predictions,root_page,flutter_app/lib/features/predictions/presentation/widgets/event/prediction_event_detail_trade_panel.dart,0,0,0,0,0,0,0,0,no,-
predictions,feature_widget,flutter_app/lib/features/predictions/presentation/widgets/event/prediction_order_preview_card.dart,0,0,0,0,0,0,0,0,no,-
predictions,root_page,flutter_app/lib/features/predictions/presentation/widgets/event/prediction_order_receipt_page_common.dart,0,0,0,0,0,0,0,0,no,-
predictions,root_page,flutter_app/lib/features/predictions/presentation/widgets/event/prediction_order_receipt_page_sections.dart,0,0,0,0,0,0,0,0,no,-
predictions,feature_widget,flutter_app/lib/features/predictions/presentation/widgets/hub/prediction_enum_tab_bar.dart,0,0,0,0,0,0,0,0,no,-
predictions,root_page,flutter_app/lib/features/predictions/presentation/widgets/hub/predictions_breaking_page_common.dart,0,0,0,0,0,0,0,0,no,-
predictions,root_page,flutter_app/lib/features/predictions/presentation/widgets/hub/predictions_breaking_page_sections.dart,0,0,0,0,0,0,0,0,no,-
predictions,root_page,flutter_app/lib/features/predictions/presentation/widgets/hub/predictions_home_events.dart,0,0,0,0,0,0,0,0,no,-
predictions,root_page,flutter_app/lib/features/predictions/presentation/widgets/hub/predictions_home_filters.dart,0,0,0,0,0,0,0,0,no,-
predictions,root_page,flutter_app/lib/features/predictions/presentation/widgets/hub/predictions_home_highlights.dart,0,0,0,0,0,0,0,0,no,-
predictions,root_page,flutter_app/lib/features/predictions/presentation/widgets/hub/predictions_rewards_arena_common.dart,0,0,0,0,0,0,0,0,no,-
predictions,root_page,flutter_app/lib/features/predictions/presentation/widgets/hub/predictions_rewards_hero_filters.dart,0,0,0,0,0,0,0,0,no,-
predictions,root_page,flutter_app/lib/features/predictions/presentation/widgets/hub/predictions_rewards_table.dart,0,0,0,0,0,0,0,0,no,-
predictions,root_page,flutter_app/lib/features/predictions/presentation/widgets/hub/predictions_search_page_common.dart,0,0,0,0,0,0,0,0,no,-
predictions,root_page,flutter_app/lib/features/predictions/presentation/widgets/hub/predictions_search_page_sections.dart,0,0,0,0,0,0,0,0,no,-
predictions,root_page,flutter_app/lib/features/predictions/presentation/widgets/portfolio/prediction_market_maker_earnings.dart,0,0,0,0,0,0,0,0,no,-
predictions,root_page,flutter_app/lib/features/predictions/presentation/widgets/portfolio/prediction_market_maker_positions.dart,0,0,0,0,0,0,0,0,no,-
predictions,root_page,flutter_app/lib/features/predictions/presentation/widgets/portfolio/prediction_market_maker_provide.dart,0,0,0,0,0,0,0,0,no,-
predictions,root_page,flutter_app/lib/features/predictions/presentation/widgets/portfolio/prediction_market_maker_returns.dart,0,0,0,0,0,0,0,0,no,-
predictions,root_page,flutter_app/lib/features/predictions/presentation/widgets/portfolio/prediction_portfolio_analyzer_overview.dart,0,0,0,0,0,0,0,0,no,-
predictions,root_page,flutter_app/lib/features/predictions/presentation/widgets/portfolio/prediction_portfolio_analyzer_performance.dart,0,0,0,0,0,0,0,0,no,-
predictions,root_page,flutter_app/lib/features/predictions/presentation/widgets/portfolio/prediction_portfolio_analyzer_risk.dart,0,0,0,0,0,0,0,0,yes,allowed_source_keyword: custompainter
predictions,feature_widget,flutter_app/lib/features/predictions/presentation/widgets/portfolio/prediction_portfolio_common.dart,0,0,0,0,0,0,0,0,no,-
predictions,feature_widget,flutter_app/lib/features/predictions/presentation/widgets/portfolio/prediction_portfolio_history.dart,0,0,0,0,0,0,0,0,no,-
predictions,feature_widget,flutter_app/lib/features/predictions/presentation/widgets/portfolio/prediction_portfolio_orders.dart,0,0,0,0,0,0,0,0,no,-
predictions,feature_widget,flutter_app/lib/features/predictions/presentation/widgets/portfolio/prediction_portfolio_positions.dart,0,0,0,0,0,0,0,0,no,-
predictions,feature_widget,flutter_app/lib/features/predictions/presentation/widgets/portfolio/prediction_portfolio_summary.dart,0,0,0,0,0,0,0,0,no,-
predictions,root_page,flutter_app/lib/features/predictions/presentation/widgets/portfolio/prediction_risk_calculator_analysis.dart,0,0,0,0,0,0,0,0,no,-
predictions,root_page,flutter_app/lib/features/predictions/presentation/widgets/portfolio/prediction_risk_calculator_form.dart,0,0,0,0,0,0,0,0,no,-
predictions,root_page,flutter_app/lib/features/predictions/presentation/widgets/portfolio/prediction_risk_calculator_scenarios_guide.dart,0,0,0,0,0,0,0,0,no,-
predictions,feature_widget,flutter_app/lib/features/predictions/presentation/widgets/portfolio/predictions_portfolio_bridge_card.dart,0,0,0,0,0,0,0,0,no,-
predictions,feature_widget,flutter_app/lib/features/predictions/presentation/widgets/predictions_outcome_widgets.dart,0,0,0,0,0,0,0,0,no,-
predictions,feature_widget,flutter_app/lib/features/predictions/presentation/widgets/predictions_time_remaining.dart,0,0,0,0,0,0,0,0,no,-
predictions,root_page,flutter_app/lib/features/predictions/presentation/widgets/social/prediction_data_integration_common.dart,0,0,0,0,0,0,0,0,no,-
predictions,root_page,flutter_app/lib/features/predictions/presentation/widgets/social/prediction_data_integration_keys_webhooks.dart,0,0,0,0,0,0,0,0,no,-
predictions,root_page,flutter_app/lib/features/predictions/presentation/widgets/social/prediction_data_integration_sources.dart,0,0,0,0,0,0,0,0,no,-
predictions,root_page,flutter_app/lib/features/predictions/presentation/widgets/social/prediction_event_calendar_controls.dart,0,0,0,0,0,0,0,0,no,-
predictions,root_page,flutter_app/lib/features/predictions/presentation/widgets/social/prediction_event_calendar_events.dart,0,0,0,0,0,0,0,0,no,-
predictions,root_page,flutter_app/lib/features/predictions/presentation/widgets/social/prediction_event_calendar_notifications.dart,0,0,0,0,0,0,0,0,no,-
predictions,root_page,flutter_app/lib/features/predictions/presentation/widgets/social/prediction_social_analysis_share.dart,0,0,0,0,0,0,0,0,no,-
predictions,root_page,flutter_app/lib/features/predictions/presentation/widgets/social/prediction_social_comment_list.dart,0,0,0,0,0,0,0,0,no,-
predictions,root_page,flutter_app/lib/features/predictions/presentation/widgets/social/prediction_social_header_comments.dart,0,0,0,0,0,0,0,0,no,-
predictions,feature_widget,flutter_app/lib/features/predictions/presentation/widgets/social/prediction_social_support_widgets.dart,0,0,0,0,0,0,0,0,yes,allowed_source_keyword: custompainter
predictions,root_page,flutter_app/lib/features/predictions/presentation/widgets/social/prediction_tournaments_detail.dart,0,0,0,0,0,0,0,0,no,-
predictions,root_page,flutter_app/lib/features/predictions/presentation/widgets/social/prediction_tournaments_empty_leaderboard.dart,0,0,0,0,0,0,0,0,no,-
predictions,root_page,flutter_app/lib/features/predictions/presentation/widgets/social/prediction_tournaments_list.dart,0,0,0,0,0,0,0,0,no,-
predictions,root_page,flutter_app/lib/features/predictions/presentation/widgets/social/prediction_tournaments_stats.dart,0,0,0,0,0,0,0,0,no,-
predictions,root_page,flutter_app/lib/features/predictions/presentation/widgets/social/predictions_global_activity_feed_widgets.dart,0,0,0,0,0,0,0,0,no,-
predictions,root_page,flutter_app/lib/features/predictions/presentation/widgets/social/predictions_global_activity_widgets.dart,0,0,0,0,0,0,0,0,no,-
predictions,root_page,flutter_app/lib/features/predictions/presentation/widgets/social/predictions_leaderboard_filters_tabs.dart,0,0,0,0,0,0,0,0,no,-
predictions,root_page,flutter_app/lib/features/predictions/presentation/widgets/social/predictions_leaderboard_podium_rankings.dart,0,0,0,0,0,0,0,0,no,-
predictions,root_page,flutter_app/lib/features/predictions/presentation/widgets/social/predictions_leaderboard_rows_wins.dart,0,0,0,0,0,0,0,0,no,-
profile,root_page,flutter_app/lib/features/profile/presentation/pages/activity_log_page.dart,0,0,0,0,0,0,0,0,no,-
profile,root_page,flutter_app/lib/features/profile/presentation/pages/api_key_create_page.dart,0,0,0,0,0,0,0,0,no,-
profile,root_page,flutter_app/lib/features/profile/presentation/pages/api_management_page.dart,0,0,0,0,0,0,0,0,no,-
profile,root_page,flutter_app/lib/features/profile/presentation/pages/device_management_page.dart,0,0,0,0,0,0,0,0,no,-
profile,root_page,flutter_app/lib/features/profile/presentation/pages/edit_profile_page.dart,0,0,0,0,0,0,0,0,no,-
profile,root_page,flutter_app/lib/features/profile/presentation/pages/kyc_page.dart,0,0,0,0,0,0,0,0,no,-
profile,root_page,flutter_app/lib/features/profile/presentation/pages/phone/profile_page.dart,0,0,0,0,0,0,0,0,no,-
profile,root_page,flutter_app/lib/features/profile/presentation/pages/profile_page.dart,0,0,0,0,0,0,0,0,no,-
profile,root_page,flutter_app/lib/features/profile/presentation/pages/profile_tablet_page.dart,0,0,0,0,0,0,0,0,no,-
profile,root_page,flutter_app/lib/features/profile/presentation/pages/security_page.dart,0,0,0,0,0,0,0,0,no,-
profile,root_page,flutter_app/lib/features/profile/presentation/pages/settings_page.dart,0,0,0,0,0,0,0,0,no,-
profile,root_page,flutter_app/lib/features/profile/presentation/pages/sub_account_page.dart,0,0,0,0,0,0,0,0,no,-
profile,root_page,flutter_app/lib/features/profile/presentation/pages/tablet/profile_tablet_page.dart,0,0,0,0,0,0,0,0,no,-
profile,root_page,flutter_app/lib/features/profile/presentation/pages/vip_page.dart,0,0,0,0,0,0,0,0,no,-
profile,root_page,flutter_app/lib/features/profile/presentation/widgets/activity_log_page_common.dart,0,0,0,0,0,0,0,0,no,-
profile,root_page,flutter_app/lib/features/profile/presentation/widgets/activity_log_page_sections.dart,0,0,0,0,0,0,0,0,no,-
profile,root_page,flutter_app/lib/features/profile/presentation/widgets/api_management_docs.dart,0,0,0,0,0,0,0,0,no,-
profile,root_page,flutter_app/lib/features/profile/presentation/widgets/api_management_key_controls.dart,0,0,0,0,0,0,0,0,no,-
profile,root_page,flutter_app/lib/features/profile/presentation/widgets/api_management_keys.dart,0,0,0,0,0,0,0,0,no,-
profile,feature_widget,flutter_app/lib/features/profile/presentation/widgets/common/profile_icon_registry.dart,0,0,0,0,0,0,0,0,no,-
profile,root_page,flutter_app/lib/features/profile/presentation/widgets/device_management_page_common.dart,0,0,0,0,0,0,0,0,no,-
profile,root_page,flutter_app/lib/features/profile/presentation/widgets/device_management_page_sections.dart,0,0,0,0,0,0,0,0,no,-
profile,root_page,flutter_app/lib/features/profile/presentation/widgets/kyc_details_privacy.dart,0,0,0,0,0,0,0,0,no,-
profile,root_page,flutter_app/lib/features/profile/presentation/widgets/kyc_status_levels.dart,0,0,0,0,0,0,0,0,no,-
profile,feature_widget,flutter_app/lib/features/profile/presentation/widgets/profile_account_footer_actions.dart,0,0,0,0,0,0,0,0,no,-
profile,root_page,flutter_app/lib/features/profile/presentation/widgets/profile_api_key_create_form.dart,0,0,0,0,0,0,0,0,no,-
profile,root_page,flutter_app/lib/features/profile/presentation/widgets/profile_api_key_create_result.dart,0,0,0,0,0,0,0,0,no,-
profile,feature_widget,flutter_app/lib/features/profile/presentation/widgets/profile_discovery_panel.dart,0,0,0,0,0,0,0,0,no,-
profile,feature_widget,flutter_app/lib/features/profile/presentation/widgets/profile_hero_panel.dart,0,0,0,0,0,0,0,0,no,-
profile,feature_widget,flutter_app/lib/features/profile/presentation/widgets/profile_kyc_banner_panel.dart,0,0,0,0,0,0,0,0,no,-
profile,feature_widget,flutter_app/lib/features/profile/presentation/widgets/profile_legal_accordion_panel.dart,0,0,0,0,0,0,0,0,no,-
profile,feature_widget,flutter_app/lib/features/profile/presentation/widgets/profile_menu_panel.dart,0,0,0,0,0,0,0,0,no,-
profile,feature_widget,flutter_app/lib/features/profile/presentation/widgets/profile_product_hub_panel.dart,0,0,0,0,0,0,0,0,no,-
profile,root_page,flutter_app/lib/features/profile/presentation/widgets/profile_sub_account_card_details.dart,0,0,0,0,0,0,0,0,no,-
profile,root_page,flutter_app/lib/features/profile/presentation/widgets/profile_sub_account_cards.dart,0,0,0,0,0,0,0,0,no,-
profile,root_page,flutter_app/lib/features/profile/presentation/widgets/profile_sub_account_create.dart,0,0,0,0,0,0,0,0,no,-
profile,root_page,flutter_app/lib/features/profile/presentation/widgets/profile_sub_account_formatters.dart,0,0,0,0,0,0,0,0,no,-
profile,root_page,flutter_app/lib/features/profile/presentation/widgets/profile_sub_account_primitives.dart,0,0,0,0,0,0,0,0,no,-
profile,root_page,flutter_app/lib/features/profile/presentation/widgets/profile_sub_account_summary.dart,0,0,0,0,0,0,0,0,no,-
profile,root_page,flutter_app/lib/features/profile/presentation/widgets/profile_vip_benefits.dart,0,0,0,0,0,0,0,0,no,-
profile,feature_widget,flutter_app/lib/features/profile/presentation/widgets/profile_vip_card_panel.dart,0,0,0,0,0,0,0,0,no,-
profile,root_page,flutter_app/lib/features/profile/presentation/widgets/profile_vip_hero.dart,0,0,0,0,0,0,0,0,no,-
profile,root_page,flutter_app/lib/features/profile/presentation/widgets/profile_vip_overview.dart,0,0,0,0,0,0,0,0,no,-
profile,root_page,flutter_app/lib/features/profile/presentation/widgets/security_page_common.dart,0,0,0,0,0,0,0,0,no,-
profile,root_page,flutter_app/lib/features/profile/presentation/widgets/security_page_sections.dart,0,0,0,0,0,0,0,0,no,-
profile,root_page,flutter_app/lib/features/profile/presentation/widgets/settings_page_common.dart,0,0,0,0,0,0,0,0,no,-
profile,root_page,flutter_app/lib/features/profile/presentation/widgets/settings_page_sections.dart,0,0,0,0,0,0,0,0,no,-
profile,feature_widget,flutter_app/lib/features/profile/presentation/widgets/tablet/profile_account_footer_actions.dart,0,0,0,0,0,0,0,0,no,-
profile,feature_widget,flutter_app/lib/features/profile/presentation/widgets/tablet/profile_discovery_panel.dart,0,0,0,0,0,0,0,0,no,-
profile,feature_widget,flutter_app/lib/features/profile/presentation/widgets/tablet/profile_hero_panel.dart,0,0,0,0,0,0,0,0,no,-
profile,feature_widget,flutter_app/lib/features/profile/presentation/widgets/tablet/profile_icon_registry.dart,0,0,0,0,0,0,0,0,no,-
profile,feature_widget,flutter_app/lib/features/profile/presentation/widgets/tablet/profile_kyc_banner_panel.dart,0,0,0,0,0,0,0,0,no,-
profile,feature_widget,flutter_app/lib/features/profile/presentation/widgets/tablet/profile_legal_accordion_panel.dart,0,0,0,0,0,0,0,0,no,-
profile,feature_widget,flutter_app/lib/features/profile/presentation/widgets/tablet/profile_menu_panel.dart,0,0,0,0,0,0,0,0,no,-
profile,feature_widget,flutter_app/lib/features/profile/presentation/widgets/tablet/profile_product_hub_panel.dart,0,0,0,0,0,0,0,0,no,-
profile,feature_widget,flutter_app/lib/features/profile/presentation/widgets/tablet/profile_tablet_keys.dart,0,0,0,0,0,0,0,0,no,-
profile,feature_widget,flutter_app/lib/features/profile/presentation/widgets/tablet/profile_vip_card_panel.dart,0,0,0,0,0,0,0,0,no,-
profile,feature_widget,flutter_app/lib/features/profile/presentation/widgets/vip_history_widgets.dart,0,0,0,0,0,0,0,0,no,-
referral,root_page,flutter_app/lib/features/referral/presentation/pages/referral_friend_detail_page.dart,0,0,0,0,0,0,0,0,no,-
referral,root_page,flutter_app/lib/features/referral/presentation/pages/referral_history_page.dart,0,0,0,0,0,0,0,0,no,-
referral,root_page,flutter_app/lib/features/referral/presentation/pages/referral_home_page.dart,0,0,0,0,0,0,0,0,no,-
referral,root_page,flutter_app/lib/features/referral/presentation/pages/referral_home_page_common.dart,0,0,0,0,0,0,0,0,no,-
referral,root_page,flutter_app/lib/features/referral/presentation/pages/referral_home_page_hero_sections.dart,0,0,0,0,0,0,0,0,no,-
referral,root_page,flutter_app/lib/features/referral/presentation/pages/referral_home_page_reward_sections.dart,0,0,0,0,0,0,0,0,no,-
referral,root_page,flutter_app/lib/features/referral/presentation/pages/referral_home_page_section_cards.dart,0,0,0,0,0,0,0,0,no,-
referral,root_page,flutter_app/lib/features/referral/presentation/pages/referral_rewards_page.dart,0,0,0,0,0,0,0,0,no,-
referral,root_page,flutter_app/lib/features/referral/presentation/pages/referral_rewards_page_dispute_widgets.dart,0,0,0,0,0,0,0,0,yes,allowed_source_keyword: custompainter
referral,root_page,flutter_app/lib/features/referral/presentation/pages/referral_rewards_page_ledger_sections.dart,0,0,0,0,0,0,0,0,no,-
referral,root_page,flutter_app/lib/features/referral/presentation/pages/referral_rewards_page_state.dart,0,0,0,0,0,0,0,0,no,-
referral,root_page,flutter_app/lib/features/referral/presentation/pages/referral_rules_page.dart,0,0,0,0,0,0,0,0,no,-
referral,root_page,flutter_app/lib/features/referral/presentation/widgets/referral_history_page_common.dart,0,0,0,0,0,0,0,0,no,-
referral,root_page,flutter_app/lib/features/referral/presentation/widgets/referral_history_page_sections.dart,0,0,0,0,0,0,0,0,no,-
referral,root_page,flutter_app/lib/features/referral/presentation/widgets/referral_rules_page_common.dart,0,0,0,0,0,0,0,0,no,-
referral,root_page,flutter_app/lib/features/referral/presentation/widgets/referral_rules_page_sections.dart,0,0,0,0,0,0,0,0,no,-
rewards,root_page,flutter_app/lib/features/rewards/presentation/pages/rewards_hub_page.dart,0,0,0,0,1,0,0,1,no,-
rewards,root_page,flutter_app/lib/features/rewards/presentation/widgets/rewards_hub_components.dart,0,0,0,0,0,0,0,0,no,-
rewards,root_page,flutter_app/lib/features/rewards/presentation/widgets/rewards_hub_hero_section.dart,1,0,0,0,0,0,0,1,no,-
rewards,root_page,flutter_app/lib/features/rewards/presentation/widgets/rewards_hub_task_section.dart,0,0,0,0,0,0,0,0,no,-
support,root_page,flutter_app/lib/features/support/presentation/pages/announcements_page.dart,0,0,0,0,1,0,0,1,no,-
support,root_page,flutter_app/lib/features/support/presentation/pages/help_center_page.dart,0,0,0,0,1,0,0,1,no,-
support,root_page,flutter_app/lib/features/support/presentation/pages/support_page.dart,0,0,0,0,1,0,0,1,no,-
support,root_page,flutter_app/lib/features/support/presentation/widgets/announcements_filters_widgets.dart,0,0,0,0,0,0,0,0,no,-
support,root_page,flutter_app/lib/features/support/presentation/widgets/announcements_list_widgets.dart,0,0,0,0,0,0,0,0,no,-
support,root_page,flutter_app/lib/features/support/presentation/widgets/help_center_hero_actions.dart,0,0,0,0,0,0,0,0,no,-
support,root_page,flutter_app/lib/features/support/presentation/widgets/help_center_sections.dart,0,0,0,0,0,0,0,0,no,-
support,root_page,flutter_app/lib/features/support/presentation/widgets/support_context_card.dart,0,0,0,0,0,0,0,0,no,-
support,root_page,flutter_app/lib/features/support/presentation/widgets/support_faq_common.dart,0,0,0,0,0,0,0,0,no,-
support,root_page,flutter_app/lib/features/support/presentation/widgets/support_quick_contacts_tabs.dart,0,0,0,0,0,0,0,0,no,-
support,root_page,flutter_app/lib/features/support/presentation/widgets/support_tickets.dart,0,0,0,0,0,0,0,0,no,-
trade,root_page,flutter_app/lib/features/trade/presentation/pages/convert/convert_page.dart,0,0,0,0,0,0,0,0,no,-
trade,root_page,flutter_app/lib/features/trade/presentation/pages/futures/futures_page.dart,0,0,0,0,0,0,0,0,no,-
trade,root_page,flutter_app/lib/features/trade/presentation/pages/futures/leverage_page.dart,0,0,0,0,0,0,0,0,no,-
trade,root_page,flutter_app/lib/features/trade/presentation/pages/hub/orders_history_page.dart,0,0,0,0,0,0,0,0,no,-
trade,root_page,flutter_app/lib/features/trade/presentation/pages/hub/position_dashboard_page.dart,0,0,0,0,0,0,0,0,no,-
trade,root_page,flutter_app/lib/features/trade/presentation/pages/hub/trade_history_export_page.dart,0,0,0,0,0,0,0,0,no,-
trade,root_page,flutter_app/lib/features/trade/presentation/pages/hub/trade_page.dart,0,0,0,0,0,0,0,0,no,-
trade,root_page,flutter_app/lib/features/trade/presentation/pages/hub/trade_settings_page.dart,0,0,0,0,0,0,0,0,yes,allowed_source_keyword: orderbook
trade,root_page,flutter_app/lib/features/trade/presentation/pages/hub/trade_tablet_page.dart,0,0,0,0,0,0,0,0,no,-
trade,root_page,flutter_app/lib/features/trade/presentation/pages/margin/margin_trading_hub_page.dart,0,0,0,0,0,0,0,0,no,-
trade,root_page,flutter_app/lib/features/trade/presentation/pages/margin/margin_trading_page.dart,0,0,0,0,0,0,0,0,no,-
trade,root_page,flutter_app/lib/features/trade/presentation/pages/phone/order_receipt_page.dart,0,0,0,0,0,0,0,0,no,-
trade,root_page,flutter_app/lib/features/trade/presentation/pages/phone/trade_page.dart,0,0,0,0,0,0,0,0,no,-
trade,root_page,flutter_app/lib/features/trade/presentation/pages/tablet/trade_tablet_order_receipt_page.dart,0,0,0,0,0,0,0,0,no,-
trade,root_page,flutter_app/lib/features/trade/presentation/pages/tablet/trade_tablet_page.dart,0,0,0,0,0,0,0,0,no,-
trade,root_page,flutter_app/lib/features/trade/presentation/widgets/convert/convert_page_amount_widgets.dart,0,0,0,0,0,0,0,0,no,-
trade,root_page,flutter_app/lib/features/trade/presentation/widgets/convert/convert_page_common.dart,0,0,0,0,0,0,0,0,no,-
trade,root_page,flutter_app/lib/features/trade/presentation/widgets/convert/convert_page_sections.dart,0,0,0,0,0,0,0,0,no,-
trade,feature_widget,flutter_app/lib/features/trade/presentation/widgets/convert/convert_page_widgets.dart,0,0,0,0,0,0,0,0,no,-
trade,root_page,flutter_app/lib/features/trade/presentation/widgets/futures/futures_page_form_controls.dart,0,0,0,0,0,0,0,0,no,-
trade,root_page,flutter_app/lib/features/trade/presentation/widgets/futures/futures_page_state.dart,0,0,0,0,0,0,0,0,no,-
trade,root_page,flutter_app/lib/features/trade/presentation/widgets/futures/leverage_controls_presets.dart,0,0,0,0,0,0,0,0,no,-
trade,root_page,flutter_app/lib/features/trade/presentation/widgets/futures/leverage_header_hero_risk.dart,0,0,0,0,0,0,0,0,no,-
trade,root_page,flutter_app/lib/features/trade/presentation/widgets/futures/leverage_impact_confirm.dart,0,0,0,0,0,0,0,0,no,-
trade,root_page,flutter_app/lib/features/trade/presentation/widgets/hub/orders_history_page_common.dart,0,0,0,0,0,0,0,0,no,-
trade,root_page,flutter_app/lib/features/trade/presentation/widgets/hub/orders_history_page_sections.dart,0,0,0,0,0,0,0,0,no,-
trade,root_page,flutter_app/lib/features/trade/presentation/widgets/hub/position_dashboard_page_common.dart,0,0,0,0,0,0,0,0,no,-
trade,root_page,flutter_app/lib/features/trade/presentation/widgets/hub/position_dashboard_page_sections.dart,0,0,0,0,0,0,0,0,no,-
trade,root_page,flutter_app/lib/features/trade/presentation/widgets/hub/trade_history_export_footer.dart,0,0,0,0,0,0,0,0,no,-
trade,root_page,flutter_app/lib/features/trade/presentation/widgets/hub/trade_history_export_selectors_includes.dart,0,0,0,0,0,0,0,0,no,-
trade,root_page,flutter_app/lib/features/trade/presentation/widgets/hub/trade_history_export_summary_sections.dart,0,0,0,0,0,0,0,0,no,-
trade,feature_widget,flutter_app/lib/features/trade/presentation/widgets/hub/trade_positions_panel.dart,0,0,0,0,0,0,0,0,no,-
trade,root_page,flutter_app/lib/features/trade/presentation/widgets/hub/trade_settings_page_common.dart,0,0,0,0,0,0,0,0,no,-
trade,root_page,flutter_app/lib/features/trade/presentation/widgets/hub/trade_settings_page_sections.dart,0,0,0,0,0,0,0,0,yes,allowed_source_keyword: orderbook
trade,root_page,flutter_app/lib/features/trade/presentation/widgets/margin/margin_trading_common.dart,0,0,0,0,0,0,0,0,no,-
trade,root_page,flutter_app/lib/features/trade/presentation/widgets/margin/margin_trading_hub_cards.dart,0,0,0,0,0,0,0,0,no,-
trade,root_page,flutter_app/lib/features/trade/presentation/widgets/margin/margin_trading_hub_hero_nav.dart,0,0,0,0,0,0,0,0,no,-
trade,feature_widget,flutter_app/lib/features/trade/presentation/widgets/margin/margin_trading_hub_widgets.dart,0,0,0,0,0,0,0,0,no,-
trade,root_page,flutter_app/lib/features/trade/presentation/widgets/margin/margin_trading_order_summary.dart,0,0,0,0,0,0,0,0,no,-
trade,root_page,flutter_app/lib/features/trade/presentation/widgets/margin/margin_trading_positions_orders.dart,0,0,0,0,0,0,0,0,no,-
trade,root_page,flutter_app/lib/features/trade/presentation/widgets/margin/margin_trading_reserved.dart,0,0,0,0,0,0,0,0,no,-
trade,root_page,flutter_app/lib/features/trade/presentation/widgets/margin/margin_trading_shared_helpers.dart,0,0,0,0,0,0,0,0,no,-
trade,root_page,flutter_app/lib/features/trade/presentation/widgets/margin/margin_trading_simple_form.dart,0,0,0,0,0,0,0,0,no,-
trade,feature_widget,flutter_app/lib/features/trade/presentation/widgets/phone/order_receipt_page_common.dart,0,0,0,0,0,0,0,0,no,-
trade,feature_widget,flutter_app/lib/features/trade/presentation/widgets/phone/order_receipt_page_sections.dart,0,0,0,0,0,0,0,0,no,-
trade,feature_widget,flutter_app/lib/features/trade/presentation/widgets/phone/vit_trade_confirm_sheet.dart,0,0,0,0,0,0,0,0,no,-
trade,feature_widget,flutter_app/lib/features/trade/presentation/widgets/phone/vit_trade_side_switch.dart,0,0,0,0,0,0,0,0,no,-
trade,feature_widget,flutter_app/lib/features/trade/presentation/widgets/phone/vit_trade_simple_hero.dart,0,0,0,0,0,0,0,0,no,-
trade,feature_widget,flutter_app/lib/features/trade/presentation/widgets/phone/vit_trade_simple_order_form.dart,0,0,0,0,0,0,0,0,no,-
trade,feature_widget,flutter_app/lib/features/trade/presentation/widgets/phone/vit_trade_simple_shell.dart,0,0,0,0,0,0,0,0,no,-
trade,feature_widget,flutter_app/lib/features/trade/presentation/widgets/tablet/order_receipt_page_common.dart,0,0,0,0,0,0,0,0,no,-
trade,feature_widget,flutter_app/lib/features/trade/presentation/widgets/tablet/order_receipt_page_sections.dart,0,0,0,0,0,0,0,0,no,-
trade,feature_widget,flutter_app/lib/features/trade/presentation/widgets/tablet/trade_positions_panel.dart,0,0,0,0,0,0,0,0,no,-
trade,feature_widget,flutter_app/lib/features/trade/presentation/widgets/tablet/trade_tablet_keys.dart,0,0,0,0,0,0,0,0,no,-
trade,feature_widget,flutter_app/lib/features/trade/presentation/widgets/tablet/vit_trade_confirm_sheet.dart,0,0,0,0,0,0,0,0,no,-
trade,feature_widget,flutter_app/lib/features/trade/presentation/widgets/tablet/vit_trade_side_switch.dart,0,0,0,0,0,0,0,0,no,-
trade,feature_widget,flutter_app/lib/features/trade/presentation/widgets/tablet/vit_trade_simple_hero.dart,0,0,0,0,0,0,0,0,no,-
trade,feature_widget,flutter_app/lib/features/trade/presentation/widgets/tablet/vit_trade_simple_order_form.dart,0,0,0,0,0,0,0,0,no,-
trade_bots,root_page,flutter_app/lib/features/trade_bots/presentation/pages/backtest/bot_backtesting_page.dart,0,0,0,0,0,0,0,0,no,-
trade_bots,root_page,flutter_app/lib/features/trade_bots/presentation/pages/backtest/bot_optimization_page.dart,0,0,0,0,0,0,0,0,no,-
trade_bots,root_page,flutter_app/lib/features/trade_bots/presentation/pages/backtest/bot_strategy_compare_page.dart,0,0,0,0,0,0,0,0,no,-
trade_bots,root_page,flutter_app/lib/features/trade_bots/presentation/pages/dashboard/bot_drawdown_analyzer_page.dart,0,0,0,0,0,0,0,0,no,-
trade_bots,root_page,flutter_app/lib/features/trade_bots/presentation/pages/dashboard/bot_equity_curve_page.dart,0,0,0,0,0,0,0,0,no,-
trade_bots,root_page,flutter_app/lib/features/trade_bots/presentation/pages/dashboard/bot_history_page.dart,0,0,0,0,0,0,0,0,no,-
trade_bots,root_page,flutter_app/lib/features/trade_bots/presentation/pages/dashboard/bot_performance_analytics_page.dart,0,0,0,0,0,0,0,0,no,-
trade_bots,root_page,flutter_app/lib/features/trade_bots/presentation/pages/dashboard/bot_portfolio_dashboard_page.dart,0,0,0,0,0,0,0,0,no,-
trade_bots,root_page,flutter_app/lib/features/trade_bots/presentation/pages/dashboard/bot_risk_dashboard_page.dart,0,0,0,0,0,0,0,0,no,-
trade_bots,root_page,flutter_app/lib/features/trade_bots/presentation/pages/hub/trading_bots_page.dart,0,0,0,0,0,0,0,0,no,-
trade_bots,root_page,flutter_app/lib/features/trade_bots/presentation/pages/settings/bot_api_documentation_page.dart,0,0,0,0,0,0,0,0,no,-
trade_bots,root_page,flutter_app/lib/features/trade_bots/presentation/pages/settings/bot_emergency_stop_page.dart,0,0,0,0,0,0,0,0,no,-
trade_bots,root_page,flutter_app/lib/features/trade_bots/presentation/pages/settings/bot_faq_page.dart,0,0,0,0,0,0,0,0,no,-
trade_bots,root_page,flutter_app/lib/features/trade_bots/presentation/pages/settings/bot_guide_page.dart,0,0,0,0,0,0,0,0,no,-
trade_bots,root_page,flutter_app/lib/features/trade_bots/presentation/pages/settings/bot_risk_disclosure_page.dart,0,0,0,0,0,0,0,0,no,-
trade_bots,root_page,flutter_app/lib/features/trade_bots/presentation/pages/settings/bot_security_settings_page.dart,0,0,0,0,0,0,0,0,no,-
trade_bots,root_page,flutter_app/lib/features/trade_bots/presentation/pages/settings/bot_suitability_assessment_page.dart,0,0,0,0,0,0,0,0,no,-
trade_bots,root_page,flutter_app/lib/features/trade_bots/presentation/pages/settings/bot_tax_reporting_page.dart,0,0,0,0,0,0,0,0,no,-
trade_bots,root_page,flutter_app/lib/features/trade_bots/presentation/pages/settings/bot_terms_of_service_page.dart,0,0,0,0,0,0,0,0,no,-
trade_bots,root_page,flutter_app/lib/features/trade_bots/presentation/widgets/backtest/bot_backtesting_widgets.dart,0,0,0,0,0,0,0,0,no,-
trade_bots,root_page,flutter_app/lib/features/trade_bots/presentation/widgets/backtest/bot_optimization_page_common.dart,0,0,0,0,0,0,0,0,no,-
trade_bots,root_page,flutter_app/lib/features/trade_bots/presentation/widgets/backtest/bot_optimization_page_sections.dart,0,0,0,0,0,0,0,0,no,-
trade_bots,root_page,flutter_app/lib/features/trade_bots/presentation/widgets/backtest/bot_strategy_compare_metrics.dart,0,0,0,0,0,0,0,0,no,-
trade_bots,root_page,flutter_app/lib/features/trade_bots/presentation/widgets/backtest/bot_strategy_compare_painters.dart,0,0,0,0,0,0,0,0,yes,allowed_source_keyword: custompainter
trade_bots,root_page,flutter_app/lib/features/trade_bots/presentation/widgets/backtest/bot_strategy_compare_recommendations_common.dart,0,0,0,0,0,0,0,0,no,-
trade_bots,root_page,flutter_app/lib/features/trade_bots/presentation/widgets/backtest/bot_strategy_compare_selection.dart,0,0,0,0,0,0,0,0,no,-
trade_bots,root_page,flutter_app/lib/features/trade_bots/presentation/widgets/dashboard/bot_drawdown_analyzer_page_common.dart,0,0,0,0,0,0,0,0,yes,allowed_source_keyword: custompainter
trade_bots,root_page,flutter_app/lib/features/trade_bots/presentation/widgets/dashboard/bot_drawdown_analyzer_page_sections.dart,0,0,0,0,0,0,0,0,no,-
trade_bots,root_page,flutter_app/lib/features/trade_bots/presentation/widgets/dashboard/bot_equity_curve_analysis_painters.dart,0,0,0,0,0,0,0,0,yes,allowed_source_keyword: custompainter
trade_bots,root_page,flutter_app/lib/features/trade_bots/presentation/widgets/dashboard/bot_equity_curve_charts_cards.dart,0,0,0,0,0,0,0,0,no,-
trade_bots,root_page,flutter_app/lib/features/trade_bots/presentation/widgets/dashboard/bot_equity_curve_summary_tabs.dart,0,0,0,0,0,0,0,0,no,-
trade_bots,root_page,flutter_app/lib/features/trade_bots/presentation/widgets/dashboard/bot_history_page_common.dart,0,0,0,0,0,0,0,0,no,-
trade_bots,root_page,flutter_app/lib/features/trade_bots/presentation/widgets/dashboard/bot_history_page_sections.dart,0,0,0,0,0,0,0,0,no,-
trade_bots,root_page,flutter_app/lib/features/trade_bots/presentation/widgets/dashboard/bot_performance_charts_strategy.dart,0,0,0,0,0,0,0,0,no,-
trade_bots,root_page,flutter_app/lib/features/trade_bots/presentation/widgets/dashboard/bot_performance_metrics_summary.dart,0,0,0,0,0,0,0,0,no,-
trade_bots,root_page,flutter_app/lib/features/trade_bots/presentation/widgets/dashboard/bot_performance_painters.dart,0,0,0,0,0,0,0,0,yes,allowed_source_keyword: custompainter
trade_bots,root_page,flutter_app/lib/features/trade_bots/presentation/widgets/dashboard/bot_performance_timeframe_view.dart,0,0,0,0,0,0,0,0,no,-
trade_bots,root_page,flutter_app/lib/features/trade_bots/presentation/widgets/dashboard/bot_portfolio_dashboard_page_common.dart,0,0,0,0,0,0,0,0,yes,allowed_source_keyword: custompainter
trade_bots,root_page,flutter_app/lib/features/trade_bots/presentation/widgets/dashboard/bot_portfolio_dashboard_page_sections.dart,0,0,0,0,0,0,0,0,no,-
trade_bots,root_page,flutter_app/lib/features/trade_bots/presentation/widgets/dashboard/bot_risk_dashboard_charts.dart,0,0,0,0,0,0,0,0,yes,allowed_source_keyword: custompainter
trade_bots,root_page,flutter_app/lib/features/trade_bots/presentation/widgets/dashboard/bot_risk_dashboard_controls.dart,0,0,0,0,0,0,0,0,no,-
trade_bots,root_page,flutter_app/lib/features/trade_bots/presentation/widgets/dashboard/bot_risk_dashboard_metrics.dart,0,0,0,0,0,0,0,0,no,-
trade_bots,root_page,flutter_app/lib/features/trade_bots/presentation/widgets/dashboard/bot_risk_dashboard_score.dart,0,0,0,0,0,0,0,0,yes,allowed_source_keyword: custompainter
trade_bots,root_page,flutter_app/lib/features/trade_bots/presentation/widgets/hub/trading_bots_page_bot_card.dart,0,0,0,0,0,0,0,0,no,-
trade_bots,root_page,flutter_app/lib/features/trade_bots/presentation/widgets/hub/trading_bots_page_create_bot_sheet.dart,0,0,0,0,0,0,0,0,no,-
trade_bots,root_page,flutter_app/lib/features/trade_bots/presentation/widgets/hub/trading_bots_page_formatters.dart,0,0,0,0,0,0,0,0,no,-
trade_bots,root_page,flutter_app/lib/features/trade_bots/presentation/widgets/hub/trading_bots_page_my_bots_tab.dart,0,0,0,0,0,0,0,0,no,-
trade_bots,root_page,flutter_app/lib/features/trade_bots/presentation/widgets/hub/trading_bots_page_tools.dart,0,0,0,0,0,0,0,0,no,-
trade_bots,root_page,flutter_app/lib/features/trade_bots/presentation/widgets/settings/bot_api_documentation_endpoints.dart,0,0,0,0,0,0,0,0,no,-
trade_bots,root_page,flutter_app/lib/features/trade_bots/presentation/widgets/settings/bot_api_documentation_intro_tabs.dart,0,0,0,0,0,0,0,0,no,-
trade_bots,root_page,flutter_app/lib/features/trade_bots/presentation/widgets/settings/bot_api_documentation_support_common.dart,0,0,0,0,0,0,0,0,no,-
trade_bots,root_page,flutter_app/lib/features/trade_bots/presentation/widgets/settings/bot_api_documentation_websocket_examples.dart,0,0,0,0,0,0,0,0,no,-
trade_bots,root_page,flutter_app/lib/features/trade_bots/presentation/widgets/settings/bot_emergency_stop_page_common.dart,0,0,0,0,0,0,0,0,no,-
trade_bots,root_page,flutter_app/lib/features/trade_bots/presentation/widgets/settings/bot_emergency_stop_page_sections.dart,0,0,0,0,0,0,0,0,no,-
trade_bots,root_page,flutter_app/lib/features/trade_bots/presentation/widgets/settings/bot_faq_cards_help.dart,0,0,0,0,0,0,0,0,no,-
trade_bots,root_page,flutter_app/lib/features/trade_bots/presentation/widgets/settings/bot_faq_search_tabs.dart,0,0,0,0,0,0,0,0,no,-
trade_bots,root_page,flutter_app/lib/features/trade_bots/presentation/widgets/settings/bot_guide_blocks.dart,0,0,0,0,0,0,0,0,no,-
trade_bots,root_page,flutter_app/lib/features/trade_bots/presentation/widgets/settings/bot_guide_common.dart,0,0,0,0,0,0,0,0,no,-
trade_bots,root_page,flutter_app/lib/features/trade_bots/presentation/widgets/settings/bot_guide_intro_tabs.dart,0,0,0,0,0,0,0,0,no,-
trade_bots,root_page,flutter_app/lib/features/trade_bots/presentation/widgets/settings/bot_guide_practices_videos.dart,0,0,0,0,0,0,0,0,no,-
trade_bots,root_page,flutter_app/lib/features/trade_bots/presentation/widgets/settings/bot_guide_strategies.dart,0,0,0,0,0,0,0,0,no,-
trade_bots,root_page,flutter_app/lib/features/trade_bots/presentation/widgets/settings/bot_risk_disclosure_page_common.dart,0,0,0,0,0,0,0,0,no,-
trade_bots,root_page,flutter_app/lib/features/trade_bots/presentation/widgets/settings/bot_risk_disclosure_page_sections.dart,0,0,0,0,0,0,0,0,no,-
trade_bots,root_page,flutter_app/lib/features/trade_bots/presentation/widgets/settings/bot_security_settings_cards.dart,0,0,0,0,0,0,0,0,no,-
trade_bots,root_page,flutter_app/lib/features/trade_bots/presentation/widgets/settings/bot_security_settings_common.dart,0,0,0,0,0,0,0,0,no,-
trade_bots,root_page,flutter_app/lib/features/trade_bots/presentation/widgets/settings/bot_security_settings_sheets.dart,0,0,0,0,0,0,0,0,no,-
trade_bots,root_page,flutter_app/lib/features/trade_bots/presentation/widgets/settings/bot_suitability_breakdown_common.dart,0,0,0,0,0,0,0,0,no,-
trade_bots,root_page,flutter_app/lib/features/trade_bots/presentation/widgets/settings/bot_suitability_questions_info.dart,0,0,0,0,0,0,0,0,no,-
trade_bots,root_page,flutter_app/lib/features/trade_bots/presentation/widgets/settings/bot_suitability_result_score.dart,0,0,0,0,0,0,0,0,no,-
trade_bots,root_page,flutter_app/lib/features/trade_bots/presentation/widgets/settings/bot_tax_reporting_common.dart,0,0,0,0,0,0,0,0,no,-
trade_bots,root_page,flutter_app/lib/features/trade_bots/presentation/widgets/settings/bot_tax_reporting_notice_year.dart,0,0,0,0,0,0,0,0,no,-
trade_bots,root_page,flutter_app/lib/features/trade_bots/presentation/widgets/settings/bot_tax_reporting_reports.dart,0,0,0,0,0,0,0,0,no,-
trade_bots,root_page,flutter_app/lib/features/trade_bots/presentation/widgets/settings/bot_tax_reporting_summary.dart,0,0,0,0,0,0,0,0,no,-
trade_bots,root_page,flutter_app/lib/features/trade_bots/presentation/widgets/settings/bot_terms_of_service_page_common.dart,0,0,0,0,0,0,0,0,no,-
trade_bots,root_page,flutter_app/lib/features/trade_bots/presentation/widgets/settings/bot_terms_of_service_page_sections.dart,0,0,0,0,0,0,0,0,no,-
trade_bots,feature_widget,flutter_app/lib/features/trade_bots/presentation/widgets/settings/trade_bot_radio_icon.dart,0,0,0,0,0,0,0,0,no,-
trade_compliance,root_page,flutter_app/lib/features/trade_compliance/presentation/pages/client_money/arm_integration_status_page.dart,0,0,0,0,0,0,0,0,no,-
trade_compliance,root_page,flutter_app/lib/features/trade_compliance/presentation/pages/client_money/cass_reconciliation_page.dart,0,0,0,0,0,0,0,0,no,-
trade_compliance,root_page,flutter_app/lib/features/trade_compliance/presentation/pages/client_money/client_money_protection_page.dart,0,0,0,0,0,0,0,0,no,-
trade_compliance,root_page,flutter_app/lib/features/trade_compliance/presentation/pages/client_money/investor_compensation_page.dart,0,0,0,0,0,0,0,0,no,-
trade_compliance,root_page,flutter_app/lib/features/trade_compliance/presentation/pages/complaints/complaint_submission_page.dart,0,0,0,0,0,0,0,0,no,-
trade_compliance,root_page,flutter_app/lib/features/trade_compliance/presentation/pages/complaints/complaint_tracking_page.dart,0,0,0,0,0,0,0,0,no,-
trade_compliance,root_page,flutter_app/lib/features/trade_compliance/presentation/pages/complaints/complaints_handling_page.dart,0,0,0,0,0,0,0,0,no,-
trade_compliance,root_page,flutter_app/lib/features/trade_compliance/presentation/pages/complaints/ombudsman_referral_page.dart,0,0,0,0,0,0,0,0,no,-
trade_compliance,root_page,flutter_app/lib/features/trade_compliance/presentation/pages/disclosures/ex_ante_costs_page.dart,0,0,0,0,0,0,0,0,no,-
trade_compliance,root_page,flutter_app/lib/features/trade_compliance/presentation/pages/disclosures/ex_post_costs_report_page.dart,0,0,0,0,0,0,0,0,no,-
trade_compliance,root_page,flutter_app/lib/features/trade_compliance/presentation/pages/disclosures/kid_generator_page.dart,0,0,0,0,0,0,0,0,no,-
trade_compliance,root_page,flutter_app/lib/features/trade_compliance/presentation/pages/disclosures/performance_scenarios_page.dart,0,0,0,0,0,0,0,0,no,-
trade_compliance,root_page,flutter_app/lib/features/trade_compliance/presentation/pages/disclosures/regulatory_disclosures_page.dart,0,0,0,0,0,0,0,0,no,-
trade_compliance,root_page,flutter_app/lib/features/trade_compliance/presentation/pages/disclosures/risk_indicator_explainer_page.dart,0,0,0,0,0,0,0,0,no,-
trade_compliance,root_page,flutter_app/lib/features/trade_compliance/presentation/pages/disclosures/riy_calculator_page.dart,0,0,0,0,0,0,0,0,no,-
trade_compliance,root_page,flutter_app/lib/features/trade_compliance/presentation/pages/execution/best_execution_reports_page.dart,0,0,0,0,0,0,0,0,no,-
trade_compliance,root_page,flutter_app/lib/features/trade_compliance/presentation/pages/execution/execution_venue_analysis_page.dart,0,0,0,0,0,0,0,0,no,-
trade_compliance,root_page,flutter_app/lib/features/trade_compliance/presentation/pages/execution/live_market_data_analytics_page.dart,0,0,0,0,0,0,0,0,no,-
trade_compliance,root_page,flutter_app/lib/features/trade_compliance/presentation/pages/execution/market_data_analytics_page.dart,0,0,0,0,0,0,0,0,no,-
trade_compliance,root_page,flutter_app/lib/features/trade_compliance/presentation/pages/execution/slippage_monitoring_page.dart,0,0,0,0,0,0,0,0,no,-
trade_compliance,root_page,flutter_app/lib/features/trade_compliance/presentation/pages/governance/audit_trail_page.dart,0,0,0,0,0,0,0,0,no,-
trade_compliance,root_page,flutter_app/lib/features/trade_compliance/presentation/pages/governance/client_categorization_opt_up_page.dart,0,0,0,0,0,0,0,0,no,-
trade_compliance,root_page,flutter_app/lib/features/trade_compliance/presentation/pages/governance/client_categorization_page.dart,0,0,0,0,0,0,0,0,no,-
trade_compliance,root_page,flutter_app/lib/features/trade_compliance/presentation/pages/governance/product_governance_page.dart,0,0,0,0,0,0,0,0,no,-
trade_compliance,root_page,flutter_app/lib/features/trade_compliance/presentation/pages/governance/regulatory_inspection_ready_page.dart,0,0,0,0,0,0,0,0,no,-
trade_compliance,root_page,flutter_app/lib/features/trade_compliance/presentation/pages/governance/target_market_definition_page.dart,0,0,0,0,0,0,0,0,no,-
trade_compliance,root_page,flutter_app/lib/features/trade_compliance/presentation/pages/governance/transaction_reporting_page.dart,0,0,0,0,0,0,0,0,no,-
trade_compliance,root_page,flutter_app/lib/features/trade_compliance/presentation/pages/hub/regulatory_reports_dashboard_page.dart,0,0,0,0,0,0,0,0,no,-
trade_compliance,root_page,flutter_app/lib/features/trade_compliance/presentation/widgets/client_money/arm_integration_common_painter.dart,0,0,0,0,0,0,0,0,yes,allowed_source_keyword: custompainter
trade_compliance,root_page,flutter_app/lib/features/trade_compliance/presentation/widgets/client_money/arm_integration_providers.dart,0,0,0,0,0,0,0,0,no,-
trade_compliance,root_page,flutter_app/lib/features/trade_compliance/presentation/widgets/client_money/arm_integration_sla_actions.dart,0,0,0,0,0,0,0,0,no,-
trade_compliance,root_page,flutter_app/lib/features/trade_compliance/presentation/widgets/client_money/cass_reconciliation_records_common.dart,0,0,0,0,0,0,0,0,no,-
trade_compliance,root_page,flutter_app/lib/features/trade_compliance/presentation/widgets/client_money/cass_reconciliation_summary_tabs.dart,0,0,0,0,0,0,0,0,no,-
trade_compliance,root_page,flutter_app/lib/features/trade_compliance/presentation/widgets/client_money/client_money_protection_page_common.dart,0,0,0,0,0,0,0,0,no,-
trade_compliance,root_page,flutter_app/lib/features/trade_compliance/presentation/widgets/client_money/client_money_protection_page_sections.dart,0,0,0,0,0,0,0,0,no,-
trade_compliance,root_page,flutter_app/lib/features/trade_compliance/presentation/widgets/client_money/investor_compensation_page_common.dart,0,0,0,0,0,0,0,0,no,-
trade_compliance,root_page,flutter_app/lib/features/trade_compliance/presentation/widgets/client_money/investor_compensation_page_sections.dart,0,0,0,0,0,0,0,0,no,-
trade_compliance,root_page,flutter_app/lib/features/trade_compliance/presentation/widgets/complaints/complaint_submission_page_common.dart,0,0,0,0,0,0,0,0,no,-
trade_compliance,root_page,flutter_app/lib/features/trade_compliance/presentation/widgets/complaints/complaint_submission_page_sections.dart,0,0,0,0,0,0,0,0,no,-
trade_compliance,root_page,flutter_app/lib/features/trade_compliance/presentation/widgets/complaints/complaints_handling_overview_complaints.dart,0,0,0,0,0,0,0,0,no,-
trade_compliance,root_page,flutter_app/lib/features/trade_compliance/presentation/widgets/complaints/complaints_handling_overview_header_tabs.dart,0,0,0,0,0,0,0,0,no,-
trade_compliance,root_page,flutter_app/lib/features/trade_compliance/presentation/widgets/complaints/complaints_handling_process_common.dart,0,0,0,0,0,0,0,0,no,-
trade_compliance,root_page,flutter_app/lib/features/trade_compliance/presentation/widgets/disclosures/ex_ante_costs_common.dart,0,0,0,0,0,0,0,0,no,-
trade_compliance,root_page,flutter_app/lib/features/trade_compliance/presentation/widgets/disclosures/ex_ante_costs_overview.dart,0,0,0,0,0,0,0,0,no,-
trade_compliance,root_page,flutter_app/lib/features/trade_compliance/presentation/widgets/disclosures/ex_ante_costs_scenarios_actions.dart,0,0,0,0,0,0,0,0,no,-
trade_compliance,root_page,flutter_app/lib/features/trade_compliance/presentation/widgets/disclosures/ex_ante_costs_summary_breakdown.dart,0,0,0,0,0,0,0,0,no,-
trade_compliance,root_page,flutter_app/lib/features/trade_compliance/presentation/widgets/disclosures/ex_post_costs_report_summary.dart,0,0,0,0,0,0,0,0,no,-
trade_compliance,root_page,flutter_app/lib/features/trade_compliance/presentation/widgets/disclosures/ex_post_costs_report_variance_common.dart,0,0,0,0,0,0,0,0,no,-
trade_compliance,root_page,flutter_app/lib/features/trade_compliance/presentation/widgets/disclosures/performance_scenarios_intro_widgets.dart,0,0,0,0,0,0,0,0,no,-
trade_compliance,root_page,flutter_app/lib/features/trade_compliance/presentation/widgets/disclosures/performance_scenarios_outcome_widgets.dart,0,0,0,0,0,0,0,0,no,-
trade_compliance,root_page,flutter_app/lib/features/trade_compliance/presentation/widgets/disclosures/regulatory_disclosures_actions.dart,0,0,0,0,0,0,0,0,no,-
trade_compliance,root_page,flutter_app/lib/features/trade_compliance/presentation/widgets/disclosures/regulatory_disclosures_cards.dart,0,0,0,0,0,0,0,0,no,-
trade_compliance,root_page,flutter_app/lib/features/trade_compliance/presentation/widgets/disclosures/regulatory_disclosures_common.dart,0,0,0,0,0,0,0,0,no,-
trade_compliance,root_page,flutter_app/lib/features/trade_compliance/presentation/widgets/disclosures/regulatory_disclosures_hero_tabs.dart,0,0,0,0,0,0,0,0,no,-
trade_compliance,root_page,flutter_app/lib/features/trade_compliance/presentation/widgets/disclosures/regulatory_disclosures_tabs.dart,0,0,0,0,0,0,0,0,no,-
trade_compliance,root_page,flutter_app/lib/features/trade_compliance/presentation/widgets/disclosures/risk_indicator_details_common.dart,0,0,0,0,0,0,0,0,no,-
trade_compliance,root_page,flutter_app/lib/features/trade_compliance/presentation/widgets/disclosures/risk_indicator_scale_intro.dart,0,0,0,0,0,0,0,0,no,-
trade_compliance,root_page,flutter_app/lib/features/trade_compliance/presentation/widgets/disclosures/riy_calculator_page_common.dart,0,0,0,0,0,0,0,0,yes,allowed_source_keyword: custompainter
trade_compliance,root_page,flutter_app/lib/features/trade_compliance/presentation/widgets/disclosures/riy_calculator_page_sections.dart,0,0,0,0,0,0,0,0,no,-
trade_compliance,root_page,flutter_app/lib/features/trade_compliance/presentation/widgets/execution/best_execution_archive_common.dart,0,0,0,0,0,0,0,0,no,-
trade_compliance,root_page,flutter_app/lib/features/trade_compliance/presentation/widgets/execution/best_execution_current.dart,0,0,0,0,0,0,0,0,no,-
trade_compliance,root_page,flutter_app/lib/features/trade_compliance/presentation/widgets/execution/best_execution_overview.dart,0,0,0,0,0,0,0,0,no,-
trade_compliance,root_page,flutter_app/lib/features/trade_compliance/presentation/widgets/execution/execution_venue_common.dart,0,0,0,0,0,0,0,0,no,-
trade_compliance,root_page,flutter_app/lib/features/trade_compliance/presentation/widgets/execution/execution_venue_comparison.dart,0,0,0,0,0,0,0,0,no,-
trade_compliance,root_page,flutter_app/lib/features/trade_compliance/presentation/widgets/execution/execution_venue_speed_trends.dart,0,0,0,0,0,0,0,0,no,-
trade_compliance,root_page,flutter_app/lib/features/trade_compliance/presentation/widgets/execution/execution_venue_summary.dart,0,0,0,0,0,0,0,0,no,-
trade_compliance,feature_widget,flutter_app/lib/features/trade_compliance/presentation/widgets/execution/live_market_chart_painter.dart,0,0,0,0,0,0,0,0,yes,allowed_source_keyword: custompainter
trade_compliance,feature_widget,flutter_app/lib/features/trade_compliance/presentation/widgets/execution/live_market_common_widgets.dart,0,0,0,0,0,0,0,0,no,-
trade_compliance,feature_widget,flutter_app/lib/features/trade_compliance/presentation/widgets/execution/live_market_data_analytics_widgets.dart,0,0,0,0,0,0,0,0,no,-
trade_compliance,feature_widget,flutter_app/lib/features/trade_compliance/presentation/widgets/execution/live_market_interest_cards.dart,0,0,0,0,0,0,0,0,no,-
trade_compliance,feature_widget,flutter_app/lib/features/trade_compliance/presentation/widgets/execution/live_market_interest_funding.dart,0,0,0,0,0,0,0,0,no,-
trade_compliance,feature_widget,flutter_app/lib/features/trade_compliance/presentation/widgets/execution/live_market_interest_open_interest.dart,0,0,0,0,0,0,0,0,no,-
trade_compliance,feature_widget,flutter_app/lib/features/trade_compliance/presentation/widgets/execution/live_market_interest_ratio.dart,0,0,0,0,0,0,0,0,no,-
trade_compliance,feature_widget,flutter_app/lib/features/trade_compliance/presentation/widgets/execution/live_market_interest_top_traders.dart,0,0,0,0,0,0,0,0,no,-
trade_compliance,feature_widget,flutter_app/lib/features/trade_compliance/presentation/widgets/execution/live_market_liquidations.dart,0,0,0,0,0,0,0,0,no,-
trade_compliance,feature_widget,flutter_app/lib/features/trade_compliance/presentation/widgets/execution/live_market_pair_card.dart,0,0,0,0,0,0,0,0,no,-
trade_compliance,feature_widget,flutter_app/lib/features/trade_compliance/presentation/widgets/execution/live_market_sentiment.dart,0,0,0,0,0,0,0,0,no,-
trade_compliance,feature_widget,flutter_app/lib/features/trade_compliance/presentation/widgets/execution/live_market_tabs.dart,0,0,0,0,0,0,0,0,no,-
trade_compliance,root_page,flutter_app/lib/features/trade_compliance/presentation/widgets/execution/market_data_analytics_funding_traders.dart,0,0,0,0,0,0,0,0,yes,allowed_source_keyword: custompainter
trade_compliance,root_page,flutter_app/lib/features/trade_compliance/presentation/widgets/execution/market_data_analytics_liquidations.dart,0,0,0,0,0,0,0,0,no,-
trade_compliance,root_page,flutter_app/lib/features/trade_compliance/presentation/widgets/execution/market_data_analytics_open_interest.dart,0,0,0,0,0,0,0,0,no,-
trade_compliance,root_page,flutter_app/lib/features/trade_compliance/presentation/widgets/execution/market_data_analytics_sentiment.dart,0,0,0,0,0,0,0,0,no,-
trade_compliance,root_page,flutter_app/lib/features/trade_compliance/presentation/widgets/execution/market_data_analytics_shared.dart,0,0,0,0,0,0,0,0,no,-
trade_compliance,root_page,flutter_app/lib/features/trade_compliance/presentation/widgets/execution/slippage_monitoring_common.dart,0,0,0,0,0,0,0,0,no,-
trade_compliance,root_page,flutter_app/lib/features/trade_compliance/presentation/widgets/execution/slippage_monitoring_events.dart,0,0,0,0,0,0,0,0,no,-
trade_compliance,root_page,flutter_app/lib/features/trade_compliance/presentation/widgets/execution/slippage_monitoring_overview.dart,0,0,0,0,0,0,0,0,no,-
trade_compliance,root_page,flutter_app/lib/features/trade_compliance/presentation/widgets/execution/slippage_monitoring_tabs.dart,0,0,0,0,0,0,0,0,no,-
trade_compliance,root_page,flutter_app/lib/features/trade_compliance/presentation/widgets/governance/audit_trail_page_common.dart,0,0,0,0,0,0,0,0,no,-
trade_compliance,root_page,flutter_app/lib/features/trade_compliance/presentation/widgets/governance/audit_trail_page_sections.dart,0,0,0,0,0,0,0,0,no,-
trade_compliance,root_page,flutter_app/lib/features/trade_compliance/presentation/widgets/governance/client_categorization_history_tab.dart,0,0,0,0,0,0,0,0,no,-
trade_compliance,root_page,flutter_app/lib/features/trade_compliance/presentation/widgets/governance/client_categorization_overview_tab.dart,0,0,0,0,0,0,0,0,no,-
trade_compliance,root_page,flutter_app/lib/features/trade_compliance/presentation/widgets/governance/client_categorization_page_chrome.dart,0,0,0,0,0,0,0,0,no,-
trade_compliance,root_page,flutter_app/lib/features/trade_compliance/presentation/widgets/governance/client_categorization_protections_requirements_tab.dart,0,0,0,0,0,0,0,0,no,-
trade_compliance,root_page,flutter_app/lib/features/trade_compliance/presentation/widgets/governance/product_governance_overview_tabs.dart,0,0,0,0,0,0,0,0,no,-
trade_compliance,root_page,flutter_app/lib/features/trade_compliance/presentation/widgets/governance/product_governance_products.dart,0,0,0,0,0,0,0,0,no,-
trade_compliance,root_page,flutter_app/lib/features/trade_compliance/presentation/widgets/governance/product_governance_reviews_distribution.dart,0,0,0,0,0,0,0,0,no,-
trade_compliance,root_page,flutter_app/lib/features/trade_compliance/presentation/widgets/governance/regulatory_inspection_ready_page_common.dart,0,0,0,0,0,0,0,0,no,-
trade_compliance,root_page,flutter_app/lib/features/trade_compliance/presentation/widgets/governance/regulatory_inspection_ready_page_sections.dart,0,0,0,0,0,0,0,0,no,-
trade_compliance,feature_widget,flutter_app/lib/features/trade_compliance/presentation/widgets/governance/transaction_reporting_actions.dart,0,0,0,0,0,0,0,0,no,-
trade_compliance,feature_widget,flutter_app/lib/features/trade_compliance/presentation/widgets/governance/transaction_reporting_common.dart,0,0,0,0,0,0,0,0,no,-
trade_compliance,feature_widget,flutter_app/lib/features/trade_compliance/presentation/widgets/governance/transaction_reporting_filters.dart,0,0,0,0,0,0,0,0,no,-
trade_compliance,feature_widget,flutter_app/lib/features/trade_compliance/presentation/widgets/governance/transaction_reporting_reports.dart,0,0,0,0,0,0,0,0,no,-
trade_compliance,feature_widget,flutter_app/lib/features/trade_compliance/presentation/widgets/governance/transaction_reporting_stats.dart,0,0,0,0,0,0,0,0,no,-
trade_compliance,root_page,flutter_app/lib/features/trade_compliance/presentation/widgets/hub/regulatory_reports_dashboard_controls.dart,0,0,0,0,0,0,0,0,no,-
trade_compliance,root_page,flutter_app/lib/features/trade_compliance/presentation/widgets/hub/regulatory_reports_dashboard_exports.dart,0,0,0,0,0,0,0,0,no,-
trade_compliance,root_page,flutter_app/lib/features/trade_compliance/presentation/widgets/hub/regulatory_reports_dashboard_kpis.dart,0,0,0,0,0,0,0,0,no,-
trade_compliance,root_page,flutter_app/lib/features/trade_compliance/presentation/widgets/hub/regulatory_reports_dashboard_overview.dart,0,0,0,0,0,0,0,0,no,-
trade_compliance,root_page,flutter_app/lib/features/trade_compliance/presentation/widgets/hub/regulatory_reports_dashboard_painters.dart,0,0,0,0,0,0,0,0,yes,allowed_source_keyword: custompainter
trade_compliance,root_page,flutter_app/lib/features/trade_compliance/presentation/widgets/hub/regulatory_reports_dashboard_queue_compliance.dart,0,0,0,0,0,0,0,0,no,-
trade_copy,root_page,flutter_app/lib/features/trade_copy/presentation/pages/analytics/copy_performance_page.dart,0,0,0,0,0,0,0,0,no,-
trade_copy,root_page,flutter_app/lib/features/trade_copy/presentation/pages/analytics/performance_attribution_page.dart,0,0,0,0,0,0,0,0,no,-
trade_copy,root_page,flutter_app/lib/features/trade_copy/presentation/pages/analytics/portfolio_risk_analysis_page.dart,0,0,0,0,0,0,0,0,no,-
trade_copy,root_page,flutter_app/lib/features/trade_copy/presentation/pages/flow/copy_configuration_page.dart,0,0,0,0,0,0,0,0,no,-
trade_copy,root_page,flutter_app/lib/features/trade_copy/presentation/pages/flow/copy_confirmation_page.dart,0,0,0,0,0,0,0,0,no,-
trade_copy,root_page,flutter_app/lib/features/trade_copy/presentation/pages/flow/pre_copy_assessment_page.dart,0,0,0,0,0,0,0,0,no,-
trade_copy,root_page,flutter_app/lib/features/trade_copy/presentation/pages/hub/active_copies_page.dart,0,0,0,0,0,0,0,0,no,-
trade_copy,root_page,flutter_app/lib/features/trade_copy/presentation/pages/hub/copy_notifications_page.dart,0,0,0,0,0,0,0,0,no,-
trade_copy,root_page,flutter_app/lib/features/trade_copy/presentation/pages/hub/copy_settings_page.dart,0,0,0,0,0,0,0,0,no,-
trade_copy,root_page,flutter_app/lib/features/trade_copy/presentation/pages/hub/copy_trading_card_demo.dart,0,0,0,0,0,0,0,0,no,-
trade_copy,root_page,flutter_app/lib/features/trade_copy/presentation/pages/hub/copy_trading_page.dart,0,0,0,0,0,0,0,0,no,-
trade_copy,root_page,flutter_app/lib/features/trade_copy/presentation/pages/provider/copy_provider_detail_page.dart,0,0,0,0,0,0,0,0,no,-
trade_copy,root_page,flutter_app/lib/features/trade_copy/presentation/pages/provider/provider_application_page.dart,0,0,0,0,0,0,0,0,no,-
trade_copy,root_page,flutter_app/lib/features/trade_copy/presentation/pages/provider/provider_comparison_page.dart,0,0,0,0,0,0,0,0,no,-
trade_copy,root_page,flutter_app/lib/features/trade_copy/presentation/pages/provider/provider_governance_page.dart,0,0,0,0,0,0,0,0,no,-
trade_copy,root_page,flutter_app/lib/features/trade_copy/presentation/pages/provider/provider_leaderboard_page.dart,0,0,0,0,0,0,0,0,no,-
trade_copy,root_page,flutter_app/lib/features/trade_copy/presentation/pages/provider/trader_profile_page.dart,0,0,0,0,0,0,0,0,no,-
trade_copy,root_page,flutter_app/lib/features/trade_copy/presentation/pages/safety/copy_audit_log_page.dart,0,0,0,0,0,0,0,0,no,-
trade_copy,root_page,flutter_app/lib/features/trade_copy/presentation/pages/safety/copy_education_page.dart,0,0,0,0,0,0,0,0,no,-
trade_copy,root_page,flutter_app/lib/features/trade_copy/presentation/pages/safety/copy_safety_center_page.dart,0,0,0,0,0,0,0,0,no,-
trade_copy,root_page,flutter_app/lib/features/trade_copy/presentation/pages/safety/dispute_resolution_page.dart,0,0,0,0,0,0,0,0,no,-
trade_copy,root_page,flutter_app/lib/features/trade_copy/presentation/pages/safety/safety_education_page.dart,0,0,0,0,0,0,0,0,no,-
trade_copy,root_page,flutter_app/lib/features/trade_copy/presentation/widgets/analytics/copy_performance_common.dart,0,0,0,0,0,0,0,0,yes,allowed_source_keyword: custompainter
trade_copy,root_page,flutter_app/lib/features/trade_copy/presentation/widgets/analytics/copy_performance_details.dart,0,0,0,0,0,0,0,0,no,-
trade_copy,root_page,flutter_app/lib/features/trade_copy/presentation/widgets/analytics/copy_performance_summary_tabs.dart,0,0,0,0,0,0,0,0,no,-
trade_copy,root_page,flutter_app/lib/features/trade_copy/presentation/widgets/analytics/performance_attribution_painters.dart,0,0,0,0,0,0,0,0,yes,allowed_source_keyword: custompainter
trade_copy,root_page,flutter_app/lib/features/trade_copy/presentation/widgets/analytics/performance_attribution_summary_tabs.dart,0,0,0,0,0,0,0,0,no,-
trade_copy,root_page,flutter_app/lib/features/trade_copy/presentation/widgets/analytics/performance_attribution_tabs.dart,0,0,0,0,0,0,0,0,no,-
trade_copy,root_page,flutter_app/lib/features/trade_copy/presentation/widgets/analytics/portfolio_risk_analysis_page_common.dart,0,0,0,0,0,0,0,0,yes,allowed_source_keyword: custompainter
trade_copy,root_page,flutter_app/lib/features/trade_copy/presentation/widgets/analytics/portfolio_risk_analysis_page_sections.dart,0,0,0,0,0,0,0,0,no,-
trade_copy,root_page,flutter_app/lib/features/trade_copy/presentation/widgets/flow/copy_configuration_provider_capital_mode.dart,0,0,0,0,0,0,0,0,no,-
trade_copy,root_page,flutter_app/lib/features/trade_copy/presentation/widgets/flow/copy_configuration_risk_summary.dart,0,0,0,0,0,0,0,0,no,-
trade_copy,root_page,flutter_app/lib/features/trade_copy/presentation/widgets/flow/copy_configuration_validation_common.dart,0,0,0,0,0,0,0,0,no,-
trade_copy,root_page,flutter_app/lib/features/trade_copy/presentation/widgets/flow/copy_confirmation_page_common.dart,0,0,0,0,0,0,0,0,no,-
trade_copy,root_page,flutter_app/lib/features/trade_copy/presentation/widgets/flow/copy_confirmation_page_sections.dart,0,0,0,0,0,0,0,0,no,-
trade_copy,root_page,flutter_app/lib/features/trade_copy/presentation/widgets/hub/active_copies_alerts_modal.dart,0,0,0,0,0,0,0,0,no,-
trade_copy,root_page,flutter_app/lib/features/trade_copy/presentation/widgets/hub/active_copies_card.dart,0,0,0,0,0,0,0,0,no,-
trade_copy,root_page,flutter_app/lib/features/trade_copy/presentation/widgets/hub/active_copies_expanded_details.dart,0,0,0,0,0,0,0,0,no,-
trade_copy,root_page,flutter_app/lib/features/trade_copy/presentation/widgets/hub/active_copies_overview.dart,0,0,0,0,0,0,0,0,no,-
trade_copy,root_page,flutter_app/lib/features/trade_copy/presentation/widgets/hub/active_copies_shared.dart,0,0,0,0,0,0,0,0,no,-
trade_copy,root_page,flutter_app/lib/features/trade_copy/presentation/widgets/hub/copy_notifications_page_common.dart,0,0,0,0,0,0,0,0,no,-
trade_copy,root_page,flutter_app/lib/features/trade_copy/presentation/widgets/hub/copy_notifications_page_sections.dart,0,0,0,0,0,0,0,0,no,-
trade_copy,root_page,flutter_app/lib/features/trade_copy/presentation/widgets/hub/copy_settings_contacts_privacy.dart,0,0,0,0,0,0,0,0,no,-
trade_copy,root_page,flutter_app/lib/features/trade_copy/presentation/widgets/hub/copy_settings_controls.dart,0,0,0,0,0,0,0,0,no,-
trade_copy,root_page,flutter_app/lib/features/trade_copy/presentation/widgets/hub/copy_settings_modes.dart,0,0,0,0,0,0,0,0,no,-
trade_copy,root_page,flutter_app/lib/features/trade_copy/presentation/widgets/hub/copy_trading_card_demo_common.dart,0,0,0,0,0,0,0,0,no,-
trade_copy,feature_widget,flutter_app/lib/features/trade_copy/presentation/widgets/hub/copy_trading_card_demo_primitives.dart,0,0,0,0,0,0,0,0,no,-
trade_copy,root_page,flutter_app/lib/features/trade_copy/presentation/widgets/hub/copy_trading_card_demo_sections.dart,0,0,0,0,0,0,0,0,no,-
trade_copy,feature_widget,flutter_app/lib/features/trade_copy/presentation/widgets/hub/copy_trading_card_demo_widgets.dart,0,0,0,0,0,0,0,0,no,-
trade_copy,root_page,flutter_app/lib/features/trade_copy/presentation/widgets/hub/copy_trading_hero.dart,0,0,0,0,0,0,0,0,no,-
trade_copy,feature_widget,flutter_app/lib/features/trade_copy/presentation/widgets/hub/copy_trading_list.dart,0,0,0,0,0,0,0,0,no,-
trade_copy,root_page,flutter_app/lib/features/trade_copy/presentation/widgets/hub/copy_trading_metrics_common.dart,0,0,0,0,0,0,0,0,no,-
trade_copy,root_page,flutter_app/lib/features/trade_copy/presentation/widgets/provider/provider_application_common.dart,0,0,0,0,0,0,0,0,no,-
trade_copy,root_page,flutter_app/lib/features/trade_copy/presentation/widgets/provider/provider_application_progress_intro.dart,0,0,0,0,0,0,0,0,no,-
trade_copy,root_page,flutter_app/lib/features/trade_copy/presentation/widgets/provider/provider_application_steps.dart,0,0,0,0,0,0,0,0,no,-
trade_copy,root_page,flutter_app/lib/features/trade_copy/presentation/widgets/provider/provider_governance_page_common.dart,0,0,0,0,0,0,0,0,no,-
trade_copy,root_page,flutter_app/lib/features/trade_copy/presentation/widgets/provider/provider_governance_page_details.dart,0,0,0,0,0,0,0,0,no,-
trade_copy,root_page,flutter_app/lib/features/trade_copy/presentation/widgets/provider/provider_governance_page_overview.dart,0,0,0,0,0,0,0,0,no,-
trade_copy,root_page,flutter_app/lib/features/trade_copy/presentation/widgets/provider/provider_leaderboard_cards.dart,0,0,0,0,0,0,0,0,no,-
trade_copy,root_page,flutter_app/lib/features/trade_copy/presentation/widgets/provider/provider_leaderboard_controls.dart,0,0,0,0,0,0,0,0,no,-
trade_copy,root_page,flutter_app/lib/features/trade_copy/presentation/widgets/provider/provider_leaderboard_disclaimer.dart,0,0,0,0,0,0,0,0,no,-
trade_copy,feature_widget,flutter_app/lib/features/trade_copy/presentation/widgets/provider/trader_profile_chart_painters.dart,0,0,0,0,0,0,0,0,yes,allowed_source_keyword: custompainter
trade_copy,root_page,flutter_app/lib/features/trade_copy/presentation/widgets/provider/trader_profile_overview.dart,0,0,0,0,0,0,0,0,no,-
trade_copy,root_page,flutter_app/lib/features/trade_copy/presentation/widgets/provider/trader_profile_stats_common.dart,0,0,0,0,0,0,0,0,no,-
trade_copy,root_page,flutter_app/lib/features/trade_copy/presentation/widgets/provider/trader_profile_trades.dart,0,0,0,0,0,0,0,0,no,-
trade_copy,root_page,flutter_app/lib/features/trade_copy/presentation/widgets/safety/copy_audit_log_controls.dart,0,0,0,0,0,0,0,0,no,-
trade_copy,root_page,flutter_app/lib/features/trade_copy/presentation/widgets/safety/copy_audit_log_events.dart,0,0,0,0,0,0,0,0,no,-
trade_copy,root_page,flutter_app/lib/features/trade_copy/presentation/widgets/safety/copy_audit_log_summary.dart,0,0,0,0,0,0,0,0,no,-
trade_copy,root_page,flutter_app/lib/features/trade_copy/presentation/widgets/safety/copy_education_page_common.dart,0,0,0,0,0,0,0,0,no,-
trade_copy,root_page,flutter_app/lib/features/trade_copy/presentation/widgets/safety/copy_education_page_sections.dart,0,0,0,0,0,0,0,0,no,-
trade_copy,root_page,flutter_app/lib/features/trade_copy/presentation/widgets/safety/copy_safety_enforcement_common.dart,0,0,0,0,0,0,0,0,no,-
trade_copy,root_page,flutter_app/lib/features/trade_copy/presentation/widgets/safety/copy_safety_metrics_tools.dart,0,0,0,0,0,0,0,0,no,-
trade_copy,root_page,flutter_app/lib/features/trade_copy/presentation/widgets/safety/copy_safety_overview.dart,0,0,0,0,0,0,0,0,no,-
trade_copy,root_page,flutter_app/lib/features/trade_copy/presentation/widgets/safety/dispute_resolution_cases.dart,0,0,0,0,0,0,0,0,no,-
trade_copy,root_page,flutter_app/lib/features/trade_copy/presentation/widgets/safety/dispute_resolution_common.dart,0,0,0,0,0,0,0,0,no,-
trade_copy,root_page,flutter_app/lib/features/trade_copy/presentation/widgets/safety/dispute_resolution_form.dart,0,0,0,0,0,0,0,0,no,-
trade_copy,root_page,flutter_app/lib/features/trade_copy/presentation/widgets/safety/safety_education_page_common.dart,0,0,0,0,0,0,0,0,no,-
trade_copy,root_page,flutter_app/lib/features/trade_copy/presentation/widgets/safety/safety_education_page_sections.dart,0,0,0,0,0,0,0,0,no,-
trade_copy,feature_widget,flutter_app/lib/features/trade_copy/presentation/widgets/trade_copy_consent_card.dart,0,0,0,0,0,0,0,0,no,-
trade_copy,feature_widget,flutter_app/lib/features/trade_copy/presentation/widgets/trade_copy_header_body_card.dart,0,0,0,0,0,0,0,0,no,-
trade_core,feature_widget,flutter_app/lib/features/trade_core/presentation/widgets/trade_body_review_widgets.dart,0,0,0,0,0,0,0,0,no,-
trade_core,feature_widget,flutter_app/lib/features/trade_core/presentation/widgets/trade_formatters.dart,0,0,0,0,0,0,0,0,no,-
trade_core,feature_widget,flutter_app/lib/features/trade_core/presentation/widgets/trade_high_risk_status_ui.dart,0,0,0,0,0,0,0,0,no,-
trade_core,feature_widget,flutter_app/lib/features/trade_core/presentation/widgets/trade_module_layout.dart,0,0,0,0,0,0,0,0,no,-
trade_core,feature_widget,flutter_app/lib/features/trade_core/presentation/widgets/trade_product_navigation.dart,0,0,0,0,0,0,0,0,no,-
trade_core,feature_widget,flutter_app/lib/features/trade_core/presentation/widgets/vit_trade_analytics_hero.dart,0,0,0,0,0,0,0,0,no,-
trade_core,feature_widget,flutter_app/lib/features/trade_core/presentation/widgets/vit_trade_compliance_hero.dart,0,0,0,0,0,0,0,0,no,-
trade_core,feature_widget,flutter_app/lib/features/trade_core/presentation/widgets/vit_trade_compliance_section.dart,0,0,0,0,0,0,0,0,no,-
trade_core,feature_widget,flutter_app/lib/features/trade_core/presentation/widgets/vit_trade_detail_hero.dart,0,0,0,0,0,0,0,0,no,-
trade_core,feature_widget,flutter_app/lib/features/trade_core/presentation/widgets/vit_trade_hub_hero.dart,0,0,0,0,0,0,0,0,no,-
trade_core,feature_widget,flutter_app/lib/features/trade_core/presentation/widgets/vit_trade_product_tabs.dart,0,0,0,0,0,0,0,0,no,-
trade_core,feature_widget,flutter_app/lib/features/trade_core/presentation/widgets/vit_trade_terminal_header.dart,0,0,0,0,0,0,0,0,yes,allowed_source_keyword: trade chart
trade_terminal,root_page,flutter_app/lib/features/trade_terminal/presentation/pages/tools/advanced_analytics_page.dart,0,0,0,0,0,0,0,0,no,-
trade_terminal,root_page,flutter_app/lib/features/trade_terminal/presentation/pages/tools/advanced_chart_page.dart,0,0,0,0,0,0,0,0,no,-
trade_terminal,root_page,flutter_app/lib/features/trade_terminal/presentation/pages/tools/advanced_tools_demo_page.dart,0,0,0,0,0,0,0,0,no,-
trade_terminal,root_page,flutter_app/lib/features/trade_terminal/presentation/pages/tools/advanced_trading_demo_page.dart,0,0,0,0,0,0,0,0,no,-
trade_terminal,root_page,flutter_app/lib/features/trade_terminal/presentation/pages/tools/execution_quality_demo_page.dart,0,0,0,0,0,0,0,0,no,-
trade_terminal,root_page,flutter_app/lib/features/trade_terminal/presentation/pages/tools/risk_management_demo_page.dart,0,0,0,0,0,0,0,0,no,-
trade_terminal,root_page,flutter_app/lib/features/trade_terminal/presentation/widgets/tools/advanced_analytics_page_ai_signals.dart,0,0,0,0,0,0,0,0,no,-
trade_terminal,root_page,flutter_app/lib/features/trade_terminal/presentation/widgets/tools/advanced_analytics_page_risk_journal.dart,0,0,0,0,0,0,0,0,no,-
trade_terminal,root_page,flutter_app/lib/features/trade_terminal/presentation/widgets/tools/advanced_analytics_page_shared.dart,0,0,0,0,0,0,0,0,no,-
trade_terminal,root_page,flutter_app/lib/features/trade_terminal/presentation/widgets/tools/advanced_analytics_page_signal_card.dart,0,0,0,0,0,0,0,0,no,-
trade_terminal,root_page,flutter_app/lib/features/trade_terminal/presentation/widgets/tools/advanced_analytics_page_sizing_footer.dart,0,0,0,0,0,0,0,0,no,-
trade_terminal,root_page,flutter_app/lib/features/trade_terminal/presentation/widgets/tools/advanced_chart_area_actions.dart,0,0,0,0,0,0,0,0,no,-
trade_terminal,root_page,flutter_app/lib/features/trade_terminal/presentation/widgets/tools/advanced_chart_header_toolbar.dart,0,0,0,0,0,0,0,0,no,-
trade_terminal,root_page,flutter_app/lib/features/trade_terminal/presentation/widgets/tools/advanced_chart_painter.dart,0,0,0,0,0,0,0,0,yes,allowed_source_keyword: custompainter
trade_terminal,root_page,flutter_app/lib/features/trade_terminal/presentation/widgets/tools/advanced_tools_common.dart,0,0,0,0,0,0,0,0,no,-
trade_terminal,root_page,flutter_app/lib/features/trade_terminal/presentation/widgets/tools/advanced_tools_overview.dart,0,0,0,0,0,0,0,0,no,-
trade_terminal,root_page,flutter_app/lib/features/trade_terminal/presentation/widgets/tools/advanced_tools_tabs_sheets.dart,0,0,0,0,0,0,0,0,no,-
trade_terminal,root_page,flutter_app/lib/features/trade_terminal/presentation/widgets/tools/advanced_trading_demo_page_common.dart,0,0,0,0,0,0,0,0,no,-
trade_terminal,root_page,flutter_app/lib/features/trade_terminal/presentation/widgets/tools/advanced_trading_demo_page_sections.dart,0,0,0,0,0,0,0,0,no,-
trade_terminal,feature_widget,flutter_app/lib/features/trade_terminal/presentation/widgets/tools/execution_quality_common.dart,0,0,0,0,0,0,0,0,no,-
trade_terminal,feature_widget,flutter_app/lib/features/trade_terminal/presentation/widgets/tools/execution_quality_overview.dart,0,0,0,0,0,0,0,0,no,-
trade_terminal,feature_widget,flutter_app/lib/features/trade_terminal/presentation/widgets/tools/execution_quality_sheets.dart,0,0,0,0,0,0,0,0,no,-
trade_terminal,feature_widget,flutter_app/lib/features/trade_terminal/presentation/widgets/tools/execution_quality_tabs.dart,0,0,0,0,0,0,0,0,no,-
trade_terminal,root_page,flutter_app/lib/features/trade_terminal/presentation/widgets/tools/risk_management_common.dart,0,0,0,0,0,0,0,0,no,-
trade_terminal,root_page,flutter_app/lib/features/trade_terminal/presentation/widgets/tools/risk_management_overview.dart,0,0,0,0,0,0,0,0,no,-
trade_terminal,root_page,flutter_app/lib/features/trade_terminal/presentation/widgets/tools/risk_management_tabs.dart,0,0,0,0,0,0,0,0,no,-
wallet,root_page,flutter_app/lib/features/wallet/presentation/pages/address/address_add_page.dart,0,0,0,0,0,0,0,0,no,-
wallet,root_page,flutter_app/lib/features/wallet/presentation/pages/address/address_book_page.dart,0,0,0,0,0,0,0,0,no,-
wallet,root_page,flutter_app/lib/features/wallet/presentation/pages/assets/asset_detail_page.dart,0,0,0,0,0,0,0,0,no,-
wallet,root_page,flutter_app/lib/features/wallet/presentation/pages/assets/buy_crypto_page.dart,0,0,0,0,0,0,0,0,no,-
wallet,root_page,flutter_app/lib/features/wallet/presentation/pages/assets/dust_converter_page.dart,0,0,0,0,0,0,0,0,no,-
wallet,root_page,flutter_app/lib/features/wallet/presentation/pages/history/transaction_detail_page.dart,0,0,0,0,0,0,0,0,no,-
wallet,root_page,flutter_app/lib/features/wallet/presentation/pages/history/transaction_history_page.dart,0,0,0,0,0,0,0,0,no,-
wallet,root_page,flutter_app/lib/features/wallet/presentation/pages/hub/wallet_page.dart,0,0,0,0,0,0,0,0,no,-
wallet,root_page,flutter_app/lib/features/wallet/presentation/pages/hub/wallet_tablet_page.dart,0,0,0,0,0,0,0,0,no,-
wallet,root_page,flutter_app/lib/features/wallet/presentation/pages/phone/wallet_page.dart,0,0,0,0,0,0,0,0,no,-
wallet,root_page,flutter_app/lib/features/wallet/presentation/pages/tablet/wallet_tablet_page.dart,0,0,0,0,0,0,0,0,no,-
wallet,root_page,flutter_app/lib/features/wallet/presentation/pages/tools/network_status_page.dart,0,0,0,0,0,0,0,0,no,-
wallet,root_page,flutter_app/lib/features/wallet/presentation/pages/tools/portfolio_analytics_page.dart,0,0,0,0,0,0,0,0,no,-
wallet,root_page,flutter_app/lib/features/wallet/presentation/pages/tools/wallet_gas_optimizer_page.dart,0,0,0,0,0,0,0,0,no,-
wallet,root_page,flutter_app/lib/features/wallet/presentation/pages/tools/wallet_health_score_page.dart,0,0,0,0,0,0,0,0,no,-
wallet,root_page,flutter_app/lib/features/wallet/presentation/pages/tools/wallet_multi_manager_page.dart,0,0,0,0,0,0,0,0,no,-
wallet,root_page,flutter_app/lib/features/wallet/presentation/pages/tools/wallet_token_approval_page.dart,0,0,0,0,0,0,0,0,no,-
wallet,root_page,flutter_app/lib/features/wallet/presentation/pages/transfer/deposit_page.dart,0,0,0,0,0,0,0,0,no,-
wallet,root_page,flutter_app/lib/features/wallet/presentation/pages/transfer/pending_deposits_page.dart,0,0,0,0,0,0,0,0,no,-
wallet,root_page,flutter_app/lib/features/wallet/presentation/pages/transfer/transfer_page.dart,0,0,0,0,0,0,0,0,no,-
wallet,root_page,flutter_app/lib/features/wallet/presentation/pages/transfer/withdraw_limits_page.dart,0,0,0,0,0,0,0,0,no,-
wallet,root_page,flutter_app/lib/features/wallet/presentation/pages/transfer/withdraw_page.dart,0,0,0,0,0,0,0,0,no,-
wallet,feature_widget,flutter_app/lib/features/wallet/presentation/widgets/address/wallet_address_add_agreement.dart,0,0,0,0,0,0,0,0,no,-
wallet,feature_widget,flutter_app/lib/features/wallet/presentation/widgets/address/wallet_address_add_common.dart,0,0,0,0,0,0,0,0,no,-
wallet,feature_widget,flutter_app/lib/features/wallet/presentation/widgets/address/wallet_address_add_form.dart,0,0,0,0,0,0,0,0,no,-
wallet,feature_widget,flutter_app/lib/features/wallet/presentation/widgets/address/wallet_address_add_preview.dart,0,0,0,0,0,0,0,0,no,-
wallet,feature_widget,flutter_app/lib/features/wallet/presentation/widgets/address/wallet_address_add_sections.dart,0,0,0,0,0,0,0,0,no,-
wallet,feature_widget,flutter_app/lib/features/wallet/presentation/widgets/address/wallet_address_add_selectors.dart,0,0,0,0,0,0,0,0,no,-
wallet,feature_widget,flutter_app/lib/features/wallet/presentation/widgets/address/wallet_address_book_controls.dart,0,0,0,0,0,0,0,0,no,-
wallet,feature_widget,flutter_app/lib/features/wallet/presentation/widgets/address/wallet_address_book_list.dart,0,0,0,0,0,0,0,0,no,-
wallet,feature_widget,flutter_app/lib/features/wallet/presentation/widgets/address/wallet_address_book_security.dart,0,0,0,0,0,0,0,0,no,-
wallet,root_page,flutter_app/lib/features/wallet/presentation/widgets/assets/asset_detail_page_common.dart,0,0,0,0,0,0,0,0,no,-
wallet,root_page,flutter_app/lib/features/wallet/presentation/widgets/assets/asset_detail_page_sections.dart,0,0,0,0,0,0,0,0,no,-
wallet,feature_widget,flutter_app/lib/features/wallet/presentation/widgets/assets/wallet_buy_crypto_input_sections.dart,0,0,0,0,0,0,0,0,no,-
wallet,feature_widget,flutter_app/lib/features/wallet/presentation/widgets/assets/wallet_buy_crypto_payment_sections.dart,0,0,0,0,0,0,0,0,no,-
wallet,feature_widget,flutter_app/lib/features/wallet/presentation/widgets/assets/wallet_buy_crypto_result_sections.dart,0,0,0,0,0,0,0,0,no,-
wallet,feature_widget,flutter_app/lib/features/wallet/presentation/widgets/assets/wallet_buy_crypto_sections.dart,0,0,0,0,0,0,0,0,no,-
wallet,root_page,flutter_app/lib/features/wallet/presentation/widgets/assets/wallet_dust_converter_assets.dart,0,0,0,0,0,0,0,0,no,-
wallet,root_page,flutter_app/lib/features/wallet/presentation/widgets/assets/wallet_dust_converter_confirm.dart,0,0,0,0,0,0,0,0,no,-
wallet,root_page,flutter_app/lib/features/wallet/presentation/widgets/assets/wallet_dust_converter_hero.dart,0,0,0,0,0,0,0,0,no,-
wallet,root_page,flutter_app/lib/features/wallet/presentation/widgets/assets/wallet_dust_converter_targets.dart,0,0,0,0,0,0,0,0,no,-
wallet,feature_widget,flutter_app/lib/features/wallet/presentation/widgets/history/transaction_detail_page_common.dart,0,0,0,0,0,0,0,0,no,-
wallet,feature_widget,flutter_app/lib/features/wallet/presentation/widgets/history/transaction_detail_page_sections.dart,0,0,0,0,0,0,0,0,no,-
wallet,feature_widget,flutter_app/lib/features/wallet/presentation/widgets/history/transaction_history_page_common.dart,0,0,0,0,0,0,0,0,no,-
wallet,feature_widget,flutter_app/lib/features/wallet/presentation/widgets/history/transaction_history_page_sections.dart,0,0,0,0,0,0,0,0,no,-
wallet,feature_widget,flutter_app/lib/features/wallet/presentation/widgets/hub/vit_wallet_detail_scaffold.dart,0,0,0,0,0,0,0,0,no,-
wallet,feature_widget,flutter_app/lib/features/wallet/presentation/widgets/hub/wallet_formatters.dart,0,0,0,0,0,0,0,0,no,-
wallet,feature_widget,flutter_app/lib/features/wallet/presentation/widgets/phone/wallet_page_allocation_sections.dart,0,0,0,0,0,0,0,0,yes,allowed_source_keyword: custompainter
wallet,feature_widget,flutter_app/lib/features/wallet/presentation/widgets/phone/wallet_page_asset_sections.dart,0,0,0,0,0,0,0,0,no,-
wallet,feature_widget,flutter_app/lib/features/wallet/presentation/widgets/phone/wallet_page_balance_sections.dart,0,0,0,0,0,0,0,0,no,-
wallet,feature_widget,flutter_app/lib/features/wallet/presentation/widgets/phone/wallet_page_dca_tool_sections.dart,0,0,0,0,0,0,0,0,no,-
wallet,feature_widget,flutter_app/lib/features/wallet/presentation/widgets/phone/wallet_page_sections.dart,0,0,0,0,0,0,0,0,no,-
wallet,feature_widget,flutter_app/lib/features/wallet/presentation/widgets/phone/wallet_unavailable_banner.dart,0,0,0,0,0,0,0,0,no,-
wallet,feature_widget,flutter_app/lib/features/wallet/presentation/widgets/tablet/wallet_page_allocation_sections.dart,0,0,0,0,0,0,0,0,yes,allowed_source_keyword: custompainter
wallet,feature_widget,flutter_app/lib/features/wallet/presentation/widgets/tablet/wallet_page_asset_sections.dart,0,0,0,0,0,0,0,0,no,-
wallet,feature_widget,flutter_app/lib/features/wallet/presentation/widgets/tablet/wallet_page_balance_sections.dart,0,0,0,0,0,0,0,0,no,-
wallet,feature_widget,flutter_app/lib/features/wallet/presentation/widgets/tablet/wallet_page_dca_tool_sections.dart,0,0,0,0,0,0,0,0,no,-
wallet,feature_widget,flutter_app/lib/features/wallet/presentation/widgets/tablet/wallet_page_sections.dart,0,0,0,0,0,0,0,0,no,-
wallet,feature_widget,flutter_app/lib/features/wallet/presentation/widgets/tablet/wallet_tablet_keys.dart,0,0,0,0,0,0,0,0,no,-
wallet,feature_widget,flutter_app/lib/features/wallet/presentation/widgets/tablet/wallet_unavailable_banner.dart,0,0,0,0,0,0,0,0,no,-
wallet,root_page,flutter_app/lib/features/wallet/presentation/widgets/tools/network_status_cards_stats.dart,0,0,0,0,0,0,0,0,no,-
wallet,root_page,flutter_app/lib/features/wallet/presentation/widgets/tools/network_status_legend_common.dart,0,0,0,0,0,0,0,0,no,-
wallet,root_page,flutter_app/lib/features/wallet/presentation/widgets/tools/network_status_summary.dart,0,0,0,0,0,0,0,0,no,-
wallet,root_page,flutter_app/lib/features/wallet/presentation/widgets/tools/portfolio_analytics_common.dart,0,0,0,0,0,0,0,0,no,-
wallet,root_page,flutter_app/lib/features/wallet/presentation/widgets/tools/portfolio_analytics_metrics_assets.dart,0,0,0,0,0,0,0,0,no,-
wallet,root_page,flutter_app/lib/features/wallet/presentation/widgets/tools/portfolio_analytics_overview_chart.dart,0,0,0,0,0,0,0,0,yes,allowed_source_keyword: custompainter
wallet,root_page,flutter_app/lib/features/wallet/presentation/widgets/tools/portfolio_analytics_summary_switcher.dart,0,0,0,0,0,0,0,0,no,-
wallet,root_page,flutter_app/lib/features/wallet/presentation/widgets/tools/wallet_gas_optimizer_current.dart,0,0,0,0,0,0,0,0,no,-
wallet,root_page,flutter_app/lib/features/wallet/presentation/widgets/tools/wallet_gas_optimizer_tips.dart,0,0,0,0,0,0,0,0,yes,allowed_source_keyword: custompainter
wallet,root_page,flutter_app/lib/features/wallet/presentation/widgets/tools/wallet_gas_optimizer_trends.dart,0,0,0,0,0,0,0,0,no,-
wallet,root_page,flutter_app/lib/features/wallet/presentation/widgets/tools/wallet_health_score_cards.dart,0,0,0,0,0,0,0,0,no,-
wallet,root_page,flutter_app/lib/features/wallet/presentation/widgets/tools/wallet_health_score_charts.dart,0,0,0,0,0,0,0,0,yes,allowed_source_keyword: custompainter
wallet,root_page,flutter_app/lib/features/wallet/presentation/widgets/tools/wallet_health_score_page_shell.dart,0,0,0,0,0,0,0,0,no,-
wallet,feature_widget,flutter_app/lib/features/wallet/presentation/widgets/tools/wallet_manager_activity_tab.dart,0,0,0,0,0,0,0,0,no,-
wallet,feature_widget,flutter_app/lib/features/wallet/presentation/widgets/tools/wallet_manager_all_wallets_tab.dart,0,0,0,0,0,0,0,0,no,-
wallet,feature_widget,flutter_app/lib/features/wallet/presentation/widgets/tools/wallet_manager_common.dart,0,0,0,0,0,0,0,0,no,-
wallet,feature_widget,flutter_app/lib/features/wallet/presentation/widgets/tools/wallet_manager_distribution_chart.dart,0,0,0,0,0,0,0,0,yes,allowed_source_keyword: custompainter
wallet,feature_widget,flutter_app/lib/features/wallet/presentation/widgets/tools/wallet_manager_groups_tab.dart,0,0,0,0,0,0,0,0,no,-
wallet,feature_widget,flutter_app/lib/features/wallet/presentation/widgets/tools/wallet_manager_tabs.dart,0,0,0,0,0,0,0,0,no,-
wallet,feature_widget,flutter_app/lib/features/wallet/presentation/widgets/tools/wallet_multi_manager_sections.dart,0,0,0,0,0,0,0,0,no,-
wallet,feature_widget,flutter_app/lib/features/wallet/presentation/widgets/tools/wallet_token_active_approvals_tab.dart,0,0,0,0,0,0,0,0,no,-
wallet,feature_widget,flutter_app/lib/features/wallet/presentation/widgets/tools/wallet_token_approval_badges.dart,0,0,0,0,0,0,0,0,no,-
wallet,feature_widget,flutter_app/lib/features/wallet/presentation/widgets/tools/wallet_token_approval_cards.dart,0,0,0,0,0,0,0,0,no,-
wallet,feature_widget,flutter_app/lib/features/wallet/presentation/widgets/tools/wallet_token_approval_common.dart,0,0,0,0,0,0,0,0,no,-
wallet,feature_widget,flutter_app/lib/features/wallet/presentation/widgets/tools/wallet_token_approval_history_tab.dart,0,0,0,0,0,0,0,0,no,-
wallet,feature_widget,flutter_app/lib/features/wallet/presentation/widgets/tools/wallet_token_approval_settings_tab.dart,0,0,0,0,0,0,0,0,no,-
wallet,feature_widget,flutter_app/lib/features/wallet/presentation/widgets/tools/wallet_token_approval_tabs.dart,0,0,0,0,0,0,0,0,no,-
wallet,feature_widget,flutter_app/lib/features/wallet/presentation/widgets/tools/wallet_token_revoke_sheet.dart,0,0,0,0,0,0,0,0,no,-
wallet,feature_widget,flutter_app/lib/features/wallet/presentation/widgets/transfer/deposit_page_common.dart,0,0,0,0,0,0,0,0,no,-
wallet,feature_widget,flutter_app/lib/features/wallet/presentation/widgets/transfer/deposit_page_sections.dart,0,0,0,0,0,0,0,0,yes,allowed_source_keyword: custompainter
wallet,feature_widget,flutter_app/lib/features/wallet/presentation/widgets/transfer/pending_deposits_page_common.dart,0,0,0,0,0,0,0,0,no,-
wallet,feature_widget,flutter_app/lib/features/wallet/presentation/widgets/transfer/pending_deposits_page_sections.dart,0,0,0,0,0,0,0,0,no,-
wallet,feature_widget,flutter_app/lib/features/wallet/presentation/widgets/transfer/wallet_transfer_asset_amount.dart,0,0,0,0,0,0,0,0,no,-
wallet,feature_widget,flutter_app/lib/features/wallet/presentation/widgets/transfer/wallet_transfer_confirm_sheet.dart,0,0,0,0,0,0,0,0,no,-
wallet,feature_widget,flutter_app/lib/features/wallet/presentation/widgets/transfer/wallet_transfer_history_picker.dart,0,0,0,0,0,0,0,0,no,-
wallet,feature_widget,flutter_app/lib/features/wallet/presentation/widgets/transfer/wallet_transfer_sections.dart,0,0,0,0,0,0,0,0,no,-
wallet,feature_widget,flutter_app/lib/features/wallet/presentation/widgets/transfer/wallet_transfer_wallet_cards.dart,0,0,0,0,0,0,0,0,no,-
wallet,feature_widget,flutter_app/lib/features/wallet/presentation/widgets/transfer/withdraw_amount_actions.dart,0,0,0,0,0,0,0,0,no,-
wallet,feature_widget,flutter_app/lib/features/wallet/presentation/widgets/transfer/withdraw_common.dart,0,0,0,0,0,0,0,0,no,-
wallet,feature_widget,flutter_app/lib/features/wallet/presentation/widgets/transfer/withdraw_form_sections.dart,0,0,0,0,0,0,0,0,no,-
wallet,root_page,flutter_app/lib/features/wallet/presentation/widgets/transfer/withdraw_limits_page_common.dart,0,0,0,0,0,0,0,0,no,-
wallet,root_page,flutter_app/lib/features/wallet/presentation/widgets/transfer/withdraw_limits_page_sections.dart,0,0,0,0,0,0,0,0,no,-
wallet,feature_widget,flutter_app/lib/features/wallet/presentation/widgets/transfer/withdraw_network_picker.dart,0,0,0,0,0,0,0,0,no,-
wallet,feature_widget,flutter_app/lib/features/wallet/presentation/widgets/transfer/withdraw_preview_sheet.dart,0,0,0,0,0,0,0,0,no,-
