feature,file,vit_card_count,fixed_height_count,strip_fixed_count,suggested_tier,tier_a_violations,padding_token_debt,skeleton_drift,status,notes
admin,flutter_app/lib/features/admin/presentation/phone/pages/admin_settings_page.dart,3,0,0,C,0,0,0,pass,-
admin,flutter_app/lib/features/admin/presentation/widgets/ab_test_dashboard_sections.dart,1,0,0,C,0,0,0,pass,-
admin,flutter_app/lib/features/admin/presentation/widgets/admin_dashboard_state_content.dart,3,0,0,C,0,0,0,pass,-
admin,flutter_app/lib/features/admin/presentation/widgets/admin_home_dashboards_footer.dart,2,0,0,C,0,0,0,pass,-
admin,flutter_app/lib/features/admin/presentation/widgets/admin_home_metrics_realtime.dart,2,0,0,C,0,0,0,pass,-
admin,flutter_app/lib/features/admin/presentation/widgets/admin_metric_card.dart,1,0,0,C,0,0,0,pass,-
admin,flutter_app/lib/features/admin/presentation/widgets/analytics_dashboard_common.dart,3,0,0,C,0,0,0,pass,-
admin,flutter_app/lib/features/admin/presentation/widgets/analytics_dashboard_sections.dart,2,0,0,C,0,0,0,pass,-
admin,flutter_app/lib/features/admin/presentation/widgets/funnel_dashboard_selector_metrics.dart,1,0,0,E,0,0,0,pass,-
admin,flutter_app/lib/features/admin/presentation/widgets/funnel_dashboard_waterfall_details.dart,3,0,0,C,0,0,0,pass,-
arena,flutter_app/lib/features/arena/presentation/phone/pages/bridge/arena_prediction_bridge_foundation_page_examples_and_shared_widgets.dart,3,0,0,C,0,0,0,pass,-
arena,flutter_app/lib/features/arena/presentation/phone/pages/bridge/arena_prediction_bridge_foundation_page_principles_section.dart,2,0,0,C,0,0,0,pass,-
arena,flutter_app/lib/features/arena/presentation/phone/pages/bridge/arena_prediction_bridge_foundation_page_topics_boundary_bridge_sections.dart,7,0,0,C,0,0,0,pass,-
arena,flutter_app/lib/features/arena/presentation/phone/pages/bridge/connected_ecosystem_production_page_canonical_states_section.dart,3,0,0,C,0,0,0,pass,-
arena,flutter_app/lib/features/arena/presentation/phone/pages/bridge/connected_ecosystem_production_page_flows_registry_handoff.dart,3,0,0,C,0,0,0,pass,-
arena,flutter_app/lib/features/arena/presentation/phone/pages/bridge/connected_ecosystem_production_page_handoff_and_shared_widgets.dart,2,0,0,C,0,0,0,pass,-
arena,flutter_app/lib/features/arena/presentation/phone/pages/challenge/arena_challenge_detail_page_actions_and_shared_widgets.dart,5,1,0,C,0,0,0,pass,-
arena,flutter_app/lib/features/arena/presentation/phone/pages/challenge/arena_challenge_detail_page_overview_section.dart,4,0,0,C,0,0,0,pass,-
arena,flutter_app/lib/features/arena/presentation/phone/pages/challenge/arena_challenge_detail_page_tabs_and_panels.dart,7,0,0,C,0,0,0,pass,-
arena,flutter_app/lib/features/arena/presentation/phone/pages/challenge/arena_mode_detail_page.dart,2,0,0,C,0,0,0,pass,-
arena,flutter_app/lib/features/arena/presentation/phone/pages/challenge/verified_challenges_page.dart,1,0,0,C,0,0,0,pass,-
arena,flutter_app/lib/features/arena/presentation/phone/pages/governance/arena_blocked_users_page.dart,2,0,0,C,0,0,0,pass,-
arena,flutter_app/lib/features/arena/presentation/phone/pages/governance/arena_guide_page_faq_shared_widgets.dart,3,0,0,C,0,0,0,pass,-
arena,flutter_app/lib/features/arena/presentation/phone/pages/governance/arena_guide_page_guide_tab.dart,1,0,0,C,0,0,0,pass,-
arena,flutter_app/lib/features/arena/presentation/phone/pages/governance/arena_guide_page_tips_safety_content.dart,5,0,0,C,0,0,0,pass,-
arena,flutter_app/lib/features/arena/presentation/phone/pages/governance/arena_resolution_center_page.dart,1,0,0,C,0,0,0,pass,-
arena,flutter_app/lib/features/arena/presentation/phone/pages/governance/arena_trust_breakdown_page.dart,2,0,0,C,0,0,0,pass,-
arena,flutter_app/lib/features/arena/presentation/phone/pages/hub/arena_home_page_hero_and_templates.dart,2,1,0,D,0,0,0,pass,-
arena,flutter_app/lib/features/arena/presentation/phone/pages/hub/arena_home_page_modes_and_rooms_section.dart,4,0,0,C,0,0,0,pass,-
arena,flutter_app/lib/features/arena/presentation/phone/pages/hub/arena_home_page_search_and_shared_widgets.dart,3,0,0,C,0,0,0,pass,-
arena,flutter_app/lib/features/arena/presentation/phone/pages/hub/arena_production_ready_page_flows_registry_handoff.dart,4,0,0,C,0,0,0,pass,-
arena,flutter_app/lib/features/arena/presentation/phone/pages/hub/arena_production_ready_page_handoff_and_shared_widgets.dart,1,0,0,C,0,0,0,pass,-
arena,flutter_app/lib/features/arena/presentation/phone/pages/hub/arena_production_ready_page_screens_states_section.dart,4,0,0,C,0,0,0,pass,-
arena,flutter_app/lib/features/arena/presentation/phone/pages/hub/my_arena_page_hero_and_tabs.dart,2,0,0,C,0,0,0,pass,-
arena,flutter_app/lib/features/arena/presentation/phone/pages/hub/my_arena_page_rewards_and_safety.dart,5,0,0,C,0,0,0,pass,-
arena,flutter_app/lib/features/arena/presentation/phone/pages/hub/my_arena_page_shared_widgets.dart,1,0,0,C,0,0,0,pass,-
arena,flutter_app/lib/features/arena/presentation/phone/pages/hub/my_arena_page_tab_content.dart,7,0,0,C,0,0,0,pass,-
arena,flutter_app/lib/features/arena/presentation/phone/pages/studio/arena_smart_rule_builder_page_review_submit.dart,6,0,0,C,0,0,0,pass,-
arena,flutter_app/lib/features/arena/presentation/phone/pages/studio/arena_universal_preset_library_page_demo_and_title_widgets.dart,5,0,0,C,0,0,0,pass,-
arena,flutter_app/lib/features/arena/presentation/phone/pages/studio/arena_universal_preset_library_page_domains_suggestions_dropdowns.dart,7,0,0,C,0,0,0,pass,-
arena,flutter_app/lib/features/arena/presentation/phone/pages/studio/arena_universal_preset_library_page_titles_and_shared_widgets.dart,7,0,0,C,0,0,0,pass,-
arena,flutter_app/lib/features/arena/presentation/widgets/challenge/arena_join_page_common.dart,1,0,0,C,0,0,0,pass,-
arena,flutter_app/lib/features/arena/presentation/widgets/challenge/arena_join_page_sections.dart,4,0,0,C,0,0,0,pass,-
arena,flutter_app/lib/features/arena/presentation/widgets/challenge/arena_leaderboard_body.dart,1,0,0,E,0,0,0,pass,-
arena,flutter_app/lib/features/arena/presentation/widgets/challenge/arena_leaderboard_rows_footer.dart,3,0,0,C,0,0,0,pass,-
arena,flutter_app/lib/features/arena/presentation/widgets/challenge/arena_mode_detail_hero.dart,1,0,0,C,0,0,0,pass,-
arena,flutter_app/lib/features/arena/presentation/widgets/challenge/arena_mode_detail_prediction.dart,1,0,0,C,0,0,0,pass,-
arena,flutter_app/lib/features/arena/presentation/widgets/challenge/arena_mode_detail_quality.dart,2,0,0,C,0,0,0,pass,-
arena,flutter_app/lib/features/arena/presentation/widgets/challenge/arena_mode_detail_related.dart,3,1,1,E,0,0,0,pass,-
arena,flutter_app/lib/features/arena/presentation/widgets/challenge/arena_mode_detail_rules.dart,2,0,0,C,0,0,0,pass,-
arena,flutter_app/lib/features/arena/presentation/widgets/governance/arena_governance_gate_field_controls.dart,2,0,0,D,0,0,0,pass,-
arena,flutter_app/lib/features/arena/presentation/widgets/governance/arena_governance_gate_privacy_clarity.dart,4,0,0,C,0,0,0,pass,-
arena,flutter_app/lib/features/arena/presentation/widgets/governance/arena_governance_gate_resolution_timing.dart,2,0,0,C,0,0,0,pass,-
arena,flutter_app/lib/features/arena/presentation/widgets/governance/arena_governance_gate_setup_fields.dart,1,0,0,C,0,0,0,pass,-
arena,flutter_app/lib/features/arena/presentation/widgets/governance/arena_governance_gate_status_widgets.dart,2,0,0,C,0,0,0,pass,-
arena,flutter_app/lib/features/arena/presentation/widgets/governance/arena_governance_gate_suggestions_eligibility.dart,3,0,0,C,0,0,0,pass,-
arena,flutter_app/lib/features/arena/presentation/widgets/governance/arena_governance_gate_summary_footer.dart,4,1,0,C,0,0,0,pass,-
arena,flutter_app/lib/features/arena/presentation/widgets/governance/arena_report_case_related_common.dart,2,0,0,C,0,0,0,pass,-
arena,flutter_app/lib/features/arena/presentation/widgets/governance/arena_report_case_summary_timeline.dart,4,0,0,C,0,0,0,pass,-
arena,flutter_app/lib/features/arena/presentation/widgets/governance/arena_report_case_system_appeal.dart,3,0,0,C,0,0,0,pass,-
arena,flutter_app/lib/features/arena/presentation/widgets/governance/arena_safety_center_page_common.dart,1,0,0,C,0,0,0,pass,-
arena,flutter_app/lib/features/arena/presentation/widgets/governance/arena_safety_center_page_sections.dart,4,0,0,C,0,0,0,pass,-
arena,flutter_app/lib/features/arena/presentation/widgets/governance/my_arena_reports_page_sections.dart,3,0,0,C,0,0,0,pass,-
arena,flutter_app/lib/features/arena/presentation/widgets/phone/arena_flow_map_nodes.dart,4,0,0,C,0,0,0,pass,-
arena,flutter_app/lib/features/arena/presentation/widgets/phone/arena_flow_map_overview.dart,2,0,0,C,0,0,0,pass,-
arena,flutter_app/lib/features/arena/presentation/widgets/phone/arena_flow_map_qa.dart,5,0,0,C,0,0,0,pass,-
arena,flutter_app/lib/features/arena/presentation/widgets/phone/arena_state_cards.dart,3,0,0,C,0,0,0,pass,-
arena,flutter_app/lib/features/arena/presentation/widgets/points/arena_points_entry_detail_page_common.dart,1,0,0,C,0,0,0,pass,-
arena,flutter_app/lib/features/arena/presentation/widgets/points/arena_points_entry_detail_page_sections.dart,4,0,0,C,0,0,0,pass,-
arena,flutter_app/lib/features/arena/presentation/widgets/points/arena_points_ledger_page_sections.dart,3,0,0,C,0,0,0,pass,-
arena,flutter_app/lib/features/arena/presentation/widgets/studio/arena_creator_common.dart,2,0,0,C,0,0,0,pass,-
arena,flutter_app/lib/features/arena/presentation/widgets/studio/arena_creator_hero_trust.dart,2,0,0,C,0,0,0,pass,-
arena,flutter_app/lib/features/arena/presentation/widgets/studio/arena_creator_tabs.dart,5,0,0,C,0,0,0,pass,-
arena,flutter_app/lib/features/arena/presentation/widgets/studio/arena_smart_rule_builder_page_basics_fields.dart,5,0,0,C,0,0,0,pass,-
arena,flutter_app/lib/features/arena/presentation/widgets/studio/arena_smart_rule_builder_page_condition_timing_fields.dart,6,0,0,C,0,0,0,pass,-
arena,flutter_app/lib/features/arena/presentation/widgets/studio/arena_studio_fee_banner.dart,2,0,0,D,0,0,0,pass,-
arena,flutter_app/lib/features/arena/presentation/widgets/studio/arena_studio_footer.dart,2,1,0,C,0,0,0,pass,-
arena,flutter_app/lib/features/arena/presentation/widgets/studio/arena_studio_steps.dart,3,0,0,C,0,0,0,pass,-
auth,flutter_app/lib/features/auth/presentation/phone/pages/forgot_password_page.dart,6,0,0,C,0,0,0,pass,-
auth,flutter_app/lib/features/auth/presentation/phone/pages/login_page.dart,3,0,0,C,0,0,0,pass,-
auth,flutter_app/lib/features/auth/presentation/phone/pages/otp_page.dart,3,0,0,C,0,0,0,pass,-
auth,flutter_app/lib/features/auth/presentation/phone/pages/register_page.dart,3,0,0,C,0,0,0,pass,-
auth,flutter_app/lib/features/auth/presentation/phone/pages/reset_password_page.dart,9,0,0,C,0,0,0,pass,-
auth,flutter_app/lib/features/auth/presentation/phone/widgets/two_fa_setup_backup.dart,2,0,0,C,0,0,0,pass,-
auth,flutter_app/lib/features/auth/presentation/phone/widgets/two_fa_setup_qr.dart,1,0,0,C,0,0,0,pass,-
auth,flutter_app/lib/features/auth/presentation/phone/widgets/two_fa_setup_verify.dart,1,0,0,C,0,0,0,pass,-
auth,flutter_app/lib/features/auth/presentation/tablet/pages/two_fa_setup_tablet_page.dart,2,0,0,C,0,0,0,pass,-
auth,flutter_app/lib/features/auth/presentation/tablet/widgets/auth_tablet_surface.dart,2,0,0,C,0,0,0,pass,-
auth,flutter_app/lib/features/auth/presentation/web/pages/auth_web_page.dart,3,0,0,C,0,0,0,pass,-
cross_module,flutter_app/lib/features/cross_module/presentation/phone/pages/tax_report_center_generate_and_reports_tabs.dart,4,0,0,D,0,0,0,pass,-
cross_module,flutter_app/lib/features/cross_module/presentation/phone/pages/tax_report_center_generate_tab.dart,2,0,0,D,0,0,0,pass,-
cross_module,flutter_app/lib/features/cross_module/presentation/phone/pages/tax_report_center_settings_tab.dart,3,1,0,D,0,0,0,pass,-
cross_module,flutter_app/lib/features/cross_module/presentation/widgets/cross_module_analytics_cards.dart,4,0,0,D,0,0,0,pass,-
cross_module,flutter_app/lib/features/cross_module/presentation/widgets/cross_module_analytics_common.dart,2,0,0,C,0,0,0,pass,-
cross_module,flutter_app/lib/features/cross_module/presentation/widgets/cross_module_analytics_painters.dart,1,0,0,D,0,0,0,pass,-
cross_module,flutter_app/lib/features/cross_module/presentation/widgets/cross_module_icon_widgets.dart,1,1,0,D,0,0,0,pass,-
cross_module,flutter_app/lib/features/cross_module/presentation/widgets/smart_alert_center_cards.dart,1,0,0,D,0,0,0,pass,-
cross_module,flutter_app/lib/features/cross_module/presentation/widgets/smart_alert_center_history_settings.dart,5,1,0,C,0,0,0,pass,-
cross_module,flutter_app/lib/features/cross_module/presentation/widgets/smart_alert_center_tabs.dart,1,0,0,D,0,0,0,pass,-
cross_module,flutter_app/lib/features/cross_module/presentation/widgets/unified_portfolio_analysis.dart,3,0,0,D,0,0,0,pass,-
cross_module,flutter_app/lib/features/cross_module/presentation/widgets/unified_portfolio_common.dart,1,0,0,C,0,0,0,pass,-
cross_module,flutter_app/lib/features/cross_module/presentation/widgets/unified_portfolio_history.dart,2,0,0,D,0,0,0,pass,-
cross_module,flutter_app/lib/features/cross_module/presentation/widgets/unified_portfolio_overview.dart,4,0,0,D,0,0,0,pass,-
dca,flutter_app/lib/features/dca/presentation/phone/pages/hub/dca_overview_demo.dart,1,0,0,D,0,0,0,pass,-
dca,flutter_app/lib/features/dca/presentation/phone/pages/hub/dca_page_history_and_create_sheet.dart,4,0,0,C,0,0,0,pass,-
dca,flutter_app/lib/features/dca/presentation/phone/pages/hub/dca_page_plans_and_tools.dart,7,0,0,C,0,0,0,pass,-
dca,flutter_app/lib/features/dca/presentation/phone/pages/hub/dca_page_state_overview.dart,2,0,0,D,0,0,0,pass,-
dca,flutter_app/lib/features/dca/presentation/phone/pages/portfolio/dca_multi_asset_page_assets_and_performance.dart,8,1,0,C,0,0,0,pass,-
dca,flutter_app/lib/features/dca/presentation/phone/pages/portfolio/dca_multi_asset_page_common.dart,1,0,0,C,0,0,0,pass,-
dca,flutter_app/lib/features/dca/presentation/phone/pages/portfolio/dca_multi_asset_page_setup.dart,2,0,0,C,0,0,0,pass,-
dca,flutter_app/lib/features/dca/presentation/phone/pages/portfolio/dca_rebalance_config_page_allocation_strategy.dart,2,0,0,D,0,0,0,pass,-
dca,flutter_app/lib/features/dca/presentation/phone/pages/portfolio/dca_rebalance_config_page_common.dart,1,1,0,D,0,0,0,pass,-
dca,flutter_app/lib/features/dca/presentation/phone/pages/portfolio/dca_rebalance_config_page_settings_and_preview.dart,9,1,0,D,0,0,0,pass,-
dca,flutter_app/lib/features/dca/presentation/phone/pages/portfolio/dca_rebalance_dashboard_page.dart,1,0,0,C,0,0,0,pass,-
dca,flutter_app/lib/features/dca/presentation/phone/pages/research/dca_dynamic_amount_page_hero_and_strategy.dart,4,0,0,E,0,0,0,pass,-
dca,flutter_app/lib/features/dca/presentation/phone/pages/research/dca_dynamic_amount_page_history_and_config.dart,5,0,0,C,0,0,0,pass,-
dca,flutter_app/lib/features/dca/presentation/phone/pages/schedule/dca_schedule_analytics_page.dart,1,0,0,C,0,0,0,pass,-
dca,flutter_app/lib/features/dca/presentation/widgets/dca_delete_button.dart,1,1,0,D,0,0,0,pass,-
dca,flutter_app/lib/features/dca/presentation/widgets/dca_missing_config_panel.dart,1,0,0,C,0,0,0,pass,-
dca,flutter_app/lib/features/dca/presentation/widgets/phone/dca_overview_demo_actions.dart,2,0,0,E,0,0,0,pass,-
dca,flutter_app/lib/features/dca/presentation/widgets/phone/dca_overview_demo_shell.dart,1,0,0,D,0,0,0,pass,-
dca,flutter_app/lib/features/dca/presentation/widgets/portfolio/dca_performance_compare_analysis.dart,1,0,0,C,0,0,0,pass,-
dca,flutter_app/lib/features/dca/presentation/widgets/portfolio/dca_performance_compare_charts.dart,4,0,0,C,0,0,0,pass,-
dca,flutter_app/lib/features/dca/presentation/widgets/portfolio/dca_performance_compare_tabs.dart,2,0,0,C,0,0,0,pass,-
dca,flutter_app/lib/features/dca/presentation/widgets/portfolio/dca_portfolio_optimizer_allocation_widgets.dart,1,0,0,C,0,0,0,pass,-
dca,flutter_app/lib/features/dca/presentation/widgets/portfolio/dca_portfolio_optimizer_comparison_hero.dart,4,0,0,C,0,0,0,pass,-
dca,flutter_app/lib/features/dca/presentation/widgets/portfolio/dca_portfolio_optimizer_floating_actions.dart,2,0,0,C,0,0,0,pass,-
dca,flutter_app/lib/features/dca/presentation/widgets/portfolio/dca_portfolio_optimizer_frontier.dart,6,0,0,C,0,0,0,pass,-
dca,flutter_app/lib/features/dca/presentation/widgets/portfolio/dca_portfolio_optimizer_header_drift.dart,1,0,0,C,0,0,0,pass,-
dca,flutter_app/lib/features/dca/presentation/widgets/portfolio/dca_portfolio_optimizer_stat_widgets.dart,2,0,0,C,0,0,0,pass,-
dca,flutter_app/lib/features/dca/presentation/widgets/portfolio/dca_portfolio_optimizer_tab_panels.dart,3,0,0,C,0,0,0,pass,-
dca,flutter_app/lib/features/dca/presentation/widgets/research/dca_backtester_analysis.dart,2,0,0,C,0,0,0,pass,-
dca,flutter_app/lib/features/dca/presentation/widgets/research/dca_backtester_common.dart,1,0,0,C,0,0,0,pass,-
dca,flutter_app/lib/features/dca/presentation/widgets/research/dca_backtester_results.dart,4,0,0,C,0,0,0,pass,-
dca,flutter_app/lib/features/dca/presentation/widgets/research/dca_backtester_setup.dart,5,0,0,C,0,0,0,pass,-
dca,flutter_app/lib/features/dca/presentation/widgets/schedule/dca_schedule_limits_enable.dart,4,0,0,C,0,0,0,pass,-
dca,flutter_app/lib/features/dca/presentation/widgets/schedule/dca_schedule_strategy_time.dart,1,0,0,C,0,0,0,pass,-
dca,flutter_app/lib/features/dca/presentation/widgets/schedule/dca_smart_rules_cards.dart,3,0,0,C,0,0,0,pass,-
dca,flutter_app/lib/features/dca/presentation/widgets/schedule/dca_smart_rules_info_common.dart,3,0,0,C,0,0,0,pass,-
dca,flutter_app/lib/features/dca/presentation/widgets/schedule/dca_smart_rules_tabs_stats.dart,1,0,0,C,0,0,0,pass,-
dev,flutter_app/lib/features/dev/presentation/phone/pages/design_system_page.dart,3,0,0,E,0,0,0,pass,-
dev,flutter_app/lib/features/dev/presentation/widgets/design_system_hero.dart,1,0,0,D,0,0,0,pass,-
dev,flutter_app/lib/features/dev/presentation/widgets/design_system_playground.dart,4,0,0,D,0,0,0,pass,-
dev,flutter_app/lib/features/dev/presentation/widgets/design_system_section_header_section.dart,2,0,0,D,0,0,0,pass,-
dev,flutter_app/lib/features/dev/presentation/widgets/design_system_tokens_section.dart,1,0,0,D,0,0,0,pass,-
dev,flutter_app/lib/features/dev/presentation/widgets/missing_screens_showcase_page_sections.dart,5,0,0,C,0,0,0,pass,-
dev,flutter_app/lib/features/dev/presentation/widgets/performance_monitor_common.dart,3,0,0,C,0,0,0,pass,-
dev,flutter_app/lib/features/dev/presentation/widgets/performance_monitor_sections.dart,5,0,0,D,0,0,0,pass,-
dev,flutter_app/lib/features/dev/presentation/widgets/route_checker_page_common.dart,2,0,0,D,0,0,0,pass,-
dev,flutter_app/lib/features/dev/presentation/widgets/route_checker_page_sections.dart,3,0,0,D,0,0,0,pass,-
discovery,flutter_app/lib/features/discovery/presentation/widgets/topic_hub_cards.dart,6,0,0,C,0,0,0,pass,-
discovery,flutter_app/lib/features/discovery/presentation/widgets/topic_hub_header.dart,1,0,0,C,0,0,0,pass,-
discovery,flutter_app/lib/features/discovery/presentation/widgets/unified_search_common.dart,1,0,0,C,0,0,0,pass,-
discovery,flutter_app/lib/features/discovery/presentation/widgets/unified_search_entity_cards.dart,3,0,0,C,0,0,0,pass,-
discovery,flutter_app/lib/features/discovery/presentation/widgets/unified_search_prediction_arena_cards.dart,2,0,0,C,0,0,0,pass,-
discovery,flutter_app/lib/features/discovery/presentation/widgets/unified_search_shell.dart,1,0,0,C,0,0,0,pass,-
earn_core,flutter_app/lib/features/earn_core/presentation/widgets/earn_custody_risk_banner.dart,3,0,0,C,0,0,0,pass,-
earn_savings,flutter_app/lib/features/earn_savings/presentation/phone/pages/savings/savings_guide_page.dart,2,0,0,C,0,0,0,pass,-
earn_savings,flutter_app/lib/features/earn_savings/presentation/phone/pages/savings/savings_notification_preferences_page.dart,1,0,0,C,0,0,0,pass,-
earn_savings,flutter_app/lib/features/earn_savings/presentation/phone/pages/savings/savings_product_detail_page.dart,2,0,0,D,0,0,0,pass,-
earn_savings,flutter_app/lib/features/earn_savings/presentation/phone/pages/savings/savings_receipt_page.dart,1,0,0,C,0,0,0,pass,-
earn_savings,flutter_app/lib/features/earn_savings/presentation/phone/pages/savings/savings_redeem_page.dart,1,0,0,C,0,0,0,pass,-
earn_savings,flutter_app/lib/features/earn_savings/presentation/phone/pages/savings/savings_smart_suggestions_page.dart,1,0,0,C,0,0,0,pass,-
earn_savings,flutter_app/lib/features/earn_savings/presentation/phone/pages/savings/savings_what_if_page_sections.dart,4,0,0,D,0,0,0,pass,-
earn_savings,flutter_app/lib/features/earn_savings/presentation/widgets/phone/auto_compound_settings_calculator.dart,2,0,0,D,0,0,0,pass,-
earn_savings,flutter_app/lib/features/earn_savings/presentation/widgets/phone/auto_compound_settings_info_sheet.dart,1,0,0,C,0,0,0,pass,-
earn_savings,flutter_app/lib/features/earn_savings/presentation/widgets/phone/auto_compound_settings_positions.dart,5,0,0,C,0,0,0,pass,-
earn_savings,flutter_app/lib/features/earn_savings/presentation/widgets/phone/auto_compound_settings_settings_sheet.dart,3,0,0,C,0,0,0,pass,-
earn_savings,flutter_app/lib/features/earn_savings/presentation/widgets/phone/auto_compound_settings_shared.dart,2,0,0,C,0,0,0,pass,-
earn_savings,flutter_app/lib/features/earn_savings/presentation/widgets/phone/earn_comparison_chart.dart,1,0,0,D,0,0,0,pass,-
earn_savings,flutter_app/lib/features/earn_savings/presentation/widgets/phone/earn_comparison_summary.dart,4,0,0,C,0,0,0,pass,-
earn_savings,flutter_app/lib/features/earn_savings/presentation/widgets/phone/earn_comparison_table.dart,1,0,0,E,0,0,0,pass,-
earn_savings,flutter_app/lib/features/earn_savings/presentation/widgets/savings/savings_analytics_charts_metrics.dart,3,0,0,D,0,0,0,pass,-
earn_savings,flutter_app/lib/features/earn_savings/presentation/widgets/savings/savings_analytics_secondary_painters.dart,1,0,0,D,0,0,0,pass,-
earn_savings,flutter_app/lib/features/earn_savings/presentation/widgets/savings/savings_analytics_summary_range.dart,2,0,0,D,0,0,0,pass,-
earn_savings,flutter_app/lib/features/earn_savings/presentation/widgets/savings/savings_auto_rebalance_allocation.dart,2,0,0,D,0,0,0,pass,-
earn_savings,flutter_app/lib/features/earn_savings/presentation/widgets/savings/savings_auto_rebalance_drift_history.dart,2,0,0,D,0,0,0,pass,-
earn_savings,flutter_app/lib/features/earn_savings/presentation/widgets/savings/savings_auto_rebalance_history.dart,1,0,0,D,0,0,0,pass,-
earn_savings,flutter_app/lib/features/earn_savings/presentation/widgets/savings/savings_auto_rebalance_preview.dart,1,0,0,D,0,0,0,pass,-
earn_savings,flutter_app/lib/features/earn_savings/presentation/widgets/savings/savings_auto_rebalance_settings.dart,1,0,0,D,0,0,0,pass,-
earn_savings,flutter_app/lib/features/earn_savings/presentation/widgets/savings/savings_auto_rebalance_shared.dart,1,0,0,D,0,0,0,pass,-
earn_savings,flutter_app/lib/features/earn_savings/presentation/widgets/savings/savings_auto_rebalance_strategy.dart,2,0,0,D,0,0,0,pass,-
earn_savings,flutter_app/lib/features/earn_savings/presentation/widgets/savings/savings_autopilot_actions.dart,3,0,0,C,0,0,0,pass,-
earn_savings,flutter_app/lib/features/earn_savings/presentation/widgets/savings/savings_autopilot_hero.dart,1,0,0,D,0,0,0,pass,-
earn_savings,flutter_app/lib/features/earn_savings/presentation/widgets/savings/savings_autopilot_overview.dart,2,0,0,C,0,0,0,pass,-
earn_savings,flutter_app/lib/features/earn_savings/presentation/widgets/savings/savings_autopilot_settings.dart,4,0,0,D,0,0,0,pass,-
earn_savings,flutter_app/lib/features/earn_savings/presentation/widgets/savings/savings_backtest_compare.dart,3,0,0,D,0,0,0,pass,-
earn_savings,flutter_app/lib/features/earn_savings/presentation/widgets/savings/savings_backtest_hero.dart,1,0,0,D,0,0,0,pass,-
earn_savings,flutter_app/lib/features/earn_savings/presentation/widgets/savings/savings_backtest_results.dart,5,0,0,D,0,0,0,pass,-
earn_savings,flutter_app/lib/features/earn_savings/presentation/widgets/savings/savings_backtest_setup.dart,1,0,0,D,0,0,0,pass,-
earn_savings,flutter_app/lib/features/earn_savings/presentation/widgets/savings/savings_dca_history_sheet.dart,3,0,0,D,0,0,0,pass,-
earn_savings,flutter_app/lib/features/earn_savings/presentation/widgets/savings/savings_dca_plans.dart,2,0,0,D,0,0,0,pass,-
earn_savings,flutter_app/lib/features/earn_savings/presentation/widgets/savings/savings_dca_summary.dart,1,0,0,D,0,0,0,pass,-
earn_savings,flutter_app/lib/features/earn_savings/presentation/widgets/savings/savings_export_config_widgets.dart,2,0,0,D,0,0,0,pass,-
earn_savings,flutter_app/lib/features/earn_savings/presentation/widgets/savings/savings_export_option_widgets.dart,2,0,0,C,0,0,0,pass,-
earn_savings,flutter_app/lib/features/earn_savings/presentation/widgets/savings/savings_export_summary_widgets.dart,4,0,0,C,0,0,0,pass,-
earn_savings,flutter_app/lib/features/earn_savings/presentation/widgets/savings/savings_faq_page_common.dart,1,0,0,D,0,0,0,pass,-
earn_savings,flutter_app/lib/features/earn_savings/presentation/widgets/savings/savings_faq_page_sections.dart,2,0,0,D,0,0,0,pass,-
earn_savings,flutter_app/lib/features/earn_savings/presentation/widgets/savings/savings_goal_card.dart,1,0,0,D,0,0,0,pass,-
earn_savings,flutter_app/lib/features/earn_savings/presentation/widgets/savings/savings_goal_create_sheet.dart,2,0,0,C,0,0,0,pass,-
earn_savings,flutter_app/lib/features/earn_savings/presentation/widgets/savings/savings_goal_detail_sheet.dart,1,0,0,C,0,0,0,pass,-
earn_savings,flutter_app/lib/features/earn_savings/presentation/widgets/savings/savings_goal_summary_card.dart,3,0,0,D,0,0,0,pass,-
earn_savings,flutter_app/lib/features/earn_savings/presentation/widgets/savings/savings_guide_common.dart,1,0,0,C,0,0,0,pass,-
earn_savings,flutter_app/lib/features/earn_savings/presentation/widgets/savings/savings_guide_glossary.dart,2,0,0,C,0,0,0,pass,-
earn_savings,flutter_app/lib/features/earn_savings/presentation/widgets/savings/savings_guide_tutorials.dart,4,0,0,D,0,0,0,pass,-
earn_savings,flutter_app/lib/features/earn_savings/presentation/widgets/savings/savings_history_page_common.dart,1,0,0,D,0,0,0,pass,-
earn_savings,flutter_app/lib/features/earn_savings/presentation/widgets/savings/savings_home_hero.dart,1,0,0,D,0,0,0,pass,-
earn_savings,flutter_app/lib/features/earn_savings/presentation/widgets/savings/savings_home_positions.dart,1,0,0,D,0,0,0,pass,-
earn_savings,flutter_app/lib/features/earn_savings/presentation/widgets/savings/savings_home_products.dart,1,0,0,D,0,0,0,pass,-
earn_savings,flutter_app/lib/features/earn_savings/presentation/widgets/savings/savings_ladder_analysis.dart,3,0,0,D,0,0,0,pass,-
earn_savings,flutter_app/lib/features/earn_savings/presentation/widgets/savings/savings_ladder_builder_config.dart,2,0,0,C,0,0,0,pass,-
earn_savings,flutter_app/lib/features/earn_savings/presentation/widgets/savings/savings_ladder_common.dart,1,0,0,D,0,0,0,pass,-
earn_savings,flutter_app/lib/features/earn_savings/presentation/widgets/savings/savings_ladder_hero.dart,1,0,0,D,0,0,0,pass,-
earn_savings,flutter_app/lib/features/earn_savings/presentation/widgets/savings/savings_ladder_liquidity.dart,3,0,0,C,0,0,0,pass,-
earn_savings,flutter_app/lib/features/earn_savings/presentation/widgets/savings/savings_ladder_rung_manager.dart,4,0,0,D,0,0,0,pass,-
earn_savings,flutter_app/lib/features/earn_savings/presentation/widgets/savings/savings_ladder_timeline.dart,3,0,0,D,0,0,0,pass,-
earn_savings,flutter_app/lib/features/earn_savings/presentation/widgets/savings/savings_notification_preferences_common.dart,1,0,0,C,0,0,0,pass,-
earn_savings,flutter_app/lib/features/earn_savings/presentation/widgets/savings/savings_notification_preferences_delivery.dart,4,0,0,D,0,0,0,pass,-
earn_savings,flutter_app/lib/features/earn_savings/presentation/widgets/savings/savings_notification_preferences_events.dart,1,0,0,D,0,0,0,pass,-
earn_savings,flutter_app/lib/features/earn_savings/presentation/widgets/savings/savings_notification_preferences_summary.dart,2,0,0,D,0,0,0,pass,-
earn_savings,flutter_app/lib/features/earn_savings/presentation/widgets/savings/savings_notifications_common.dart,1,0,0,C,0,0,0,pass,-
earn_savings,flutter_app/lib/features/earn_savings/presentation/widgets/savings/savings_notifications_history.dart,1,0,0,E,0,0,0,pass,-
earn_savings,flutter_app/lib/features/earn_savings/presentation/widgets/savings/savings_notifications_settings.dart,2,0,0,D,0,0,0,pass,-
earn_savings,flutter_app/lib/features/earn_savings/presentation/widgets/savings/savings_portfolio_hero.dart,1,0,0,D,0,0,0,pass,-
earn_savings,flutter_app/lib/features/earn_savings/presentation/widgets/savings/savings_portfolio_maturity.dart,2,0,0,D,0,0,0,pass,-
earn_savings,flutter_app/lib/features/earn_savings/presentation/widgets/savings/savings_portfolio_overview.dart,2,0,0,D,0,0,0,pass,-
earn_savings,flutter_app/lib/features/earn_savings/presentation/widgets/savings/savings_portfolio_positions.dart,3,0,0,D,0,0,0,pass,-
earn_savings,flutter_app/lib/features/earn_savings/presentation/widgets/savings/savings_recommendations_amount_panel.dart,1,0,0,D,0,0,0,pass,-
earn_savings,flutter_app/lib/features/earn_savings/presentation/widgets/savings/savings_recommendations_hero.dart,1,0,0,D,0,0,0,pass,-
earn_savings,flutter_app/lib/features/earn_savings/presentation/widgets/savings/savings_recommendations_insights.dart,1,0,0,D,0,0,0,pass,-
earn_savings,flutter_app/lib/features/earn_savings/presentation/widgets/savings/savings_recommendations_strategy_card.dart,1,0,0,D,0,0,0,pass,-
earn_savings,flutter_app/lib/features/earn_savings/presentation/widgets/savings/savings_recommendations_strategy_detail_sheet.dart,1,0,0,C,0,0,0,pass,-
earn_savings,flutter_app/lib/features/earn_savings/presentation/widgets/savings/savings_risk_assessment_products_common.dart,2,0,0,C,0,0,0,pass,-
earn_savings,flutter_app/lib/features/earn_savings/presentation/widgets/savings/savings_risk_assessment_questions.dart,2,0,0,D,0,0,0,pass,-
earn_savings,flutter_app/lib/features/earn_savings/presentation/widgets/savings/savings_risk_assessment_result.dart,1,0,0,D,0,0,0,pass,-
earn_savings,flutter_app/lib/features/earn_savings/presentation/widgets/savings/savings_smart_suggestions_suggestions.dart,3,1,0,D,0,0,0,pass,-
earn_savings,flutter_app/lib/features/earn_savings/presentation/widgets/savings/savings_smart_suggestions_summary.dart,1,0,0,D,0,0,0,pass,-
earn_savings,flutter_app/lib/features/earn_savings/presentation/widgets/savings/savings_smart_suggestions_trends.dart,3,0,0,D,0,0,0,pass,-
earn_savings,flutter_app/lib/features/earn_savings/presentation/widgets/savings/savings_what_if_asset_impact.dart,1,0,0,D,0,0,0,pass,-
earn_savings,flutter_app/lib/features/earn_savings/presentation/widgets/savings/savings_what_if_common_widgets.dart,1,0,0,C,0,0,0,pass,-
earn_savings,flutter_app/lib/features/earn_savings/presentation/widgets/savings/savings_what_if_results.dart,3,0,0,D,0,0,0,pass,-
earn_savings,flutter_app/lib/features/earn_savings/presentation/widgets/savings/savings_what_if_stress.dart,2,0,0,D,0,0,0,pass,-
earn_savings,flutter_app/lib/features/earn_savings/presentation/widgets/savings/savings_what_if_stress_components.dart,1,0,0,D,0,0,0,pass,-
earn_staking,flutter_app/lib/features/earn_staking/presentation/phone/pages/staking/staking_api_documentation_page.dart,1,0,0,C,0,0,0,pass,-
earn_staking,flutter_app/lib/features/earn_staking/presentation/phone/pages/staking/staking_custody_page.dart,1,0,0,C,0,0,0,pass,-
earn_staking,flutter_app/lib/features/earn_staking/presentation/phone/pages/staking/staking_data_export_page.dart,5,1,0,D,0,0,0,pass,-
earn_staking,flutter_app/lib/features/earn_staking/presentation/phone/pages/staking/staking_developer_console_page.dart,6,0,0,D,0,0,0,pass,-
earn_staking,flutter_app/lib/features/earn_staking/presentation/phone/pages/staking/staking_emergency_actions_page.dart,7,0,0,C,0,0,0,pass,-
earn_staking,flutter_app/lib/features/earn_staking/presentation/phone/pages/staking/staking_faq_page.dart,2,0,0,E,0,0,0,pass,-
earn_staking,flutter_app/lib/features/earn_staking/presentation/phone/pages/staking/staking_forum_page.dart,3,0,0,D,0,0,0,pass,-
earn_staking,flutter_app/lib/features/earn_staking/presentation/phone/pages/staking/staking_insurance_fund_transparency_page.dart,1,0,0,C,0,0,0,pass,-
earn_staking,flutter_app/lib/features/earn_staking/presentation/phone/pages/staking/staking_proof_of_reserves_page.dart,1,0,0,C,0,0,0,pass,-
earn_staking,flutter_app/lib/features/earn_staking/presentation/phone/pages/staking/staking_proposals_page.dart,2,0,0,C,0,0,0,pass,-
earn_staking,flutter_app/lib/features/earn_staking/presentation/phone/pages/staking/staking_recommendations_page.dart,1,0,0,C,0,0,0,pass,-
earn_staking,flutter_app/lib/features/earn_staking/presentation/phone/pages/staking/staking_slashing_history_page.dart,1,0,0,C,0,0,0,pass,-
earn_staking,flutter_app/lib/features/earn_staking/presentation/phone/pages/staking/staking_terms_page.dart,5,0,0,D,0,0,0,pass,-
earn_staking,flutter_app/lib/features/earn_staking/presentation/phone/pages/staking/staking_third_party_integrations_page.dart,3,0,0,D,0,0,0,pass,-
earn_staking,flutter_app/lib/features/earn_staking/presentation/phone/pages/staking/staking_voting_page.dart,5,0,0,D,0,0,0,pass,-
earn_staking,flutter_app/lib/features/earn_staking/presentation/phone/pages/staking/staking_webhooks_page.dart,3,0,0,D,0,0,0,pass,-
earn_staking,flutter_app/lib/features/earn_staking/presentation/widgets/staking/staking_advanced_orders_guidance.dart,2,0,0,D,0,0,0,pass,-
earn_staking,flutter_app/lib/features/earn_staking/presentation/widgets/staking/staking_advanced_orders_overview_orders.dart,1,0,0,D,0,0,0,pass,-
earn_staking,flutter_app/lib/features/earn_staking/presentation/widgets/staking/staking_advanced_orders_sheet_fields.dart,3,0,0,C,0,0,0,pass,-
earn_staking,flutter_app/lib/features/earn_staking/presentation/widgets/staking/staking_analytics_apy_tab.dart,1,0,0,C,0,0,0,pass,-
earn_staking,flutter_app/lib/features/earn_staking/presentation/widgets/staking/staking_analytics_chart_shared.dart,1,0,0,C,0,0,0,pass,-
earn_staking,flutter_app/lib/features/earn_staking/presentation/widgets/staking/staking_analytics_earnings_tab.dart,2,0,0,C,0,0,0,pass,-
earn_staking,flutter_app/lib/features/earn_staking/presentation/widgets/staking/staking_analytics_products_tab.dart,2,0,0,C,0,0,0,pass,-
earn_staking,flutter_app/lib/features/earn_staking/presentation/widgets/staking/staking_analytics_roi_tab.dart,1,0,0,C,0,0,0,pass,-
earn_staking,flutter_app/lib/features/earn_staking/presentation/widgets/staking/staking_analytics_summary.dart,3,0,0,C,0,0,0,pass,-
earn_staking,flutter_app/lib/features/earn_staking/presentation/widgets/staking/staking_api_documentation_auth.dart,5,0,0,D,0,0,0,pass,-
earn_staking,flutter_app/lib/features/earn_staking/presentation/widgets/staking/staking_api_documentation_common.dart,1,0,0,C,0,0,0,pass,-
earn_staking,flutter_app/lib/features/earn_staking/presentation/widgets/staking/staking_api_documentation_endpoints.dart,3,0,0,D,0,0,0,pass,-
earn_staking,flutter_app/lib/features/earn_staking/presentation/widgets/staking/staking_api_documentation_examples.dart,3,0,0,D,0,0,0,pass,-
earn_staking,flutter_app/lib/features/earn_staking/presentation/widgets/staking/staking_api_documentation_overview.dart,3,0,0,C,0,0,0,pass,-
earn_staking,flutter_app/lib/features/earn_staking/presentation/widgets/staking/staking_audit_reports_bounty_common.dart,3,0,0,C,0,0,0,pass,-
earn_staking,flutter_app/lib/features/earn_staking/presentation/widgets/staking/staking_audit_reports_hero_tabs.dart,3,0,0,C,0,0,0,pass,-
earn_staking,flutter_app/lib/features/earn_staking/presentation/widgets/staking/staking_audit_reports_reports_findings.dart,3,0,0,C,0,0,0,pass,-
earn_staking,flutter_app/lib/features/earn_staking/presentation/widgets/staking/staking_auto_compound_overview.dart,3,0,0,D,0,0,0,pass,-
earn_staking,flutter_app/lib/features/earn_staking/presentation/widgets/staking/staking_auto_compound_positions.dart,2,0,0,D,0,0,0,pass,-
earn_staking,flutter_app/lib/features/earn_staking/presentation/widgets/staking/staking_auto_compound_settings.dart,4,0,0,C,0,0,0,pass,-
earn_staking,flutter_app/lib/features/earn_staking/presentation/widgets/staking/staking_auto_compound_simulation.dart,2,0,0,D,0,0,0,pass,-
earn_staking,flutter_app/lib/features/earn_staking/presentation/widgets/staking/staking_community_governance_page_common.dart,3,0,0,D,0,0,0,pass,-
earn_staking,flutter_app/lib/features/earn_staking/presentation/widgets/staking/staking_community_governance_page_sections.dart,5,0,0,D,0,0,0,pass,-
earn_staking,flutter_app/lib/features/earn_staking/presentation/widgets/staking/staking_contingency_plan_sections.dart,4,0,0,D,0,0,0,pass,-
earn_staking,flutter_app/lib/features/earn_staking/presentation/widgets/staking/staking_contingency_plan_support_sections.dart,3,0,0,D,0,0,0,pass,-
earn_staking,flutter_app/lib/features/earn_staking/presentation/widgets/staking/staking_custody_actions_common.dart,1,0,0,C,0,0,0,pass,-
earn_staking,flutter_app/lib/features/earn_staking/presentation/widgets/staking/staking_custody_assets.dart,2,0,0,D,0,0,0,pass,-
earn_staking,flutter_app/lib/features/earn_staking/presentation/widgets/staking/staking_custody_audit.dart,2,0,0,D,0,0,0,pass,-
earn_staking,flutter_app/lib/features/earn_staking/presentation/widgets/staking/staking_custody_common.dart,5,0,0,C,0,0,0,pass,-
earn_staking,flutter_app/lib/features/earn_staking/presentation/widgets/staking/staking_custody_overview.dart,4,0,0,C,0,0,0,pass,-
earn_staking,flutter_app/lib/features/earn_staking/presentation/widgets/staking/staking_dashboard_actions.dart,2,0,0,C,0,0,0,pass,-
earn_staking,flutter_app/lib/features/earn_staking/presentation/widgets/staking/staking_dashboard_charts.dart,2,0,0,D,0,0,0,pass,-
earn_staking,flutter_app/lib/features/earn_staking/presentation/widgets/staking/staking_dashboard_positions.dart,2,0,0,D,0,0,0,pass,-
earn_staking,flutter_app/lib/features/earn_staking/presentation/widgets/staking/staking_dashboard_summary.dart,1,0,0,D,0,0,0,pass,-
earn_staking,flutter_app/lib/features/earn_staking/presentation/widgets/staking/staking_earn_hero_tabs.dart,1,0,0,D,0,0,0,pass,-
earn_staking,flutter_app/lib/features/earn_staking/presentation/widgets/staking/staking_earn_positions_common.dart,2,0,0,D,0,0,0,pass,-
earn_staking,flutter_app/lib/features/earn_staking/presentation/widgets/staking/staking_earn_products.dart,1,0,0,D,0,0,0,pass,-
earn_staking,flutter_app/lib/features/earn_staking/presentation/widgets/staking/staking_earn_tools.dart,2,0,0,C,0,0,0,pass,-
earn_staking,flutter_app/lib/features/earn_staking/presentation/widgets/staking/staking_earnings_calendar_grid.dart,2,0,0,D,0,0,0,pass,-
earn_staking,flutter_app/lib/features/earn_staking/presentation/widgets/staking/staking_earnings_events_common.dart,1,0,0,C,0,0,0,pass,-
earn_staking,flutter_app/lib/features/earn_staking/presentation/widgets/staking/staking_earnings_summary_tabs.dart,1,0,0,D,0,0,0,pass,-
earn_staking,flutter_app/lib/features/earn_staking/presentation/widgets/staking/staking_guide_page_common.dart,1,0,0,C,0,0,0,pass,-
earn_staking,flutter_app/lib/features/earn_staking/presentation/widgets/staking/staking_guide_page_sections.dart,6,0,0,D,0,0,0,pass,-
earn_staking,flutter_app/lib/features/earn_staking/presentation/widgets/staking/staking_history_detail_list.dart,3,0,0,C,0,0,0,pass,-
earn_staking,flutter_app/lib/features/earn_staking/presentation/widgets/staking/staking_history_summary_filters.dart,2,0,0,D,0,0,0,pass,-
earn_staking,flutter_app/lib/features/earn_staking/presentation/widgets/staking/staking_institutional_overview_batches.dart,2,0,0,D,0,0,0,pass,-
earn_staking,flutter_app/lib/features/earn_staking/presentation/widgets/staking/staking_institutional_sheet_painter.dart,1,0,0,C,0,0,0,pass,-
earn_staking,flutter_app/lib/features/earn_staking/presentation/widgets/staking/staking_institutional_signers_features.dart,3,0,0,D,0,0,0,pass,-
earn_staking,flutter_app/lib/features/earn_staking/presentation/widgets/staking/staking_insurance_claims.dart,2,0,0,D,0,0,0,pass,-
earn_staking,flutter_app/lib/features/earn_staking/presentation/widgets/staking/staking_insurance_fund_asset_breakdown.dart,2,0,0,D,0,0,0,pass,-
earn_staking,flutter_app/lib/features/earn_staking/presentation/widgets/staking/staking_insurance_fund_claims.dart,3,0,0,C,0,0,0,pass,-
earn_staking,flutter_app/lib/features/earn_staking/presentation/widgets/staking/staking_insurance_fund_common.dart,1,0,0,C,0,0,0,pass,-
earn_staking,flutter_app/lib/features/earn_staking/presentation/widgets/staking/staking_insurance_fund_contribution_card.dart,1,0,0,D,0,0,0,pass,-
earn_staking,flutter_app/lib/features/earn_staking/presentation/widgets/staking/staking_insurance_fund_history.dart,2,0,0,D,0,0,0,pass,-
earn_staking,flutter_app/lib/features/earn_staking/presentation/widgets/staking/staking_insurance_fund_overview.dart,2,0,0,C,0,0,0,pass,-
earn_staking,flutter_app/lib/features/earn_staking/presentation/widgets/staking/staking_insurance_fund_status_card.dart,2,0,0,D,0,0,0,pass,-
earn_staking,flutter_app/lib/features/earn_staking/presentation/widgets/staking/staking_insurance_overview.dart,4,0,0,D,0,0,0,pass,-
earn_staking,flutter_app/lib/features/earn_staking/presentation/widgets/staking/staking_insurance_plans.dart,2,0,0,D,0,0,0,pass,-
earn_staking,flutter_app/lib/features/earn_staking/presentation/widgets/staking/staking_insurance_positions.dart,2,0,0,D,0,0,0,pass,-
earn_staking,flutter_app/lib/features/earn_staking/presentation/widgets/staking/staking_insurance_sheets.dart,4,0,0,C,0,0,0,pass,-
earn_staking,flutter_app/lib/features/earn_staking/presentation/widgets/staking/staking_liquid_staking_benefits.dart,1,0,0,D,0,0,0,pass,-
earn_staking,flutter_app/lib/features/earn_staking/presentation/widgets/staking/staking_liquid_staking_detail_sheet.dart,1,0,0,C,0,0,0,pass,-
earn_staking,flutter_app/lib/features/earn_staking/presentation/widgets/staking/staking_liquid_staking_holdings.dart,2,0,0,D,0,0,0,pass,-
earn_staking,flutter_app/lib/features/earn_staking/presentation/widgets/staking/staking_liquid_staking_stake.dart,3,0,0,C,0,0,0,pass,-
earn_staking,flutter_app/lib/features/earn_staking/presentation/widgets/staking/staking_liquid_staking_swap.dart,3,0,0,C,0,0,0,pass,-
earn_staking,flutter_app/lib/features/earn_staking/presentation/widgets/staking/staking_liquid_staking_swap_fields.dart,2,0,0,C,0,0,0,pass,-
earn_staking,flutter_app/lib/features/earn_staking/presentation/widgets/staking/staking_multi_chain_page_common.dart,5,0,0,D,0,0,0,pass,-
earn_staking,flutter_app/lib/features/earn_staking/presentation/widgets/staking/staking_multi_chain_page_sections.dart,2,0,0,D,0,0,0,pass,-
earn_staking,flutter_app/lib/features/earn_staking/presentation/widgets/staking/staking_notifications_page_common.dart,2,0,0,C,0,0,0,pass,-
earn_staking,flutter_app/lib/features/earn_staking/presentation/widgets/staking/staking_notifications_page_sections.dart,4,0,0,D,0,0,0,pass,-
earn_staking,flutter_app/lib/features/earn_staking/presentation/widgets/staking/staking_proof_of_reserves_assets.dart,2,0,0,D,0,0,0,pass,-
earn_staking,flutter_app/lib/features/earn_staking/presentation/widgets/staking/staking_proof_of_reserves_common.dart,2,0,0,C,0,0,0,pass,-
earn_staking,flutter_app/lib/features/earn_staking/presentation/widgets/staking/staking_proof_of_reserves_overview.dart,3,0,0,D,0,0,0,pass,-
earn_staking,flutter_app/lib/features/earn_staking/presentation/widgets/staking/staking_proof_of_reserves_verify.dart,3,0,0,D,0,0,0,pass,-
earn_staking,flutter_app/lib/features/earn_staking/presentation/widgets/staking/staking_proof_of_reserves_verify_sheet.dart,4,0,0,C,0,0,0,pass,-
earn_staking,flutter_app/lib/features/earn_staking/presentation/widgets/staking/staking_recommendations_overview.dart,3,0,0,D,0,0,0,pass,-
earn_staking,flutter_app/lib/features/earn_staking/presentation/widgets/staking/staking_recommendations_sheet.dart,1,0,0,C,0,0,0,pass,-
earn_staking,flutter_app/lib/features/earn_staking/presentation/widgets/staking/staking_recommendations_strategy.dart,3,0,0,D,0,0,0,pass,-
earn_staking,flutter_app/lib/features/earn_staking/presentation/widgets/staking/staking_regulatory_framework_hero_licenses.dart,2,0,0,C,0,0,0,pass,-
earn_staking,flutter_app/lib/features/earn_staking/presentation/widgets/staking/staking_regulatory_framework_protection_complaints.dart,4,0,0,D,0,0,0,pass,-
earn_staking,flutter_app/lib/features/earn_staking/presentation/widgets/staking/staking_regulatory_framework_sheet_common.dart,4,0,0,C,0,0,0,pass,-
earn_staking,flutter_app/lib/features/earn_staking/presentation/widgets/staking/staking_risk_assessment_page_common.dart,3,0,0,C,0,0,0,pass,-
earn_staking,flutter_app/lib/features/earn_staking/presentation/widgets/staking/staking_risk_assessment_page_sections.dart,2,0,0,D,0,0,0,pass,-
earn_staking,flutter_app/lib/features/earn_staking/presentation/widgets/staking/staking_risk_dashboard_page_common.dart,2,0,0,C,0,0,0,pass,-
earn_staking,flutter_app/lib/features/earn_staking/presentation/widgets/staking/staking_risk_dashboard_page_sections.dart,6,0,0,D,0,0,0,pass,-
earn_staking,flutter_app/lib/features/earn_staking/presentation/widgets/staking/staking_risk_disclosure_assessment_common.dart,2,0,0,D,0,0,0,pass,-
earn_staking,flutter_app/lib/features/earn_staking/presentation/widgets/staking/staking_risk_disclosure_categories.dart,2,0,0,E,0,0,0,pass,-
earn_staking,flutter_app/lib/features/earn_staking/presentation/widgets/staking/staking_risk_disclosure_overview.dart,3,1,0,D,0,0,0,pass,-
earn_staking,flutter_app/lib/features/earn_staking/presentation/widgets/staking/staking_risk_score_inputs.dart,3,0,0,C,0,0,0,pass,-
earn_staking,flutter_app/lib/features/earn_staking/presentation/widgets/staking/staking_risk_score_results.dart,2,0,0,D,0,0,0,pass,-
earn_staking,flutter_app/lib/features/earn_staking/presentation/widgets/staking/staking_slashing_history_common.dart,2,0,0,C,0,0,0,pass,-
earn_staking,flutter_app/lib/features/earn_staking/presentation/widgets/staking/staking_slashing_history_history.dart,2,0,0,D,0,0,0,pass,-
earn_staking,flutter_app/lib/features/earn_staking/presentation/widgets/staking/staking_slashing_history_overview.dart,4,0,0,C,0,0,0,pass,-
earn_staking,flutter_app/lib/features/earn_staking/presentation/widgets/staking/staking_slashing_history_prevention.dart,2,0,0,C,0,0,0,pass,-
earn_staking,flutter_app/lib/features/earn_staking/presentation/widgets/staking/staking_slashing_history_statistics.dart,4,0,0,D,0,0,0,pass,-
earn_staking,flutter_app/lib/features/earn_staking/presentation/widgets/staking/staking_social_feed_page_common.dart,2,0,0,D,0,0,0,pass,-
earn_staking,flutter_app/lib/features/earn_staking/presentation/widgets/staking/staking_social_feed_page_sections.dart,4,0,0,D,0,0,0,pass,-
earn_staking,flutter_app/lib/features/earn_staking/presentation/widgets/staking/staking_suitability_assessment_page_common.dart,4,0,0,C,0,0,0,pass,-
earn_staking,flutter_app/lib/features/earn_staking/presentation/widgets/staking/staking_suitability_assessment_page_sections.dart,4,0,0,D,0,0,0,pass,-
earn_staking,flutter_app/lib/features/earn_staking/presentation/widgets/staking/staking_tax_guide_calculator.dart,2,0,0,D,0,0,0,pass,-
earn_staking,flutter_app/lib/features/earn_staking/presentation/widgets/staking/staking_tax_guide_common.dart,1,0,0,D,0,0,0,pass,-
earn_staking,flutter_app/lib/features/earn_staking/presentation/widgets/staking/staking_tax_guide_jurisdictions.dart,2,0,0,D,0,0,0,pass,-
earn_staking,flutter_app/lib/features/earn_staking/presentation/widgets/staking/staking_tax_guide_overview.dart,4,0,0,D,0,0,0,pass,-
earn_staking,flutter_app/lib/features/earn_staking/presentation/widgets/staking/staking_transaction_reporting_sheet_widgets.dart,4,0,0,C,0,0,0,pass,-
earn_staking,flutter_app/lib/features/earn_staking/presentation/widgets/staking/staking_transaction_reporting_summary_widgets.dart,9,0,0,D,0,0,0,pass,-
earn_staking,flutter_app/lib/features/earn_staking/presentation/widgets/staking/staking_transaction_reporting_transaction_widgets.dart,5,0,0,D,0,0,0,pass,-
earn_staking,flutter_app/lib/features/earn_staking/presentation/widgets/staking/staking_validator_health_monitor_page_common.dart,2,0,0,C,0,0,0,pass,-
earn_staking,flutter_app/lib/features/earn_staking/presentation/widgets/staking/staking_validator_health_monitor_page_sections.dart,5,0,0,D,0,0,0,pass,-
earn_staking,flutter_app/lib/features/earn_staking/presentation/widgets/staking/staking_validator_selection_detail.dart,3,0,0,C,0,0,0,pass,-
earn_staking,flutter_app/lib/features/earn_staking/presentation/widgets/staking/staking_validator_selection_filters.dart,1,0,0,C,0,0,0,pass,-
earn_staking,flutter_app/lib/features/earn_staking/presentation/widgets/staking/staking_validator_selection_list.dart,2,0,0,D,0,0,0,pass,-
earn_staking,flutter_app/lib/features/earn_staking/presentation/widgets/staking/staking_validator_selection_summary.dart,2,0,0,C,0,0,0,pass,-
earn_staking,flutter_app/lib/features/earn_staking/presentation/widgets/staking/staking_withdrawal_policy_common.dart,1,0,0,D,0,0,0,pass,-
earn_staking,flutter_app/lib/features/earn_staking/presentation/widgets/staking/staking_withdrawal_policy_emergency.dart,4,0,0,D,0,0,0,pass,-
earn_staking,flutter_app/lib/features/earn_staking/presentation/widgets/staking/staking_withdrawal_policy_penalties.dart,2,0,0,D,0,0,0,pass,-
earn_staking,flutter_app/lib/features/earn_staking/presentation/widgets/staking/staking_withdrawal_policy_timeline.dart,2,1,0,D,0,0,0,pass,-
enterprise_states,flutter_app/lib/features/enterprise_states/presentation/widgets/enterprise_states_preview_kit.dart,1,0,0,E,0,0,0,pass,-
home,flutter_app/lib/features/home/presentation/phone/pages/home_page_sections.dart,1,0,0,E,0,0,0,pass,-
home,flutter_app/lib/features/home/presentation/web/pages/home_web_page.dart,4,0,0,C,0,0,0,pass,-
home,flutter_app/lib/features/home/presentation/widgets/phone/home_portfolio_card.dart,2,0,0,E,0,0,0,pass,-
home,flutter_app/lib/features/home/presentation/widgets/phone/home_status_content.dart,2,0,0,D,0,0,0,pass,-
home,flutter_app/lib/features/home/presentation/widgets/tablet/home_discovery_panel.dart,1,0,0,E,0,0,0,pass,-
home,flutter_app/lib/features/home/presentation/widgets/tablet/home_market_watchlist_panel.dart,1,0,0,E,0,0,0,pass,-
home,flutter_app/lib/features/home/presentation/widgets/tablet/home_portfolio_card.dart,2,0,0,E,0,0,0,pass,-
home,flutter_app/lib/features/home/presentation/widgets/tablet/home_recent_products_section.dart,1,0,0,E,0,0,0,pass,-
home,flutter_app/lib/features/home/presentation/widgets/tablet/home_status_content.dart,5,0,0,C,0,0,0,pass,-
home,flutter_app/lib/features/home/presentation/widgets/tablet/home_tablet_kpi_strip.dart,3,0,0,E,0,0,0,pass,-
launchpad,flutter_app/lib/features/launchpad/presentation/phone/pages/bridge/launchpad_ido_bridge_page.dart,5,0,0,D,0,0,0,pass,-
launchpad,flutter_app/lib/features/launchpad/presentation/phone/pages/hub/launchpad_contract_page.dart,6,0,0,D,0,0,0,pass,-
launchpad,flutter_app/lib/features/launchpad/presentation/phone/pages/hub/launchpad_detail_page.dart,3,0,0,D,0,0,0,pass,-
launchpad,flutter_app/lib/features/launchpad/presentation/widgets/bridge/launchpad_bridge_compare_hero.dart,1,0,0,D,0,0,0,pass,-
launchpad,flutter_app/lib/features/launchpad/presentation/widgets/bridge/launchpad_bridge_compare_quick_compare.dart,1,0,0,D,0,0,0,pass,-
launchpad,flutter_app/lib/features/launchpad/presentation/widgets/bridge/launchpad_bridge_compare_route_list.dart,3,0,0,E,0,0,0,pass,-
launchpad,flutter_app/lib/features/launchpad/presentation/widgets/bridge/launchpad_bridge_order_details.dart,3,0,0,D,0,0,0,pass,-
launchpad,flutter_app/lib/features/launchpad/presentation/widgets/bridge/launchpad_bridge_order_events.dart,1,0,0,E,0,0,0,pass,-
launchpad,flutter_app/lib/features/launchpad/presentation/widgets/bridge/launchpad_bridge_order_hero.dart,1,0,0,D,0,0,0,pass,-
launchpad,flutter_app/lib/features/launchpad/presentation/widgets/bridge/launchpad_bridge_order_timeline.dart,1,0,0,D,0,0,0,pass,-
launchpad,flutter_app/lib/features/launchpad/presentation/widgets/bridge/launchpad_swap_aggregator_history_settings.dart,3,0,0,C,0,0,0,pass,-
launchpad,flutter_app/lib/features/launchpad/presentation/widgets/bridge/launchpad_swap_aggregator_input.dart,2,0,0,C,0,0,0,pass,-
launchpad,flutter_app/lib/features/launchpad/presentation/widgets/bridge/launchpad_swap_aggregator_quotes.dart,2,0,0,E,0,0,0,pass,-
launchpad,flutter_app/lib/features/launchpad/presentation/widgets/claim/launchpad_batch_claim_review_success.dart,1,0,0,D,0,0,0,pass,-
launchpad,flutter_app/lib/features/launchpad/presentation/widgets/claim/launchpad_batch_claim_selection.dart,1,0,0,D,0,0,0,pass,-
launchpad,flutter_app/lib/features/launchpad/presentation/widgets/claim/launchpad_batch_claim_summary.dart,1,0,0,D,0,0,0,pass,-
launchpad,flutter_app/lib/features/launchpad/presentation/widgets/claim/launchpad_claim_receipt_hero_widgets.dart,1,0,0,D,0,0,0,pass,-
launchpad,flutter_app/lib/features/launchpad/presentation/widgets/claim/launchpad_claim_receipt_misc_widgets.dart,1,0,0,C,0,0,0,pass,-
launchpad,flutter_app/lib/features/launchpad/presentation/widgets/claim/launchpad_claim_receipt_overview_widgets.dart,4,0,0,D,0,0,0,pass,-
launchpad,flutter_app/lib/features/launchpad/presentation/widgets/claim/launchpad_claim_receipt_timeline_widgets.dart,3,0,0,D,0,0,0,pass,-
launchpad,flutter_app/lib/features/launchpad/presentation/widgets/phone/launchpad_home_project_widgets.dart,1,0,0,C,0,0,0,pass,-
launchpad,flutter_app/lib/features/launchpad/presentation/widgets/phone/launchpad_home_tool_widgets.dart,2,0,0,C,0,0,0,pass,-
launchpad,flutter_app/lib/features/launchpad/presentation/widgets/phone/launchpad_performance_chart_common.dart,2,0,0,C,0,0,0,pass,-
launchpad,flutter_app/lib/features/launchpad/presentation/widgets/phone/launchpad_performance_overview.dart,3,0,0,C,0,0,0,pass,-
launchpad,flutter_app/lib/features/launchpad/presentation/widgets/phone/launchpad_performance_projects.dart,2,0,0,C,0,0,0,pass,-
launchpad,flutter_app/lib/features/launchpad/presentation/widgets/phone/launchpad_portfolio_subscription.dart,1,0,0,C,0,0,0,pass,-
launchpad,flutter_app/lib/features/launchpad/presentation/widgets/phone/launchpad_receipt_details_next_steps.dart,3,0,0,D,0,0,0,pass,-
launchpad,flutter_app/lib/features/launchpad/presentation/widgets/tools/launchpad_abi_diff_entries.dart,2,0,0,E,0,0,0,pass,-
launchpad,flutter_app/lib/features/launchpad/presentation/widgets/tools/launchpad_abi_diff_summary.dart,3,0,0,C,0,0,0,pass,-
launchpad,flutter_app/lib/features/launchpad/presentation/widgets/tools/launchpad_address_book_cards.dart,2,0,0,E,0,0,0,pass,-
launchpad,flutter_app/lib/features/launchpad/presentation/widgets/tools/launchpad_dca_builder_create_form.dart,4,0,0,C,0,0,0,pass,-
launchpad,flutter_app/lib/features/launchpad/presentation/widgets/tools/launchpad_dca_builder_history.dart,2,0,0,C,0,0,0,pass,-
launchpad,flutter_app/lib/features/launchpad/presentation/widgets/tools/launchpad_dca_builder_strategies.dart,1,0,0,C,0,0,0,pass,-
launchpad,flutter_app/lib/features/launchpad/presentation/widgets/tools/launchpad_dca_builder_summary.dart,1,0,0,C,0,0,0,pass,-
launchpad,flutter_app/lib/features/launchpad/presentation/widgets/tools/launchpad_event_log_export_widgets.dart,2,0,0,C,0,0,0,pass,-
launchpad,flutter_app/lib/features/launchpad/presentation/widgets/tools/launchpad_event_log_filter_widgets.dart,1,0,0,C,0,0,0,pass,-
launchpad,flutter_app/lib/features/launchpad/presentation/widgets/tools/launchpad_event_log_list_widgets.dart,1,0,0,E,0,0,0,pass,-
launchpad,flutter_app/lib/features/launchpad/presentation/widgets/tools/launchpad_event_log_misc_widgets.dart,2,1,0,C,0,0,0,pass,-
launchpad,flutter_app/lib/features/launchpad/presentation/widgets/tools/launchpad_gas_tracker_alerts.dart,3,0,0,C,0,0,0,pass,-
launchpad,flutter_app/lib/features/launchpad/presentation/widgets/tools/launchpad_gas_tracker_chains.dart,1,0,0,C,0,0,0,pass,-
launchpad,flutter_app/lib/features/launchpad/presentation/widgets/tools/launchpad_gas_tracker_estimator.dart,1,0,0,C,0,0,0,pass,-
launchpad,flutter_app/lib/features/launchpad/presentation/widgets/tools/launchpad_gas_tracker_hero.dart,1,0,0,D,0,0,0,pass,-
launchpad,flutter_app/lib/features/launchpad/presentation/widgets/tools/launchpad_gas_tracker_prices.dart,2,0,0,C,0,0,0,pass,-
launchpad,flutter_app/lib/features/launchpad/presentation/widgets/tools/launchpad_limit_orders_active_widgets.dart,1,0,0,C,0,0,0,pass,-
launchpad,flutter_app/lib/features/launchpad/presentation/widgets/tools/launchpad_limit_orders_create_fields.dart,1,0,0,C,0,0,0,pass,-
launchpad,flutter_app/lib/features/launchpad/presentation/widgets/tools/launchpad_limit_orders_create_widgets.dart,1,0,0,C,0,0,0,pass,-
launchpad,flutter_app/lib/features/launchpad/presentation/widgets/tools/launchpad_limit_orders_header_widgets.dart,1,0,0,C,0,0,0,pass,-
launchpad,flutter_app/lib/features/launchpad/presentation/widgets/tools/launchpad_limit_orders_history_widgets.dart,1,0,0,C,0,0,0,pass,-
launchpad,flutter_app/lib/features/launchpad/presentation/widgets/tools/launchpad_limit_orders_preview_widgets.dart,1,0,0,C,0,0,0,pass,-
launchpad,flutter_app/lib/features/launchpad/presentation/widgets/tools/launchpad_multisig_owners.dart,2,0,0,C,0,0,0,pass,-
launchpad,flutter_app/lib/features/launchpad/presentation/widgets/tools/launchpad_multisig_page_chrome.dart,3,0,0,C,0,0,0,pass,-
launchpad,flutter_app/lib/features/launchpad/presentation/widgets/tools/launchpad_multisig_queue_history.dart,1,0,0,C,0,0,0,pass,-
launchpad,flutter_app/lib/features/launchpad/presentation/widgets/tools/launchpad_multisig_tx_card.dart,2,0,0,E,0,0,0,pass,-
launchpad,flutter_app/lib/features/launchpad/presentation/widgets/tools/launchpad_notif_sound_categories.dart,2,1,0,E,0,0,0,pass,-
launchpad,flutter_app/lib/features/launchpad/presentation/widgets/tools/launchpad_notif_sound_controls.dart,3,0,0,D,0,0,0,pass,-
launchpad,flutter_app/lib/features/launchpad/presentation/widgets/tools/launchpad_notif_sound_footer.dart,2,1,0,D,0,0,0,pass,-
launchpad,flutter_app/lib/features/launchpad/presentation/widgets/tools/launchpad_rebalance_allocation.dart,1,0,0,C,0,0,0,pass,-
launchpad,flutter_app/lib/features/launchpad/presentation/widgets/tools/launchpad_rebalance_deviation.dart,1,0,0,C,0,0,0,pass,-
launchpad,flutter_app/lib/features/launchpad/presentation/widgets/tools/launchpad_rebalance_hero.dart,1,0,0,D,0,0,0,pass,-
launchpad,flutter_app/lib/features/launchpad/presentation/widgets/tools/launchpad_rebalance_strategy.dart,1,0,0,C,0,0,0,pass,-
launchpad,flutter_app/lib/features/launchpad/presentation/widgets/tools/launchpad_rebalance_suggestions.dart,1,0,0,E,0,0,0,pass,-
launchpad,flutter_app/lib/features/launchpad/presentation/widgets/tools/launchpad_rebalance_summary.dart,1,0,0,C,0,0,0,pass,-
launchpad,flutter_app/lib/features/launchpad/presentation/widgets/tools/launchpad_risk_due_diligence.dart,1,0,0,C,0,0,0,pass,-
launchpad,flutter_app/lib/features/launchpad/presentation/widgets/tools/launchpad_risk_report_common.dart,2,0,0,C,0,0,0,pass,-
launchpad,flutter_app/lib/features/launchpad/presentation/widgets/tools/launchpad_risk_tabs_overview.dart,2,0,0,D,0,0,0,pass,-
launchpad,flutter_app/lib/features/launchpad/presentation/widgets/tools/launchpad_staking_calculator.dart,3,0,0,C,0,0,0,pass,-
launchpad,flutter_app/lib/features/launchpad/presentation/widgets/tools/launchpad_staking_hero.dart,1,0,0,D,0,0,0,pass,-
launchpad,flutter_app/lib/features/launchpad/presentation/widgets/tools/launchpad_staking_pool_card.dart,1,0,0,D,0,0,0,pass,-
launchpad,flutter_app/lib/features/launchpad/presentation/widgets/tools/launchpad_staking_pool_status.dart,2,0,0,C,0,0,0,pass,-
launchpad,flutter_app/lib/features/launchpad/presentation/widgets/tools/launchpad_staking_positions.dart,4,0,0,C,0,0,0,pass,-
launchpad,flutter_app/lib/features/launchpad/presentation/widgets/tools/launchpad_staking_shared.dart,1,0,0,C,0,0,0,pass,-
launchpad,flutter_app/lib/features/launchpad/presentation/widgets/tools/launchpad_webhooks_common_widgets.dart,1,0,0,C,0,0,0,pass,-
launchpad,flutter_app/lib/features/launchpad/presentation/widgets/tools/launchpad_webhooks_deliveries.dart,1,0,0,C,0,0,0,pass,-
launchpad,flutter_app/lib/features/launchpad/presentation/widgets/tools/launchpad_webhooks_stats_header.dart,1,0,0,C,0,0,0,pass,-
launchpad,flutter_app/lib/features/launchpad/presentation/widgets/tools/launchpad_webhooks_subscription_list.dart,3,0,0,C,0,0,0,pass,-
markets,flutter_app/lib/features/markets/presentation/phone/pages/hub/market_overview_page_hero_stats_widgets.dart,4,2,0,D,0,0,0,pass,-
markets,flutter_app/lib/features/markets/presentation/phone/pages/hub/market_overview_page_history_tools_widgets.dart,2,0,0,C,0,0,0,pass,-
markets,flutter_app/lib/features/markets/presentation/phone/pages/hub/market_overview_page_movers_sectors_widgets.dart,3,0,0,C,0,0,0,pass,-
markets,flutter_app/lib/features/markets/presentation/phone/pages/portfolio/advanced_charts_page_indicator_drawing_widgets.dart,5,1,0,C,0,0,0,pass,-
markets,flutter_app/lib/features/markets/presentation/phone/pages/portfolio/advanced_charts_page_signal_widgets.dart,1,0,0,C,0,0,0,pass,-
markets,flutter_app/lib/features/markets/presentation/phone/pages/portfolio/advanced_charts_page_tabs_filters_widgets.dart,2,2,0,D,0,0,0,pass,-
markets,flutter_app/lib/features/markets/presentation/phone/pages/portfolio/portfolio_tracker_page_holdings_widgets.dart,4,0,0,C,0,0,0,pass,-
markets,flutter_app/lib/features/markets/presentation/phone/pages/portfolio/portfolio_tracker_page_overview_widgets.dart,3,0,0,C,0,0,0,pass,-
markets,flutter_app/lib/features/markets/presentation/phone/pages/portfolio/portfolio_tracker_page_performance_widgets.dart,2,0,0,C,0,0,0,pass,-
markets,flutter_app/lib/features/markets/presentation/phone/pages/research/social_signals_page_performance_widgets.dart,2,0,0,C,0,0,0,pass,-
markets,flutter_app/lib/features/markets/presentation/phone/pages/research/social_signals_page_signal_provider_widgets.dart,2,0,0,E,0,0,0,pass,-
markets,flutter_app/lib/features/markets/presentation/phone/pages/research/social_signals_page_tabs_widgets.dart,2,0,0,C,0,0,0,pass,-
markets,flutter_app/lib/features/markets/presentation/phone/pages/research/token_unlocks_page_card_analysis_widgets.dart,6,0,0,C,0,0,0,pass,-
markets,flutter_app/lib/features/markets/presentation/phone/pages/research/token_unlocks_page_schedule_widgets.dart,2,0,0,C,0,0,0,pass,-
markets,flutter_app/lib/features/markets/presentation/phone/pages/research/token_unlocks_page_upcoming_widgets.dart,1,0,0,C,0,0,0,pass,-
markets,flutter_app/lib/features/markets/presentation/widgets/pair/market_depth_chart.dart,3,0,0,C,0,0,0,pass,-
markets,flutter_app/lib/features/markets/presentation/widgets/pair/market_depth_common.dart,1,0,0,C,0,0,0,pass,-
markets,flutter_app/lib/features/markets/presentation/widgets/pair/market_depth_order_book.dart,1,0,0,E,0,0,0,pass,-
markets,flutter_app/lib/features/markets/presentation/widgets/pair/market_depth_whale_alerts.dart,3,0,0,C,0,0,0,pass,-
markets,flutter_app/lib/features/markets/presentation/widgets/pair/market_heatmap_panels.dart,2,1,0,C,0,0,0,pass,-
markets,flutter_app/lib/features/markets/presentation/widgets/pair/market_heatmap_summary.dart,1,1,0,D,0,0,0,pass,-
markets,flutter_app/lib/features/markets/presentation/widgets/pair/market_heatmap_treemap.dart,2,1,0,D,0,0,0,pass,-
markets,flutter_app/lib/features/markets/presentation/widgets/pair/pair_detail_chart_widgets.dart,1,0,0,C,0,0,0,pass,-
markets,flutter_app/lib/features/markets/presentation/widgets/pair/pair_detail_header_widgets.dart,1,0,0,C,0,0,0,pass,-
markets,flutter_app/lib/features/markets/presentation/widgets/pair/pair_detail_order_widgets.dart,2,0,0,C,0,0,0,pass,-
markets,flutter_app/lib/features/markets/presentation/widgets/phone/market_list_discover.dart,1,0,0,E,0,0,0,pass,-
markets,flutter_app/lib/features/markets/presentation/widgets/phone/market_list_filters.dart,1,0,0,C,0,0,0,pass,-
markets,flutter_app/lib/features/markets/presentation/widgets/phone/market_list_movers.dart,1,1,0,D,0,0,0,pass,-
markets,flutter_app/lib/features/markets/presentation/widgets/phone/watchlist_cards.dart,1,0,0,C,0,0,0,pass,-
markets,flutter_app/lib/features/markets/presentation/widgets/portfolio/price_alerts_page_details.dart,1,0,0,C,0,0,0,pass,-
markets,flutter_app/lib/features/markets/presentation/widgets/research/market_news_page_common.dart,5,0,0,E,0,0,0,pass,-
markets,flutter_app/lib/features/markets/presentation/widgets/research/market_news_page_sections.dart,1,0,0,C,0,0,0,pass,-
markets,flutter_app/lib/features/markets/presentation/widgets/research/social_sentiment_overview_widgets.dart,2,0,0,C,0,0,0,pass,-
markets,flutter_app/lib/features/markets/presentation/widgets/research/social_sentiment_tabs_widgets.dart,2,0,0,C,0,0,0,pass,-
markets,flutter_app/lib/features/markets/presentation/widgets/research/social_sentiment_token_widgets.dart,2,0,0,C,0,0,0,pass,-
markets,flutter_app/lib/features/markets/presentation/widgets/research/social_sentiment_trends_widgets.dart,4,0,0,C,0,0,0,pass,-
markets,flutter_app/lib/features/markets/presentation/widgets/research/token_info_detail_widgets.dart,4,0,0,C,0,0,0,pass,-
markets,flutter_app/lib/features/markets/presentation/widgets/research/token_info_market_widgets.dart,4,0,0,C,0,0,0,pass,-
markets,flutter_app/lib/features/markets/presentation/widgets/research/token_info_tabs_widgets.dart,2,0,0,C,0,0,0,pass,-
markets,flutter_app/lib/features/markets/presentation/widgets/tablet/market_list_discover.dart,1,0,0,E,0,0,0,pass,-
markets,flutter_app/lib/features/markets/presentation/widgets/tablet/market_list_movers.dart,1,1,0,D,0,0,0,pass,-
markets,flutter_app/lib/features/markets/presentation/widgets/tablet/market_list_pairs_panel.dart,1,0,0,E,0,0,0,pass,-
markets,flutter_app/lib/features/markets/presentation/widgets/tablet/markets_pulse_strip.dart,2,0,0,E,0,0,0,pass,-
markets,flutter_app/lib/features/markets/presentation/widgets/tablet/markets_status_content.dart,5,0,0,C,0,0,0,pass,-
markets,flutter_app/lib/features/markets/presentation/widgets/tools/comparison_tool_content.dart,5,1,0,C,0,0,0,pass,-
markets,flutter_app/lib/features/markets/presentation/widgets/tools/comparison_tool_tokens.dart,2,1,0,C,0,0,0,pass,-
markets,flutter_app/lib/features/markets/presentation/widgets/tools/market_calendar_events.dart,1,0,0,E,0,0,0,pass,-
markets,flutter_app/lib/features/markets/presentation/widgets/tools/market_calendar_filters.dart,1,1,0,D,0,0,0,pass,-
markets,flutter_app/lib/features/markets/presentation/widgets/tools/market_calendar_month.dart,2,0,0,C,0,0,0,pass,-
markets,flutter_app/lib/features/markets/presentation/widgets/tools/market_correlations_diversification_widgets.dart,5,0,0,C,0,0,0,pass,-
markets,flutter_app/lib/features/markets/presentation/widgets/tools/market_correlations_matrix_widgets.dart,4,0,0,C,0,0,0,pass,-
markets,flutter_app/lib/features/markets/presentation/widgets/tools/market_derivatives_liquidation.dart,3,0,0,C,0,0,0,pass,-
markets,flutter_app/lib/features/markets/presentation/widgets/tools/market_derivatives_overview.dart,4,0,0,C,0,0,0,pass,-
markets,flutter_app/lib/features/markets/presentation/widgets/tools/market_derivatives_perpetual.dart,1,0,0,C,0,0,0,pass,-
markets,flutter_app/lib/features/markets/presentation/widgets/tools/market_movers_results.dart,1,0,0,E,0,0,0,pass,-
markets,flutter_app/lib/features/markets/presentation/widgets/tools/market_movers_row_common.dart,1,0,0,C,0,0,0,pass,-
markets,flutter_app/lib/features/markets/presentation/widgets/tools/market_screener_filters.dart,3,1,1,A,0,0,0,pass,-
markets,flutter_app/lib/features/markets/presentation/widgets/tools/market_screener_results.dart,1,1,0,D,0,0,0,pass,-
markets,flutter_app/lib/features/markets/presentation/widgets/tools/market_screener_row_common.dart,1,0,0,C,0,0,0,pass,-
markets,flutter_app/lib/features/markets/presentation/widgets/tools/market_sector_card.dart,1,0,0,C,0,0,0,pass,-
markets,flutter_app/lib/features/markets/presentation/widgets/tools/market_sector_comparison_table.dart,1,0,0,C,0,0,0,pass,-
markets,flutter_app/lib/features/markets/presentation/widgets/tools/market_sector_detail_summary.dart,4,0,0,C,0,0,0,pass,-
markets,flutter_app/lib/features/markets/presentation/widgets/tools/market_sector_distribution.dart,1,1,0,D,0,0,0,pass,-
news,flutter_app/lib/features/news/presentation/widgets/news_page_common.dart,1,0,0,C,0,0,0,pass,-
news,flutter_app/lib/features/news/presentation/widgets/news_page_sections.dart,1,0,0,C,0,0,0,pass,-
notifications,flutter_app/lib/features/notifications/presentation/widgets/notifications_page_sections.dart,2,0,0,C,0,0,0,pass,-
onboarding,flutter_app/lib/features/onboarding/presentation/widgets/onboarding_shared_components.dart,5,1,0,C,0,0,0,pass,-
onboarding,flutter_app/lib/features/onboarding/presentation/widgets/onboarding_step_screens.dart,6,0,0,C,0,0,0,pass,-
p2p_account,flutter_app/lib/features/p2p_account/presentation/phone/pages/merchant/p2p_identity_verification_page.dart,1,0,0,C,0,0,0,pass,-
p2p_account,flutter_app/lib/features/p2p_account/presentation/phone/pages/merchant/p2p_merchant_apply_page_common.dart,1,0,0,C,0,0,0,pass,-
p2p_account,flutter_app/lib/features/p2p_account/presentation/phone/pages/merchant/p2p_merchant_apply_page_state.dart,2,0,0,C,0,0,0,pass,-
p2p_account,flutter_app/lib/features/p2p_account/presentation/phone/pages/merchant/p2p_merchant_apply_steps.dart,5,0,0,C,0,0,0,pass,-
p2p_account,flutter_app/lib/features/p2p_account/presentation/phone/pages/merchant/p2p_selfie_verification_page.dart,1,0,0,C,0,0,0,pass,-
p2p_account,flutter_app/lib/features/p2p_account/presentation/phone/pages/merchant/p2p_video_verification_page.dart,4,0,0,C,0,0,0,pass,-
p2p_account,flutter_app/lib/features/p2p_account/presentation/phone/pages/payment/p2p_payment_method_cooling_period_page.dart,4,0,0,C,0,0,0,pass,-
p2p_account,flutter_app/lib/features/p2p_account/presentation/phone/pages/payment/p2p_payment_method_history_page.dart,2,0,0,C,0,0,0,pass,-
p2p_account,flutter_app/lib/features/p2p_account/presentation/phone/pages/payment/p2p_payment_method_ownership_page.dart,2,0,0,C,0,0,0,pass,-
p2p_account,flutter_app/lib/features/p2p_account/presentation/widgets/merchant/p2p_address_proof_page_common.dart,2,0,0,C,0,0,0,pass,-
p2p_account,flutter_app/lib/features/p2p_account/presentation/widgets/merchant/p2p_address_proof_page_sections.dart,5,0,0,D,0,0,0,pass,-
p2p_account,flutter_app/lib/features/p2p_account/presentation/widgets/merchant/p2p_identity_verification_page_common.dart,1,0,0,C,0,0,0,pass,-
p2p_account,flutter_app/lib/features/p2p_account/presentation/widgets/merchant/p2p_identity_verification_page_sections.dart,4,0,0,D,0,0,0,pass,-
p2p_account,flutter_app/lib/features/p2p_account/presentation/widgets/merchant/p2p_kyc_requirements_page_common.dart,1,0,0,C,0,0,0,pass,-
p2p_account,flutter_app/lib/features/p2p_account/presentation/widgets/merchant/p2p_kyc_requirements_page_sections.dart,3,0,0,D,0,0,0,pass,-
p2p_account,flutter_app/lib/features/p2p_account/presentation/widgets/merchant/p2p_kyc_status_page_common.dart,1,0,0,C,0,0,0,pass,-
p2p_account,flutter_app/lib/features/p2p_account/presentation/widgets/merchant/p2p_kyc_status_page_sections.dart,3,0,0,D,0,0,0,pass,-
p2p_account,flutter_app/lib/features/p2p_account/presentation/widgets/merchant/p2p_merchant_profile_ads_reviews.dart,3,1,0,C,0,0,0,pass,-
p2p_account,flutter_app/lib/features/p2p_account/presentation/widgets/merchant/p2p_merchant_profile_header_stats.dart,2,0,0,C,0,0,0,pass,-
p2p_account,flutter_app/lib/features/p2p_account/presentation/widgets/merchant/p2p_selfie_verification_page_common.dart,3,0,0,C,0,0,0,pass,-
p2p_account,flutter_app/lib/features/p2p_account/presentation/widgets/merchant/p2p_selfie_verification_page_sections.dart,6,0,0,D,0,0,0,pass,-
p2p_account,flutter_app/lib/features/p2p_account/presentation/widgets/payment/p2p_payment_method_add_page_sections.dart,2,0,0,C,0,0,0,pass,-
p2p_account,flutter_app/lib/features/p2p_account/presentation/widgets/payment/p2p_payment_method_verification_flow.dart,2,0,0,C,0,0,0,pass,-
p2p_account,flutter_app/lib/features/p2p_account/presentation/widgets/payment/p2p_payment_method_verification_methods.dart,2,0,0,C,0,0,0,pass,-
p2p_account,flutter_app/lib/features/p2p_account/presentation/widgets/payment/p2p_payment_methods_page_sections.dart,2,1,0,D,0,0,0,pass,-
p2p_core,flutter_app/lib/features/p2p_core/presentation/tablet/pages/p2p_tablet_utility_page.dart,3,0,0,C,0,0,0,pass,-
p2p_core,flutter_app/lib/features/p2p_core/presentation/widgets/p2p_notice_widgets.dart,1,0,0,C,0,0,0,pass,-
p2p_dispute,flutter_app/lib/features/p2p_dispute/presentation/phone/pages/dispute/p2p_claim_detail_page_common.dart,3,0,0,D,0,0,0,pass,-
p2p_dispute,flutter_app/lib/features/p2p_dispute/presentation/phone/pages/dispute/p2p_claim_detail_page_sections.dart,4,0,0,D,0,0,0,pass,-
p2p_dispute,flutter_app/lib/features/p2p_dispute/presentation/phone/pages/dispute/p2p_claim_detail_page_state.dart,2,0,0,D,0,0,0,pass,-
p2p_dispute,flutter_app/lib/features/p2p_dispute/presentation/phone/pages/dispute/p2p_dispute_evidence_page.dart,3,0,0,C,0,0,0,pass,-
p2p_dispute,flutter_app/lib/features/p2p_dispute/presentation/phone/pages/dispute/p2p_dispute_page.dart,3,1,0,D,0,0,0,pass,-
p2p_dispute,flutter_app/lib/features/p2p_dispute/presentation/phone/pages/dispute/p2p_dispute_resolution_page.dart,3,0,0,E,0,0,0,pass,-
p2p_dispute,flutter_app/lib/features/p2p_dispute/presentation/phone/pages/dispute/p2p_disputes_page.dart,4,0,0,C,0,0,0,pass,-
p2p_dispute,flutter_app/lib/features/p2p_dispute/presentation/phone/pages/dispute/p2p_insurance_fund_claims_tour.dart,8,3,0,D,0,0,0,pass,-
p2p_dispute,flutter_app/lib/features/p2p_dispute/presentation/phone/pages/dispute/p2p_insurance_fund_overview_cards.dart,11,0,0,C,0,0,0,pass,-
p2p_dispute,flutter_app/lib/features/p2p_dispute/presentation/phone/pages/dispute/p2p_insurance_fund_page_common.dart,3,0,0,E,0,0,0,pass,-
p2p_dispute,flutter_app/lib/features/p2p_dispute/presentation/phone/pages/dispute/p2p_insurance_policy_page.dart,4,0,0,D,0,0,0,pass,-
p2p_dispute,flutter_app/lib/features/p2p_dispute/presentation/widgets/dispute/p2p_dispute_actions_card.dart,2,1,0,C,0,0,0,pass,-
p2p_dispute,flutter_app/lib/features/p2p_dispute/presentation/widgets/dispute/p2p_dispute_escalation_card.dart,2,1,0,E,0,0,0,pass,-
p2p_dispute,flutter_app/lib/features/p2p_dispute/presentation/widgets/dispute/p2p_dispute_evidence_card.dart,1,0,0,C,0,0,0,pass,-
p2p_dispute,flutter_app/lib/features/p2p_dispute/presentation/widgets/dispute/p2p_dispute_status_banner.dart,1,0,0,C,0,0,0,pass,-
p2p_dispute,flutter_app/lib/features/p2p_dispute/presentation/widgets/dispute/p2p_dispute_support_chat.dart,1,0,0,E,0,0,0,pass,-
p2p_dispute,flutter_app/lib/features/p2p_dispute/presentation/widgets/dispute/p2p_dispute_timeline_card.dart,1,0,0,C,0,0,0,pass,-
p2p_dispute,flutter_app/lib/features/p2p_dispute/presentation/widgets/dispute/p2p_insurance_certificate_page_common.dart,2,0,0,C,0,0,0,pass,-
p2p_dispute,flutter_app/lib/features/p2p_dispute/presentation/widgets/dispute/p2p_insurance_certificate_page_sections.dart,3,0,0,E,0,0,0,pass,-
p2p_dispute,flutter_app/lib/features/p2p_dispute/presentation/widgets/dispute/p2p_insurance_score_page_common.dart,4,0,0,D,0,0,0,pass,-
p2p_dispute,flutter_app/lib/features/p2p_dispute/presentation/widgets/dispute/p2p_insurance_score_page_sections.dart,5,0,0,E,0,0,0,pass,-
p2p_marketplace,flutter_app/lib/features/p2p_marketplace/presentation/phone/pages/ads/p2p_ad_analytics_page.dart,1,0,0,C,0,0,0,pass,-
p2p_marketplace,flutter_app/lib/features/p2p_marketplace/presentation/phone/pages/hub/p2p_express_confirm_page.dart,2,0,0,C,0,0,0,pass,-
p2p_marketplace,flutter_app/lib/features/p2p_marketplace/presentation/phone/pages/hub/p2p_notifications_settings_page.dart,1,0,0,E,0,0,0,pass,-
p2p_marketplace,flutter_app/lib/features/p2p_marketplace/presentation/widgets/ads/p2p_ad_analytics_breakdown_cards.dart,6,0,0,C,0,0,0,pass,-
p2p_marketplace,flutter_app/lib/features/p2p_marketplace/presentation/widgets/ads/p2p_ad_analytics_overview_cards.dart,5,3,0,D,0,0,0,pass,-
p2p_marketplace,flutter_app/lib/features/p2p_marketplace/presentation/widgets/ads/p2p_ad_detail_amount_terms.dart,3,0,0,C,0,0,0,pass,-
p2p_marketplace,flutter_app/lib/features/p2p_marketplace/presentation/widgets/ads/p2p_ad_detail_merchant_info.dart,2,0,0,C,0,0,0,pass,-
p2p_marketplace,flutter_app/lib/features/p2p_marketplace/presentation/widgets/ads/p2p_create_ad_page_sections.dart,1,0,0,C,0,0,0,pass,-
p2p_marketplace,flutter_app/lib/features/p2p_marketplace/presentation/widgets/ads/p2p_create_ad_preview_confirm.dart,2,0,0,C,0,0,0,pass,-
p2p_marketplace,flutter_app/lib/features/p2p_marketplace/presentation/widgets/ads/p2p_create_ad_sections.dart,3,1,0,C,0,0,0,pass,-
p2p_marketplace,flutter_app/lib/features/p2p_marketplace/presentation/widgets/ads/p2p_my_ads_empty_links.dart,3,0,0,C,0,0,0,pass,-
p2p_marketplace,flutter_app/lib/features/p2p_marketplace/presentation/widgets/ads/p2p_my_ads_stats_cards.dart,2,1,0,D,0,0,0,pass,-
p2p_marketplace,flutter_app/lib/features/p2p_marketplace/presentation/widgets/ads/p2p_order_book_cards_lists.dart,3,0,0,D,0,0,0,pass,-
p2p_marketplace,flutter_app/lib/features/p2p_marketplace/presentation/widgets/ads/p2p_order_book_selector_ticker.dart,1,0,0,D,0,0,0,pass,-
p2p_marketplace,flutter_app/lib/features/p2p_marketplace/presentation/widgets/phone/p2p_dashboard_activity_cards.dart,4,0,0,D,0,0,0,pass,-
p2p_marketplace,flutter_app/lib/features/p2p_marketplace/presentation/widgets/phone/p2p_dashboard_overview_cards.dart,8,0,0,D,0,0,0,pass,-
p2p_marketplace,flutter_app/lib/features/p2p_marketplace/presentation/widgets/phone/p2p_dashboard_row_widgets.dart,2,0,0,D,0,0,0,pass,-
p2p_marketplace,flutter_app/lib/features/p2p_marketplace/presentation/widgets/phone/p2p_express_form_cards.dart,6,0,0,C,0,0,0,pass,-
p2p_marketplace,flutter_app/lib/features/p2p_marketplace/presentation/widgets/phone/p2p_express_page_state.dart,2,0,0,E,0,0,0,pass,-
p2p_marketplace,flutter_app/lib/features/p2p_marketplace/presentation/widgets/phone/p2p_guide_steps_safety.dart,4,0,0,D,0,0,0,pass,-
p2p_marketplace,flutter_app/lib/features/p2p_marketplace/presentation/widgets/phone/p2p_guide_video_common.dart,3,0,0,C,0,0,0,pass,-
p2p_marketplace,flutter_app/lib/features/p2p_marketplace/presentation/widgets/phone/p2p_home_offer_list.dart,2,0,0,C,0,0,0,pass,-
p2p_marketplace,flutter_app/lib/features/p2p_marketplace/presentation/widgets/phone/p2p_home_page_state.dart,1,0,0,D,0,0,0,pass,-
p2p_marketplace,flutter_app/lib/features/p2p_marketplace/presentation/widgets/phone/p2p_settings_hours_common.dart,4,0,0,D,0,0,0,pass,-
p2p_marketplace,flutter_app/lib/features/p2p_marketplace/presentation/widgets/phone/p2p_settings_trade_security.dart,4,0,0,D,0,0,0,pass,-
p2p_marketplace,flutter_app/lib/features/p2p_marketplace/presentation/widgets/phone/p2p_trading_level_cards.dart,2,0,0,E,0,0,0,pass,-
p2p_marketplace,flutter_app/lib/features/p2p_marketplace/presentation/widgets/phone/p2p_trading_level_hero_progress.dart,3,0,0,C,0,0,0,pass,-
p2p_orders,flutter_app/lib/features/p2p_orders/presentation/phone/pages/orders/p2p_fund_lock_history_page.dart,3,0,0,C,0,0,0,pass,-
p2p_orders,flutter_app/lib/features/p2p_orders/presentation/phone/pages/orders/p2p_order_cancel_page.dart,2,0,0,D,0,0,0,pass,-
p2p_orders,flutter_app/lib/features/p2p_orders/presentation/phone/pages/orders/p2p_order_timeline_page.dart,1,0,0,C,0,0,0,pass,-
p2p_orders,flutter_app/lib/features/p2p_orders/presentation/widgets/orders/p2p_chat_header_banners.dart,1,0,0,E,0,0,0,pass,-
p2p_orders,flutter_app/lib/features/p2p_orders/presentation/widgets/orders/p2p_escrow_balance_page_common.dart,3,1,0,C,0,0,0,pass,-
p2p_orders,flutter_app/lib/features/p2p_orders/presentation/widgets/orders/p2p_escrow_balance_page_sections.dart,5,1,0,D,0,0,0,pass,-
p2p_orders,flutter_app/lib/features/p2p_orders/presentation/widgets/orders/p2p_escrow_detail_multisig_order.dart,3,0,0,D,0,0,0,pass,-
p2p_orders,flutter_app/lib/features/p2p_orders/presentation/widgets/orders/p2p_escrow_detail_status_address.dart,4,0,0,D,0,0,0,pass,-
p2p_orders,flutter_app/lib/features/p2p_orders/presentation/widgets/orders/p2p_escrow_detail_timeline_actions.dart,3,0,0,D,0,0,0,pass,-
p2p_orders,flutter_app/lib/features/p2p_orders/presentation/widgets/orders/p2p_my_orders_page_sections.dart,3,0,0,D,0,0,0,pass,-
p2p_orders,flutter_app/lib/features/p2p_orders/presentation/widgets/orders/p2p_order_content_cards.dart,6,0,0,C,0,0,0,pass,-
p2p_orders,flutter_app/lib/features/p2p_orders/presentation/widgets/orders/p2p_order_page_state.dart,3,0,0,C,0,0,0,pass,-
p2p_orders,flutter_app/lib/features/p2p_orders/presentation/widgets/orders/p2p_order_proof_widgets.dart,4,2,0,D,0,0,0,pass,-
p2p_orders,flutter_app/lib/features/p2p_orders/presentation/widgets/orders/p2p_order_rate_widgets.dart,3,0,0,D,0,0,0,pass,-
p2p_orders,flutter_app/lib/features/p2p_orders/presentation/widgets/wallet/p2p_wallet_actions_history.dart,1,0,0,D,0,0,0,pass,-
p2p_orders,flutter_app/lib/features/p2p_orders/presentation/widgets/wallet/p2p_wallet_balances.dart,1,0,0,D,0,0,0,pass,-
p2p_orders,flutter_app/lib/features/p2p_orders/presentation/widgets/wallet/p2p_wallet_hero.dart,1,1,0,D,0,0,0,pass,-
p2p_orders,flutter_app/lib/features/p2p_orders/presentation/widgets/wallet/p2p_wallet_transfer_confirm.dart,1,0,0,D,0,0,0,pass,-
p2p_orders,flutter_app/lib/features/p2p_orders/presentation/widgets/wallet/p2p_wallet_transfer_form.dart,2,1,0,D,0,0,0,pass,-
p2p_security,flutter_app/lib/features/p2p_security/presentation/phone/pages/security/p2p_2fa_settings_page.dart,1,0,0,C,0,0,0,pass,-
p2p_security,flutter_app/lib/features/p2p_security/presentation/phone/pages/security/p2p_aml_screening_page.dart,2,0,0,D,0,0,0,pass,-
p2p_security,flutter_app/lib/features/p2p_security/presentation/phone/pages/security/p2p_anti_phishing_code_page.dart,2,0,0,D,0,0,0,pass,-
p2p_security,flutter_app/lib/features/p2p_security/presentation/phone/pages/security/p2p_blacklist_add_page.dart,2,1,0,C,0,0,0,pass,-
p2p_security,flutter_app/lib/features/p2p_security/presentation/phone/pages/security/p2p_compliance_overview_page.dart,1,0,0,E,0,0,0,pass,-
p2p_security,flutter_app/lib/features/p2p_security/presentation/phone/pages/security/p2p_contribution_history_page.dart,3,0,0,D,0,0,0,pass,-
p2p_security,flutter_app/lib/features/p2p_security/presentation/phone/pages/security/p2p_device_management_page.dart,1,0,0,C,0,0,0,pass,-
p2p_security,flutter_app/lib/features/p2p_security/presentation/phone/pages/security/p2p_e2e_info_page.dart,5,0,0,D,0,0,0,pass,-
p2p_security,flutter_app/lib/features/p2p_security/presentation/phone/pages/security/p2p_fraud_prevention_page.dart,1,0,0,C,0,0,0,pass,-
p2p_security,flutter_app/lib/features/p2p_security/presentation/phone/pages/security/p2p_large_transaction_justification_page.dart,1,1,0,D,0,0,0,pass,-
p2p_security,flutter_app/lib/features/p2p_security/presentation/phone/pages/security/p2p_limit_tracker_page.dart,2,0,0,C,0,0,0,pass,-
p2p_security,flutter_app/lib/features/p2p_security/presentation/phone/pages/security/p2p_reviews_page.dart,2,0,0,C,0,0,0,pass,-
p2p_security,flutter_app/lib/features/p2p_security/presentation/phone/pages/security/p2p_risk_assessment_page.dart,1,0,0,E,0,0,0,pass,-
p2p_security,flutter_app/lib/features/p2p_security/presentation/phone/pages/security/p2p_security_center_page.dart,2,0,0,D,0,0,0,pass,-
p2p_security,flutter_app/lib/features/p2p_security/presentation/phone/pages/security/p2p_source_of_funds_page.dart,1,1,0,D,0,0,0,pass,-
p2p_security,flutter_app/lib/features/p2p_security/presentation/phone/pages/security/p2p_suspicious_activity_page.dart,4,0,0,D,0,0,0,pass,-
p2p_security,flutter_app/lib/features/p2p_security/presentation/widgets/security/p2p_2fa_settings_page_common.dart,1,0,0,C,0,0,0,pass,-
p2p_security,flutter_app/lib/features/p2p_security/presentation/widgets/security/p2p_2fa_settings_page_sections.dart,5,0,0,D,0,0,0,pass,-
p2p_security,flutter_app/lib/features/p2p_security/presentation/widgets/security/p2p_achievements_page_common.dart,1,0,0,D,0,0,0,pass,-
p2p_security,flutter_app/lib/features/p2p_security/presentation/widgets/security/p2p_achievements_page_sections.dart,2,0,0,D,0,0,0,pass,-
p2p_security,flutter_app/lib/features/p2p_security/presentation/widgets/security/p2p_anti_phishing_code_page_sections.dart,3,0,0,D,0,0,0,pass,-
p2p_security,flutter_app/lib/features/p2p_security/presentation/widgets/security/p2p_blacklist_common.dart,1,0,0,C,0,0,0,pass,-
p2p_security,flutter_app/lib/features/p2p_security/presentation/widgets/security/p2p_blacklist_entries.dart,1,0,0,E,0,0,0,pass,-
p2p_security,flutter_app/lib/features/p2p_security/presentation/widgets/security/p2p_blacklist_summary_filters.dart,1,0,0,D,0,0,0,pass,-
p2p_security,flutter_app/lib/features/p2p_security/presentation/widgets/security/p2p_device_management_cards.dart,2,0,0,D,0,0,0,pass,-
p2p_security,flutter_app/lib/features/p2p_security/presentation/widgets/security/p2p_device_management_overview.dart,1,0,0,D,0,0,0,pass,-
p2p_security,flutter_app/lib/features/p2p_security/presentation/widgets/security/p2p_device_management_tips.dart,1,0,0,D,0,0,0,pass,-
p2p_security,flutter_app/lib/features/p2p_security/presentation/widgets/security/p2p_fraud_checklist_actions.dart,5,0,0,D,0,0,0,pass,-
p2p_security,flutter_app/lib/features/p2p_security/presentation/widgets/security/p2p_fraud_common.dart,1,0,0,D,0,0,0,pass,-
p2p_security,flutter_app/lib/features/p2p_security/presentation/widgets/security/p2p_fraud_score_patterns.dart,2,0,0,D,0,0,0,pass,-
p2p_security,flutter_app/lib/features/p2p_security/presentation/widgets/security/p2p_login_history_events.dart,1,0,0,D,0,0,0,pass,-
p2p_security,flutter_app/lib/features/p2p_security/presentation/widgets/security/p2p_login_history_summary_filters.dart,1,0,0,D,0,0,0,pass,-
p2p_security,flutter_app/lib/features/p2p_security/presentation/widgets/security/p2p_report_merchant_reasons_details.dart,2,0,0,E,0,0,0,pass,-
p2p_security,flutter_app/lib/features/p2p_security/presentation/widgets/security/p2p_report_merchant_summary_actions.dart,2,0,0,C,0,0,0,pass,-
p2p_security,flutter_app/lib/features/p2p_security/presentation/widgets/security/p2p_security_center_actions_events.dart,2,0,0,D,0,0,0,pass,-
p2p_security,flutter_app/lib/features/p2p_security/presentation/widgets/security/p2p_security_center_score_features.dart,4,0,0,D,0,0,0,pass,-
p2p_security,flutter_app/lib/features/p2p_security/presentation/widgets/security/p2p_tax_reporting_page_common.dart,2,0,0,D,0,0,0,pass,-
p2p_security,flutter_app/lib/features/p2p_security/presentation/widgets/security/p2p_tax_reporting_page_sections.dart,2,1,0,D,0,0,0,pass,-
p2p_security,flutter_app/lib/features/p2p_security/presentation/widgets/security/p2p_transaction_limits_page_common.dart,2,0,0,D,0,0,0,pass,-
p2p_security,flutter_app/lib/features/p2p_security/presentation/widgets/security/p2p_transaction_limits_page_sections.dart,3,0,0,D,0,0,0,pass,-
predictions,flutter_app/lib/features/predictions/presentation/phone/pages/hub/predictions_home_page.dart,1,0,0,C,0,0,0,pass,-
predictions,flutter_app/lib/features/predictions/presentation/phone/pages/portfolio/predictions_portfolio_page.dart,1,0,0,E,0,0,0,pass,-
predictions,flutter_app/lib/features/predictions/presentation/widgets/event/prediction_advanced_chart_analysis.dart,4,0,0,C,0,0,0,pass,-
predictions,flutter_app/lib/features/predictions/presentation/widgets/event/prediction_advanced_chart_indicators.dart,3,0,0,C,0,0,0,pass,-
predictions,flutter_app/lib/features/predictions/presentation/widgets/event/prediction_advanced_chart_overview.dart,4,0,0,C,0,0,0,pass,-
predictions,flutter_app/lib/features/predictions/presentation/widgets/event/prediction_event_detail_chart.dart,1,0,0,C,0,0,0,pass,-
predictions,flutter_app/lib/features/predictions/presentation/widgets/event/prediction_event_detail_detail_tabs.dart,1,0,0,C,0,0,0,pass,-
predictions,flutter_app/lib/features/predictions/presentation/widgets/event/prediction_event_detail_header.dart,2,0,0,E,0,0,0,pass,-
predictions,flutter_app/lib/features/predictions/presentation/widgets/event/prediction_event_detail_order_book.dart,2,0,0,C,0,0,0,pass,-
predictions,flutter_app/lib/features/predictions/presentation/widgets/event/prediction_event_detail_quick_links.dart,1,0,0,C,0,0,0,pass,-
predictions,flutter_app/lib/features/predictions/presentation/widgets/event/prediction_event_detail_related_arena.dart,3,0,0,E,0,0,0,pass,-
predictions,flutter_app/lib/features/predictions/presentation/widgets/event/prediction_event_detail_stats_position.dart,2,0,0,C,0,0,0,pass,-
predictions,flutter_app/lib/features/predictions/presentation/widgets/event/prediction_event_detail_trade_controls.dart,1,0,0,C,0,0,0,pass,-
predictions,flutter_app/lib/features/predictions/presentation/widgets/event/prediction_event_detail_trade_panel.dart,1,0,0,C,0,0,0,pass,-
predictions,flutter_app/lib/features/predictions/presentation/widgets/event/prediction_order_receipt_page_sections.dart,5,0,0,C,0,0,0,pass,-
predictions,flutter_app/lib/features/predictions/presentation/widgets/phone/predictions_breaking_page_common.dart,2,0,0,C,0,0,0,pass,-
predictions,flutter_app/lib/features/predictions/presentation/widgets/phone/predictions_breaking_page_sections.dart,1,0,0,C,0,0,0,pass,-
predictions,flutter_app/lib/features/predictions/presentation/widgets/phone/predictions_home_events.dart,1,0,0,C,0,0,0,pass,-
predictions,flutter_app/lib/features/predictions/presentation/widgets/phone/predictions_home_highlights.dart,2,0,0,D,0,0,0,pass,-
predictions,flutter_app/lib/features/predictions/presentation/widgets/phone/predictions_rewards_arena_common.dart,1,0,0,C,0,0,0,pass,-
predictions,flutter_app/lib/features/predictions/presentation/widgets/phone/predictions_rewards_hero_filters.dart,1,0,0,C,0,0,0,pass,-
predictions,flutter_app/lib/features/predictions/presentation/widgets/phone/predictions_rewards_table.dart,3,1,0,C,0,0,0,pass,-
predictions,flutter_app/lib/features/predictions/presentation/widgets/phone/predictions_search_page_common.dart,1,0,0,C,0,0,0,pass,-
predictions,flutter_app/lib/features/predictions/presentation/widgets/portfolio/prediction_market_maker_earnings.dart,2,0,0,C,0,0,0,pass,-
predictions,flutter_app/lib/features/predictions/presentation/widgets/portfolio/prediction_market_maker_positions.dart,2,0,0,C,0,0,0,pass,-
predictions,flutter_app/lib/features/predictions/presentation/widgets/portfolio/prediction_market_maker_provide.dart,2,0,0,C,0,0,0,pass,-
predictions,flutter_app/lib/features/predictions/presentation/widgets/portfolio/prediction_market_maker_returns.dart,2,0,0,C,0,0,0,pass,-
predictions,flutter_app/lib/features/predictions/presentation/widgets/portfolio/prediction_portfolio_analyzer_overview.dart,2,0,0,E,0,0,0,pass,-
predictions,flutter_app/lib/features/predictions/presentation/widgets/portfolio/prediction_portfolio_analyzer_performance.dart,3,0,0,C,0,0,0,pass,-
predictions,flutter_app/lib/features/predictions/presentation/widgets/portfolio/prediction_portfolio_analyzer_risk.dart,3,0,0,C,0,0,0,pass,-
predictions,flutter_app/lib/features/predictions/presentation/widgets/portfolio/prediction_portfolio_history.dart,1,0,0,E,0,0,0,pass,-
predictions,flutter_app/lib/features/predictions/presentation/widgets/portfolio/prediction_portfolio_orders.dart,2,1,0,E,0,0,0,pass,-
predictions,flutter_app/lib/features/predictions/presentation/widgets/portfolio/prediction_portfolio_positions.dart,1,0,0,E,0,0,0,pass,-
predictions,flutter_app/lib/features/predictions/presentation/widgets/portfolio/prediction_risk_calculator_analysis.dart,3,0,0,C,0,0,0,pass,-
predictions,flutter_app/lib/features/predictions/presentation/widgets/portfolio/prediction_risk_calculator_form.dart,2,0,0,C,0,0,0,pass,-
predictions,flutter_app/lib/features/predictions/presentation/widgets/portfolio/prediction_risk_calculator_scenarios_guide.dart,3,0,0,C,0,0,0,pass,-
predictions,flutter_app/lib/features/predictions/presentation/widgets/social/prediction_data_integration_common.dart,1,1,0,D,0,0,0,pass,-
predictions,flutter_app/lib/features/predictions/presentation/widgets/social/prediction_data_integration_keys_webhooks.dart,2,0,0,C,0,0,0,pass,-
predictions,flutter_app/lib/features/predictions/presentation/widgets/social/prediction_data_integration_sources.dart,2,0,0,C,0,0,0,pass,-
predictions,flutter_app/lib/features/predictions/presentation/widgets/social/prediction_event_calendar_events.dart,2,0,0,C,0,0,0,pass,-
predictions,flutter_app/lib/features/predictions/presentation/widgets/social/prediction_event_calendar_notifications.dart,3,0,0,C,0,0,0,pass,-
predictions,flutter_app/lib/features/predictions/presentation/widgets/social/prediction_social_analysis_share.dart,6,0,0,C,0,0,0,pass,-
predictions,flutter_app/lib/features/predictions/presentation/widgets/social/prediction_social_comment_list.dart,2,0,0,C,0,0,0,pass,-
predictions,flutter_app/lib/features/predictions/presentation/widgets/social/prediction_social_header_comments.dart,2,0,0,C,0,0,0,pass,-
predictions,flutter_app/lib/features/predictions/presentation/widgets/social/prediction_tournaments_detail.dart,1,0,0,C,0,0,0,pass,-
predictions,flutter_app/lib/features/predictions/presentation/widgets/social/prediction_tournaments_empty_leaderboard.dart,2,0,0,C,0,0,0,pass,-
predictions,flutter_app/lib/features/predictions/presentation/widgets/social/prediction_tournaments_list.dart,1,0,0,C,0,0,0,pass,-
predictions,flutter_app/lib/features/predictions/presentation/widgets/social/prediction_tournaments_stats.dart,2,0,0,C,0,0,0,pass,-
predictions,flutter_app/lib/features/predictions/presentation/widgets/social/predictions_global_activity_widgets.dart,1,0,0,D,0,0,0,pass,-
predictions,flutter_app/lib/features/predictions/presentation/widgets/social/predictions_leaderboard_podium_rankings.dart,2,0,0,C,0,0,0,pass,-
predictions,flutter_app/lib/features/predictions/presentation/widgets/social/predictions_leaderboard_rows_wins.dart,1,0,0,C,0,0,0,pass,-
profile,flutter_app/lib/features/profile/presentation/phone/pages/edit_profile_page.dart,3,0,0,C,0,0,0,pass,-
profile,flutter_app/lib/features/profile/presentation/phone/pages/profile_home_arena_stats.dart,1,0,0,C,0,0,0,pass,-
profile,flutter_app/lib/features/profile/presentation/phone/pages/profile_home_hero.dart,1,0,0,D,0,0,0,pass,-
profile,flutter_app/lib/features/profile/presentation/phone/pages/profile_home_legal_accordion.dart,1,0,0,C,0,0,0,pass,-
profile,flutter_app/lib/features/profile/presentation/phone/pages/profile_home_menu_actions.dart,4,0,0,C,0,0,0,pass,-
profile,flutter_app/lib/features/profile/presentation/phone/pages/profile_home_vip_prediction.dart,2,0,0,C,0,0,0,pass,-
profile,flutter_app/lib/features/profile/presentation/tablet/pages/profile_tablet_utility_page.dart,1,0,0,C,0,0,0,pass,-
profile,flutter_app/lib/features/profile/presentation/tablet/widgets/profile_tablet_master_shell.dart,1,0,0,E,0,0,0,pass,-
profile,flutter_app/lib/features/profile/presentation/widgets/activity_log_page_common.dart,1,0,0,C,0,0,0,pass,-
profile,flutter_app/lib/features/profile/presentation/widgets/activity_log_page_sections.dart,2,0,0,C,0,0,0,pass,-
profile,flutter_app/lib/features/profile/presentation/widgets/api_management_docs.dart,1,0,0,C,0,0,0,pass,-
profile,flutter_app/lib/features/profile/presentation/widgets/api_management_key_controls.dart,1,0,0,C,0,0,0,pass,-
profile,flutter_app/lib/features/profile/presentation/widgets/api_management_keys.dart,1,0,0,C,0,0,0,pass,-
profile,flutter_app/lib/features/profile/presentation/widgets/device_management_page_sections.dart,3,0,0,C,0,0,0,pass,-
profile,flutter_app/lib/features/profile/presentation/widgets/kyc_details_privacy.dart,1,0,0,C,0,0,0,pass,-
profile,flutter_app/lib/features/profile/presentation/widgets/kyc_status_levels.dart,3,0,0,C,0,0,0,pass,-
profile,flutter_app/lib/features/profile/presentation/widgets/profile_api_key_create_form.dart,3,0,0,C,0,0,0,pass,-
profile,flutter_app/lib/features/profile/presentation/widgets/profile_api_key_create_result.dart,2,0,0,C,0,0,0,pass,-
profile,flutter_app/lib/features/profile/presentation/widgets/profile_sub_account_cards.dart,1,0,0,E,0,0,0,pass,-
profile,flutter_app/lib/features/profile/presentation/widgets/profile_sub_account_create.dart,1,0,0,C,0,0,0,pass,-
profile,flutter_app/lib/features/profile/presentation/widgets/profile_sub_account_primitives.dart,1,0,0,C,0,0,0,pass,-
profile,flutter_app/lib/features/profile/presentation/widgets/profile_sub_account_summary.dart,1,0,0,D,0,0,0,pass,-
profile,flutter_app/lib/features/profile/presentation/widgets/profile_vip_benefits.dart,2,0,0,E,0,0,0,pass,-
profile,flutter_app/lib/features/profile/presentation/widgets/profile_vip_overview.dart,4,0,0,C,0,0,0,pass,-
profile,flutter_app/lib/features/profile/presentation/widgets/security_page_common.dart,2,0,0,C,0,0,0,pass,-
profile,flutter_app/lib/features/profile/presentation/widgets/security_page_sections.dart,4,0,0,C,0,0,0,pass,-
profile,flutter_app/lib/features/profile/presentation/widgets/settings_page_common.dart,1,0,0,D,0,0,0,pass,-
profile,flutter_app/lib/features/profile/presentation/widgets/settings_page_sections.dart,4,0,0,E,0,0,0,pass,-
profile,flutter_app/lib/features/profile/presentation/widgets/tablet/profile_account_footer_actions.dart,2,0,0,C,0,0,0,pass,-
profile,flutter_app/lib/features/profile/presentation/widgets/tablet/profile_account_hero.dart,2,1,0,E,0,0,0,warn,fixed_height_baseline
profile,flutter_app/lib/features/profile/presentation/widgets/tablet/profile_activity_pane.dart,3,0,0,C,0,0,0,pass,-
profile,flutter_app/lib/features/profile/presentation/widgets/tablet/profile_api_create_pane.dart,1,0,0,C,0,0,0,pass,-
profile,flutter_app/lib/features/profile/presentation/widgets/tablet/profile_api_create_pane_sections.dart,7,0,0,C,0,0,0,pass,-
profile,flutter_app/lib/features/profile/presentation/widgets/tablet/profile_api_pane_sections.dart,4,0,0,C,0,0,0,pass,-
profile,flutter_app/lib/features/profile/presentation/widgets/tablet/profile_devices_pane_sections.dart,3,0,0,C,0,0,0,pass,-
profile,flutter_app/lib/features/profile/presentation/widgets/tablet/profile_discovery_panel.dart,2,0,0,C,0,0,0,pass,-
profile,flutter_app/lib/features/profile/presentation/widgets/tablet/profile_edit_pane.dart,3,0,0,C,0,0,0,pass,-
profile,flutter_app/lib/features/profile/presentation/widgets/tablet/profile_kyc_pane.dart,5,0,0,C,0,0,0,pass,-
profile,flutter_app/lib/features/profile/presentation/widgets/tablet/profile_legal_accordion_panel.dart,1,0,0,C,0,0,0,pass,-
profile,flutter_app/lib/features/profile/presentation/widgets/tablet/profile_menu_panel.dart,1,0,0,E,0,0,0,pass,-
profile,flutter_app/lib/features/profile/presentation/widgets/tablet/profile_product_hub_panel.dart,1,0,0,C,0,0,0,pass,-
profile,flutter_app/lib/features/profile/presentation/widgets/tablet/profile_security_pane.dart,7,0,0,E,0,0,0,pass,-
profile,flutter_app/lib/features/profile/presentation/widgets/tablet/profile_security_summary.dart,1,0,0,C,0,0,0,pass,-
profile,flutter_app/lib/features/profile/presentation/widgets/tablet/profile_settings_pane.dart,5,0,0,C,0,0,0,pass,-
profile,flutter_app/lib/features/profile/presentation/widgets/tablet/profile_status_content.dart,3,0,0,C,0,0,0,pass,-
profile,flutter_app/lib/features/profile/presentation/widgets/tablet/profile_sub_accounts_pane_sections.dart,4,0,0,C,0,0,0,pass,-
profile,flutter_app/lib/features/profile/presentation/widgets/tablet/profile_vip_pane.dart,7,1,0,C,0,0,0,warn,fixed_height_baseline
profile,flutter_app/lib/features/profile/presentation/widgets/vip_history_widgets.dart,1,0,0,C,0,0,0,pass,-
referral,flutter_app/lib/features/referral/presentation/phone/pages/referral_history_page.dart,1,0,0,C,0,0,0,pass,-
referral,flutter_app/lib/features/referral/presentation/phone/pages/referral_home_page_common.dart,2,0,0,E,0,0,0,pass,-
referral,flutter_app/lib/features/referral/presentation/phone/pages/referral_home_page_hero_sections.dart,6,0,0,C,0,0,0,pass,-
referral,flutter_app/lib/features/referral/presentation/phone/pages/referral_home_page_reward_sections.dart,6,0,0,C,0,0,0,pass,-
referral,flutter_app/lib/features/referral/presentation/phone/pages/referral_home_page_section_cards.dart,6,0,0,C,0,0,0,pass,-
referral,flutter_app/lib/features/referral/presentation/phone/pages/referral_rewards_page_dispute_widgets.dart,3,0,0,C,0,0,0,pass,-
referral,flutter_app/lib/features/referral/presentation/phone/pages/referral_rewards_page_ledger_sections.dart,2,0,0,C,0,0,0,pass,-
referral,flutter_app/lib/features/referral/presentation/phone/pages/referral_rewards_page_state.dart,2,0,0,D,0,0,0,pass,-
referral,flutter_app/lib/features/referral/presentation/widgets/referral_history_page_common.dart,1,0,0,C,0,0,0,pass,-
referral,flutter_app/lib/features/referral/presentation/widgets/referral_rules_page_common.dart,1,0,0,C,0,0,0,pass,-
referral,flutter_app/lib/features/referral/presentation/widgets/referral_rules_page_sections.dart,2,0,0,E,0,0,0,pass,-
rewards,flutter_app/lib/features/rewards/presentation/widgets/rewards_hub_components.dart,2,0,0,C,0,0,0,pass,-
rewards,flutter_app/lib/features/rewards/presentation/widgets/rewards_hub_hero_section.dart,1,0,0,C,0,0,0,pass,-
rewards,flutter_app/lib/features/rewards/presentation/widgets/rewards_hub_task_section.dart,3,0,0,C,0,0,0,pass,-
support,flutter_app/lib/features/support/presentation/widgets/announcements_list_widgets.dart,1,0,0,C,0,0,0,pass,-
support,flutter_app/lib/features/support/presentation/widgets/help_center_hero_actions.dart,1,0,0,D,0,0,0,pass,-
support,flutter_app/lib/features/support/presentation/widgets/help_center_sections.dart,2,0,0,C,0,0,0,pass,-
support,flutter_app/lib/features/support/presentation/widgets/support_context_card.dart,1,0,0,C,0,0,0,pass,-
support,flutter_app/lib/features/support/presentation/widgets/support_faq_common.dart,1,0,0,C,0,0,0,pass,-
support,flutter_app/lib/features/support/presentation/widgets/support_tickets.dart,2,0,0,C,0,0,0,pass,-
trade,flutter_app/lib/features/trade/presentation/phone/pages/hub/orders_history_page.dart,1,0,0,E,0,0,0,pass,-
trade,flutter_app/lib/features/trade/presentation/phone/pages/hub/position_dashboard_page.dart,1,0,0,C,0,0,0,pass,-
trade,flutter_app/lib/features/trade/presentation/phone/pages/hub/trade_history_export_page.dart,1,0,0,C,0,0,0,pass,-
trade,flutter_app/lib/features/trade/presentation/phone/pages/hub/trade_settings_page.dart,1,0,0,C,0,0,0,pass,-
trade,flutter_app/lib/features/trade/presentation/phone/pages/margin/margin_trading_page.dart,1,0,0,C,0,0,0,pass,-
trade,flutter_app/lib/features/trade/presentation/tablet/pages/trade_tablet_utility_page.dart,3,0,0,C,0,0,0,pass,-
trade,flutter_app/lib/features/trade/presentation/widgets/convert/convert_page_amount_widgets.dart,2,1,0,E,0,0,0,pass,-
trade,flutter_app/lib/features/trade/presentation/widgets/convert/convert_page_sections.dart,1,0,0,E,0,0,0,pass,-
trade,flutter_app/lib/features/trade/presentation/widgets/convert/convert_page_widgets.dart,1,1,0,D,0,0,0,pass,-
trade,flutter_app/lib/features/trade/presentation/widgets/futures/futures_page_state.dart,1,0,0,C,0,0,0,pass,-
trade,flutter_app/lib/features/trade/presentation/widgets/futures/leverage_header_hero_risk.dart,1,0,0,C,0,0,0,pass,-
trade,flutter_app/lib/features/trade/presentation/widgets/futures/leverage_impact_confirm.dart,2,0,0,C,0,0,0,pass,-
trade,flutter_app/lib/features/trade/presentation/widgets/margin/margin_trading_hub_cards.dart,4,1,0,C,0,0,0,pass,-
trade,flutter_app/lib/features/trade/presentation/widgets/margin/margin_trading_hub_hero_nav.dart,2,1,0,C,0,0,0,pass,-
trade,flutter_app/lib/features/trade/presentation/widgets/margin/margin_trading_hub_widgets.dart,1,0,0,E,0,0,0,pass,-
trade,flutter_app/lib/features/trade/presentation/widgets/margin/margin_trading_shared_helpers.dart,1,0,0,C,0,0,0,pass,-
trade,flutter_app/lib/features/trade/presentation/widgets/margin/margin_trading_simple_form.dart,1,0,0,C,0,0,0,pass,-
trade,flutter_app/lib/features/trade/presentation/widgets/phone/order_receipt_page_common.dart,3,0,0,C,0,0,0,pass,-
trade,flutter_app/lib/features/trade/presentation/widgets/phone/order_receipt_page_sections.dart,1,0,0,E,0,0,0,pass,-
trade,flutter_app/lib/features/trade/presentation/widgets/phone/orders_history_page_sections.dart,1,0,0,C,0,0,0,pass,-
trade,flutter_app/lib/features/trade/presentation/widgets/phone/position_dashboard_page_common.dart,1,0,0,C,0,0,0,pass,-
trade,flutter_app/lib/features/trade/presentation/widgets/phone/position_dashboard_page_sections.dart,2,0,0,E,0,0,0,pass,-
trade,flutter_app/lib/features/trade/presentation/widgets/phone/trade_history_export_footer.dart,1,0,0,C,0,0,0,pass,-
trade,flutter_app/lib/features/trade/presentation/widgets/phone/trade_history_export_selectors_includes.dart,3,2,0,D,0,0,0,pass,-
trade,flutter_app/lib/features/trade/presentation/widgets/phone/trade_history_export_summary_sections.dart,1,0,0,C,0,0,0,pass,-
trade,flutter_app/lib/features/trade/presentation/widgets/phone/trade_settings_page_common.dart,1,0,0,C,0,0,0,pass,-
trade,flutter_app/lib/features/trade/presentation/widgets/phone/trade_settings_page_sections.dart,1,0,0,C,0,0,0,pass,-
trade,flutter_app/lib/features/trade/presentation/widgets/phone/vit_trade_confirm_sheet.dart,1,0,0,C,0,0,0,pass,-
trade,flutter_app/lib/features/trade/presentation/widgets/tablet/order_receipt_page_common.dart,3,0,0,C,0,0,0,pass,-
trade,flutter_app/lib/features/trade/presentation/widgets/tablet/order_receipt_page_sections.dart,1,0,0,E,0,0,0,pass,-
trade,flutter_app/lib/features/trade/presentation/widgets/tablet/trade_status_content.dart,5,0,0,C,0,0,0,pass,-
trade,flutter_app/lib/features/trade/presentation/widgets/tablet/trade_ticker_strip.dart,1,0,0,E,0,0,0,pass,-
trade,flutter_app/lib/features/trade/presentation/widgets/tablet/vit_trade_confirm_sheet.dart,1,0,0,C,0,0,0,pass,-
trade_bots,flutter_app/lib/features/trade_bots/presentation/widgets/backtest/bot_backtesting_widgets.dart,3,1,0,C,0,0,0,pass,-
trade_bots,flutter_app/lib/features/trade_bots/presentation/widgets/backtest/bot_optimization_page_sections.dart,6,1,0,C,0,0,0,pass,-
trade_bots,flutter_app/lib/features/trade_bots/presentation/widgets/backtest/bot_strategy_compare_recommendations_common.dart,3,0,0,C,0,0,0,pass,-
trade_bots,flutter_app/lib/features/trade_bots/presentation/widgets/backtest/bot_strategy_compare_selection.dart,2,0,0,C,0,0,0,pass,-
trade_bots,flutter_app/lib/features/trade_bots/presentation/widgets/dashboard/bot_drawdown_analyzer_page_common.dart,2,0,0,C,0,0,0,pass,-
trade_bots,flutter_app/lib/features/trade_bots/presentation/widgets/dashboard/bot_drawdown_analyzer_page_sections.dart,1,0,0,C,0,0,0,pass,-
trade_bots,flutter_app/lib/features/trade_bots/presentation/widgets/dashboard/bot_equity_curve_analysis_painters.dart,2,0,0,C,0,0,0,pass,-
trade_bots,flutter_app/lib/features/trade_bots/presentation/widgets/dashboard/bot_equity_curve_charts_cards.dart,2,0,0,C,0,0,0,pass,-
trade_bots,flutter_app/lib/features/trade_bots/presentation/widgets/dashboard/bot_history_page_common.dart,3,0,0,C,0,0,0,pass,-
trade_bots,flutter_app/lib/features/trade_bots/presentation/widgets/dashboard/bot_history_page_sections.dart,1,0,0,C,0,0,0,pass,-
trade_bots,flutter_app/lib/features/trade_bots/presentation/widgets/dashboard/bot_performance_charts_strategy.dart,4,0,0,C,0,0,0,pass,-
trade_bots,flutter_app/lib/features/trade_bots/presentation/widgets/dashboard/bot_performance_metrics_summary.dart,3,0,0,C,0,0,0,pass,-
trade_bots,flutter_app/lib/features/trade_bots/presentation/widgets/dashboard/bot_portfolio_dashboard_page_common.dart,1,0,0,C,0,0,0,pass,-
trade_bots,flutter_app/lib/features/trade_bots/presentation/widgets/dashboard/bot_portfolio_dashboard_page_sections.dart,4,0,0,C,0,0,0,pass,-
trade_bots,flutter_app/lib/features/trade_bots/presentation/widgets/dashboard/bot_risk_dashboard_charts.dart,2,0,0,C,0,0,0,pass,-
trade_bots,flutter_app/lib/features/trade_bots/presentation/widgets/dashboard/bot_risk_dashboard_controls.dart,4,0,0,C,0,0,0,pass,-
trade_bots,flutter_app/lib/features/trade_bots/presentation/widgets/dashboard/bot_risk_dashboard_metrics.dart,2,0,0,C,0,0,0,pass,-
trade_bots,flutter_app/lib/features/trade_bots/presentation/widgets/dashboard/bot_risk_dashboard_score.dart,2,0,0,C,0,0,0,pass,-
trade_bots,flutter_app/lib/features/trade_bots/presentation/widgets/phone/trading_bots_page_bot_card.dart,1,0,0,C,0,0,0,pass,-
trade_bots,flutter_app/lib/features/trade_bots/presentation/widgets/phone/trading_bots_page_create_bot_sheet.dart,3,0,0,C,0,0,0,pass,-
trade_bots,flutter_app/lib/features/trade_bots/presentation/widgets/phone/trading_bots_page_tools.dart,3,0,0,C,0,0,0,pass,-
trade_bots,flutter_app/lib/features/trade_bots/presentation/widgets/settings/bot_api_documentation_endpoints.dart,1,0,0,C,0,0,0,pass,-
trade_bots,flutter_app/lib/features/trade_bots/presentation/widgets/settings/bot_api_documentation_intro_tabs.dart,1,0,0,C,0,0,0,pass,-
trade_bots,flutter_app/lib/features/trade_bots/presentation/widgets/settings/bot_api_documentation_support_common.dart,3,0,0,C,0,0,0,pass,-
trade_bots,flutter_app/lib/features/trade_bots/presentation/widgets/settings/bot_emergency_stop_page_common.dart,1,0,0,C,0,0,0,pass,-
trade_bots,flutter_app/lib/features/trade_bots/presentation/widgets/settings/bot_emergency_stop_page_sections.dart,6,0,0,C,0,0,0,pass,-
trade_bots,flutter_app/lib/features/trade_bots/presentation/widgets/settings/bot_faq_cards_help.dart,1,0,0,C,0,0,0,pass,-
trade_bots,flutter_app/lib/features/trade_bots/presentation/widgets/settings/bot_guide_blocks.dart,3,0,0,C,0,0,0,pass,-
trade_bots,flutter_app/lib/features/trade_bots/presentation/widgets/settings/bot_guide_intro_tabs.dart,1,0,0,C,0,0,0,pass,-
trade_bots,flutter_app/lib/features/trade_bots/presentation/widgets/settings/bot_guide_practices_videos.dart,4,0,0,C,0,0,0,pass,-
trade_bots,flutter_app/lib/features/trade_bots/presentation/widgets/settings/bot_guide_strategies.dart,2,1,0,C,0,0,0,pass,-
trade_bots,flutter_app/lib/features/trade_bots/presentation/widgets/settings/bot_risk_disclosure_page_common.dart,2,0,0,C,0,0,0,pass,-
trade_bots,flutter_app/lib/features/trade_bots/presentation/widgets/settings/bot_risk_disclosure_page_sections.dart,7,1,0,C,0,0,0,pass,-
trade_bots,flutter_app/lib/features/trade_bots/presentation/widgets/settings/bot_security_settings_cards.dart,1,0,0,C,0,0,0,pass,-
trade_bots,flutter_app/lib/features/trade_bots/presentation/widgets/settings/bot_security_settings_common.dart,3,0,0,C,0,0,0,pass,-
trade_bots,flutter_app/lib/features/trade_bots/presentation/widgets/settings/bot_security_settings_sheets.dart,4,0,0,C,0,0,0,pass,-
trade_bots,flutter_app/lib/features/trade_bots/presentation/widgets/settings/bot_suitability_breakdown_common.dart,2,0,0,C,0,0,0,pass,-
trade_bots,flutter_app/lib/features/trade_bots/presentation/widgets/settings/bot_suitability_questions_info.dart,2,1,0,D,0,0,0,pass,-
trade_bots,flutter_app/lib/features/trade_bots/presentation/widgets/settings/bot_tax_reporting_common.dart,2,1,0,D,0,0,0,pass,-
trade_bots,flutter_app/lib/features/trade_bots/presentation/widgets/settings/bot_tax_reporting_notice_year.dart,1,0,0,C,0,0,0,pass,-
trade_bots,flutter_app/lib/features/trade_bots/presentation/widgets/settings/bot_tax_reporting_reports.dart,3,0,0,C,0,0,0,pass,-
trade_bots,flutter_app/lib/features/trade_bots/presentation/widgets/settings/bot_tax_reporting_summary.dart,1,0,0,C,0,0,0,pass,-
trade_bots,flutter_app/lib/features/trade_bots/presentation/widgets/settings/bot_terms_of_service_page_common.dart,1,1,0,D,0,0,0,pass,-
trade_bots,flutter_app/lib/features/trade_bots/presentation/widgets/settings/bot_terms_of_service_page_sections.dart,4,3,0,D,0,0,0,pass,-
trade_compliance,flutter_app/lib/features/trade_compliance/presentation/phone/pages/client_money/investor_compensation_page.dart,1,0,0,C,0,0,0,pass,-
trade_compliance,flutter_app/lib/features/trade_compliance/presentation/phone/pages/complaints/complaint_tracking_page.dart,1,0,0,C,0,0,0,pass,-
trade_compliance,flutter_app/lib/features/trade_compliance/presentation/phone/pages/complaints/complaints_handling_page.dart,1,0,0,C,0,0,0,pass,-
trade_compliance,flutter_app/lib/features/trade_compliance/presentation/phone/pages/complaints/ombudsman_referral_page.dart,5,2,0,C,0,0,0,pass,-
trade_compliance,flutter_app/lib/features/trade_compliance/presentation/phone/pages/disclosures/ex_ante_costs_page.dart,1,1,0,D,0,0,0,pass,-
trade_compliance,flutter_app/lib/features/trade_compliance/presentation/phone/pages/disclosures/kid_generator_page.dart,4,2,0,C,0,0,0,pass,-
trade_compliance,flutter_app/lib/features/trade_compliance/presentation/phone/pages/execution/execution_venue_analysis_page.dart,1,0,0,C,0,0,0,pass,-
trade_compliance,flutter_app/lib/features/trade_compliance/presentation/phone/pages/governance/client_categorization_opt_up_page.dart,2,0,0,C,0,0,0,pass,-
trade_compliance,flutter_app/lib/features/trade_compliance/presentation/phone/pages/governance/product_governance_page.dart,1,0,0,C,0,0,0,pass,-
trade_compliance,flutter_app/lib/features/trade_compliance/presentation/phone/pages/governance/target_market_definition_page.dart,1,0,0,C,0,0,0,pass,-
trade_compliance,flutter_app/lib/features/trade_compliance/presentation/widgets/client_money/arm_integration_providers.dart,4,1,0,C,0,0,0,pass,-
trade_compliance,flutter_app/lib/features/trade_compliance/presentation/widgets/client_money/arm_integration_sla_actions.dart,2,0,0,C,0,0,0,pass,-
trade_compliance,flutter_app/lib/features/trade_compliance/presentation/widgets/client_money/cass_reconciliation_records_common.dart,3,1,0,C,0,0,0,pass,-
trade_compliance,flutter_app/lib/features/trade_compliance/presentation/widgets/client_money/cass_reconciliation_summary_tabs.dart,1,0,0,C,0,0,0,pass,-
trade_compliance,flutter_app/lib/features/trade_compliance/presentation/widgets/client_money/client_money_protection_page_common.dart,4,1,0,C,0,0,0,pass,-
trade_compliance,flutter_app/lib/features/trade_compliance/presentation/widgets/client_money/client_money_protection_page_sections.dart,4,1,0,C,0,0,0,pass,-
trade_compliance,flutter_app/lib/features/trade_compliance/presentation/widgets/client_money/investor_compensation_page_common.dart,4,1,0,C,0,0,0,pass,-
trade_compliance,flutter_app/lib/features/trade_compliance/presentation/widgets/client_money/investor_compensation_page_sections.dart,6,1,0,C,0,0,0,pass,-
trade_compliance,flutter_app/lib/features/trade_compliance/presentation/widgets/complaints/complaint_submission_page_common.dart,1,1,0,D,0,0,0,pass,-
trade_compliance,flutter_app/lib/features/trade_compliance/presentation/widgets/complaints/complaint_submission_page_sections.dart,4,2,0,D,0,0,0,pass,-
trade_compliance,flutter_app/lib/features/trade_compliance/presentation/widgets/complaints/complaints_handling_overview_complaints.dart,3,0,0,C,0,0,0,pass,-
trade_compliance,flutter_app/lib/features/trade_compliance/presentation/widgets/complaints/complaints_handling_process_common.dart,3,0,0,C,0,0,0,pass,-
trade_compliance,flutter_app/lib/features/trade_compliance/presentation/widgets/disclosures/ex_ante_costs_overview.dart,1,0,0,C,0,0,0,pass,-
trade_compliance,flutter_app/lib/features/trade_compliance/presentation/widgets/disclosures/ex_ante_costs_scenarios_actions.dart,5,0,0,C,0,0,0,pass,-
trade_compliance,flutter_app/lib/features/trade_compliance/presentation/widgets/disclosures/ex_ante_costs_summary_breakdown.dart,5,2,0,E,0,0,0,pass,-
trade_compliance,flutter_app/lib/features/trade_compliance/presentation/widgets/disclosures/ex_post_costs_report_summary.dart,3,1,0,C,0,0,0,pass,-
trade_compliance,flutter_app/lib/features/trade_compliance/presentation/widgets/disclosures/ex_post_costs_report_variance_common.dart,3,0,0,C,0,0,0,pass,-
trade_compliance,flutter_app/lib/features/trade_compliance/presentation/widgets/disclosures/performance_scenarios_intro_widgets.dart,2,0,0,C,0,0,0,pass,-
trade_compliance,flutter_app/lib/features/trade_compliance/presentation/widgets/disclosures/performance_scenarios_outcome_widgets.dart,4,1,0,C,0,0,0,pass,-
trade_compliance,flutter_app/lib/features/trade_compliance/presentation/widgets/disclosures/regulatory_disclosures_actions.dart,4,0,0,C,0,0,0,pass,-
trade_compliance,flutter_app/lib/features/trade_compliance/presentation/widgets/disclosures/regulatory_disclosures_cards.dart,4,0,0,C,0,0,0,pass,-
trade_compliance,flutter_app/lib/features/trade_compliance/presentation/widgets/disclosures/regulatory_disclosures_hero_tabs.dart,1,0,0,C,0,0,0,pass,-
trade_compliance,flutter_app/lib/features/trade_compliance/presentation/widgets/disclosures/risk_indicator_details_common.dart,4,0,0,C,0,0,0,pass,-
trade_compliance,flutter_app/lib/features/trade_compliance/presentation/widgets/disclosures/risk_indicator_scale_intro.dart,3,0,0,C,0,0,0,pass,-
trade_compliance,flutter_app/lib/features/trade_compliance/presentation/widgets/disclosures/riy_calculator_page_sections.dart,5,0,0,C,0,0,0,pass,-
trade_compliance,flutter_app/lib/features/trade_compliance/presentation/widgets/execution/best_execution_archive_common.dart,2,0,0,C,0,0,0,pass,-
trade_compliance,flutter_app/lib/features/trade_compliance/presentation/widgets/execution/best_execution_current.dart,2,0,0,C,0,0,0,pass,-
trade_compliance,flutter_app/lib/features/trade_compliance/presentation/widgets/execution/best_execution_overview.dart,1,0,0,C,0,0,0,pass,-
trade_compliance,flutter_app/lib/features/trade_compliance/presentation/widgets/execution/execution_venue_comparison.dart,4,1,0,C,0,0,0,pass,-
trade_compliance,flutter_app/lib/features/trade_compliance/presentation/widgets/execution/execution_venue_speed_trends.dart,3,0,0,C,0,0,0,pass,-
trade_compliance,flutter_app/lib/features/trade_compliance/presentation/widgets/execution/execution_venue_summary.dart,1,0,0,C,0,0,0,pass,-
trade_compliance,flutter_app/lib/features/trade_compliance/presentation/widgets/execution/live_market_common_widgets.dart,2,2,0,D,0,0,0,pass,-
trade_compliance,flutter_app/lib/features/trade_compliance/presentation/widgets/execution/market_data_analytics_funding_traders.dart,4,0,0,C,0,0,0,pass,-
trade_compliance,flutter_app/lib/features/trade_compliance/presentation/widgets/execution/market_data_analytics_liquidations.dart,1,0,0,C,0,0,0,pass,-
trade_compliance,flutter_app/lib/features/trade_compliance/presentation/widgets/execution/market_data_analytics_sentiment.dart,2,0,0,C,0,0,0,pass,-
trade_compliance,flutter_app/lib/features/trade_compliance/presentation/widgets/execution/market_data_analytics_shared.dart,4,0,0,C,0,0,0,pass,-
trade_compliance,flutter_app/lib/features/trade_compliance/presentation/widgets/execution/slippage_monitoring_events.dart,4,1,0,C,0,0,0,pass,-
trade_compliance,flutter_app/lib/features/trade_compliance/presentation/widgets/execution/slippage_monitoring_overview.dart,1,0,0,C,0,0,0,pass,-
trade_compliance,flutter_app/lib/features/trade_compliance/presentation/widgets/execution/slippage_monitoring_tabs.dart,4,0,0,C,0,0,0,pass,-
trade_compliance,flutter_app/lib/features/trade_compliance/presentation/widgets/governance/audit_trail_page_common.dart,2,2,0,D,0,0,0,pass,-
trade_compliance,flutter_app/lib/features/trade_compliance/presentation/widgets/governance/audit_trail_page_sections.dart,1,1,0,D,0,0,0,pass,-
trade_compliance,flutter_app/lib/features/trade_compliance/presentation/widgets/governance/client_categorization_history_tab.dart,1,0,0,C,0,0,0,pass,-
trade_compliance,flutter_app/lib/features/trade_compliance/presentation/widgets/governance/client_categorization_overview_tab.dart,4,0,0,C,0,0,0,pass,-
trade_compliance,flutter_app/lib/features/trade_compliance/presentation/widgets/governance/client_categorization_page_chrome.dart,5,2,0,C,0,0,0,pass,-
trade_compliance,flutter_app/lib/features/trade_compliance/presentation/widgets/governance/client_categorization_protections_requirements_tab.dart,1,0,0,C,0,0,0,pass,-
trade_compliance,flutter_app/lib/features/trade_compliance/presentation/widgets/governance/product_governance_products.dart,2,0,0,C,0,0,0,pass,-
trade_compliance,flutter_app/lib/features/trade_compliance/presentation/widgets/governance/product_governance_reviews_distribution.dart,4,1,0,C,0,0,0,pass,-
trade_compliance,flutter_app/lib/features/trade_compliance/presentation/widgets/governance/regulatory_inspection_ready_page_common.dart,4,2,0,C,0,0,0,pass,-
trade_compliance,flutter_app/lib/features/trade_compliance/presentation/widgets/governance/regulatory_inspection_ready_page_sections.dart,4,1,0,C,0,0,0,pass,-
trade_compliance,flutter_app/lib/features/trade_compliance/presentation/widgets/governance/transaction_reporting_actions.dart,1,1,0,D,0,0,0,pass,-
trade_compliance,flutter_app/lib/features/trade_compliance/presentation/widgets/governance/transaction_reporting_filters.dart,1,1,0,D,0,0,0,pass,-
trade_compliance,flutter_app/lib/features/trade_compliance/presentation/widgets/governance/transaction_reporting_reports.dart,4,1,0,C,0,0,0,pass,-
trade_compliance,flutter_app/lib/features/trade_compliance/presentation/widgets/governance/transaction_reporting_stats.dart,3,2,0,D,0,0,0,pass,-
trade_compliance,flutter_app/lib/features/trade_compliance/presentation/widgets/phone/regulatory_reports_dashboard_controls.dart,1,1,0,D,0,0,0,pass,-
trade_compliance,flutter_app/lib/features/trade_compliance/presentation/widgets/phone/regulatory_reports_dashboard_exports.dart,2,1,0,C,0,0,0,pass,-
trade_compliance,flutter_app/lib/features/trade_compliance/presentation/widgets/phone/regulatory_reports_dashboard_kpis.dart,1,1,0,D,0,0,0,pass,-
trade_compliance,flutter_app/lib/features/trade_compliance/presentation/widgets/phone/regulatory_reports_dashboard_overview.dart,7,3,0,C,0,0,0,pass,-
trade_compliance,flutter_app/lib/features/trade_compliance/presentation/widgets/phone/regulatory_reports_dashboard_queue_compliance.dart,4,1,0,C,0,0,0,pass,-
trade_copy,flutter_app/lib/features/trade_copy/presentation/phone/pages/flow/pre_copy_assessment_page.dart,2,0,0,C,0,0,0,pass,-
trade_copy,flutter_app/lib/features/trade_copy/presentation/phone/pages/hub/copy_notifications_page.dart,1,0,0,C,0,0,0,pass,-
trade_copy,flutter_app/lib/features/trade_copy/presentation/phone/pages/provider/copy_provider_detail_page.dart,1,0,0,C,0,0,0,pass,-
trade_copy,flutter_app/lib/features/trade_copy/presentation/phone/pages/provider/provider_comparison_page.dart,2,0,0,C,0,0,0,pass,-
trade_copy,flutter_app/lib/features/trade_copy/presentation/widgets/analytics/copy_performance_common.dart,1,0,0,C,0,0,0,pass,-
trade_copy,flutter_app/lib/features/trade_copy/presentation/widgets/analytics/copy_performance_details.dart,4,0,0,C,0,0,0,pass,-
trade_copy,flutter_app/lib/features/trade_copy/presentation/widgets/analytics/copy_performance_summary_tabs.dart,4,2,0,C,0,0,0,pass,-
trade_copy,flutter_app/lib/features/trade_copy/presentation/widgets/analytics/performance_attribution_summary_tabs.dart,1,0,0,C,0,0,0,pass,-
trade_copy,flutter_app/lib/features/trade_copy/presentation/widgets/analytics/performance_attribution_tabs.dart,4,0,0,C,0,0,0,pass,-
trade_copy,flutter_app/lib/features/trade_copy/presentation/widgets/analytics/portfolio_risk_analysis_page_common.dart,2,0,0,C,0,0,0,pass,-
trade_copy,flutter_app/lib/features/trade_copy/presentation/widgets/analytics/portfolio_risk_analysis_page_sections.dart,4,3,0,D,0,0,0,pass,-
trade_copy,flutter_app/lib/features/trade_copy/presentation/widgets/flow/copy_configuration_provider_capital_mode.dart,3,0,0,C,0,0,0,pass,-
trade_copy,flutter_app/lib/features/trade_copy/presentation/widgets/flow/copy_configuration_risk_summary.dart,2,0,0,C,0,0,0,pass,-
trade_copy,flutter_app/lib/features/trade_copy/presentation/widgets/flow/copy_configuration_validation_common.dart,2,0,0,C,0,0,0,pass,-
trade_copy,flutter_app/lib/features/trade_copy/presentation/widgets/flow/copy_confirmation_page_common.dart,2,0,0,C,0,0,0,pass,-
trade_copy,flutter_app/lib/features/trade_copy/presentation/widgets/flow/copy_confirmation_page_sections.dart,6,0,0,C,0,0,0,pass,-
trade_copy,flutter_app/lib/features/trade_copy/presentation/widgets/phone/active_copies_alerts_modal.dart,2,0,0,C,0,0,0,pass,-
trade_copy,flutter_app/lib/features/trade_copy/presentation/widgets/phone/active_copies_card.dart,2,0,0,C,0,0,0,pass,-
trade_copy,flutter_app/lib/features/trade_copy/presentation/widgets/phone/active_copies_expanded_details.dart,3,0,0,C,0,0,0,pass,-
trade_copy,flutter_app/lib/features/trade_copy/presentation/widgets/phone/active_copies_overview.dart,3,0,0,C,0,0,0,pass,-
trade_copy,flutter_app/lib/features/trade_copy/presentation/widgets/phone/copy_notifications_page_sections.dart,2,1,0,D,0,0,0,pass,-
trade_copy,flutter_app/lib/features/trade_copy/presentation/widgets/phone/copy_settings_contacts_privacy.dart,2,0,0,C,0,0,0,pass,-
trade_copy,flutter_app/lib/features/trade_copy/presentation/widgets/phone/copy_settings_controls.dart,1,0,0,C,0,0,0,pass,-
trade_copy,flutter_app/lib/features/trade_copy/presentation/widgets/phone/copy_trading_card_demo_common.dart,2,0,0,D,0,0,0,pass,-
trade_copy,flutter_app/lib/features/trade_copy/presentation/widgets/phone/copy_trading_card_demo_primitives.dart,1,0,0,C,0,0,0,pass,-
trade_copy,flutter_app/lib/features/trade_copy/presentation/widgets/phone/copy_trading_card_demo_sections.dart,4,0,0,D,0,0,0,pass,-
trade_copy,flutter_app/lib/features/trade_copy/presentation/widgets/phone/copy_trading_card_demo_widgets.dart,8,0,0,C,0,0,0,pass,-
trade_copy,flutter_app/lib/features/trade_copy/presentation/widgets/phone/copy_trading_list.dart,8,3,0,C,0,0,0,pass,-
trade_copy,flutter_app/lib/features/trade_copy/presentation/widgets/provider/provider_application_common.dart,1,0,0,C,0,0,0,pass,-
trade_copy,flutter_app/lib/features/trade_copy/presentation/widgets/provider/provider_application_progress_intro.dart,3,1,0,C,0,0,0,pass,-
trade_copy,flutter_app/lib/features/trade_copy/presentation/widgets/provider/provider_governance_page_common.dart,1,0,0,C,0,0,0,pass,-
trade_copy,flutter_app/lib/features/trade_copy/presentation/widgets/provider/provider_governance_page_details.dart,2,0,0,C,0,0,0,pass,-
trade_copy,flutter_app/lib/features/trade_copy/presentation/widgets/provider/provider_governance_page_overview.dart,2,0,0,C,0,0,0,pass,-
trade_copy,flutter_app/lib/features/trade_copy/presentation/widgets/provider/provider_leaderboard_cards.dart,1,1,0,D,0,0,0,pass,-
trade_copy,flutter_app/lib/features/trade_copy/presentation/widgets/provider/provider_leaderboard_controls.dart,2,1,0,C,0,0,0,pass,-
trade_copy,flutter_app/lib/features/trade_copy/presentation/widgets/provider/provider_leaderboard_disclaimer.dart,1,0,0,C,0,0,0,pass,-
trade_copy,flutter_app/lib/features/trade_copy/presentation/widgets/provider/trader_profile_stats_common.dart,1,0,0,C,0,0,0,pass,-
trade_copy,flutter_app/lib/features/trade_copy/presentation/widgets/safety/copy_audit_log_events.dart,4,2,0,C,0,0,0,pass,-
trade_copy,flutter_app/lib/features/trade_copy/presentation/widgets/safety/copy_audit_log_summary.dart,2,1,0,D,0,0,0,pass,-
trade_copy,flutter_app/lib/features/trade_copy/presentation/widgets/safety/copy_education_page_common.dart,1,0,0,C,0,0,0,pass,-
trade_copy,flutter_app/lib/features/trade_copy/presentation/widgets/safety/copy_education_page_sections.dart,1,1,0,D,0,0,0,pass,-
trade_copy,flutter_app/lib/features/trade_copy/presentation/widgets/safety/copy_safety_enforcement_common.dart,3,0,0,C,0,0,0,pass,-
trade_copy,flutter_app/lib/features/trade_copy/presentation/widgets/safety/copy_safety_metrics_tools.dart,4,0,0,C,0,0,0,pass,-
trade_copy,flutter_app/lib/features/trade_copy/presentation/widgets/safety/copy_safety_overview.dart,1,1,0,D,0,0,0,pass,-
trade_copy,flutter_app/lib/features/trade_copy/presentation/widgets/safety/dispute_resolution_cases.dart,4,1,0,C,0,0,0,pass,-
trade_copy,flutter_app/lib/features/trade_copy/presentation/widgets/safety/dispute_resolution_common.dart,1,0,0,C,0,0,0,pass,-
trade_copy,flutter_app/lib/features/trade_copy/presentation/widgets/safety/dispute_resolution_form.dart,3,2,0,D,0,0,0,pass,-
trade_copy,flutter_app/lib/features/trade_copy/presentation/widgets/safety/safety_education_page_common.dart,3,0,0,C,0,0,0,pass,-
trade_copy,flutter_app/lib/features/trade_copy/presentation/widgets/safety/safety_education_page_sections.dart,3,1,0,C,0,0,0,pass,-
trade_copy,flutter_app/lib/features/trade_copy/presentation/widgets/trade_copy_consent_card.dart,1,0,0,C,0,0,0,pass,-
trade_copy,flutter_app/lib/features/trade_copy/presentation/widgets/trade_copy_header_body_card.dart,1,0,0,C,0,0,0,pass,-
trade_core,flutter_app/lib/features/trade_core/presentation/widgets/trade_body_review_widgets.dart,3,0,0,C,0,0,0,pass,-
trade_core,flutter_app/lib/features/trade_core/presentation/widgets/vit_trade_analytics_hero.dart,2,0,0,C,0,0,0,pass,-
trade_core,flutter_app/lib/features/trade_core/presentation/widgets/vit_trade_compliance_hero.dart,1,0,0,C,0,0,0,pass,-
trade_core,flutter_app/lib/features/trade_core/presentation/widgets/vit_trade_compliance_section.dart,1,0,0,E,0,0,0,pass,-
trade_core,flutter_app/lib/features/trade_core/presentation/widgets/vit_trade_detail_hero.dart,1,0,0,C,0,0,0,pass,-
trade_core,flutter_app/lib/features/trade_core/presentation/widgets/vit_trade_hub_hero.dart,1,0,0,C,0,0,0,pass,-
trade_core,flutter_app/lib/features/trade_core/presentation/widgets/vit_trade_product_tabs.dart,2,0,0,C,0,0,0,pass,-
trade_core,flutter_app/lib/features/trade_core/presentation/widgets/vit_trade_terminal_header.dart,1,0,0,C,0,0,0,pass,-
trade_terminal,flutter_app/lib/features/trade_terminal/presentation/phone/pages/tools/advanced_tools_demo_page.dart,1,0,0,C,0,0,0,pass,-
trade_terminal,flutter_app/lib/features/trade_terminal/presentation/phone/pages/tools/risk_management_demo_page.dart,1,0,0,C,0,0,0,pass,-
trade_terminal,flutter_app/lib/features/trade_terminal/presentation/widgets/tools/advanced_analytics_page_ai_signals.dart,1,0,0,C,0,0,0,pass,-
trade_terminal,flutter_app/lib/features/trade_terminal/presentation/widgets/tools/advanced_analytics_page_risk_journal.dart,1,0,0,C,0,0,0,pass,-
trade_terminal,flutter_app/lib/features/trade_terminal/presentation/widgets/tools/advanced_analytics_page_shared.dart,2,0,0,C,0,0,0,pass,-
trade_terminal,flutter_app/lib/features/trade_terminal/presentation/widgets/tools/advanced_analytics_page_signal_card.dart,2,0,0,C,0,0,0,pass,-
trade_terminal,flutter_app/lib/features/trade_terminal/presentation/widgets/tools/advanced_analytics_page_sizing_footer.dart,1,0,0,C,0,0,0,pass,-
trade_terminal,flutter_app/lib/features/trade_terminal/presentation/widgets/tools/advanced_chart_area_actions.dart,3,3,0,D,0,0,0,pass,-
trade_terminal,flutter_app/lib/features/trade_terminal/presentation/widgets/tools/advanced_chart_header_toolbar.dart,2,1,0,C,0,0,0,pass,-
trade_terminal,flutter_app/lib/features/trade_terminal/presentation/widgets/tools/advanced_tools_common.dart,2,1,0,D,0,0,0,pass,-
trade_terminal,flutter_app/lib/features/trade_terminal/presentation/widgets/tools/advanced_tools_tabs_sheets.dart,1,1,0,D,0,0,0,pass,-
trade_terminal,flutter_app/lib/features/trade_terminal/presentation/widgets/tools/advanced_trading_demo_page_common.dart,2,0,0,C,0,0,0,pass,-
trade_terminal,flutter_app/lib/features/trade_terminal/presentation/widgets/tools/advanced_trading_demo_page_sections.dart,1,1,0,D,0,0,0,pass,-
trade_terminal,flutter_app/lib/features/trade_terminal/presentation/widgets/tools/execution_quality_common.dart,2,1,0,C,0,0,0,pass,-
trade_terminal,flutter_app/lib/features/trade_terminal/presentation/widgets/tools/execution_quality_overview.dart,1,0,0,C,0,0,0,pass,-
trade_terminal,flutter_app/lib/features/trade_terminal/presentation/widgets/tools/execution_quality_sheets.dart,2,1,0,D,0,0,0,pass,-
trade_terminal,flutter_app/lib/features/trade_terminal/presentation/widgets/tools/risk_management_common.dart,1,1,0,D,0,0,0,pass,-
trade_terminal,flutter_app/lib/features/trade_terminal/presentation/widgets/tools/risk_management_overview.dart,3,0,0,C,0,0,0,pass,-
trade_terminal,flutter_app/lib/features/trade_terminal/presentation/widgets/tools/risk_management_tabs.dart,2,0,0,C,0,0,0,pass,-
wallet,flutter_app/lib/features/wallet/presentation/tablet/pages/address_add_tablet_page.dart,1,0,0,C,0,0,0,pass,-
wallet,flutter_app/lib/features/wallet/presentation/tablet/pages/address_book_tablet_page.dart,3,0,0,C,0,0,0,pass,-
wallet,flutter_app/lib/features/wallet/presentation/tablet/pages/asset_detail_tablet_page.dart,4,0,0,C,0,0,0,pass,-
wallet,flutter_app/lib/features/wallet/presentation/tablet/pages/buy_crypto_tablet_page.dart,3,0,0,C,0,0,0,pass,-
wallet,flutter_app/lib/features/wallet/presentation/tablet/pages/deposit_tablet_page.dart,4,0,0,C,0,0,0,pass,-
wallet,flutter_app/lib/features/wallet/presentation/tablet/pages/dust_converter_tablet_page.dart,4,0,0,C,0,0,0,pass,-
wallet,flutter_app/lib/features/wallet/presentation/tablet/pages/network_status_tablet_page.dart,11,4,0,D,0,0,0,warn,fixed_height_baseline
wallet,flutter_app/lib/features/wallet/presentation/tablet/pages/pending_deposits_tablet_page.dart,3,0,0,C,0,0,0,pass,-
wallet,flutter_app/lib/features/wallet/presentation/tablet/pages/portfolio_analytics_tablet_page.dart,5,0,0,C,0,0,0,pass,-
wallet,flutter_app/lib/features/wallet/presentation/tablet/pages/transaction_detail_tablet_page.dart,4,0,0,C,0,0,0,pass,-
wallet,flutter_app/lib/features/wallet/presentation/tablet/pages/transaction_history_tablet_page.dart,3,1,0,C,0,0,0,warn,fixed_height_baseline
wallet,flutter_app/lib/features/wallet/presentation/tablet/pages/wallet_gas_optimizer_tablet_page.dart,7,0,0,C,0,0,0,pass,-
wallet,flutter_app/lib/features/wallet/presentation/tablet/pages/wallet_health_score_tablet_page.dart,7,0,0,C,0,0,0,pass,-
wallet,flutter_app/lib/features/wallet/presentation/tablet/pages/wallet_multi_manager_tablet_page.dart,5,0,0,C,0,0,0,pass,-
wallet,flutter_app/lib/features/wallet/presentation/tablet/pages/wallet_token_approval_tablet_page.dart,6,0,0,C,0,0,0,pass,-
wallet,flutter_app/lib/features/wallet/presentation/tablet/pages/withdraw_limits_tablet_page.dart,6,0,0,C,0,0,0,pass,-
wallet,flutter_app/lib/features/wallet/presentation/widgets/address/wallet_address_add_agreement.dart,4,2,0,E,0,0,0,pass,-
wallet,flutter_app/lib/features/wallet/presentation/widgets/address/wallet_address_add_preview.dart,2,0,0,C,0,0,0,pass,-
wallet,flutter_app/lib/features/wallet/presentation/widgets/address/wallet_address_book_controls.dart,1,0,0,C,0,0,0,pass,-
wallet,flutter_app/lib/features/wallet/presentation/widgets/address/wallet_address_book_list.dart,2,1,0,C,0,0,0,pass,-
wallet,flutter_app/lib/features/wallet/presentation/widgets/address/wallet_address_book_security.dart,2,0,0,C,0,0,0,pass,-
wallet,flutter_app/lib/features/wallet/presentation/widgets/assets/asset_detail_page_common.dart,3,1,0,C,0,0,0,pass,-
wallet,flutter_app/lib/features/wallet/presentation/widgets/assets/asset_detail_page_sections.dart,3,1,0,C,0,0,0,pass,-
wallet,flutter_app/lib/features/wallet/presentation/widgets/assets/wallet_buy_crypto_input_sections.dart,4,2,0,E,0,0,0,pass,-
wallet,flutter_app/lib/features/wallet/presentation/widgets/assets/wallet_buy_crypto_payment_sections.dart,4,1,0,E,0,0,0,pass,-
wallet,flutter_app/lib/features/wallet/presentation/widgets/assets/wallet_buy_crypto_result_sections.dart,3,0,0,E,0,0,0,pass,-
wallet,flutter_app/lib/features/wallet/presentation/widgets/assets/wallet_dust_converter_hero.dart,3,1,0,E,0,0,0,pass,-
wallet,flutter_app/lib/features/wallet/presentation/widgets/assets/wallet_dust_converter_targets.dart,1,0,0,E,0,0,0,pass,-
wallet,flutter_app/lib/features/wallet/presentation/widgets/history/transaction_detail_page_sections.dart,4,1,0,C,0,0,0,pass,-
wallet,flutter_app/lib/features/wallet/presentation/widgets/history/transaction_history_page_sections.dart,3,3,0,D,0,0,0,pass,-
wallet,flutter_app/lib/features/wallet/presentation/widgets/phone/wallet_page_allocation_sections.dart,1,0,0,C,0,0,0,pass,-
wallet,flutter_app/lib/features/wallet/presentation/widgets/phone/wallet_page_asset_sections.dart,4,0,0,C,0,0,0,pass,-
wallet,flutter_app/lib/features/wallet/presentation/widgets/phone/wallet_page_balance_sections.dart,1,0,0,E,0,0,0,pass,-
wallet,flutter_app/lib/features/wallet/presentation/widgets/phone/wallet_page_dca_tool_sections.dart,2,0,0,C,0,0,0,pass,-
wallet,flutter_app/lib/features/wallet/presentation/widgets/tablet/wallet_page_allocation_sections.dart,1,0,0,C,0,0,0,pass,-
wallet,flutter_app/lib/features/wallet/presentation/widgets/tablet/wallet_page_asset_sections.dart,4,0,0,C,0,0,0,pass,-
wallet,flutter_app/lib/features/wallet/presentation/widgets/tablet/wallet_page_balance_sections.dart,1,0,0,E,0,0,0,pass,-
wallet,flutter_app/lib/features/wallet/presentation/widgets/tablet/wallet_page_dca_tool_sections.dart,2,0,0,C,0,0,0,pass,-
wallet,flutter_app/lib/features/wallet/presentation/widgets/tools/network_status_cards_stats.dart,5,3,0,D,0,0,0,pass,-
wallet,flutter_app/lib/features/wallet/presentation/widgets/tools/network_status_legend_common.dart,3,1,0,C,0,0,0,pass,-
wallet,flutter_app/lib/features/wallet/presentation/widgets/tools/network_status_summary.dart,3,2,0,D,0,0,0,pass,-
wallet,flutter_app/lib/features/wallet/presentation/widgets/tools/portfolio_analytics_common.dart,1,0,0,C,0,0,0,pass,-
wallet,flutter_app/lib/features/wallet/presentation/widgets/tools/portfolio_analytics_metrics_assets.dart,3,1,0,C,0,0,0,pass,-
wallet,flutter_app/lib/features/wallet/presentation/widgets/tools/portfolio_analytics_overview_chart.dart,1,0,0,C,0,0,0,pass,-
wallet,flutter_app/lib/features/wallet/presentation/widgets/tools/portfolio_analytics_summary_switcher.dart,1,0,0,D,0,0,0,pass,-
wallet,flutter_app/lib/features/wallet/presentation/widgets/tools/wallet_gas_optimizer_current.dart,3,0,0,C,0,0,0,pass,-
wallet,flutter_app/lib/features/wallet/presentation/widgets/tools/wallet_gas_optimizer_tips.dart,3,1,0,C,0,0,0,pass,-
wallet,flutter_app/lib/features/wallet/presentation/widgets/tools/wallet_gas_optimizer_trends.dart,2,1,0,D,0,0,0,pass,-
wallet,flutter_app/lib/features/wallet/presentation/widgets/tools/wallet_health_score_cards.dart,15,5,0,C,0,0,0,pass,-
wallet,flutter_app/lib/features/wallet/presentation/widgets/tools/wallet_manager_activity_tab.dart,1,1,0,D,0,0,0,pass,-
wallet,flutter_app/lib/features/wallet/presentation/widgets/tools/wallet_manager_all_wallets_tab.dart,2,0,0,E,0,0,0,pass,-
wallet,flutter_app/lib/features/wallet/presentation/widgets/tools/wallet_manager_common.dart,1,1,0,D,0,0,0,pass,-
wallet,flutter_app/lib/features/wallet/presentation/widgets/tools/wallet_manager_distribution_chart.dart,1,1,0,D,0,0,0,pass,-
wallet,flutter_app/lib/features/wallet/presentation/widgets/tools/wallet_manager_groups_tab.dart,3,2,0,D,0,0,0,pass,-
wallet,flutter_app/lib/features/wallet/presentation/widgets/tools/wallet_token_active_approvals_tab.dart,3,1,0,C,0,0,0,pass,-
wallet,flutter_app/lib/features/wallet/presentation/widgets/tools/wallet_token_approval_badges.dart,1,0,0,C,0,0,0,pass,-
wallet,flutter_app/lib/features/wallet/presentation/widgets/tools/wallet_token_approval_cards.dart,3,1,0,C,0,0,0,pass,-
wallet,flutter_app/lib/features/wallet/presentation/widgets/tools/wallet_token_approval_common.dart,1,0,0,C,0,0,0,pass,-
wallet,flutter_app/lib/features/wallet/presentation/widgets/tools/wallet_token_approval_history_tab.dart,2,0,0,C,0,0,0,pass,-
wallet,flutter_app/lib/features/wallet/presentation/widgets/tools/wallet_token_approval_settings_tab.dart,2,0,0,C,0,0,0,pass,-
wallet,flutter_app/lib/features/wallet/presentation/widgets/tools/wallet_token_revoke_sheet.dart,2,0,0,C,0,0,0,pass,-
wallet,flutter_app/lib/features/wallet/presentation/widgets/transfer/deposit_page_common.dart,2,0,0,C,0,0,0,pass,-
wallet,flutter_app/lib/features/wallet/presentation/widgets/transfer/deposit_page_sections.dart,3,1,0,C,0,0,0,pass,-
wallet,flutter_app/lib/features/wallet/presentation/widgets/transfer/pending_deposits_page_sections.dart,2,0,0,C,0,0,0,pass,-
wallet,flutter_app/lib/features/wallet/presentation/widgets/transfer/wallet_transfer_asset_amount.dart,3,1,0,C,0,0,0,pass,-
wallet,flutter_app/lib/features/wallet/presentation/widgets/transfer/wallet_transfer_confirm_sheet.dart,1,0,0,C,0,0,0,pass,-
wallet,flutter_app/lib/features/wallet/presentation/widgets/transfer/wallet_transfer_history_picker.dart,3,0,0,C,0,0,0,pass,-
wallet,flutter_app/lib/features/wallet/presentation/widgets/transfer/wallet_transfer_wallet_cards.dart,2,1,0,C,0,0,0,pass,-
wallet,flutter_app/lib/features/wallet/presentation/widgets/transfer/withdraw_amount_actions.dart,3,0,0,C,0,0,0,pass,-
wallet,flutter_app/lib/features/wallet/presentation/widgets/transfer/withdraw_form_sections.dart,2,2,0,D,0,0,0,pass,-
wallet,flutter_app/lib/features/wallet/presentation/widgets/transfer/withdraw_limits_page_common.dart,3,2,0,D,0,0,0,pass,-
wallet,flutter_app/lib/features/wallet/presentation/widgets/transfer/withdraw_limits_page_sections.dart,3,0,0,C,0,0,0,pass,-
wallet,flutter_app/lib/features/wallet/presentation/widgets/transfer/withdraw_network_picker.dart,1,0,0,C,0,0,0,pass,-
wallet,flutter_app/lib/features/wallet/presentation/widgets/transfer/withdraw_preview_sheet.dart,1,0,0,C,0,0,0,pass,-
shared,flutter_app/lib/shared/layout/vit_tablet_utility_page.dart,3,0,0,C,0,0,0,pass,-
shared,flutter_app/lib/shared/layout/vit_two_column_tablet_dashboard.dart,1,0,0,C,0,0,0,pass,-
shared,flutter_app/lib/shared/layout/vit_web_utility_page.dart,3,0,0,C,0,0,0,pass,-
shared,flutter_app/lib/shared/widgets/vit_announcement_banner.dart,1,0,0,C,0,0,0,pass,-
shared,flutter_app/lib/shared/widgets/vit_balance_breakdown_row.dart,1,0,0,C,0,0,0,pass,-
shared,flutter_app/lib/shared/widgets/vit_community_rules_link.dart,1,0,0,C,0,0,0,pass,-
shared,flutter_app/lib/shared/widgets/vit_compact_product_card.dart,1,1,0,D,0,0,0,pass,-
shared,flutter_app/lib/shared/widgets/vit_counted_section_header.dart,1,0,0,C,0,0,0,pass,-
shared,flutter_app/lib/shared/widgets/vit_discovery_action_card.dart,1,0,0,C,0,0,0,pass,-
shared,flutter_app/lib/shared/widgets/vit_faq_accordion.dart,1,0,0,C,0,0,0,pass,-
shared,flutter_app/lib/shared/widgets/vit_financial_safety_summary.dart,1,0,0,C,0,0,0,pass,-
shared,flutter_app/lib/shared/widgets/vit_icon_label_card.dart,1,0,0,C,0,0,0,pass,-
shared,flutter_app/lib/shared/widgets/vit_info_callout.dart,1,0,0,C,0,0,0,pass,-
shared,flutter_app/lib/shared/widgets/vit_market_ticker.dart,1,1,1,A,0,0,0,pass,-
shared,flutter_app/lib/shared/widgets/vit_metric_box.dart,1,0,0,C,0,0,0,pass,-
shared,flutter_app/lib/shared/widgets/vit_module_components.dart,3,0,0,E,0,0,0,pass,-
shared,flutter_app/lib/shared/widgets/vit_next_action_card.dart,1,0,0,C,0,0,0,pass,-
shared,flutter_app/lib/shared/widgets/vit_skeleton.dart,1,0,0,E,0,0,0,pass,-
shared,flutter_app/lib/shared/widgets/vit_stats_grid.dart,1,0,0,C,0,0,0,pass,-
shared,flutter_app/lib/shared/widgets/vit_task_card.dart,1,0,0,C,0,0,0,pass,-
shared,flutter_app/lib/shared/widgets/vit_trade_instrument_hero.dart,1,0,0,E,0,0,0,pass,-
shared,flutter_app/lib/shared/widgets/vit_trade_order_list.dart,1,0,0,E,0,0,0,pass,-
