file,line,owner,sourceWidget,classification,mode,fallback,highRisk,issue,notes
"flutter_app/lib/app/router/internal_surface_gate.dart","92","_InternalSurfaceRestrictedPage","VitHeader","parent_route_only","parent_route_only","AppRoutePaths.home","no","-","Back goes to an explicit parent route."
"flutter_app/lib/features/admin/presentation/pages/ab_test_dashboard_page.dart","58","_ABTestDashboardPageState","VitHeader","parent_route_only","parent_route_only","AppRoutePaths.admin","no","-","Back goes to an explicit parent route."
"flutter_app/lib/features/admin/presentation/pages/admin_settings_page.dart","44","AdminSettingsPage","VitHeader","parent_route_only","parent_route_only","AppRoutePaths.admin","no","-","Back goes to an explicit parent route."
"flutter_app/lib/features/admin/presentation/pages/analytics_dashboard_page.dart","66","_AnalyticsDashboardPageState","VitHeader","parent_route_only","parent_route_only","AppRoutePaths.admin","no","-","Back goes to an explicit parent route."
"flutter_app/lib/features/admin/presentation/pages/funnel_dashboard_page.dart","59","_FunnelDashboardPageState","VitHeader","parent_route_only","parent_route_only","AppRoutePaths.admin","no","-","Back goes to an explicit parent route."
"flutter_app/lib/features/arena/presentation/pages/bridge/arena_prediction_bridge_foundation_page_principles_section.dart","28","_ArenaPredictionBridgeFoundationPageState","VitHeader","history_then_fallback","history_then_fallback","AppRoutePaths.arena","no","-","History pop is paired with an explicit fallback route."
"flutter_app/lib/features/arena/presentation/pages/bridge/connected_ecosystem_production_page.dart","86","_ConnectedEcosystemProductionPageState","VitHeader","history_then_fallback","history_then_fallback","AppRoutePaths.arena","no","-","History pop is paired with an explicit fallback route."
"flutter_app/lib/features/arena/presentation/pages/challenge/arena_challenge_detail_page.dart","108","_ArenaChallengeDetailPageState","VitHeader","history_then_fallback","history_then_fallback","AppRoutePaths.arena","no","-","Uses shared back-navigation helper."
"flutter_app/lib/features/arena/presentation/pages/challenge/arena_join_page.dart","85","_ArenaJoinPageState","VitHeader","history_then_fallback","history_then_fallback","AppRoutePaths.arenaChallenge(widget.challengeId","no","-","Uses shared back-navigation helper."
"flutter_app/lib/features/arena/presentation/pages/challenge/arena_leaderboard_page.dart","106","_ArenaLeaderboardPageState","VitHeader","history_then_fallback","history_then_fallback","AppRoutePaths.arena","no","-","Uses shared back-navigation helper."
"flutter_app/lib/features/arena/presentation/pages/challenge/arena_mode_detail_page.dart","83","_ArenaModeDetailPageState","VitHeader","history_then_fallback","history_then_fallback","AppRoutePaths.arena","no","-","Uses shared back-navigation helper."
"flutter_app/lib/features/arena/presentation/pages/challenge/arena_mode_detail_page.dart","92","_ArenaModeDetailPageState","VitHeader","history_then_fallback","history_then_fallback","AppRoutePaths.arena","no","-","Uses shared back-navigation helper."
"flutter_app/lib/features/arena/presentation/pages/challenge/arena_mode_detail_page.dart","108","_ArenaModeDetailPageState","VitHeader","history_then_fallback","history_then_fallback","AppRoutePaths.arena","no","-","Uses shared back-navigation helper."
"flutter_app/lib/features/arena/presentation/pages/challenge/verified_challenges_page.dart","58","VerifiedChallengesPage","VitHeader","history_then_fallback","history_then_fallback","AppRoutePaths.arena","no","-","History pop is paired with an explicit fallback route."
"flutter_app/lib/features/arena/presentation/pages/governance/arena_blocked_users_page.dart","76","_ArenaBlockedUsersPageState","VitHeader","history_then_fallback","history_then_fallback","AppRoutePaths.arenaSafety","no","-","History pop is paired with an explicit fallback route."
"flutter_app/lib/features/arena/presentation/pages/governance/arena_governance_gate_page.dart","118","_ArenaGovernanceGatePageState","VitHeader","history_then_fallback","history_then_fallback","AppRoutePaths.arenaStudio","no","-","Uses shared back-navigation helper."
"flutter_app/lib/features/arena/presentation/pages/governance/arena_guide_page.dart","92","_ArenaGuidePageState","VitHeader","history_then_fallback","history_then_fallback","AppRoutePaths.arena","no","-","Uses shared back-navigation helper."
"flutter_app/lib/features/arena/presentation/pages/governance/arena_report_case_page.dart","103","_ArenaReportCasePageState","VitHeader","history_then_fallback","history_then_fallback","AppRoutePaths.arena","no","-","History pop is paired with an explicit fallback route."
"flutter_app/lib/features/arena/presentation/pages/governance/arena_resolution_center_page.dart","51","ArenaResolutionCenterPage","VitHeader","history_then_fallback","history_then_fallback","AppRoutePaths.arena","no","-","History pop is paired with an explicit fallback route."
"flutter_app/lib/features/arena/presentation/pages/governance/arena_safety_center_page.dart","75","ArenaSafetyCenterPage","VitHeader","history_then_fallback","history_then_fallback","AppRoutePaths.arena","no","-","History pop is paired with an explicit fallback route."
"flutter_app/lib/features/arena/presentation/pages/governance/arena_trust_breakdown_page.dart","64","ArenaTrustBreakdownPage","VitHeader","history_then_fallback","history_then_fallback","AppRoutePaths.arena","no","-","History pop is paired with an explicit fallback route."
"flutter_app/lib/features/arena/presentation/pages/governance/my_arena_reports_page.dart","70","_MyArenaReportsPageState","VitHeader","history_then_fallback","history_then_fallback","AppRoutePaths.arena","no","-","History pop is paired with an explicit fallback route."
"flutter_app/lib/features/arena/presentation/pages/hub/arena_flow_map_page.dart","97","_ArenaFlowMapPageState","VitHeader","history_then_fallback","history_then_fallback","AppRoutePaths.arena","no","-","History pop is paired with an explicit fallback route."
"flutter_app/lib/features/arena/presentation/pages/hub/arena_home_page_hero_and_templates.dart","40","_ArenaHomePageState","VitTopChrome","history_then_fallback","history_then_fallback","AppRoutePaths.home","no","-","Uses shared back-navigation helper."
"flutter_app/lib/features/arena/presentation/pages/hub/arena_production_ready_page_screens_states_section.dart","27","_ArenaProductionReadyPageState","VitHeader","history_then_fallback","history_then_fallback","AppRoutePaths.arena","no","-","History pop is paired with an explicit fallback route."
"flutter_app/lib/features/arena/presentation/pages/hub/my_arena_page.dart","91","_MyArenaPageState","VitHeader","history_then_fallback","history_then_fallback","widget.contractScope == MyArenaContractScope.arena","no","-","Uses shared back-navigation helper."
"flutter_app/lib/features/arena/presentation/pages/points/arena_points_entry_detail_page.dart","82","_ArenaPointsEntryDetailPageState","VitHeader","history_then_fallback","history_then_fallback","AppRoutePaths.arenaLedger","no","-","History pop is paired with an explicit fallback route."
"flutter_app/lib/features/arena/presentation/pages/points/arena_points_ledger_page.dart","75","_ArenaPointsLedgerPageState","VitHeader","history_then_fallback","history_then_fallback","AppRoutePaths.arena","no","-","History pop is paired with an explicit fallback route."
"flutter_app/lib/features/arena/presentation/pages/studio/arena_creator_page.dart","85","_ArenaCreatorPageState","VitHeader","history_then_fallback","history_then_fallback","AppRoutePaths.arena","no","-","Uses shared back-navigation helper."
"flutter_app/lib/features/arena/presentation/pages/studio/arena_smart_rule_builder_page.dart","138","_ArenaSmartRuleBuilderPageState","VitHeader","history_then_fallback","history_then_fallback","AppRoutePaths.arenaStudio","no","-","Uses shared back-navigation helper."
"flutter_app/lib/features/arena/presentation/pages/studio/arena_studio_page.dart","82","_ArenaStudioPageState","VitHeader","history_then_fallback","history_then_fallback","AppRoutePaths.arena","no","-","Uses shared back-navigation helper."
"flutter_app/lib/features/arena/presentation/pages/studio/arena_universal_preset_library_page.dart","82","_ArenaUniversalPresetLibraryPageState","VitHeader","history_then_fallback","history_then_fallback","AppRoutePaths.arenaStudio","no","-","Uses shared back-navigation helper."
"flutter_app/lib/features/auth/presentation/phone/pages/forgot_password_page.dart","239","_ForgotPasswordPageState","VitHeader","history_then_fallback","history_then_fallback","AppRoutePaths.authLogin","no","-","Uses shared back-navigation helper."
"flutter_app/lib/features/auth/presentation/phone/pages/otp_page.dart","219","_OTPPageState","VitHeader","parent_route_only","parent_route_only","AppRoutePaths.authLogin","no","-","Back goes to an explicit parent route."
"flutter_app/lib/features/auth/presentation/phone/pages/register_page.dart","175","_RegisterPageState","VitHeader","parent_route_only","parent_route_only","AppRoutePaths.authLogin","no","-","Back goes to an explicit parent route."
"flutter_app/lib/features/auth/presentation/phone/pages/reset_password_page.dart","157","_ResetPasswordPageState","VitHeader","history_then_fallback","history_then_fallback","AppRoutePaths.authLogin","no","-","Uses shared back-navigation helper."
"flutter_app/lib/features/auth/presentation/phone/pages/two_fa_setup_page.dart","201","_TwoFASetupPageState","VitHeader","history_then_fallback","history_then_fallback","AppRoutePaths.authOtp","no","-","Uses shared back-navigation helper."
"flutter_app/lib/features/cross_module/presentation/widgets/cross_module_tabbed_shell.dart","47","CrossModuleTabbedPageShell","VitHeader","parent_route_only","delegated_by_owner","delegated_callback","no","-","Reusable widget receives an owner-provided back callback."
"flutter_app/lib/features/dca/presentation/pages/hub/dca_overview_demo.dart","178","_DCAOverviewDemoState","VitHeader","parent_route_only","parent_route_only","backRoute","no","-","Back goes to an explicit parent route."
"flutter_app/lib/features/dca/presentation/pages/hub/dca_page_state_overview.dart","24","_DCAPageState","VitTopChrome","history_then_fallback","history_then_fallback","AppRoutePaths.trade","no","-","Uses shared back-navigation helper."
"flutter_app/lib/features/dca/presentation/pages/portfolio/dca_multi_asset_page_setup.dart","53","_DCAMultiAssetPageState","VitHeader","history_then_fallback","history_then_fallback","AppRoutePaths.dca","no","-","History pop is paired with an explicit fallback route."
"flutter_app/lib/features/dca/presentation/pages/portfolio/dca_performance_compare_page.dart","65","_DCAPerformanceComparePageState","VitHeader","history_then_fallback","history_then_fallback","AppRoutePaths.dca","no","-","History pop is paired with an explicit fallback route."
"flutter_app/lib/features/dca/presentation/pages/portfolio/dca_portfolio_optimizer_page.dart","93","_DCAPortfolioOptimizerPageState","VitHeader","history_then_fallback","history_then_fallback","AppRoutePaths.dca","no","-","History pop is paired with an explicit fallback route."
"flutter_app/lib/features/dca/presentation/pages/portfolio/dca_rebalance_config_page.dart","97","_DCARebalanceConfigPageState","VitHeader","history_then_fallback","history_then_fallback","AppRoutePaths.dca","no","-","History pop is paired with an explicit fallback route."
"flutter_app/lib/features/dca/presentation/pages/portfolio/dca_rebalance_dashboard_page.dart","52","DCARebalanceDashboardPage","VitTopChrome","history_then_fallback","history_then_fallback","AppRoutePaths.dca","no","-","History pop is paired with an explicit fallback route."
"flutter_app/lib/features/dca/presentation/pages/research/dca_backtester_page.dart","62","_DCABacktesterPageState","VitHeader","history_then_fallback","history_then_fallback","AppRoutePaths.dca","no","-","History pop is paired with an explicit fallback route."
"flutter_app/lib/features/dca/presentation/pages/research/dca_dynamic_amount_page.dart","74","_DCADynamicAmountPageState","VitHeader","history_then_fallback","history_then_fallback","AppRoutePaths.dca","no","-","History pop is paired with an explicit fallback route."
"flutter_app/lib/features/dca/presentation/pages/schedule/dca_schedule_analytics_page.dart","52","DCAScheduleAnalyticsPage","VitTopChrome","history_then_fallback","history_then_fallback","AppRoutePaths.dca","no","-","History pop is paired with an explicit fallback route."
"flutter_app/lib/features/dca/presentation/pages/schedule/dca_schedule_config_page.dart","88","_DCAScheduleConfigPageState","VitHeader","history_then_fallback","history_then_fallback","AppRoutePaths.dca","no","-","History pop is paired with an explicit fallback route."
"flutter_app/lib/features/dca/presentation/pages/schedule/dca_smart_rules_page.dart","65","_DCASmartRulesPageState","VitHeader","history_then_fallback","history_then_fallback","AppRoutePaths.dca","no","-","History pop is paired with an explicit fallback route."
"flutter_app/lib/features/dev/presentation/pages/design_system_page.dart","302","_DesignSystemScaffold","VitHeader","parent_route_only","parent_route_only","AppRoutePaths.home","no","-","Back goes to an explicit parent route."
"flutter_app/lib/features/dev/presentation/pages/missing_screens_showcase_page.dart","193","_ShowcaseScaffold","VitHeader","parent_route_only","parent_route_only","AppRoutePaths.home","no","-","Back goes to an explicit parent route."
"flutter_app/lib/features/dev/presentation/pages/performance_monitor.dart","184","_PerformanceMonitorScaffold","VitHeader","parent_route_only","parent_route_only","AppRoutePaths.home","no","-","Back goes to an explicit parent route."
"flutter_app/lib/features/dev/presentation/pages/route_checker_page.dart","236","_RouteCheckerScaffold","VitHeader","parent_route_only","parent_route_only","AppRoutePaths.home","no","-","Back goes to an explicit parent route."
"flutter_app/lib/features/discovery/presentation/pages/topic_hub_page.dart","168","_TopicHubScaffold","VitHeader","parent_route_only","parent_route_only","AppRoutePaths.home","no","-","Back goes to an explicit parent route."
"flutter_app/lib/features/discovery/presentation/pages/unified_search_page.dart","82","_UnifiedSearchPageState","VitHeader","parent_route_only","parent_route_only","AppRoutePaths.home","no","-","Back goes to an explicit parent route."
"flutter_app/lib/features/earn_savings/presentation/pages/savings/auto_compound_settings_page.dart","75","_AutoCompoundSettingsPageState","VitHeader","parent_route_only","parent_route_only","AppRoutePaths.earnSavings","no","-","Back goes to an explicit parent route."
"flutter_app/lib/features/earn_savings/presentation/pages/savings/auto_compound_settings_page.dart","83","_AutoCompoundSettingsPageState","VitHeader","parent_route_only","parent_route_only","AppRoutePaths.earnSavings","no","-","Back goes to an explicit parent route."
"flutter_app/lib/features/earn_savings/presentation/pages/savings/auto_compound_settings_page.dart","108","_AutoCompoundSettingsPageState","VitHeader","parent_route_only","parent_route_only","snapshot.backRoute","no","-","Back goes to an explicit parent route."
"flutter_app/lib/features/earn_savings/presentation/pages/savings/earn_portfolio_page.dart","20","_SavingsPortfolioPageState","VitHeader","parent_route_only","parent_route_only","AppRoutePaths.earnSavings","no","-","Back goes to an explicit parent route."
"flutter_app/lib/features/earn_savings/presentation/pages/savings/earn_portfolio_page.dart","28","_SavingsPortfolioPageState","VitHeader","parent_route_only","parent_route_only","AppRoutePaths.earnSavings","no","-","Back goes to an explicit parent route."
"flutter_app/lib/features/earn_savings/presentation/pages/savings/earn_portfolio_page.dart","49","_SavingsPortfolioPageState","VitHeader","parent_route_only","parent_route_only","snapshot.backRoute","no","-","Back goes to an explicit parent route."
"flutter_app/lib/features/earn_savings/presentation/pages/savings/savings_analytics_page.dart","65","_SavingsAnalyticsPageState","VitHeader","parent_route_only","parent_route_only","AppRoutePaths.earnDashboard","no","-","Back goes to an explicit parent route."
"flutter_app/lib/features/earn_savings/presentation/pages/savings/savings_analytics_page.dart","73","_SavingsAnalyticsPageState","VitHeader","parent_route_only","parent_route_only","AppRoutePaths.earnDashboard","no","-","Back goes to an explicit parent route."
"flutter_app/lib/features/earn_savings/presentation/pages/savings/savings_analytics_page.dart","96","_SavingsAnalyticsPageState","VitHeader","parent_route_only","parent_route_only","snapshot.backRoute","no","-","Back goes to an explicit parent route."
"flutter_app/lib/features/earn_savings/presentation/pages/savings/savings_auto_rebalance_page.dart","98","_SavingsAutoRebalancePageState","VitHeader","parent_route_only","parent_route_only","AppRoutePaths.earnSavings","no","-","Back goes to an explicit parent route."
"flutter_app/lib/features/earn_savings/presentation/pages/savings/savings_auto_rebalance_page.dart","106","_SavingsAutoRebalancePageState","VitHeader","parent_route_only","parent_route_only","AppRoutePaths.earnSavings","no","-","Back goes to an explicit parent route."
"flutter_app/lib/features/earn_savings/presentation/pages/savings/savings_auto_rebalance_page.dart","133","_SavingsAutoRebalancePageState","VitHeader","parent_route_only","parent_route_only","snapshot.backRoute","no","-","Back goes to an explicit parent route."
"flutter_app/lib/features/earn_savings/presentation/pages/savings/savings_autopilot_page.dart","74","_SavingsAutoPilotPageState","VitHeader","parent_route_only","parent_route_only","AppRoutePaths.earnSavings","no","-","Back goes to an explicit parent route."
"flutter_app/lib/features/earn_savings/presentation/pages/savings/savings_autopilot_page.dart","82","_SavingsAutoPilotPageState","VitHeader","parent_route_only","parent_route_only","AppRoutePaths.earnSavings","no","-","Back goes to an explicit parent route."
"flutter_app/lib/features/earn_savings/presentation/pages/savings/savings_autopilot_page.dart","112","_SavingsAutoPilotPageState","VitHeader","parent_route_only","parent_route_only","snapshot.backRoute","no","-","Back goes to an explicit parent route."
"flutter_app/lib/features/earn_savings/presentation/pages/savings/savings_backtest_page.dart","90","_SavingsBacktestPageState","VitHeader","parent_route_only","parent_route_only","AppRoutePaths.earnSavings","no","-","Back goes to an explicit parent route."
"flutter_app/lib/features/earn_savings/presentation/pages/savings/savings_backtest_page.dart","98","_SavingsBacktestPageState","VitHeader","parent_route_only","parent_route_only","AppRoutePaths.earnSavings","no","-","Back goes to an explicit parent route."
"flutter_app/lib/features/earn_savings/presentation/pages/savings/savings_backtest_page.dart","125","_SavingsBacktestPageState","VitHeader","parent_route_only","parent_route_only","snapshot.backRoute","no","-","Back goes to an explicit parent route."
"flutter_app/lib/features/earn_savings/presentation/pages/savings/savings_comparison_page.dart","66","_SavingsComparisonPageState","VitHeader","parent_route_only","parent_route_only","AppRoutePaths.earnSavings","no","-","Back goes to an explicit parent route."
"flutter_app/lib/features/earn_savings/presentation/pages/savings/savings_comparison_page.dart","74","_SavingsComparisonPageState","VitHeader","parent_route_only","parent_route_only","AppRoutePaths.earnSavings","no","-","Back goes to an explicit parent route."
"flutter_app/lib/features/earn_savings/presentation/pages/savings/savings_comparison_page.dart","100","_SavingsComparisonPageState","VitHeader","parent_route_only","parent_route_only","snapshot.backRoute","no","-","Back goes to an explicit parent route."
"flutter_app/lib/features/earn_savings/presentation/pages/savings/savings_dca_page.dart","69","_SavingsDCAPageState","VitHeader","parent_route_only","parent_route_only","AppRoutePaths.earnSavings","no","-","Back goes to an explicit parent route."
"flutter_app/lib/features/earn_savings/presentation/pages/savings/savings_dca_page.dart","77","_SavingsDCAPageState","VitHeader","parent_route_only","parent_route_only","AppRoutePaths.earnSavings","no","-","Back goes to an explicit parent route."
"flutter_app/lib/features/earn_savings/presentation/pages/savings/savings_dca_page.dart","99","_SavingsDCAPageState","VitHeader","parent_route_only","parent_route_only","snapshot.backRoute","no","-","Back goes to an explicit parent route."
"flutter_app/lib/features/earn_savings/presentation/pages/savings/savings_export_page.dart","87","_SavingsExportPageState","VitHeader","parent_route_only","parent_route_only","AppRoutePaths.earnSavings","no","-","Back goes to an explicit parent route."
"flutter_app/lib/features/earn_savings/presentation/pages/savings/savings_export_page.dart","95","_SavingsExportPageState","VitHeader","parent_route_only","parent_route_only","AppRoutePaths.earnSavings","no","-","Back goes to an explicit parent route."
"flutter_app/lib/features/earn_savings/presentation/pages/savings/savings_export_page.dart","123","_SavingsExportPageState","VitHeader","parent_route_only","parent_route_only","snapshot.backRoute","no","-","Back goes to an explicit parent route."
"flutter_app/lib/features/earn_savings/presentation/pages/savings/savings_faq_page.dart","61","_SavingsFAQPageState","VitHeader","parent_route_only","parent_route_only","AppRoutePaths.earnStaking","no","-","Back goes to an explicit parent route."
"flutter_app/lib/features/earn_savings/presentation/pages/savings/savings_faq_page.dart","69","_SavingsFAQPageState","VitHeader","parent_route_only","parent_route_only","AppRoutePaths.earnStaking","no","-","Back goes to an explicit parent route."
"flutter_app/lib/features/earn_savings/presentation/pages/savings/savings_faq_page.dart","99","_SavingsFAQPageState","VitHeader","parent_route_only","parent_route_only","snapshot.backRoute","no","-","Back goes to an explicit parent route."
"flutter_app/lib/features/earn_savings/presentation/pages/savings/savings_goal_page.dart","68","_SavingsGoalPageState","VitHeader","parent_route_only","parent_route_only","AppRoutePaths.earnSavings","no","-","Back goes to an explicit parent route."
"flutter_app/lib/features/earn_savings/presentation/pages/savings/savings_goal_page.dart","76","_SavingsGoalPageState","VitHeader","parent_route_only","parent_route_only","AppRoutePaths.earnSavings","no","-","Back goes to an explicit parent route."
"flutter_app/lib/features/earn_savings/presentation/pages/savings/savings_goal_page.dart","103","_SavingsGoalPageState","VitHeader","parent_route_only","parent_route_only","snapshot.backRoute","no","-","Back goes to an explicit parent route."
"flutter_app/lib/features/earn_savings/presentation/pages/savings/savings_guide_page.dart","62","_SavingsGuidePageState","VitHeader","parent_route_only","parent_route_only","AppRoutePaths.earnStaking","no","-","Back goes to an explicit parent route."
"flutter_app/lib/features/earn_savings/presentation/pages/savings/savings_guide_page.dart","70","_SavingsGuidePageState","VitHeader","parent_route_only","parent_route_only","AppRoutePaths.earnStaking","no","-","Back goes to an explicit parent route."
"flutter_app/lib/features/earn_savings/presentation/pages/savings/savings_guide_page.dart","93","_SavingsGuidePageState","VitHeader","parent_route_only","parent_route_only","snapshot.backRoute","no","-","Back goes to an explicit parent route."
"flutter_app/lib/features/earn_savings/presentation/pages/savings/savings_history_page.dart","60","_SavingsHistoryPageState","VitHeader","parent_route_only","parent_route_only","AppRoutePaths.earnDashboard","no","-","Back goes to an explicit parent route."
"flutter_app/lib/features/earn_savings/presentation/pages/savings/savings_history_page.dart","68","_SavingsHistoryPageState","VitHeader","parent_route_only","parent_route_only","AppRoutePaths.earnDashboard","no","-","Back goes to an explicit parent route."
"flutter_app/lib/features/earn_savings/presentation/pages/savings/savings_history_page.dart","94","_SavingsHistoryPageState","VitHeader","parent_route_only","parent_route_only","snapshot.backRoute","no","-","Back goes to an explicit parent route."
"flutter_app/lib/features/earn_savings/presentation/pages/savings/savings_ladder_page.dart","80","_SavingsLadderPageState","VitHeader","parent_route_only","parent_route_only","AppRoutePaths.earnSavings","no","-","Back goes to an explicit parent route."
"flutter_app/lib/features/earn_savings/presentation/pages/savings/savings_ladder_page.dart","88","_SavingsLadderPageState","VitHeader","parent_route_only","parent_route_only","AppRoutePaths.earnSavings","no","-","Back goes to an explicit parent route."
"flutter_app/lib/features/earn_savings/presentation/pages/savings/savings_ladder_page.dart","123","_SavingsLadderPageState","VitHeader","parent_route_only","parent_route_only","snapshot.backRoute","no","-","Back goes to an explicit parent route."
"flutter_app/lib/features/earn_savings/presentation/pages/savings/savings_notification_preferences_page.dart","82","_SavingsNotificationPreferencesPageState","VitHeader","parent_route_only","parent_route_only","AppRoutePaths.earnSavings","no","-","Back goes to an explicit parent route."
"flutter_app/lib/features/earn_savings/presentation/pages/savings/savings_notification_preferences_page.dart","90","_SavingsNotificationPreferencesPageState","VitHeader","parent_route_only","parent_route_only","AppRoutePaths.earnSavings","no","-","Back goes to an explicit parent route."
"flutter_app/lib/features/earn_savings/presentation/pages/savings/savings_notification_preferences_page.dart","125","_SavingsNotificationPreferencesPageState","VitHeader","parent_route_only","parent_route_only","snapshot.backRoute","no","-","Back goes to an explicit parent route."
"flutter_app/lib/features/earn_savings/presentation/pages/savings/savings_notifications_page.dart","67","_SavingsNotificationsPageState","VitHeader","parent_route_only","parent_route_only","AppRoutePaths.earnStaking","no","-","Back goes to an explicit parent route."
"flutter_app/lib/features/earn_savings/presentation/pages/savings/savings_notifications_page.dart","75","_SavingsNotificationsPageState","VitHeader","parent_route_only","parent_route_only","AppRoutePaths.earnStaking","no","-","Back goes to an explicit parent route."
"flutter_app/lib/features/earn_savings/presentation/pages/savings/savings_notifications_page.dart","109","_SavingsNotificationsPageState","VitHeader","parent_route_only","parent_route_only","snapshot.backRoute","no","-","Back goes to an explicit parent route."
"flutter_app/lib/features/earn_savings/presentation/pages/savings/savings_page.dart","81","_SavingsPageState","VitHeader","history_then_fallback","history_then_fallback","'/earn'","no","-","Uses shared back-navigation helper."
"flutter_app/lib/features/earn_savings/presentation/pages/savings/savings_page.dart","93","_SavingsPageState","VitHeader","history_then_fallback","history_then_fallback","'/earn'","no","-","Uses shared back-navigation helper."
"flutter_app/lib/features/earn_savings/presentation/pages/savings/savings_page.dart","120","_SavingsPageState","VitHeader","history_then_fallback","history_then_fallback","snapshot.backRoute","no","-","Uses shared back-navigation helper."
"flutter_app/lib/features/earn_savings/presentation/pages/savings/savings_product_detail_page.dart","57","SavingsProductDetailPage","VitHeader","parent_route_only","parent_route_only","AppRoutePaths.earnSavings","no","-","Back goes to an explicit parent route."
"flutter_app/lib/features/earn_savings/presentation/pages/savings/savings_product_detail_page.dart","65","SavingsProductDetailPage","VitHeader","parent_route_only","parent_route_only","AppRoutePaths.earnSavings","no","-","Back goes to an explicit parent route."
"flutter_app/lib/features/earn_savings/presentation/pages/savings/savings_product_detail_page.dart","82","SavingsProductDetailPage","VitHeader","parent_route_only","parent_route_only","snapshot.backRoute","no","-","Back goes to an explicit parent route."
"flutter_app/lib/features/earn_savings/presentation/pages/savings/savings_receipt_page.dart","40","SavingsReceiptPage","VitHeader","parent_route_only","parent_route_only","AppRoutePaths.earnSavings","no","-","Back goes to an explicit parent route."
"flutter_app/lib/features/earn_savings/presentation/pages/savings/savings_receipt_page.dart","48","SavingsReceiptPage","VitHeader","parent_route_only","parent_route_only","AppRoutePaths.earnSavings","no","-","Back goes to an explicit parent route."
"flutter_app/lib/features/earn_savings/presentation/pages/savings/savings_receipt_page.dart","62","SavingsReceiptPage","VitHeader","parent_route_only","parent_route_only","snapshot.backRoute","no","-","Back goes to an explicit parent route."
"flutter_app/lib/features/earn_savings/presentation/pages/savings/savings_recommendations_page.dart","85","_SavingsRecommendationsPageState","VitHeader","parent_route_only","parent_route_only","AppRoutePaths.earnStaking","no","-","Back goes to an explicit parent route."
"flutter_app/lib/features/earn_savings/presentation/pages/savings/savings_recommendations_page.dart","93","_SavingsRecommendationsPageState","VitHeader","parent_route_only","parent_route_only","AppRoutePaths.earnStaking","no","-","Back goes to an explicit parent route."
"flutter_app/lib/features/earn_savings/presentation/pages/savings/savings_recommendations_page.dart","115","_SavingsRecommendationsPageState","VitHeader","parent_route_only","parent_route_only","snapshot.backRoute","no","-","Back goes to an explicit parent route."
"flutter_app/lib/features/earn_savings/presentation/pages/savings/savings_redeem_page.dart","47","SavingsRedeemPage","VitHeader","parent_route_only","parent_route_only","AppRoutePaths.earnSavings","no","-","Back goes to an explicit parent route."
"flutter_app/lib/features/earn_savings/presentation/pages/savings/savings_redeem_page.dart","55","SavingsRedeemPage","VitHeader","parent_route_only","parent_route_only","AppRoutePaths.earnSavings","no","-","Back goes to an explicit parent route."
"flutter_app/lib/features/earn_savings/presentation/pages/savings/savings_redeem_page.dart","71","SavingsRedeemPage","VitHeader","parent_route_only","parent_route_only","snapshot.backRoute","no","-","Back goes to an explicit parent route."
"flutter_app/lib/features/earn_savings/presentation/pages/savings/savings_risk_assessment_page.dart","75","_SavingsRiskAssessmentPageState","VitHeader","parent_route_only","parent_route_only","AppRoutePaths.earnSavings","no","-","Back goes to an explicit parent route."
"flutter_app/lib/features/earn_savings/presentation/pages/savings/savings_risk_assessment_page.dart","83","_SavingsRiskAssessmentPageState","VitHeader","parent_route_only","parent_route_only","AppRoutePaths.earnSavings","no","-","Back goes to an explicit parent route."
"flutter_app/lib/features/earn_savings/presentation/pages/savings/savings_risk_assessment_page.dart","99","_SavingsRiskAssessmentPageState","VitHeader","parent_route_only","parent_route_only","snapshot.backRoute","no","-","Back goes to an explicit parent route."
"flutter_app/lib/features/earn_savings/presentation/pages/savings/savings_smart_suggestions_page.dart","70","_SavingsSmartSuggestionsPageState","VitHeader","parent_route_only","parent_route_only","AppRoutePaths.earnSavings","no","-","Back goes to an explicit parent route."
"flutter_app/lib/features/earn_savings/presentation/pages/savings/savings_smart_suggestions_page.dart","78","_SavingsSmartSuggestionsPageState","VitHeader","parent_route_only","parent_route_only","AppRoutePaths.earnSavings","no","-","Back goes to an explicit parent route."
"flutter_app/lib/features/earn_savings/presentation/pages/savings/savings_smart_suggestions_page.dart","101","_SavingsSmartSuggestionsPageState","VitHeader","parent_route_only","parent_route_only","snapshot.backRoute","no","-","Back goes to an explicit parent route."
"flutter_app/lib/features/earn_savings/presentation/pages/savings/savings_what_if_page.dart","83","_SavingsWhatIfPageState","VitHeader","parent_route_only","parent_route_only","AppRoutePaths.earnSavings","no","-","Back goes to an explicit parent route."
"flutter_app/lib/features/earn_savings/presentation/pages/savings/savings_what_if_page.dart","91","_SavingsWhatIfPageState","VitHeader","parent_route_only","parent_route_only","AppRoutePaths.earnSavings","no","-","Back goes to an explicit parent route."
"flutter_app/lib/features/earn_savings/presentation/pages/savings/savings_what_if_page.dart","127","_SavingsWhatIfPageState","VitHeader","parent_route_only","parent_route_only","snapshot.backRoute","no","-","Back goes to an explicit parent route."
"flutter_app/lib/features/earn_staking/presentation/pages/staking/staking_advanced_orders_page.dart","73","_StakingAdvancedOrdersPageState","VitTopChrome","parent_route_only","parent_route_only","AppRoutePaths.earnStaking","no","-","Back goes to an explicit parent route."
"flutter_app/lib/features/earn_staking/presentation/pages/staking/staking_advanced_orders_page.dart","82","_StakingAdvancedOrdersPageState","VitTopChrome","parent_route_only","parent_route_only","AppRoutePaths.earnStaking","no","-","Back goes to an explicit parent route."
"flutter_app/lib/features/earn_staking/presentation/pages/staking/staking_advanced_orders_page.dart","108","_StakingAdvancedOrdersPageState","VitTopChrome","parent_route_only","parent_route_only","snapshot.backRoute","no","-","Back goes to an explicit parent route."
"flutter_app/lib/features/earn_staking/presentation/pages/staking/staking_analytics_page.dart","82","_StakingAnalyticsPageState","VitHeader","parent_route_only","parent_route_only","AppRoutePaths.earnDashboard","no","-","Back goes to an explicit parent route."
"flutter_app/lib/features/earn_staking/presentation/pages/staking/staking_analytics_page.dart","90","_StakingAnalyticsPageState","VitHeader","parent_route_only","parent_route_only","AppRoutePaths.earnDashboard","no","-","Back goes to an explicit parent route."
"flutter_app/lib/features/earn_staking/presentation/pages/staking/staking_analytics_page.dart","112","_StakingAnalyticsPageState","VitHeader","parent_route_only","parent_route_only","snapshot.backRoute","no","-","Back goes to an explicit parent route."
"flutter_app/lib/features/earn_staking/presentation/pages/staking/staking_api_documentation_page.dart","79","_StakingApiDocumentationPageState","VitTopChrome","parent_route_only","parent_route_only","AppRoutePaths.earnStaking","no","-","Back goes to an explicit parent route."
"flutter_app/lib/features/earn_staking/presentation/pages/staking/staking_api_documentation_page.dart","88","_StakingApiDocumentationPageState","VitTopChrome","parent_route_only","parent_route_only","AppRoutePaths.earnStaking","no","-","Back goes to an explicit parent route."
"flutter_app/lib/features/earn_staking/presentation/pages/staking/staking_api_documentation_page.dart","113","_StakingApiDocumentationPageState","VitTopChrome","parent_route_only","parent_route_only","snapshot.backRoute","no","-","Back goes to an explicit parent route."
"flutter_app/lib/features/earn_staking/presentation/pages/staking/staking_audit_reports_page.dart","67","_StakingAuditReportsPageState","VitTopChrome","parent_route_only","parent_route_only","AppRoutePaths.earnStaking","no","-","Back goes to an explicit parent route."
"flutter_app/lib/features/earn_staking/presentation/pages/staking/staking_audit_reports_page.dart","76","_StakingAuditReportsPageState","VitTopChrome","parent_route_only","parent_route_only","AppRoutePaths.earnStaking","no","-","Back goes to an explicit parent route."
"flutter_app/lib/features/earn_staking/presentation/pages/staking/staking_audit_reports_page.dart","102","_StakingAuditReportsPageState","VitTopChrome","parent_route_only","parent_route_only","snapshot.backRoute","no","-","Back goes to an explicit parent route."
"flutter_app/lib/features/earn_staking/presentation/pages/staking/staking_auto_compound_page.dart","105","_StakingAutoCompoundPageState","VitTopChrome","parent_route_only","parent_route_only","AppRoutePaths.earnStaking","no","-","Back goes to an explicit parent route."
"flutter_app/lib/features/earn_staking/presentation/pages/staking/staking_auto_compound_page.dart","114","_StakingAutoCompoundPageState","VitTopChrome","parent_route_only","parent_route_only","AppRoutePaths.earnStaking","no","-","Back goes to an explicit parent route."
"flutter_app/lib/features/earn_staking/presentation/pages/staking/staking_auto_compound_page.dart","142","_StakingAutoCompoundPageState","VitTopChrome","parent_route_only","parent_route_only","snapshot.backRoute","no","-","Back goes to an explicit parent route."
"flutter_app/lib/features/earn_staking/presentation/pages/staking/staking_community_governance_page.dart","52","StakingCommunityGovernancePage","VitTopChrome","parent_route_only","parent_route_only","AppRoutePaths.earnStaking","no","-","Back goes to an explicit parent route."
"flutter_app/lib/features/earn_staking/presentation/pages/staking/staking_community_governance_page.dart","61","StakingCommunityGovernancePage","VitTopChrome","parent_route_only","parent_route_only","AppRoutePaths.earnStaking","no","-","Back goes to an explicit parent route."
"flutter_app/lib/features/earn_staking/presentation/pages/staking/staking_community_governance_page.dart","84","StakingCommunityGovernancePage","VitTopChrome","parent_route_only","parent_route_only","snapshot.backRoute","no","-","Back goes to an explicit parent route."
"flutter_app/lib/features/earn_staking/presentation/pages/staking/staking_contingency_plan_page.dart","53","StakingContingencyPlanPage","VitTopChrome","parent_route_only","parent_route_only","AppRoutePaths.earnRiskDashboard","no","-","Back goes to an explicit parent route."
"flutter_app/lib/features/earn_staking/presentation/pages/staking/staking_contingency_plan_page.dart","62","StakingContingencyPlanPage","VitTopChrome","parent_route_only","parent_route_only","AppRoutePaths.earnRiskDashboard","no","-","Back goes to an explicit parent route."
"flutter_app/lib/features/earn_staking/presentation/pages/staking/staking_contingency_plan_page.dart","85","StakingContingencyPlanPage","VitTopChrome","parent_route_only","parent_route_only","snapshot.backRoute","no","-","Back goes to an explicit parent route."
"flutter_app/lib/features/earn_staking/presentation/pages/staking/staking_custody_page.dart","62","_StakingCustodyPageState","VitTopChrome","parent_route_only","parent_route_only","AppRoutePaths.earnStaking","no","-","Back goes to an explicit parent route."
"flutter_app/lib/features/earn_staking/presentation/pages/staking/staking_custody_page.dart","71","_StakingCustodyPageState","VitTopChrome","parent_route_only","parent_route_only","AppRoutePaths.earnStaking","no","-","Back goes to an explicit parent route."
"flutter_app/lib/features/earn_staking/presentation/pages/staking/staking_custody_page.dart","93","_StakingCustodyPageState","VitTopChrome","parent_route_only","parent_route_only","snapshot.backRoute","no","-","Back goes to an explicit parent route."
"flutter_app/lib/features/earn_staking/presentation/pages/staking/staking_dashboard_page.dart","65","_StakingDashboardPageState","VitHeader","parent_route_only","parent_route_only","AppRoutePaths.earnStaking","no","-","Back goes to an explicit parent route."
"flutter_app/lib/features/earn_staking/presentation/pages/staking/staking_dashboard_page.dart","73","_StakingDashboardPageState","VitHeader","parent_route_only","parent_route_only","AppRoutePaths.earnStaking","no","-","Back goes to an explicit parent route."
"flutter_app/lib/features/earn_staking/presentation/pages/staking/staking_dashboard_page.dart","94","_StakingDashboardPageState","VitHeader","parent_route_only","parent_route_only","snapshot.backRoute","no","-","Back goes to an explicit parent route."
"flutter_app/lib/features/earn_staking/presentation/pages/staking/staking_data_export_page.dart","63","_StakingDataExportPageState","VitTopChrome","parent_route_only","parent_route_only","AppRoutePaths.earn","no","-","Back goes to an explicit parent route."
"flutter_app/lib/features/earn_staking/presentation/pages/staking/staking_data_export_page.dart","72","_StakingDataExportPageState","VitTopChrome","parent_route_only","parent_route_only","AppRoutePaths.earn","no","-","Back goes to an explicit parent route."
"flutter_app/lib/features/earn_staking/presentation/pages/staking/staking_data_export_page.dart","95","_StakingDataExportPageState","VitTopChrome","parent_route_only","parent_route_only","snapshot.backRoute","no","-","Back goes to an explicit parent route."
"flutter_app/lib/features/earn_staking/presentation/pages/staking/staking_developer_console_page.dart","68","_StakingDeveloperConsolePageState","VitTopChrome","parent_route_only","parent_route_only","AppRoutePaths.earnStaking","no","-","Back goes to an explicit parent route."
"flutter_app/lib/features/earn_staking/presentation/pages/staking/staking_developer_console_page.dart","77","_StakingDeveloperConsolePageState","VitTopChrome","parent_route_only","parent_route_only","AppRoutePaths.earnStaking","no","-","Back goes to an explicit parent route."
"flutter_app/lib/features/earn_staking/presentation/pages/staking/staking_developer_console_page.dart","101","_StakingDeveloperConsolePageState","VitTopChrome","parent_route_only","parent_route_only","snapshot.backRoute","no","-","Back goes to an explicit parent route."
"flutter_app/lib/features/earn_staking/presentation/pages/staking/staking_earn_page.dart","86","_StakingEarnPageState","VitTopChrome","parent_route_only","parent_route_only","AppRoutePaths.home","no","-","Back goes to an explicit parent route."
"flutter_app/lib/features/earn_staking/presentation/pages/staking/staking_earn_page.dart","95","_StakingEarnPageState","VitTopChrome","parent_route_only","parent_route_only","AppRoutePaths.home","no","-","Back goes to an explicit parent route."
"flutter_app/lib/features/earn_staking/presentation/pages/staking/staking_earn_page.dart","112","_StakingEarnPageState","VitTopChrome","parent_route_only","parent_route_only","snapshot.backRoute","no","-","Back goes to an explicit parent route."
"flutter_app/lib/features/earn_staking/presentation/pages/staking/staking_earnings_calendar_page.dart","73","_StakingEarningsCalendarPageState","VitHeader","parent_route_only","parent_route_only","AppRoutePaths.earnStaking","no","-","Back goes to an explicit parent route."
"flutter_app/lib/features/earn_staking/presentation/pages/staking/staking_earnings_calendar_page.dart","81","_StakingEarningsCalendarPageState","VitHeader","parent_route_only","parent_route_only","AppRoutePaths.earnStaking","no","-","Back goes to an explicit parent route."
"flutter_app/lib/features/earn_staking/presentation/pages/staking/staking_earnings_calendar_page.dart","109","_StakingEarningsCalendarPageState","VitHeader","parent_route_only","parent_route_only","snapshot.backRoute","no","-","Back goes to an explicit parent route."
"flutter_app/lib/features/earn_staking/presentation/pages/staking/staking_emergency_actions_page.dart","60","StakingEmergencyActionsPage","VitTopChrome","parent_route_only","parent_route_only","AppRoutePaths.earnStaking","no","-","Back goes to an explicit parent route."
"flutter_app/lib/features/earn_staking/presentation/pages/staking/staking_emergency_actions_page.dart","69","StakingEmergencyActionsPage","VitTopChrome","parent_route_only","parent_route_only","AppRoutePaths.earnStaking","no","-","Back goes to an explicit parent route."
"flutter_app/lib/features/earn_staking/presentation/pages/staking/staking_emergency_actions_page.dart","86","StakingEmergencyActionsPage","VitTopChrome","parent_route_only","parent_route_only","snapshot.backRoute","no","-","Back goes to an explicit parent route."
"flutter_app/lib/features/earn_staking/presentation/pages/staking/staking_faq_page.dart","59","_StakingFAQPageState","VitTopChrome","parent_route_only","parent_route_only","AppRoutePaths.earnStaking","no","-","Back goes to an explicit parent route."
"flutter_app/lib/features/earn_staking/presentation/pages/staking/staking_faq_page.dart","68","_StakingFAQPageState","VitTopChrome","parent_route_only","parent_route_only","AppRoutePaths.earnStaking","no","-","Back goes to an explicit parent route."
"flutter_app/lib/features/earn_staking/presentation/pages/staking/staking_faq_page.dart","91","_StakingFAQPageState","VitTopChrome","parent_route_only","parent_route_only","snapshot.backRoute","no","-","Back goes to an explicit parent route."
"flutter_app/lib/features/earn_staking/presentation/pages/staking/staking_forum_page.dart","49","StakingForumPage","VitTopChrome","parent_route_only","parent_route_only","AppRoutePaths.earnCommunityGovernance","no","-","Back goes to an explicit parent route."
"flutter_app/lib/features/earn_staking/presentation/pages/staking/staking_forum_page.dart","58","StakingForumPage","VitTopChrome","parent_route_only","parent_route_only","AppRoutePaths.earnCommunityGovernance","no","-","Back goes to an explicit parent route."
"flutter_app/lib/features/earn_staking/presentation/pages/staking/staking_forum_page.dart","80","StakingForumPage","VitTopChrome","parent_route_only","parent_route_only","snapshot.backRoute","no","-","Back goes to an explicit parent route."
"flutter_app/lib/features/earn_staking/presentation/pages/staking/staking_guide_page.dart","65","_StakingGuidePageState","VitTopChrome","parent_route_only","parent_route_only","AppRoutePaths.earnStaking","no","-","Back goes to an explicit parent route."
"flutter_app/lib/features/earn_staking/presentation/pages/staking/staking_guide_page.dart","74","_StakingGuidePageState","VitTopChrome","parent_route_only","parent_route_only","AppRoutePaths.earnStaking","no","-","Back goes to an explicit parent route."
"flutter_app/lib/features/earn_staking/presentation/pages/staking/staking_guide_page.dart","99","_StakingGuidePageState","VitTopChrome","parent_route_only","parent_route_only","snapshot.backRoute","no","-","Back goes to an explicit parent route."
"flutter_app/lib/features/earn_staking/presentation/pages/staking/staking_history_page.dart","79","_StakingHistoryPageState","VitHeader","parent_route_only","parent_route_only","AppRoutePaths.earnDashboard","no","-","Back goes to an explicit parent route."
"flutter_app/lib/features/earn_staking/presentation/pages/staking/staking_history_page.dart","87","_StakingHistoryPageState","VitHeader","parent_route_only","parent_route_only","AppRoutePaths.earnDashboard","no","-","Back goes to an explicit parent route."
"flutter_app/lib/features/earn_staking/presentation/pages/staking/staking_history_page.dart","109","_StakingHistoryPageState","VitHeader","parent_route_only","parent_route_only","snapshot.backRoute","no","-","Back goes to an explicit parent route."
"flutter_app/lib/features/earn_staking/presentation/pages/staking/staking_institutional_page.dart","71","_StakingInstitutionalPageState","VitTopChrome","parent_route_only","parent_route_only","AppRoutePaths.earnStaking","no","-","Back goes to an explicit parent route."
"flutter_app/lib/features/earn_staking/presentation/pages/staking/staking_institutional_page.dart","80","_StakingInstitutionalPageState","VitTopChrome","parent_route_only","parent_route_only","AppRoutePaths.earnStaking","no","-","Back goes to an explicit parent route."
"flutter_app/lib/features/earn_staking/presentation/pages/staking/staking_institutional_page.dart","106","_StakingInstitutionalPageState","VitTopChrome","parent_route_only","parent_route_only","snapshot.backRoute","no","-","Back goes to an explicit parent route."
"flutter_app/lib/features/earn_staking/presentation/pages/staking/staking_insurance_fund_transparency_page.dart","70","_StakingInsuranceFundTransparencyPageState","VitTopChrome","parent_route_only","parent_route_only","AppRoutePaths.earnStaking","no","-","Back goes to an explicit parent route."
"flutter_app/lib/features/earn_staking/presentation/pages/staking/staking_insurance_fund_transparency_page.dart","79","_StakingInsuranceFundTransparencyPageState","VitTopChrome","parent_route_only","parent_route_only","AppRoutePaths.earnStaking","no","-","Back goes to an explicit parent route."
"flutter_app/lib/features/earn_staking/presentation/pages/staking/staking_insurance_fund_transparency_page.dart","103","_StakingInsuranceFundTransparencyPageState","VitTopChrome","parent_route_only","parent_route_only","snapshot.backRoute","no","-","Back goes to an explicit parent route."
"flutter_app/lib/features/earn_staking/presentation/pages/staking/staking_insurance_page.dart","80","_StakingInsurancePageState","VitTopChrome","parent_route_only","parent_route_only","AppRoutePaths.earnStaking","no","-","Back goes to an explicit parent route."
"flutter_app/lib/features/earn_staking/presentation/pages/staking/staking_insurance_page.dart","89","_StakingInsurancePageState","VitTopChrome","parent_route_only","parent_route_only","AppRoutePaths.earnStaking","no","-","Back goes to an explicit parent route."
"flutter_app/lib/features/earn_staking/presentation/pages/staking/staking_insurance_page.dart","111","_StakingInsurancePageState","VitTopChrome","parent_route_only","parent_route_only","snapshot.backRoute","no","-","Back goes to an explicit parent route."
"flutter_app/lib/features/earn_staking/presentation/pages/staking/staking_liquid_staking_page.dart","89","_StakingLiquidStakingPageState","VitTopChrome","parent_route_only","parent_route_only","AppRoutePaths.earnStaking","no","-","Back goes to an explicit parent route."
"flutter_app/lib/features/earn_staking/presentation/pages/staking/staking_liquid_staking_page.dart","98","_StakingLiquidStakingPageState","VitTopChrome","parent_route_only","parent_route_only","AppRoutePaths.earnStaking","no","-","Back goes to an explicit parent route."
"flutter_app/lib/features/earn_staking/presentation/pages/staking/staking_liquid_staking_page.dart","121","_StakingLiquidStakingPageState","VitTopChrome","parent_route_only","parent_route_only","snapshot.backRoute","no","-","Back goes to an explicit parent route."
"flutter_app/lib/features/earn_staking/presentation/pages/staking/staking_multi_chain_page.dart","62","StakingMultiChainPage","VitTopChrome","parent_route_only","parent_route_only","AppRoutePaths.earnStaking","no","-","Back goes to an explicit parent route."
"flutter_app/lib/features/earn_staking/presentation/pages/staking/staking_multi_chain_page.dart","71","StakingMultiChainPage","VitTopChrome","parent_route_only","parent_route_only","AppRoutePaths.earnStaking","no","-","Back goes to an explicit parent route."
"flutter_app/lib/features/earn_staking/presentation/pages/staking/staking_multi_chain_page.dart","93","StakingMultiChainPage","VitTopChrome","parent_route_only","parent_route_only","snapshot.backRoute","no","-","Back goes to an explicit parent route."
"flutter_app/lib/features/earn_staking/presentation/pages/staking/staking_notifications_page.dart","71","_StakingNotificationsPageState","VitTopChrome","parent_route_only","parent_route_only","AppRoutePaths.earnStaking","no","-","Back goes to an explicit parent route."
"flutter_app/lib/features/earn_staking/presentation/pages/staking/staking_notifications_page.dart","80","_StakingNotificationsPageState","VitTopChrome","parent_route_only","parent_route_only","AppRoutePaths.earnStaking","no","-","Back goes to an explicit parent route."
"flutter_app/lib/features/earn_staking/presentation/pages/staking/staking_notifications_page.dart","111","_StakingNotificationsPageState","VitTopChrome","parent_route_only","parent_route_only","snapshot.backRoute","no","-","Back goes to an explicit parent route."
"flutter_app/lib/features/earn_staking/presentation/pages/staking/staking_proof_of_reserves_page.dart","82","_StakingProofOfReservesPageState","VitTopChrome","parent_route_only","parent_route_only","AppRoutePaths.earnStaking","yes","-","Back goes to an explicit parent route."
"flutter_app/lib/features/earn_staking/presentation/pages/staking/staking_proof_of_reserves_page.dart","91","_StakingProofOfReservesPageState","VitTopChrome","parent_route_only","parent_route_only","AppRoutePaths.earnStaking","yes","-","Back goes to an explicit parent route."
"flutter_app/lib/features/earn_staking/presentation/pages/staking/staking_proof_of_reserves_page.dart","114","_StakingProofOfReservesPageState","VitTopChrome","parent_route_only","parent_route_only","snapshot.backRoute","yes","-","Back goes to an explicit parent route."
"flutter_app/lib/features/earn_staking/presentation/pages/staking/staking_proposals_page.dart","47","StakingProposalsPage","VitTopChrome","parent_route_only","parent_route_only","AppRoutePaths.earnCommunityGovernance","no","-","Back goes to an explicit parent route."
"flutter_app/lib/features/earn_staking/presentation/pages/staking/staking_proposals_page.dart","56","StakingProposalsPage","VitTopChrome","parent_route_only","parent_route_only","AppRoutePaths.earnCommunityGovernance","no","-","Back goes to an explicit parent route."
"flutter_app/lib/features/earn_staking/presentation/pages/staking/staking_proposals_page.dart","78","StakingProposalsPage","VitTopChrome","parent_route_only","parent_route_only","snapshot.backRoute","no","-","Back goes to an explicit parent route."
"flutter_app/lib/features/earn_staking/presentation/pages/staking/staking_recommendations_page.dart","70","_StakingRecommendationsPageState","VitTopChrome","parent_route_only","parent_route_only","AppRoutePaths.earnStaking","no","-","Back goes to an explicit parent route."
"flutter_app/lib/features/earn_staking/presentation/pages/staking/staking_recommendations_page.dart","79","_StakingRecommendationsPageState","VitTopChrome","parent_route_only","parent_route_only","AppRoutePaths.earnStaking","no","-","Back goes to an explicit parent route."
"flutter_app/lib/features/earn_staking/presentation/pages/staking/staking_recommendations_page.dart","102","_StakingRecommendationsPageState","VitTopChrome","parent_route_only","parent_route_only","snapshot.backRoute","no","-","Back goes to an explicit parent route."
"flutter_app/lib/features/earn_staking/presentation/pages/staking/staking_regulatory_framework_page.dart","67","_StakingRegulatoryFrameworkPageState","VitTopChrome","parent_route_only","parent_route_only","AppRoutePaths.earnStaking","no","-","Back goes to an explicit parent route."
"flutter_app/lib/features/earn_staking/presentation/pages/staking/staking_regulatory_framework_page.dart","76","_StakingRegulatoryFrameworkPageState","VitTopChrome","parent_route_only","parent_route_only","AppRoutePaths.earnStaking","no","-","Back goes to an explicit parent route."
"flutter_app/lib/features/earn_staking/presentation/pages/staking/staking_regulatory_framework_page.dart","101","_StakingRegulatoryFrameworkPageState","VitTopChrome","parent_route_only","parent_route_only","snapshot.backRoute","no","-","Back goes to an explicit parent route."
"flutter_app/lib/features/earn_staking/presentation/pages/staking/staking_risk_assessment_page.dart","72","_StakingRiskAssessmentPageState","VitTopChrome","parent_route_only","parent_route_only","AppRoutePaths.earnStaking","no","-","Back goes to an explicit parent route."
"flutter_app/lib/features/earn_staking/presentation/pages/staking/staking_risk_assessment_page.dart","81","_StakingRiskAssessmentPageState","VitTopChrome","parent_route_only","parent_route_only","AppRoutePaths.earnStaking","no","-","Back goes to an explicit parent route."
"flutter_app/lib/features/earn_staking/presentation/pages/staking/staking_risk_assessment_page.dart","98","_StakingRiskAssessmentPageState","VitTopChrome","parent_route_only","parent_route_only","snapshot.backRoute","yes","-","Back goes to an explicit parent route."
"flutter_app/lib/features/earn_staking/presentation/pages/staking/staking_risk_dashboard_page.dart","55","StakingRiskDashboardPage","VitTopChrome","parent_route_only","parent_route_only","AppRoutePaths.earnStaking","no","-","Back goes to an explicit parent route."
"flutter_app/lib/features/earn_staking/presentation/pages/staking/staking_risk_dashboard_page.dart","64","StakingRiskDashboardPage","VitTopChrome","parent_route_only","parent_route_only","AppRoutePaths.earnStaking","no","-","Back goes to an explicit parent route."
"flutter_app/lib/features/earn_staking/presentation/pages/staking/staking_risk_dashboard_page.dart","87","StakingRiskDashboardPage","VitTopChrome","parent_route_only","parent_route_only","snapshot.backRoute","no","-","Back goes to an explicit parent route."
"flutter_app/lib/features/earn_staking/presentation/pages/staking/staking_risk_disclosure_page.dart","89","_StakingRiskDisclosurePageState","VitTopChrome","parent_route_only","parent_route_only","AppRoutePaths.earnStaking","no","-","Back goes to an explicit parent route."
"flutter_app/lib/features/earn_staking/presentation/pages/staking/staking_risk_disclosure_page.dart","98","_StakingRiskDisclosurePageState","VitTopChrome","parent_route_only","parent_route_only","AppRoutePaths.earnStaking","no","-","Back goes to an explicit parent route."
"flutter_app/lib/features/earn_staking/presentation/pages/staking/staking_risk_disclosure_page.dart","122","_StakingRiskDisclosurePageState","VitTopChrome","parent_route_only","parent_route_only","snapshot.backRoute","no","-","Back goes to an explicit parent route."
"flutter_app/lib/features/earn_staking/presentation/pages/staking/staking_risk_score_calculator_page.dart","84","_StakingRiskScoreCalculatorPageState","VitTopChrome","parent_route_only","parent_route_only","AppRoutePaths.earnStaking","no","-","Back goes to an explicit parent route."
"flutter_app/lib/features/earn_staking/presentation/pages/staking/staking_risk_score_calculator_page.dart","93","_StakingRiskScoreCalculatorPageState","VitTopChrome","parent_route_only","parent_route_only","AppRoutePaths.earnStaking","no","-","Back goes to an explicit parent route."
"flutter_app/lib/features/earn_staking/presentation/pages/staking/staking_risk_score_calculator_page.dart","118","_StakingRiskScoreCalculatorPageState","VitTopChrome","parent_route_only","parent_route_only","snapshot.backRoute","no","-","Back goes to an explicit parent route."
"flutter_app/lib/features/earn_staking/presentation/pages/staking/staking_slashing_history_page.dart","65","_StakingSlashingHistoryPageState","VitTopChrome","parent_route_only","parent_route_only","AppRoutePaths.earnRiskDashboard","no","-","Back goes to an explicit parent route."
"flutter_app/lib/features/earn_staking/presentation/pages/staking/staking_slashing_history_page.dart","74","_StakingSlashingHistoryPageState","VitTopChrome","parent_route_only","parent_route_only","AppRoutePaths.earnRiskDashboard","no","-","Back goes to an explicit parent route."
"flutter_app/lib/features/earn_staking/presentation/pages/staking/staking_slashing_history_page.dart","97","_StakingSlashingHistoryPageState","VitTopChrome","parent_route_only","parent_route_only","snapshot.backRoute","no","-","Back goes to an explicit parent route."
"flutter_app/lib/features/earn_staking/presentation/pages/staking/staking_social_feed_page.dart","59","_StakingSocialFeedPageState","VitTopChrome","parent_route_only","parent_route_only","AppRoutePaths.earn","no","-","Back goes to an explicit parent route."
"flutter_app/lib/features/earn_staking/presentation/pages/staking/staking_social_feed_page.dart","68","_StakingSocialFeedPageState","VitTopChrome","parent_route_only","parent_route_only","AppRoutePaths.earn","no","-","Back goes to an explicit parent route."
"flutter_app/lib/features/earn_staking/presentation/pages/staking/staking_social_feed_page.dart","94","_StakingSocialFeedPageState","VitTopChrome","parent_route_only","parent_route_only","snapshot.backRoute","no","-","Back goes to an explicit parent route."
"flutter_app/lib/features/earn_staking/presentation/pages/staking/staking_suitability_assessment_page.dart","102","_StakingSuitabilityAssessmentPageState","VitTopChrome","parent_route_only","parent_route_only","AppRoutePaths.earnStaking","no","-","Back goes to an explicit parent route."
"flutter_app/lib/features/earn_staking/presentation/pages/staking/staking_suitability_assessment_page.dart","111","_StakingSuitabilityAssessmentPageState","VitTopChrome","parent_route_only","parent_route_only","AppRoutePaths.earnStaking","no","-","Back goes to an explicit parent route."
"flutter_app/lib/features/earn_staking/presentation/pages/staking/staking_suitability_assessment_page.dart","128","_StakingSuitabilityAssessmentPageState","VitTopChrome","parent_route_only","parent_route_only","snapshot.backRoute","no","-","Back goes to an explicit parent route."
"flutter_app/lib/features/earn_staking/presentation/pages/staking/staking_tax_guide_page.dart","70","_StakingTaxGuidePageState","VitTopChrome","parent_route_only","parent_route_only","AppRoutePaths.earnStaking","no","-","Back goes to an explicit parent route."
"flutter_app/lib/features/earn_staking/presentation/pages/staking/staking_tax_guide_page.dart","79","_StakingTaxGuidePageState","VitTopChrome","parent_route_only","parent_route_only","AppRoutePaths.earnStaking","no","-","Back goes to an explicit parent route."
"flutter_app/lib/features/earn_staking/presentation/pages/staking/staking_tax_guide_page.dart","102","_StakingTaxGuidePageState","VitTopChrome","parent_route_only","parent_route_only","snapshot.backRoute","no","-","Back goes to an explicit parent route."
"flutter_app/lib/features/earn_staking/presentation/pages/staking/staking_terms_page.dart","59","_StakingTermsPageState","VitTopChrome","parent_route_only","parent_route_only","AppRoutePaths.earnStaking","no","-","Back goes to an explicit parent route."
"flutter_app/lib/features/earn_staking/presentation/pages/staking/staking_terms_page.dart","68","_StakingTermsPageState","VitTopChrome","parent_route_only","parent_route_only","AppRoutePaths.earnStaking","no","-","Back goes to an explicit parent route."
"flutter_app/lib/features/earn_staking/presentation/pages/staking/staking_terms_page.dart","90","_StakingTermsPageState","VitTopChrome","parent_route_only","parent_route_only","snapshot.backRoute","no","-","Back goes to an explicit parent route."
"flutter_app/lib/features/earn_staking/presentation/pages/staking/staking_third_party_integrations_page.dart","63","_StakingThirdPartyIntegrationsPageState","VitTopChrome","parent_route_only","parent_route_only","AppRoutePaths.earnStaking","no","-","Back goes to an explicit parent route."
"flutter_app/lib/features/earn_staking/presentation/pages/staking/staking_third_party_integrations_page.dart","72","_StakingThirdPartyIntegrationsPageState","VitTopChrome","parent_route_only","parent_route_only","AppRoutePaths.earnStaking","no","-","Back goes to an explicit parent route."
"flutter_app/lib/features/earn_staking/presentation/pages/staking/staking_third_party_integrations_page.dart","99","_StakingThirdPartyIntegrationsPageState","VitTopChrome","parent_route_only","parent_route_only","snapshot.backRoute","no","-","Back goes to an explicit parent route."
"flutter_app/lib/features/earn_staking/presentation/pages/staking/staking_transaction_reporting_page.dart","92","_StakingTransactionReportingPageState","VitTopChrome","parent_route_only","parent_route_only","AppRoutePaths.earnStaking","no","-","Back goes to an explicit parent route."
"flutter_app/lib/features/earn_staking/presentation/pages/staking/staking_transaction_reporting_page.dart","101","_StakingTransactionReportingPageState","VitTopChrome","parent_route_only","parent_route_only","AppRoutePaths.earnStaking","no","-","Back goes to an explicit parent route."
"flutter_app/lib/features/earn_staking/presentation/pages/staking/staking_transaction_reporting_page.dart","126","_StakingTransactionReportingPageState","VitTopChrome","parent_route_only","parent_route_only","snapshot.backRoute","no","-","Back goes to an explicit parent route."
"flutter_app/lib/features/earn_staking/presentation/pages/staking/staking_validator_health_monitor_page.dart","61","_StakingValidatorHealthMonitorPageState","VitTopChrome","parent_route_only","parent_route_only","AppRoutePaths.earnStaking","no","-","Back goes to an explicit parent route."
"flutter_app/lib/features/earn_staking/presentation/pages/staking/staking_validator_health_monitor_page.dart","70","_StakingValidatorHealthMonitorPageState","VitTopChrome","parent_route_only","parent_route_only","AppRoutePaths.earnStaking","no","-","Back goes to an explicit parent route."
"flutter_app/lib/features/earn_staking/presentation/pages/staking/staking_validator_health_monitor_page.dart","93","_StakingValidatorHealthMonitorPageState","VitTopChrome","parent_route_only","parent_route_only","snapshot.backRoute","no","-","Back goes to an explicit parent route."
"flutter_app/lib/features/earn_staking/presentation/pages/staking/staking_validator_selection_page.dart","76","_StakingValidatorSelectionPageState","VitTopChrome","parent_route_only","parent_route_only","AppRoutePaths.earnStaking","no","-","Back goes to an explicit parent route."
"flutter_app/lib/features/earn_staking/presentation/pages/staking/staking_validator_selection_page.dart","85","_StakingValidatorSelectionPageState","VitTopChrome","parent_route_only","parent_route_only","AppRoutePaths.earnStaking","no","-","Back goes to an explicit parent route."
"flutter_app/lib/features/earn_staking/presentation/pages/staking/staking_validator_selection_page.dart","109","_StakingValidatorSelectionPageState","VitTopChrome","parent_route_only","parent_route_only","snapshot.backRoute","no","-","Back goes to an explicit parent route."
"flutter_app/lib/features/earn_staking/presentation/pages/staking/staking_voting_page.dart","65","_StakingVotingPageState","VitTopChrome","parent_route_only","parent_route_only","AppRoutePaths.earnProposals","no","-","Back goes to an explicit parent route."
"flutter_app/lib/features/earn_staking/presentation/pages/staking/staking_voting_page.dart","74","_StakingVotingPageState","VitTopChrome","parent_route_only","parent_route_only","AppRoutePaths.earnProposals","no","-","Back goes to an explicit parent route."
"flutter_app/lib/features/earn_staking/presentation/pages/staking/staking_voting_page.dart","91","_StakingVotingPageState","VitTopChrome","parent_route_only","parent_route_only","snapshot.backRoute","no","-","Back goes to an explicit parent route."
"flutter_app/lib/features/earn_staking/presentation/pages/staking/staking_webhooks_page.dart","54","StakingWebhooksPage","VitTopChrome","parent_route_only","parent_route_only","AppRoutePaths.earn","no","-","Back goes to an explicit parent route."
"flutter_app/lib/features/earn_staking/presentation/pages/staking/staking_webhooks_page.dart","63","StakingWebhooksPage","VitTopChrome","parent_route_only","parent_route_only","AppRoutePaths.earn","no","-","Back goes to an explicit parent route."
"flutter_app/lib/features/earn_staking/presentation/pages/staking/staking_webhooks_page.dart","85","StakingWebhooksPage","VitTopChrome","parent_route_only","parent_route_only","snapshot.backRoute","no","-","Back goes to an explicit parent route."
"flutter_app/lib/features/earn_staking/presentation/pages/staking/staking_withdrawal_policy_page.dart","104","_StakingWithdrawalPolicyPageState","VitTopChrome","parent_route_only","parent_route_only","AppRoutePaths.earnStaking","yes","-","Back goes to an explicit parent route."
"flutter_app/lib/features/earn_staking/presentation/pages/staking/staking_withdrawal_policy_page.dart","113","_StakingWithdrawalPolicyPageState","VitTopChrome","parent_route_only","parent_route_only","AppRoutePaths.earnStaking","yes","-","Back goes to an explicit parent route."
"flutter_app/lib/features/earn_staking/presentation/pages/staking/staking_withdrawal_policy_page.dart","137","_StakingWithdrawalPolicyPageState","VitTopChrome","parent_route_only","parent_route_only","snapshot.backRoute","yes","-","Back goes to an explicit parent route."
"flutter_app/lib/features/enterprise_states/presentation/pages/enterprise_states_page.dart","72","_EnterpriseStatesPageState","VitHeader","parent_route_only","parent_route_only","AppRoutePaths.home","no","-","Back goes to an explicit parent route."
"flutter_app/lib/features/enterprise_states/presentation/pages/enterprise_states_page.dart","82","_EnterpriseStatesPageState","VitHeader","parent_route_only","parent_route_only","AppRoutePaths.home","no","-","Back goes to an explicit parent route."
"flutter_app/lib/features/enterprise_states/presentation/pages/enterprise_states_page.dart","97","_EnterpriseStatesPageState","VitHeader","parent_route_only","parent_route_only","snapshot.backRoute","no","-","Back goes to an explicit parent route."
"flutter_app/lib/features/launchpad/presentation/pages/bridge/launchpad_bridge_compare_page.dart","91","_LaunchpadBridgeComparePageState","VitHeader","parent_route_only","parent_route_only","AppRoutePaths.launchpad","no","-","Back goes to an explicit parent route."
"flutter_app/lib/features/launchpad/presentation/pages/bridge/launchpad_bridge_compare_page.dart","106","_LaunchpadBridgeComparePageState","VitHeader","parent_route_only","parent_route_only","AppRoutePaths.launchpad","no","-","Back goes to an explicit parent route."
"flutter_app/lib/features/launchpad/presentation/pages/bridge/launchpad_bridge_compare_page.dart","139","_LaunchpadBridgeComparePageState","VitHeader","parent_route_only","parent_route_only","snapshot.backRoute","no","-","Back goes to an explicit parent route."
"flutter_app/lib/features/launchpad/presentation/pages/bridge/launchpad_bridge_order_page.dart","81","_LaunchpadBridgeOrderPageState","VitHeader","parent_route_only","parent_route_only","AppRoutePaths.launchpadIdoBridgeSample","no","-","Back goes to an explicit parent route."
"flutter_app/lib/features/launchpad/presentation/pages/bridge/launchpad_bridge_order_page.dart","99","_LaunchpadBridgeOrderPageState","VitHeader","parent_route_only","parent_route_only","AppRoutePaths.launchpadIdoBridgeSample","no","-","Back goes to an explicit parent route."
"flutter_app/lib/features/launchpad/presentation/pages/bridge/launchpad_bridge_order_page.dart","124","_LaunchpadBridgeOrderPageState","VitHeader","parent_route_only","parent_route_only","snapshot.backRoute","no","-","Back goes to an explicit parent route."
"flutter_app/lib/features/launchpad/presentation/pages/bridge/launchpad_ido_bridge_page.dart","61","LaunchpadIdoBridgePage","VitHeader","parent_route_only","parent_route_only","AppRoutePaths.launchpad","no","-","Back goes to an explicit parent route."
"flutter_app/lib/features/launchpad/presentation/pages/bridge/launchpad_ido_bridge_page.dart","80","LaunchpadIdoBridgePage","VitHeader","parent_route_only","parent_route_only","AppRoutePaths.launchpad","no","-","Back goes to an explicit parent route."
"flutter_app/lib/features/launchpad/presentation/pages/bridge/launchpad_ido_bridge_page.dart","105","LaunchpadIdoBridgePage","VitHeader","parent_route_only","parent_route_only","snapshot.backRoute","no","-","Back goes to an explicit parent route."
"flutter_app/lib/features/launchpad/presentation/pages/bridge/launchpad_swap_aggregator_page.dart","116","_LaunchpadSwapAggregatorPageState","VitHeader","parent_route_only","parent_route_only","AppRoutePaths.launchpad","no","-","Back goes to an explicit parent route."
"flutter_app/lib/features/launchpad/presentation/pages/bridge/launchpad_swap_aggregator_page.dart","131","_LaunchpadSwapAggregatorPageState","VitHeader","parent_route_only","parent_route_only","AppRoutePaths.launchpad","no","-","Back goes to an explicit parent route."
"flutter_app/lib/features/launchpad/presentation/pages/bridge/launchpad_swap_aggregator_page.dart","164","_LaunchpadSwapAggregatorPageState","VitHeader","parent_route_only","parent_route_only","snapshot.backRoute","no","-","Back goes to an explicit parent route."
"flutter_app/lib/features/launchpad/presentation/pages/claim/launchpad_batch_claim_page.dart","83","_LaunchpadBatchClaimPageState","VitHeader","parent_route_only","parent_route_only","AppRoutePaths.launchpadStaking","yes","-","Back goes to an explicit parent route."
"flutter_app/lib/features/launchpad/presentation/pages/claim/launchpad_batch_claim_page.dart","98","_LaunchpadBatchClaimPageState","VitHeader","parent_route_only","parent_route_only","AppRoutePaths.launchpadStaking","yes","-","Back goes to an explicit parent route."
"flutter_app/lib/features/launchpad/presentation/pages/claim/launchpad_batch_claim_page.dart","134","_LaunchpadBatchClaimPageState","VitHeader","parent_route_only","parent_route_only","snapshot.backRoute","yes","-","Back goes to an explicit parent route."
"flutter_app/lib/features/launchpad/presentation/pages/claim/launchpad_claim_receipt_page.dart","96","_LaunchpadClaimReceiptPageState","VitHeader","parent_route_only","parent_route_only","AppRoutePaths.launchpadStaking","yes","-","Uses shared back-navigation helper."
"flutter_app/lib/features/launchpad/presentation/pages/claim/launchpad_claim_receipt_page.dart","117","_LaunchpadClaimReceiptPageState","VitHeader","parent_route_only","parent_route_only","AppRoutePaths.launchpadStaking","yes","-","Uses shared back-navigation helper."
"flutter_app/lib/features/launchpad/presentation/pages/claim/launchpad_claim_receipt_page.dart","149","_LaunchpadClaimReceiptPageState","VitHeader","parent_route_only","parent_route_only","snapshot.backRoute","yes","-","Uses shared back-navigation helper."
"flutter_app/lib/features/launchpad/presentation/pages/hub/launchpad_contract_page.dart","61","LaunchpadContractPage","VitHeader","parent_route_only","parent_route_only","AppRoutePaths.launchpad","no","-","Back goes to an explicit parent route."
"flutter_app/lib/features/launchpad/presentation/pages/hub/launchpad_contract_page.dart","80","LaunchpadContractPage","VitHeader","parent_route_only","parent_route_only","AppRoutePaths.launchpad","no","-","Back goes to an explicit parent route."
"flutter_app/lib/features/launchpad/presentation/pages/hub/launchpad_contract_page.dart","105","LaunchpadContractPage","VitHeader","parent_route_only","parent_route_only","snapshot.backRoute","no","-","Back goes to an explicit parent route."
"flutter_app/lib/features/launchpad/presentation/pages/hub/launchpad_detail_page.dart","61","LaunchpadDetailPage","VitHeader","parent_route_only","parent_route_only","AppRoutePaths.launchpad","no","-","Back goes to an explicit parent route."
"flutter_app/lib/features/launchpad/presentation/pages/hub/launchpad_detail_page.dart","80","LaunchpadDetailPage","VitHeader","parent_route_only","parent_route_only","AppRoutePaths.launchpad","no","-","Back goes to an explicit parent route."
"flutter_app/lib/features/launchpad/presentation/pages/hub/launchpad_detail_page.dart","105","LaunchpadDetailPage","VitHeader","parent_route_only","parent_route_only","snapshot.backRoute","no","-","Back goes to an explicit parent route."
"flutter_app/lib/features/launchpad/presentation/pages/hub/launchpad_page.dart","94","_LaunchpadPageState","VitTopChrome","parent_route_only","parent_route_only","AppRoutePaths.home","no","-","Back goes to an explicit parent route."
"flutter_app/lib/features/launchpad/presentation/pages/hub/launchpad_performance_page.dart","100","_LaunchpadPerformancePageState","VitHeader","parent_route_only","parent_route_only","AppRoutePaths.launchpad","no","-","Back goes to an explicit parent route."
"flutter_app/lib/features/launchpad/presentation/pages/hub/launchpad_portfolio_page.dart","81","_LaunchpadPortfolioPageState","VitHeader","parent_route_only","parent_route_only","AppRoutePaths.launchpad","no","-","Back goes to an explicit parent route."
"flutter_app/lib/features/launchpad/presentation/pages/hub/launchpad_receipt_page.dart","69","LaunchpadReceiptPage","VitHeader","parent_route_only","parent_route_only","AppRoutePaths.launchpadPortfolio","no","-","Back goes to an explicit parent route."
"flutter_app/lib/features/launchpad/presentation/pages/hub/launchpad_receipt_page.dart","87","LaunchpadReceiptPage","VitHeader","parent_route_only","parent_route_only","AppRoutePaths.launchpadPortfolio","no","-","Back goes to an explicit parent route."
"flutter_app/lib/features/launchpad/presentation/pages/hub/launchpad_receipt_page.dart","114","LaunchpadReceiptPage","VitHeader","parent_route_only","parent_route_only","snapshot.backRoute","no","-","Back goes to an explicit parent route."
"flutter_app/lib/features/launchpad/presentation/pages/tools/launchpad_abi_diff_page.dart","91","_LaunchpadAbiDiffPageState","VitHeader","parent_route_only","parent_route_only","AppRoutePaths.launchpad","no","-","Back goes to an explicit parent route."
"flutter_app/lib/features/launchpad/presentation/pages/tools/launchpad_address_book_page.dart","100","_LaunchpadAddressBookPageState","VitHeader","parent_route_only","parent_route_only","AppRoutePaths.launchpad","no","-","Back goes to an explicit parent route."
"flutter_app/lib/features/launchpad/presentation/pages/tools/launchpad_dca_builder_page.dart","111","_LaunchpadDcaBuilderPageState","VitHeader","parent_route_only","parent_route_only","AppRoutePaths.launchpad","no","-","Back goes to an explicit parent route."
"flutter_app/lib/features/launchpad/presentation/pages/tools/launchpad_event_log_page.dart","104","_LaunchpadEventLogPageState","VitHeader","parent_route_only","parent_route_only","AppRoutePaths.launchpad","no","-","Back goes to an explicit parent route."
"flutter_app/lib/features/launchpad/presentation/pages/tools/launchpad_event_log_page.dart","119","_LaunchpadEventLogPageState","VitHeader","parent_route_only","parent_route_only","AppRoutePaths.launchpad","no","-","Back goes to an explicit parent route."
"flutter_app/lib/features/launchpad/presentation/pages/tools/launchpad_event_log_page.dart","149","_LaunchpadEventLogPageState","VitHeader","parent_route_only","parent_route_only","snapshot.backRoute","no","-","Back goes to an explicit parent route."
"flutter_app/lib/features/launchpad/presentation/pages/tools/launchpad_gas_tracker_page.dart","109","_LaunchpadGasTrackerPageState","VitHeader","parent_route_only","parent_route_only","AppRoutePaths.launchpad","no","-","Back goes to an explicit parent route."
"flutter_app/lib/features/launchpad/presentation/pages/tools/launchpad_gas_tracker_page.dart","124","_LaunchpadGasTrackerPageState","VitHeader","parent_route_only","parent_route_only","AppRoutePaths.launchpad","no","-","Back goes to an explicit parent route."
"flutter_app/lib/features/launchpad/presentation/pages/tools/launchpad_gas_tracker_page.dart","157","_LaunchpadGasTrackerPageState","VitHeader","parent_route_only","parent_route_only","snapshot.backRoute","no","-","Back goes to an explicit parent route."
"flutter_app/lib/features/launchpad/presentation/pages/tools/launchpad_limit_orders_page.dart","127","_LaunchpadLimitOrdersPageState","VitHeader","parent_route_only","parent_route_only","AppRoutePaths.launchpad","no","-","Back goes to an explicit parent route."
"flutter_app/lib/features/launchpad/presentation/pages/tools/launchpad_multisig_page.dart","103","_LaunchpadMultisigPageState","VitHeader","parent_route_only","parent_route_only","AppRoutePaths.launchpad","no","-","Back goes to an explicit parent route."
"flutter_app/lib/features/launchpad/presentation/pages/tools/launchpad_multisig_page.dart","118","_LaunchpadMultisigPageState","VitHeader","parent_route_only","parent_route_only","AppRoutePaths.launchpad","no","-","Back goes to an explicit parent route."
"flutter_app/lib/features/launchpad/presentation/pages/tools/launchpad_multisig_page.dart","159","_LaunchpadMultisigPageState","VitHeader","parent_route_only","parent_route_only","snapshot.backRoute","no","-","Back goes to an explicit parent route."
"flutter_app/lib/features/launchpad/presentation/pages/tools/launchpad_notif_sound_page.dart","95","_LaunchpadNotifSoundPageState","VitHeader","parent_route_only","parent_route_only","AppRoutePaths.launchpad","no","-","Back goes to an explicit parent route."
"flutter_app/lib/features/launchpad/presentation/pages/tools/launchpad_rebalance_page.dart","94","_LaunchpadRebalancePageState","VitHeader","parent_route_only","parent_route_only","AppRoutePaths.launchpad","no","-","Back goes to an explicit parent route."
"flutter_app/lib/features/launchpad/presentation/pages/tools/launchpad_rebalance_page.dart","109","_LaunchpadRebalancePageState","VitHeader","parent_route_only","parent_route_only","AppRoutePaths.launchpad","no","-","Back goes to an explicit parent route."
"flutter_app/lib/features/launchpad/presentation/pages/tools/launchpad_rebalance_page.dart","154","_LaunchpadRebalancePageState","VitHeader","parent_route_only","parent_route_only","snapshot.backRoute","no","-","Back goes to an explicit parent route."
"flutter_app/lib/features/launchpad/presentation/pages/tools/launchpad_risk_analytics_page.dart","79","_LaunchpadRiskAnalyticsPageState","VitHeader","parent_route_only","parent_route_only","AppRoutePaths.launchpad","no","-","Back goes to an explicit parent route."
"flutter_app/lib/features/launchpad/presentation/pages/tools/launchpad_staking_page.dart","88","_LaunchpadStakingPageState","VitHeader","parent_route_only","parent_route_only","AppRoutePaths.launchpad","no","-","Back goes to an explicit parent route."
"flutter_app/lib/features/launchpad/presentation/pages/tools/launchpad_webhooks_page.dart","150","_LaunchpadWebhooksPageState","VitHeader","parent_route_only","parent_route_only","AppRoutePaths.launchpad","no","-","Back goes to an explicit parent route."
"flutter_app/lib/features/launchpad/presentation/pages/tools/launchpad_webhooks_page.dart","164","_LaunchpadWebhooksPageState","VitHeader","parent_route_only","parent_route_only","AppRoutePaths.launchpad","no","-","Back goes to an explicit parent route."
"flutter_app/lib/features/launchpad/presentation/pages/tools/launchpad_webhooks_page.dart","196","_LaunchpadWebhooksPageState","VitHeader","parent_route_only","parent_route_only","snapshot.backRoute","no","-","Back goes to an explicit parent route."
"flutter_app/lib/features/markets/presentation/pages/hub/market_overview_page.dart","75","MarketOverviewPage","VitHeader","history_then_fallback","history_then_fallback","AppRoutePaths.markets","no","-","Uses shared back-navigation helper."
"flutter_app/lib/features/markets/presentation/pages/hub/watchlist_page.dart","165","_WatchlistPageState","VitHeader","parent_route_only","parent_route_only","AppRoutePaths.markets","no","-","Back goes to an explicit parent route."
"flutter_app/lib/features/markets/presentation/pages/pair/market_depth_page.dart","174","_MarketDepthScaffold","VitHeader","parent_route_only","delegated_by_owner","delegated_callback","no","-","Reusable widget receives an owner-provided back callback."
"flutter_app/lib/features/markets/presentation/pages/pair/market_heatmap_page.dart","62","_MarketHeatmapPageState","VitHeader","parent_route_only","parent_route_only","AppRoutePaths.markets","no","-","Back goes to an explicit parent route."
"flutter_app/lib/features/markets/presentation/pages/pair/pair_detail_page.dart","248","_PairDetailFallbackScaffold","VitHeader","history_then_fallback","history_then_fallback","AppRoutePaths.markets","no","-","Uses shared back-navigation helper."
"flutter_app/lib/features/markets/presentation/pages/portfolio/advanced_charts_page_tabs_filters_widgets.dart","32","_AdvancedChartsPageState","VitHeader","parent_route_only","parent_route_only","AppRoutePaths.markets","no","-","Back goes to an explicit parent route."
"flutter_app/lib/features/markets/presentation/pages/portfolio/portfolio_tracker_page_overview_widgets.dart","26","_PortfolioTrackerPageState","VitHeader","parent_route_only","parent_route_only","AppRoutePaths.markets","no","-","Back goes to an explicit parent route."
"flutter_app/lib/features/markets/presentation/pages/portfolio/price_alerts_page.dart","156","_PriceAlertsPageState","VitHeader","parent_route_only","parent_route_only","AppRoutePaths.markets","no","-","Back goes to an explicit parent route."
"flutter_app/lib/features/markets/presentation/pages/research/market_news_page.dart","82","_MarketNewsPageState","VitHeader","parent_route_only","parent_route_only","AppRoutePaths.markets","no","-","Back goes to an explicit parent route."
"flutter_app/lib/features/markets/presentation/pages/research/social_sentiment_page.dart","158","_SocialSentimentPageState","VitHeader","parent_route_only","parent_route_only","AppRoutePaths.markets","no","-","Back goes to an explicit parent route."
"flutter_app/lib/features/markets/presentation/pages/research/social_signals_page_tabs_widgets.dart","47","_SocialSignalsPageState","VitHeader","parent_route_only","parent_route_only","AppRoutePaths.markets","no","-","Back goes to an explicit parent route."
"flutter_app/lib/features/markets/presentation/pages/research/token_info_page.dart","210","_TokenInfoScaffold","VitHeader","parent_route_only","delegated_by_owner","delegated_callback","no","-","Reusable widget receives an owner-provided back callback."
"flutter_app/lib/features/markets/presentation/pages/research/token_unlocks_page_upcoming_widgets.dart","44","_TokenUnlocksPageState","VitHeader","parent_route_only","parent_route_only","AppRoutePaths.markets","no","-","Back goes to an explicit parent route."
"flutter_app/lib/features/markets/presentation/pages/tools/comparison_tool_page.dart","98","_ComparisonToolPageState","VitHeader","parent_route_only","parent_route_only","AppRoutePaths.markets","no","-","Back goes to an explicit parent route."
"flutter_app/lib/features/markets/presentation/pages/tools/derivatives_overview_page.dart","65","_DerivativesOverviewPageState","VitHeader","parent_route_only","parent_route_only","AppRoutePaths.markets","no","-","Back goes to an explicit parent route."
"flutter_app/lib/features/markets/presentation/pages/tools/market_calendar_page.dart","85","_MarketCalendarPageState","VitHeader","parent_route_only","parent_route_only","AppRoutePaths.markets","no","-","Back goes to an explicit parent route."
"flutter_app/lib/features/markets/presentation/pages/tools/market_correlations_page.dart","97","_MarketCorrelationsPageState","VitHeader","parent_route_only","parent_route_only","AppRoutePaths.markets","no","-","Back goes to an explicit parent route."
"flutter_app/lib/features/markets/presentation/pages/tools/market_movers_page.dart","150","_MarketMoversPageState","VitHeader","parent_route_only","parent_route_only","AppRoutePaths.markets","no","-","Back goes to an explicit parent route."
"flutter_app/lib/features/markets/presentation/pages/tools/market_screener_page.dart","199","_MarketScreenerPageState","VitHeader","parent_route_only","parent_route_only","AppRoutePaths.markets","no","-","Back goes to an explicit parent route."
"flutter_app/lib/features/markets/presentation/pages/tools/market_sectors_page.dart","81","_MarketSectorsPageState","VitHeader","parent_route_only","parent_route_only","AppRoutePaths.marketsSectors","no","-","Back goes to an explicit parent route."
"flutter_app/lib/features/markets/presentation/widgets/pair/pair_detail_header_widgets.dart","3","_PairHeader","VitHeaderActionButton","parent_route_only","delegated_by_owner","delegated_callback","no","-","Reusable widget receives an owner-provided back callback."
"flutter_app/lib/features/news/presentation/pages/news_page.dart","90","_NewsPageState","VitHeader","parent_route_only","parent_route_only","AppRoutePaths.home","no","-","Back goes to an explicit parent route."
"flutter_app/lib/features/notifications/presentation/pages/notifications_page.dart","79","_NotificationsPageState","VitHeader","parent_route_only","parent_route_only","snapshot.backRoute","no","-","Back goes to an explicit parent route."
"flutter_app/lib/features/p2p_account/presentation/pages/merchant/p2p_address_proof_page.dart","82","_P2PAddressProofPageState","VitHeader","parent_route_only","parent_route_only","AppRoutePaths.p2pKycStatus","yes","-","Back goes to an explicit parent route."
"flutter_app/lib/features/p2p_account/presentation/pages/merchant/p2p_address_proof_page.dart","90","_P2PAddressProofPageState","VitHeader","parent_route_only","parent_route_only","AppRoutePaths.p2pKycStatus","yes","-","Back goes to an explicit parent route."
"flutter_app/lib/features/p2p_account/presentation/pages/merchant/p2p_address_proof_page.dart","110","_P2PAddressProofPageState","VitHeader","parent_route_only","parent_route_only","snapshot.parentRoute","yes","-","Back goes to an explicit parent route."
"flutter_app/lib/features/p2p_account/presentation/pages/merchant/p2p_identity_verification_page.dart","77","_P2PIdentityVerificationPageState","VitHeader","parent_route_only","parent_route_only","AppRoutePaths.p2pKycStatus","yes","-","Back goes to an explicit parent route."
"flutter_app/lib/features/p2p_account/presentation/pages/merchant/p2p_identity_verification_page.dart","85","_P2PIdentityVerificationPageState","VitHeader","parent_route_only","parent_route_only","AppRoutePaths.p2pKycStatus","yes","-","Back goes to an explicit parent route."
"flutter_app/lib/features/p2p_account/presentation/pages/merchant/p2p_identity_verification_page.dart","105","_P2PIdentityVerificationPageState","VitHeader","parent_route_only","parent_route_only","snapshot.parentRoute","yes","-","Back goes to an explicit parent route."
"flutter_app/lib/features/p2p_account/presentation/pages/merchant/p2p_kyc_requirements_page.dart","69","P2PKycRequirementsPage","VitHeader","parent_route_only","parent_route_only","AppRoutePaths.p2p","yes","-","Back goes to an explicit parent route."
"flutter_app/lib/features/p2p_account/presentation/pages/merchant/p2p_kyc_requirements_page.dart","77","P2PKycRequirementsPage","VitHeader","parent_route_only","parent_route_only","AppRoutePaths.p2p","yes","-","Back goes to an explicit parent route."
"flutter_app/lib/features/p2p_account/presentation/pages/merchant/p2p_kyc_requirements_page.dart","90","P2PKycRequirementsPage","VitHeader","parent_route_only","parent_route_only","snapshot.parentRoute","yes","-","Back goes to an explicit parent route."
"flutter_app/lib/features/p2p_account/presentation/pages/merchant/p2p_kyc_status_page.dart","67","P2PKycStatusPage","VitHeader","parent_route_only","parent_route_only","AppRoutePaths.p2pKycRequirements","yes","-","Back goes to an explicit parent route."
"flutter_app/lib/features/p2p_account/presentation/pages/merchant/p2p_kyc_status_page.dart","75","P2PKycStatusPage","VitHeader","parent_route_only","parent_route_only","AppRoutePaths.p2pKycRequirements","yes","-","Back goes to an explicit parent route."
"flutter_app/lib/features/p2p_account/presentation/pages/merchant/p2p_kyc_status_page.dart","88","P2PKycStatusPage","VitHeader","parent_route_only","parent_route_only","snapshot.parentRoute","yes","-","Back goes to an explicit parent route."
"flutter_app/lib/features/p2p_account/presentation/pages/merchant/p2p_merchant_apply_page_state.dart","49","_P2PMerchantApplyPageState","VitHeader","parent_route_only","parent_route_only","AppRoutePaths.p2p","no","-","Back goes to an explicit parent route."
"flutter_app/lib/features/p2p_account/presentation/pages/merchant/p2p_selfie_verification_page.dart","90","_P2PSelfieVerificationPageState","VitHeader","parent_route_only","parent_route_only","AppRoutePaths.p2pKycStatus","yes","-","Back goes to an explicit parent route."
"flutter_app/lib/features/p2p_account/presentation/pages/merchant/p2p_selfie_verification_page.dart","98","_P2PSelfieVerificationPageState","VitHeader","parent_route_only","parent_route_only","AppRoutePaths.p2pKycStatus","yes","-","Back goes to an explicit parent route."
"flutter_app/lib/features/p2p_account/presentation/pages/merchant/p2p_selfie_verification_page.dart","111","_P2PSelfieVerificationPageState","VitHeader","parent_route_only","parent_route_only","snapshot.parentRoute","yes","-","Back goes to an explicit parent route."
"flutter_app/lib/features/p2p_account/presentation/pages/payment/p2p_payment_method_cooling_period_page.dart","56","P2PPaymentMethodCoolingPeriodPage","VitHeader","parent_route_only","parent_route_only","AppRoutePaths.p2pPaymentMethods","no","-","Back goes to an explicit parent route."
"flutter_app/lib/features/p2p_account/presentation/pages/payment/p2p_payment_method_history_page.dart","54","P2PPaymentMethodHistoryPage","VitHeader","parent_route_only","parent_route_only","AppRoutePaths.p2pPaymentMethods","no","-","Back goes to an explicit parent route."
"flutter_app/lib/features/p2p_account/presentation/pages/payment/p2p_payment_method_verification_page.dart","92","_P2PPaymentMethodVerificationPageState","VitHeader","parent_route_only","parent_route_only","AppRoutePaths.p2pPaymentMethods","no","-","Back goes to an explicit parent route."
"flutter_app/lib/features/p2p_account/presentation/pages/payment/p2p_payment_method_verification_page.dart","106","_P2PPaymentMethodVerificationPageState","VitHeader","parent_route_only","parent_route_only","AppRoutePaths.p2pPaymentMethods","no","-","Back goes to an explicit parent route."
"flutter_app/lib/features/p2p_account/presentation/pages/payment/p2p_payment_method_verification_page.dart","127","_P2PPaymentMethodVerificationPageState","VitHeader","parent_route_only","parent_route_only","AppRoutePaths.p2pPaymentMethods","no","-","Back goes to an explicit parent route."
"flutter_app/lib/features/p2p_core/presentation/widgets/vit_p2p_flow_scaffold.dart","108","VitP2PFlowScaffold","VitHeader","parent_route_only","delegated_by_owner","delegated_callback","no","-","Reusable widget receives an owner-provided back callback."
"flutter_app/lib/features/p2p_dispute/presentation/pages/dispute/p2p_dispute_detail_page.dart","91","_P2PDisputeDetailPageState","VitHeader","parent_route_only","parent_route_only","AppRoutePaths.p2pDisputes","yes","-","Back goes to an explicit parent route."
"flutter_app/lib/features/p2p_dispute/presentation/pages/dispute/p2p_dispute_evidence_page.dart","76","_P2PDisputeEvidencePageState","VitHeader","parent_route_only","parent_route_only","AppRoutePaths.p2pDisputeDetail(widget.disputeId)","yes","-","Back goes to an explicit parent route."
"flutter_app/lib/features/p2p_dispute/presentation/pages/dispute/p2p_dispute_page.dart","85","_P2PDisputePageState","VitHeader","parent_route_only","parent_route_only","AppRoutePaths.p2pOrder(widget.orderId)","yes","-","Back goes to an explicit parent route."
"flutter_app/lib/features/p2p_dispute/presentation/pages/dispute/p2p_dispute_resolution_page.dart","77","_P2PDisputeResolutionPageState","VitHeader","parent_route_only","parent_route_only","AppRoutePaths.p2pDisputeDetail(widget.disputeId)","yes","-","Back goes to an explicit parent route."
"flutter_app/lib/features/p2p_dispute/presentation/pages/dispute/p2p_disputes_page.dart","54","P2PDisputesPage","VitHeader","parent_route_only","parent_route_only","AppRoutePaths.p2p","yes","-","Back goes to an explicit parent route."
"flutter_app/lib/features/p2p_dispute/presentation/pages/dispute/p2p_insurance_fund_page.dart","87","_P2PInsuranceFundPageState","VitHeader","parent_route_only","parent_route_only","AppRoutePaths.p2p","yes","-","Back goes to an explicit parent route."
"flutter_app/lib/features/p2p_dispute/presentation/pages/dispute/p2p_insurance_fund_page.dart","100","_P2PInsuranceFundPageState","VitHeader","parent_route_only","parent_route_only","AppRoutePaths.p2p","yes","-","Back goes to an explicit parent route."
"flutter_app/lib/features/p2p_dispute/presentation/pages/dispute/p2p_insurance_fund_page.dart","122","_P2PInsuranceFundPageState","VitHeader","parent_route_only","parent_route_only","AppRoutePaths.p2p","yes","-","Back goes to an explicit parent route."
"flutter_app/lib/features/p2p_dispute/presentation/pages/dispute/p2p_insurance_policy_page.dart","50","P2PInsurancePolicyPage","VitHeader","parent_route_only","parent_route_only","AppRoutePaths.p2pInsurance","yes","-","Back goes to an explicit parent route."
"flutter_app/lib/features/p2p_dispute/presentation/pages/dispute/p2p_insurance_policy_page.dart","58","P2PInsurancePolicyPage","VitHeader","parent_route_only","parent_route_only","AppRoutePaths.p2pInsurance","yes","-","Back goes to an explicit parent route."
"flutter_app/lib/features/p2p_dispute/presentation/pages/dispute/p2p_insurance_policy_page.dart","71","P2PInsurancePolicyPage","VitHeader","parent_route_only","parent_route_only","snapshot.parentRoute","yes","-","Back goes to an explicit parent route."
"flutter_app/lib/features/p2p_dispute/presentation/pages/dispute/p2p_insurance_score_page.dart","55","P2PInsuranceScorePage","VitHeader","parent_route_only","parent_route_only","AppRoutePaths.p2pInsurance","yes","-","Back goes to an explicit parent route."
"flutter_app/lib/features/p2p_dispute/presentation/pages/dispute/p2p_insurance_score_page.dart","63","P2PInsuranceScorePage","VitHeader","parent_route_only","parent_route_only","AppRoutePaths.p2pInsurance","yes","-","Back goes to an explicit parent route."
"flutter_app/lib/features/p2p_dispute/presentation/pages/dispute/p2p_insurance_score_page.dart","76","P2PInsuranceScorePage","VitHeader","parent_route_only","parent_route_only","snapshot.parentRoute","yes","-","Back goes to an explicit parent route."
"flutter_app/lib/features/p2p_marketplace/presentation/pages/ads/p2p_ad_analytics_page.dart","83","P2PAdAnalyticsPage","VitHeader","parent_route_only","parent_route_only","AppRoutePaths.p2p","no","-","Back goes to an explicit parent route."
"flutter_app/lib/features/p2p_marketplace/presentation/pages/ads/p2p_ad_detail_page.dart","71","_P2PAdDetailPageState","VitHeader","parent_route_only","parent_route_only","AppRoutePaths.p2p","no","-","Back goes to an explicit parent route."
"flutter_app/lib/features/p2p_marketplace/presentation/pages/ads/p2p_order_book_page.dart","80","_P2POrderBookPageState","VitHeader","parent_route_only","parent_route_only","AppRoutePaths.p2p","yes","-","Back goes to an explicit parent route."
"flutter_app/lib/features/p2p_marketplace/presentation/pages/ads/p2p_order_book_page.dart","88","_P2POrderBookPageState","VitHeader","parent_route_only","parent_route_only","AppRoutePaths.p2p","yes","-","Back goes to an explicit parent route."
"flutter_app/lib/features/p2p_marketplace/presentation/pages/ads/p2p_order_book_page.dart","102","_P2POrderBookPageState","VitHeader","parent_route_only","parent_route_only","snapshot.parentRoute","yes","-","Back goes to an explicit parent route."
"flutter_app/lib/features/p2p_marketplace/presentation/pages/hub/p2p_dashboard_page.dart","91","_P2PDashboardPageState","VitHeader","parent_route_only","parent_route_only","AppRoutePaths.p2p","no","-","Back goes to an explicit parent route."
"flutter_app/lib/features/p2p_marketplace/presentation/pages/hub/p2p_dashboard_page.dart","99","_P2PDashboardPageState","VitHeader","parent_route_only","parent_route_only","AppRoutePaths.p2p","no","-","Back goes to an explicit parent route."
"flutter_app/lib/features/p2p_marketplace/presentation/pages/hub/p2p_dashboard_page.dart","112","_P2PDashboardPageState","VitHeader","parent_route_only","parent_route_only","snapshot.parentRoute","no","-","Back goes to an explicit parent route."
"flutter_app/lib/features/p2p_marketplace/presentation/pages/hub/p2p_express_confirm_page.dart","96","_P2PExpressConfirmPageState","VitHeader","history_then_fallback","history_then_fallback","AppRoutePaths.p2p","no","-","History pop is paired with an explicit fallback route."
"flutter_app/lib/features/p2p_marketplace/presentation/pages/hub/p2p_express_confirm_page.dart","105","_P2PExpressConfirmPageState","VitHeader","history_then_fallback","history_then_fallback","AppRoutePaths.p2p","no","-","History pop is paired with an explicit fallback route."
"flutter_app/lib/features/p2p_marketplace/presentation/pages/hub/p2p_express_confirm_page.dart","133","_P2PExpressConfirmPageState","VitHeader","history_then_fallback","history_then_fallback","AppRoutePaths.p2p","yes","-","History pop is paired with an explicit fallback route."
"flutter_app/lib/features/p2p_marketplace/presentation/pages/hub/p2p_guide_page.dart","73","_P2PGuidePageState","VitHeader","parent_route_only","parent_route_only","AppRoutePaths.p2p","no","-","Back goes to an explicit parent route."
"flutter_app/lib/features/p2p_marketplace/presentation/pages/hub/p2p_guide_page.dart","81","_P2PGuidePageState","VitHeader","parent_route_only","parent_route_only","AppRoutePaths.p2p","no","-","Back goes to an explicit parent route."
"flutter_app/lib/features/p2p_marketplace/presentation/pages/hub/p2p_guide_page.dart","96","_P2PGuidePageState","VitHeader","parent_route_only","parent_route_only","snapshot.parentRoute","no","-","Back goes to an explicit parent route."
"flutter_app/lib/features/p2p_marketplace/presentation/pages/hub/p2p_notifications_settings_page.dart","72","_P2PNotificationsSettingsPageState","VitHeader","parent_route_only","parent_route_only","AppRoutePaths.p2pSettings","no","-","Back goes to an explicit parent route."
"flutter_app/lib/features/p2p_marketplace/presentation/pages/hub/p2p_notifications_settings_page.dart","80","_P2PNotificationsSettingsPageState","VitHeader","parent_route_only","parent_route_only","AppRoutePaths.p2pSettings","no","-","Back goes to an explicit parent route."
"flutter_app/lib/features/p2p_marketplace/presentation/pages/hub/p2p_notifications_settings_page.dart","95","_P2PNotificationsSettingsPageState","VitHeader","parent_route_only","parent_route_only","snapshot.parentRoute","no","-","Back goes to an explicit parent route."
"flutter_app/lib/features/p2p_marketplace/presentation/pages/hub/p2p_settings_page.dart","89","_P2PSettingsPageState","VitHeader","parent_route_only","parent_route_only","AppRoutePaths.p2p","no","-","Back goes to an explicit parent route."
"flutter_app/lib/features/p2p_marketplace/presentation/pages/hub/p2p_settings_page.dart","97","_P2PSettingsPageState","VitHeader","parent_route_only","parent_route_only","AppRoutePaths.p2p","no","-","Back goes to an explicit parent route."
"flutter_app/lib/features/p2p_marketplace/presentation/pages/hub/p2p_settings_page.dart","112","_P2PSettingsPageState","VitHeader","parent_route_only","parent_route_only","snapshot.parentRoute","no","-","Back goes to an explicit parent route."
"flutter_app/lib/features/p2p_marketplace/presentation/pages/hub/p2p_trading_level_page.dart","56","P2PTradingLevelPage","VitHeader","parent_route_only","parent_route_only","AppRoutePaths.p2p","no","-","Back goes to an explicit parent route."
"flutter_app/lib/features/p2p_marketplace/presentation/widgets/hub/p2p_express_page_state.dart","35","_P2PExpressPageState","VitHeader","parent_route_only","parent_route_only","AppRoutePaths.p2p","no","-","Back goes to an explicit parent route."
"flutter_app/lib/features/p2p_marketplace/presentation/widgets/hub/p2p_home_page_state.dart","39","_P2PHomePageState","VitHeader","parent_route_only","parent_route_only","AppRoutePaths.home","no","-","Back goes to an explicit parent route."
"flutter_app/lib/features/p2p_marketplace/presentation/widgets/hub/p2p_home_page_state.dart","47","_P2PHomePageState","VitHeader","parent_route_only","parent_route_only","AppRoutePaths.home","no","-","Back goes to an explicit parent route."
"flutter_app/lib/features/p2p_marketplace/presentation/widgets/hub/p2p_home_page_state.dart","88","_P2PHomePageState","VitTopChrome","parent_route_only","parent_route_only","AppRoutePaths.home","no","-","Back goes to an explicit parent route."
"flutter_app/lib/features/p2p_orders/presentation/pages/orders/p2p_my_orders_page.dart","91","_P2PMyOrdersPageState","VitHeader","parent_route_only","parent_route_only","AppRoutePaths.p2p","yes","-","Back goes to an explicit parent route."
"flutter_app/lib/features/p2p_orders/presentation/pages/orders/p2p_my_orders_page.dart","99","_P2PMyOrdersPageState","VitHeader","parent_route_only","parent_route_only","AppRoutePaths.p2p","yes","-","Back goes to an explicit parent route."
"flutter_app/lib/features/p2p_orders/presentation/pages/orders/p2p_my_orders_page.dart","115","_P2PMyOrdersPageState","VitHeader","parent_route_only","parent_route_only","snapshot.parentRoute","yes","-","Back goes to an explicit parent route."
"flutter_app/lib/features/p2p_orders/presentation/pages/orders/p2p_order_cancel_page.dart","68","_P2POrderCancelPageState","VitHeader","history_then_fallback","history_then_fallback","AppRoutePaths.p2pOrder(widget.orderId","yes","-","Uses shared back-navigation helper."
"flutter_app/lib/features/p2p_orders/presentation/pages/orders/p2p_order_proof_page.dart","79","_P2POrderProofPageState","VitHeader","history_then_fallback","history_then_fallback","AppRoutePaths.p2pOrder(widget.orderId","yes","-","Uses shared back-navigation helper."
"flutter_app/lib/features/p2p_orders/presentation/pages/orders/p2p_order_rate_page.dart","88","_P2POrderRatePageState","VitHeader","history_then_fallback","history_then_fallback","AppRoutePaths.p2pOrder(widget.orderId)","yes","-","History pop is paired with an explicit fallback route."
"flutter_app/lib/features/p2p_orders/presentation/pages/orders/p2p_order_timeline_page.dart","54","P2POrderTimelinePage","VitHeader","history_then_fallback","history_then_fallback","AppRoutePaths.p2pOrder(orderId","yes","-","Uses shared back-navigation helper."
"flutter_app/lib/features/p2p_orders/presentation/pages/wallet/p2p_wallet_page.dart","97","_P2PWalletPageState","VitHeader","parent_route_only","parent_route_only","AppRoutePaths.p2p","yes","-","Back goes to an explicit parent route."
"flutter_app/lib/features/p2p_orders/presentation/pages/wallet/p2p_wallet_page.dart","105","_P2PWalletPageState","VitHeader","parent_route_only","parent_route_only","AppRoutePaths.p2p","yes","-","Back goes to an explicit parent route."
"flutter_app/lib/features/p2p_orders/presentation/pages/wallet/p2p_wallet_page.dart","118","_P2PWalletPageState","VitHeader","parent_route_only","parent_route_only","snapshot.parentRoute","yes","-","Back goes to an explicit parent route."
"flutter_app/lib/features/p2p_orders/presentation/pages/wallet/p2p_wallet_transfer_page.dart","126","_P2PWalletTransferPageState","VitHeader","parent_route_only","parent_route_only","AppRoutePaths.p2pWallet","yes","-","Back goes to an explicit parent route."
"flutter_app/lib/features/p2p_orders/presentation/pages/wallet/p2p_wallet_transfer_page.dart","134","_P2PWalletTransferPageState","VitHeader","parent_route_only","parent_route_only","AppRoutePaths.p2pWallet","yes","-","Back goes to an explicit parent route."
"flutter_app/lib/features/p2p_orders/presentation/pages/wallet/p2p_wallet_transfer_page.dart","156","_P2PWalletTransferPageState","VitHeader","parent_route_only","parent_route_only","snapshot.parentRoute","yes","-","Back goes to an explicit parent route."
"flutter_app/lib/features/p2p_orders/presentation/widgets/orders/p2p_order_page_state.dart","25","_P2POrderPageState","VitHeader","parent_route_only","parent_route_only","AppRoutePaths.p2p","yes","-","Uses shared back-navigation helper."
"flutter_app/lib/features/p2p_security/presentation/pages/security/p2p_achievements_page.dart","68","P2PAchievementsPage","VitHeader","parent_route_only","parent_route_only","AppRoutePaths.p2p","yes","-","Back goes to an explicit parent route."
"flutter_app/lib/features/p2p_security/presentation/pages/security/p2p_achievements_page.dart","76","P2PAchievementsPage","VitHeader","parent_route_only","parent_route_only","AppRoutePaths.p2p","yes","-","Back goes to an explicit parent route."
"flutter_app/lib/features/p2p_security/presentation/pages/security/p2p_achievements_page.dart","89","P2PAchievementsPage","VitHeader","parent_route_only","parent_route_only","snapshot.parentRoute","yes","-","Back goes to an explicit parent route."
"flutter_app/lib/features/p2p_security/presentation/pages/security/p2p_aml_screening_page.dart","58","P2PAmlScreeningPage","VitHeader","parent_route_only","parent_route_only","AppRoutePaths.p2pComplianceOverview","yes","-","Back goes to an explicit parent route."
"flutter_app/lib/features/p2p_security/presentation/pages/security/p2p_aml_screening_page.dart","66","P2PAmlScreeningPage","VitHeader","parent_route_only","parent_route_only","AppRoutePaths.p2pComplianceOverview","yes","-","Back goes to an explicit parent route."
"flutter_app/lib/features/p2p_security/presentation/pages/security/p2p_aml_screening_page.dart","79","P2PAmlScreeningPage","VitHeader","parent_route_only","parent_route_only","snapshot.parentRoute","yes","-","Back goes to an explicit parent route."
"flutter_app/lib/features/p2p_security/presentation/pages/security/p2p_anti_phishing_code_page.dart","91","_P2PAntiPhishingCodePageState","VitHeader","parent_route_only","parent_route_only","AppRoutePaths.p2pSecurityCenter","yes","-","Back goes to an explicit parent route."
"flutter_app/lib/features/p2p_security/presentation/pages/security/p2p_anti_phishing_code_page.dart","99","_P2PAntiPhishingCodePageState","VitHeader","parent_route_only","parent_route_only","AppRoutePaths.p2pSecurityCenter","yes","-","Back goes to an explicit parent route."
"flutter_app/lib/features/p2p_security/presentation/pages/security/p2p_anti_phishing_code_page.dart","119","_P2PAntiPhishingCodePageState","VitHeader","parent_route_only","parent_route_only","snapshot.parentRoute","yes","-","Back goes to an explicit parent route."
"flutter_app/lib/features/p2p_security/presentation/pages/security/p2p_blacklist_add_page.dart","93","_P2PBlacklistAddPageState","VitHeader","parent_route_only","parent_route_only","AppRoutePaths.p2pBlacklist","yes","-","Back goes to an explicit parent route."
"flutter_app/lib/features/p2p_security/presentation/pages/security/p2p_blacklist_add_page.dart","101","_P2PBlacklistAddPageState","VitHeader","parent_route_only","parent_route_only","AppRoutePaths.p2pBlacklist","yes","-","Back goes to an explicit parent route."
"flutter_app/lib/features/p2p_security/presentation/pages/security/p2p_blacklist_add_page.dart","114","_P2PBlacklistAddPageState","VitHeader","parent_route_only","parent_route_only","snapshot.parentRoute","yes","-","Back goes to an explicit parent route."
"flutter_app/lib/features/p2p_security/presentation/pages/security/p2p_blacklist_page.dart","91","_P2PBlacklistPageState","VitHeader","parent_route_only","parent_route_only","AppRoutePaths.p2p","yes","-","Back goes to an explicit parent route."
"flutter_app/lib/features/p2p_security/presentation/pages/security/p2p_blacklist_page.dart","99","_P2PBlacklistPageState","VitHeader","parent_route_only","parent_route_only","AppRoutePaths.p2p","yes","-","Back goes to an explicit parent route."
"flutter_app/lib/features/p2p_security/presentation/pages/security/p2p_blacklist_page.dart","117","_P2PBlacklistPageState","VitHeader","parent_route_only","parent_route_only","snapshot.parentRoute","yes","-","Back goes to an explicit parent route."
"flutter_app/lib/features/p2p_security/presentation/pages/security/p2p_compliance_overview_page.dart","63","P2PComplianceOverviewPage","VitHeader","parent_route_only","parent_route_only","AppRoutePaths.p2p","yes","-","Back goes to an explicit parent route."
"flutter_app/lib/features/p2p_security/presentation/pages/security/p2p_compliance_overview_page.dart","71","P2PComplianceOverviewPage","VitHeader","parent_route_only","parent_route_only","AppRoutePaths.p2p","yes","-","Back goes to an explicit parent route."
"flutter_app/lib/features/p2p_security/presentation/pages/security/p2p_compliance_overview_page.dart","84","P2PComplianceOverviewPage","VitHeader","parent_route_only","parent_route_only","snapshot.parentRoute","yes","-","Back goes to an explicit parent route."
"flutter_app/lib/features/p2p_security/presentation/pages/security/p2p_contribution_history_page.dart","71","_P2PContributionHistoryPageState","VitHeader","parent_route_only","parent_route_only","AppRoutePaths.p2pInsurance","yes","-","Back goes to an explicit parent route."
"flutter_app/lib/features/p2p_security/presentation/pages/security/p2p_contribution_history_page.dart","79","_P2PContributionHistoryPageState","VitHeader","parent_route_only","parent_route_only","AppRoutePaths.p2pInsurance","yes","-","Back goes to an explicit parent route."
"flutter_app/lib/features/p2p_security/presentation/pages/security/p2p_contribution_history_page.dart","92","_P2PContributionHistoryPageState","VitHeader","parent_route_only","parent_route_only","snapshot.parentRoute","yes","-","Back goes to an explicit parent route."
"flutter_app/lib/features/p2p_security/presentation/pages/security/p2p_e2e_info_page.dart","71","P2PE2EInfoPage","VitHeader","parent_route_only","parent_route_only","AppRoutePaths.p2pSecurityCenter","yes","-","Back goes to an explicit parent route."
"flutter_app/lib/features/p2p_security/presentation/pages/security/p2p_e2e_info_page.dart","79","P2PE2EInfoPage","VitHeader","parent_route_only","parent_route_only","AppRoutePaths.p2pSecurityCenter","yes","-","Back goes to an explicit parent route."
"flutter_app/lib/features/p2p_security/presentation/pages/security/p2p_e2e_info_page.dart","92","P2PE2EInfoPage","VitHeader","parent_route_only","parent_route_only","snapshot.parentRoute","yes","-","Back goes to an explicit parent route."
"flutter_app/lib/features/p2p_security/presentation/pages/security/p2p_fraud_prevention_page.dart","89","_P2PFraudPreventionPageState","VitHeader","parent_route_only","parent_route_only","AppRoutePaths.p2p","yes","-","Back goes to an explicit parent route."
"flutter_app/lib/features/p2p_security/presentation/pages/security/p2p_fraud_prevention_page.dart","97","_P2PFraudPreventionPageState","VitHeader","parent_route_only","parent_route_only","AppRoutePaths.p2p","yes","-","Back goes to an explicit parent route."
"flutter_app/lib/features/p2p_security/presentation/pages/security/p2p_fraud_prevention_page.dart","118","_P2PFraudPreventionPageState","VitHeader","parent_route_only","parent_route_only","snapshot.parentRoute","yes","-","Back goes to an explicit parent route."
"flutter_app/lib/features/p2p_security/presentation/pages/security/p2p_large_transaction_justification_page.dart","98","_P2PLargeTransactionJustificationPageState","VitHeader","parent_route_only","parent_route_only","AppRoutePaths.p2pComplianceOverview","yes","-","Back goes to an explicit parent route."
"flutter_app/lib/features/p2p_security/presentation/pages/security/p2p_large_transaction_justification_page.dart","106","_P2PLargeTransactionJustificationPageState","VitHeader","parent_route_only","parent_route_only","AppRoutePaths.p2pComplianceOverview","yes","-","Back goes to an explicit parent route."
"flutter_app/lib/features/p2p_security/presentation/pages/security/p2p_large_transaction_justification_page.dart","121","_P2PLargeTransactionJustificationPageState","VitHeader","parent_route_only","parent_route_only","snapshot.parentRoute","yes","-","Back goes to an explicit parent route."
"flutter_app/lib/features/p2p_security/presentation/pages/security/p2p_login_history_page.dart","82","_P2PLoginHistoryPageState","VitHeader","parent_route_only","parent_route_only","AppRoutePaths.p2pSecurityCenter","yes","-","Back goes to an explicit parent route."
"flutter_app/lib/features/p2p_security/presentation/pages/security/p2p_login_history_page.dart","90","_P2PLoginHistoryPageState","VitHeader","parent_route_only","parent_route_only","AppRoutePaths.p2pSecurityCenter","yes","-","Back goes to an explicit parent route."
"flutter_app/lib/features/p2p_security/presentation/pages/security/p2p_login_history_page.dart","111","_P2PLoginHistoryPageState","VitHeader","parent_route_only","parent_route_only","snapshot.parentRoute","yes","-","Back goes to an explicit parent route."
"flutter_app/lib/features/p2p_security/presentation/pages/security/p2p_report_merchant_page.dart","90","_P2PReportMerchantPageState","VitHeader","parent_route_only","parent_route_only","AppRoutePaths.p2pMerchant(widget.merchantId)","yes","-","Back goes to an explicit parent route."
"flutter_app/lib/features/p2p_security/presentation/pages/security/p2p_report_merchant_page.dart","99","_P2PReportMerchantPageState","VitHeader","parent_route_only","parent_route_only","AppRoutePaths.p2pMerchant(widget.merchantId)","yes","-","Back goes to an explicit parent route."
"flutter_app/lib/features/p2p_security/presentation/pages/security/p2p_report_merchant_page.dart","118","_P2PReportMerchantPageState","VitHeader","history_then_fallback","history_then_fallback","snapshot.merchantProfileRoute","yes","-","History pop is paired with an explicit fallback route."
"flutter_app/lib/features/p2p_security/presentation/pages/security/p2p_reviews_page.dart","62","_P2PReviewsPageState","VitHeader","parent_route_only","parent_route_only","AppRoutePaths.p2p","yes","-","Back goes to an explicit parent route."
"flutter_app/lib/features/p2p_security/presentation/pages/security/p2p_risk_assessment_page.dart","62","P2PRiskAssessmentPage","VitHeader","parent_route_only","parent_route_only","AppRoutePaths.p2pComplianceOverview","yes","-","Back goes to an explicit parent route."
"flutter_app/lib/features/p2p_security/presentation/pages/security/p2p_risk_assessment_page.dart","70","P2PRiskAssessmentPage","VitHeader","parent_route_only","parent_route_only","AppRoutePaths.p2pComplianceOverview","yes","-","Back goes to an explicit parent route."
"flutter_app/lib/features/p2p_security/presentation/pages/security/p2p_risk_assessment_page.dart","87","P2PRiskAssessmentPage","VitHeader","parent_route_only","parent_route_only","snapshot.parentRoute","yes","-","Back goes to an explicit parent route."
"flutter_app/lib/features/p2p_security/presentation/pages/security/p2p_security_center_page.dart","79","P2PSecurityCenterPage","VitHeader","parent_route_only","parent_route_only","AppRoutePaths.p2p","yes","-","Back goes to an explicit parent route."
"flutter_app/lib/features/p2p_security/presentation/pages/security/p2p_security_center_page.dart","87","P2PSecurityCenterPage","VitHeader","parent_route_only","parent_route_only","AppRoutePaths.p2p","yes","-","Back goes to an explicit parent route."
"flutter_app/lib/features/p2p_security/presentation/pages/security/p2p_security_center_page.dart","100","P2PSecurityCenterPage","VitHeader","parent_route_only","parent_route_only","snapshot.parentRoute","yes","-","Back goes to an explicit parent route."
"flutter_app/lib/features/p2p_security/presentation/pages/security/p2p_security_center_page.dart","247","P2PWhitelistModePage","VitHeader","parent_route_only","parent_route_only","AppRoutePaths.p2pSecurityCenter","yes","-","Back goes to an explicit parent route."
"flutter_app/lib/features/p2p_security/presentation/pages/security/p2p_security_center_page.dart","255","P2PWhitelistModePage","VitHeader","parent_route_only","parent_route_only","AppRoutePaths.p2pSecurityCenter","yes","-","Back goes to an explicit parent route."
"flutter_app/lib/features/p2p_security/presentation/pages/security/p2p_security_center_page.dart","275","P2PWhitelistModePage","VitHeader","parent_route_only","parent_route_only","AppRoutePaths.p2pSecurityCenter","yes","-","Back goes to an explicit parent route."
"flutter_app/lib/features/p2p_security/presentation/pages/security/p2p_source_of_funds_page.dart","80","_P2PSourceOfFundsPageState","VitHeader","parent_route_only","parent_route_only","AppRoutePaths.p2pComplianceOverview","yes","-","Back goes to an explicit parent route."
"flutter_app/lib/features/p2p_security/presentation/pages/security/p2p_source_of_funds_page.dart","88","_P2PSourceOfFundsPageState","VitHeader","parent_route_only","parent_route_only","AppRoutePaths.p2pComplianceOverview","yes","-","Back goes to an explicit parent route."
"flutter_app/lib/features/p2p_security/presentation/pages/security/p2p_source_of_funds_page.dart","101","_P2PSourceOfFundsPageState","VitHeader","parent_route_only","parent_route_only","snapshot.parentRoute","yes","-","Back goes to an explicit parent route."
"flutter_app/lib/features/p2p_security/presentation/pages/security/p2p_tax_reporting_page.dart","98","_P2PTaxReportingPageState","VitHeader","parent_route_only","parent_route_only","AppRoutePaths.p2p","yes","-","Back goes to an explicit parent route."
"flutter_app/lib/features/p2p_security/presentation/pages/security/p2p_tax_reporting_page.dart","106","_P2PTaxReportingPageState","VitHeader","parent_route_only","parent_route_only","AppRoutePaths.p2p","yes","-","Back goes to an explicit parent route."
"flutter_app/lib/features/p2p_security/presentation/pages/security/p2p_tax_reporting_page.dart","124","_P2PTaxReportingPageState","VitHeader","parent_route_only","parent_route_only","snapshot.parentRoute","yes","-","Back goes to an explicit parent route."
"flutter_app/lib/features/p2p_security/presentation/pages/security/p2p_transaction_limits_page.dart","74","P2PTransactionLimitsPage","VitHeader","parent_route_only","parent_route_only","AppRoutePaths.p2p","yes","-","Back goes to an explicit parent route."
"flutter_app/lib/features/p2p_security/presentation/pages/security/p2p_transaction_limits_page.dart","82","P2PTransactionLimitsPage","VitHeader","parent_route_only","parent_route_only","AppRoutePaths.p2p","yes","-","Back goes to an explicit parent route."
"flutter_app/lib/features/p2p_security/presentation/pages/security/p2p_transaction_limits_page.dart","95","P2PTransactionLimitsPage","VitHeader","parent_route_only","parent_route_only","snapshot.parentRoute","yes","-","Back goes to an explicit parent route."
"flutter_app/lib/features/predictions/presentation/pages/event/prediction_advanced_chart_page.dart","94","_PredictionAdvancedChartPageState","VitHeader","parent_route_only","parent_route_only","AppRoutePaths.marketsPredictions","no","-","Back goes to an explicit parent route."
"flutter_app/lib/features/predictions/presentation/pages/event/prediction_event_detail_page.dart","150","_PredictionEventDetailPageState","VitTopChrome","parent_route_only","parent_route_only","AppRoutePaths.marketsPredictions","no","-","Back goes to an explicit parent route."
"flutter_app/lib/features/predictions/presentation/pages/event/prediction_order_receipt_page.dart","70","PredictionOrderReceiptPage","VitTopChrome","parent_route_only","parent_route_only","AppRoutePaths.marketsPredictionsPortfolio","yes","-","Back goes to an explicit parent route."
"flutter_app/lib/features/predictions/presentation/pages/hub/predictions_breaking_page.dart","89","_PredictionsBreakingPageState","VitTopChrome","parent_route_only","parent_route_only","AppRoutePaths.marketsPredictions","no","-","Back goes to an explicit parent route."
"flutter_app/lib/features/predictions/presentation/pages/hub/predictions_home_page.dart","121","_PredictionsHomePageState","VitTopChrome","history_then_fallback","history_then_fallback","AppRoutePaths.markets","no","-","Uses shared back-navigation helper."
"flutter_app/lib/features/predictions/presentation/pages/hub/predictions_rewards_page.dart","79","_PredictionsRewardsPageState","VitHeader","parent_route_only","parent_route_only","AppRoutePaths.marketsPredictions","no","-","Back goes to an explicit parent route."
"flutter_app/lib/features/predictions/presentation/pages/hub/predictions_search_page.dart","101","_PredictionsSearchPageState","VitTopChrome","parent_route_only","parent_route_only","AppRoutePaths.marketsPredictions","no","-","Back goes to an explicit parent route."
"flutter_app/lib/features/predictions/presentation/pages/portfolio/prediction_market_maker_page.dart","111","_PredictionMarketMakerPageState","VitHeader","parent_route_only","parent_route_only","AppRoutePaths.marketsPredictions","no","-","Back goes to an explicit parent route."
"flutter_app/lib/features/predictions/presentation/pages/portfolio/prediction_portfolio_analyzer_page.dart","77","_PredictionPortfolioAnalyzerPageState","VitHeader","parent_route_only","parent_route_only","AppRoutePaths.marketsPredictions","no","-","Back goes to an explicit parent route."
"flutter_app/lib/features/predictions/presentation/pages/portfolio/prediction_risk_calculator_page.dart","133","_PredictionRiskCalculatorPageState","VitHeader","parent_route_only","parent_route_only","AppRoutePaths.marketsPredictions","no","-","Back goes to an explicit parent route."
"flutter_app/lib/features/predictions/presentation/pages/portfolio/predictions_portfolio_page.dart","88","_PredictionsPortfolioPageState","VitHeader","parent_route_only","parent_route_only","resolvedBackPath","no","-","Uses shared back-navigation helper."
"flutter_app/lib/features/predictions/presentation/pages/social/prediction_data_integration_page.dart","113","_PredictionDataIntegrationPageState","VitHeader","parent_route_only","parent_route_only","AppRoutePaths.marketsPredictions","no","-","Back goes to an explicit parent route."
"flutter_app/lib/features/predictions/presentation/pages/social/prediction_event_calendar_page.dart","80","_PredictionEventCalendarPageState","VitTopChrome","parent_route_only","parent_route_only","AppRoutePaths.marketsPredictions","no","-","Back goes to an explicit parent route."
"flutter_app/lib/features/predictions/presentation/pages/social/prediction_social_page.dart","96","_PredictionSocialPageState","VitHeader","parent_route_only","parent_route_only","AppRoutePaths.marketsPredictions","no","-","Back goes to an explicit parent route."
"flutter_app/lib/features/predictions/presentation/pages/social/prediction_tournaments_page.dart","74","_PredictionTournamentsPageState","VitHeader","parent_route_only","parent_route_only","AppRoutePaths.marketsPredictions","no","-","Back goes to an explicit parent route."
"flutter_app/lib/features/predictions/presentation/pages/social/predictions_global_activity_page.dart","73","_PredictionsGlobalActivityPageState","VitHeader","parent_route_only","parent_route_only","AppRoutePaths.marketsPredictions","no","-","Back goes to an explicit parent route."
"flutter_app/lib/features/predictions/presentation/pages/social/predictions_leaderboard_page.dart","92","_PredictionsLeaderboardPageState","VitHeader","parent_route_only","parent_route_only","AppRoutePaths.marketsPredictions","no","-","Back goes to an explicit parent route."
"flutter_app/lib/features/predictions/presentation/widgets/social/prediction_tournaments_detail.dart","96","_TournamentDetailScaffold","VitHeader","parent_route_only","parent_route_only","AppRoutePaths.marketsPredictionsTournaments","no","-","Back goes to an explicit parent route."
"flutter_app/lib/features/profile/presentation/pages/activity_log_page.dart","73","_ActivityLogPageState","VitHeader","history_then_fallback","history_then_fallback","AppRoutePaths.profile","no","-","History pop is paired with an explicit fallback route."
"flutter_app/lib/features/profile/presentation/pages/api_key_create_page.dart","115","_ApiKeyCreatePageState","VitHeader","parent_route_only","parent_route_only","AppRoutePaths.profileApi","yes","-","Uses shared back-navigation helper."
"flutter_app/lib/features/profile/presentation/pages/api_key_create_page.dart","157","_ApiKeyCreatePageState","VitHeader","parent_route_only","parent_route_only","AppRoutePaths.profileApi","yes","-","Uses shared back-navigation helper."
"flutter_app/lib/features/profile/presentation/pages/api_management_page.dart","82","_ApiManagementPageState","VitHeader","parent_route_only","parent_route_only","AppRoutePaths.profile","no","-","Uses shared back-navigation helper."
"flutter_app/lib/features/profile/presentation/pages/device_management_page.dart","82","_DeviceManagementPageState","VitHeader","history_then_fallback","history_then_fallback","AppRoutePaths.profile","no","-","History pop is paired with an explicit fallback route."
"flutter_app/lib/features/profile/presentation/pages/edit_profile_page.dart","72","_EditProfilePageState","VitHeader","history_then_fallback","history_then_fallback","AppRoutePaths.profile","no","-","History pop is paired with an explicit fallback route."
"flutter_app/lib/features/profile/presentation/pages/kyc_page.dart","73","_KYCPageState","VitHeader","parent_route_only","parent_route_only","AppRoutePaths.profile","yes","-","Uses shared back-navigation helper."
"flutter_app/lib/features/profile/presentation/pages/security_page.dart","115","_SecurityPageState","VitHeader","parent_route_only","parent_route_only","fallback","yes","-","Uses shared back-navigation helper."
"flutter_app/lib/features/profile/presentation/pages/settings_page.dart","67","_SettingsPageState","VitHeader","history_then_fallback","history_then_fallback","AppRoutePaths.profile","no","-","History pop is paired with an explicit fallback route."
"flutter_app/lib/features/profile/presentation/pages/sub_account_page.dart","75","_SubAccountPageState","VitHeader","history_then_fallback","history_then_fallback","AppRoutePaths.profile","no","-","History pop is paired with an explicit fallback route."
"flutter_app/lib/features/profile/presentation/pages/vip_page.dart","81","_VIPPageState","VitHeader","history_then_fallback","history_then_fallback","AppRoutePaths.profile","no","-","History pop is paired with an explicit fallback route."
"flutter_app/lib/features/profile/presentation/widgets/profile_api_key_create_result.dart","132","_SimpleStepScaffold","VitHeader","parent_route_only","delegated_by_owner","delegated_callback","yes","-","Reusable widget receives an owner-provided back callback."
"flutter_app/lib/features/referral/presentation/pages/referral_friend_detail_page.dart","36","ReferralFriendDetailPage","VitHeader","parent_route_only","parent_route_only","-","no","-","Back goes to an explicit parent route."
"flutter_app/lib/features/referral/presentation/pages/referral_history_page.dart","87","_ReferralHistoryPageState","VitHeader","parent_route_only","parent_route_only","-","no","-","Back goes to an explicit parent route."
"flutter_app/lib/features/referral/presentation/pages/referral_home_page.dart","85","_ReferralHomePageState","VitHeader","parent_route_only","parent_route_only","homeAsync.value?.backRoute ?? AppRoutePaths.home","no","-","Back goes to an explicit parent route."
"flutter_app/lib/features/referral/presentation/pages/referral_rewards_page_state.dart","26","_ReferralRewardsPageState","VitHeader","parent_route_only","parent_route_only","-","no","-","Back goes to an explicit parent route."
"flutter_app/lib/features/referral/presentation/pages/referral_rules_page.dart","71","_ReferralRulesPageState","VitHeader","parent_route_only","parent_route_only","-","no","-","Back goes to an explicit parent route."
"flutter_app/lib/features/rewards/presentation/pages/rewards_hub_page.dart","90","_RewardsHubPageState","VitHeader","history_then_fallback","history_then_fallback","backRoute","no","-","History pop is paired with an explicit fallback route."
"flutter_app/lib/features/support/presentation/pages/announcements_page.dart","74","_AnnouncementsPageState","VitHeader","parent_route_only","parent_route_only","-","no","-","Back goes to an explicit parent route."
"flutter_app/lib/features/support/presentation/pages/help_center_page.dart","91","_HelpCenterPageState","VitHeader","parent_route_only","parent_route_only","helpAsync.value?.backRoute ?? AppRoutePaths.support","no","-","Back goes to an explicit parent route."
"flutter_app/lib/features/support/presentation/pages/support_page.dart","83","_SupportPageState","VitHeader","parent_route_only","parent_route_only","-","no","-","Back goes to an explicit parent route."
"flutter_app/lib/features/trade/presentation/tablet/pages/trade_tablet_page.dart","171","_TradeTabletPageState","VitHeader","history_then_fallback","history_then_fallback","AppRoutePaths.trade","no","-","Uses shared back-navigation helper."
"flutter_app/lib/features/trade_core/presentation/widgets/trade_module_layout.dart","222","VitTradeDetailScaffold","VitHeader","parent_route_only","delegated_by_owner","delegated_callback","no","-","Reusable widget receives an owner-provided back callback."
"flutter_app/lib/features/trade_core/presentation/widgets/trade_module_layout.dart","325","VitTradeHubScaffold","VitHeader","parent_route_only","delegated_by_owner","delegated_callback","no","-","Reusable widget receives an owner-provided back callback."
"flutter_app/lib/features/trade_core/presentation/widgets/vit_trade_terminal_header.dart","60","VitTradeTerminalHeader","VitTopChrome","parent_route_only","delegated_by_owner","delegated_callback","no","-","Reusable widget receives an owner-provided back callback."
"flutter_app/lib/features/wallet/presentation/pages/address/address_add_page.dart","101","_AddressAddPageState","VitHeader","parent_route_only","parent_route_only","AppRoutePaths.walletAddressBook","yes","-","Uses shared back-navigation helper."
"flutter_app/lib/features/wallet/presentation/pages/address/address_book_page.dart","80","_AddressBookPageState","VitHeader","parent_route_only","parent_route_only","AppRoutePaths.wallet","no","-","Back goes to an explicit parent route."
"flutter_app/lib/features/wallet/presentation/pages/assets/asset_detail_page.dart","73","_AssetDetailPageState","VitTopChrome","parent_route_only","parent_route_only","AppRoutePaths.wallet","no","-","Back goes to an explicit parent route."
"flutter_app/lib/features/wallet/presentation/pages/assets/asset_detail_page.dart","86","_AssetDetailPageState","VitTopChrome","parent_route_only","parent_route_only","AppRoutePaths.wallet","no","-","Back goes to an explicit parent route."
"flutter_app/lib/features/wallet/presentation/pages/assets/asset_detail_page.dart","107","_AssetDetailPageState","VitTopChrome","parent_route_only","parent_route_only","AppRoutePaths.wallet","no","-","Back goes to an explicit parent route."
"flutter_app/lib/features/wallet/presentation/pages/history/transaction_history_page.dart","71","_TransactionHistoryPageState","VitTopChrome","parent_route_only","parent_route_only","AppRoutePaths.wallet","no","-","Back goes to an explicit parent route."
"flutter_app/lib/features/wallet/presentation/pages/tools/network_status_page.dart","136","_NetworkStatusPageState","VitHeader","parent_route_only","parent_route_only","AppRoutePaths.wallet","no","-","Back goes to an explicit parent route."
"flutter_app/lib/features/wallet/presentation/pages/tools/portfolio_analytics_page.dart","71","_PortfolioAnalyticsPageState","VitTopChrome","parent_route_only","parent_route_only","AppRoutePaths.wallet","no","-","Back goes to an explicit parent route."
"flutter_app/lib/features/wallet/presentation/pages/tools/wallet_gas_optimizer_page.dart","81","_WalletGasOptimizerPageState","VitHeader","parent_route_only","parent_route_only","AppRoutePaths.wallet","no","-","Back goes to an explicit parent route."
"flutter_app/lib/features/wallet/presentation/pages/tools/wallet_multi_manager_page.dart","73","_WalletMultiManagerPageState","VitTopChrome","parent_route_only","parent_route_only","AppRoutePaths.wallet","no","-","Back goes to an explicit parent route."
"flutter_app/lib/features/wallet/presentation/pages/tools/wallet_token_approval_page.dart","72","_WalletTokenApprovalPageState","VitHeader","parent_route_only","parent_route_only","AppRoutePaths.wallet","yes","-","Uses shared back-navigation helper."
"flutter_app/lib/features/wallet/presentation/pages/transfer/pending_deposits_page.dart","87","_PendingDepositsPageState","VitHeader","parent_route_only","parent_route_only","AppRoutePaths.wallet","no","-","Back goes to an explicit parent route."
"flutter_app/lib/features/wallet/presentation/pages/transfer/withdraw_limits_page.dart","63","WithdrawLimitsPage","VitHeader","parent_route_only","parent_route_only","AppRoutePaths.wallet","yes","-","Back goes to an explicit parent route."
"flutter_app/lib/features/wallet/presentation/phone/pages/wallet_page.dart","81","_WalletPageState","VitTopChrome","history_then_fallback","history_then_fallback","AppRoutePaths.home","no","-","Uses shared back-navigation helper."
"flutter_app/lib/features/wallet/presentation/tablet/pages/wallet_tablet_page.dart","129","_WalletTabletPageState","VitTopChrome","history_then_fallback","history_then_fallback","AppRoutePaths.home","no","-","Uses shared back-navigation helper."
"flutter_app/lib/features/wallet/presentation/widgets/address/wallet_address_add_preview.dart","132","AddressSavedState","VitHeader","parent_route_only","delegated_by_owner","delegated_callback","yes","-","Reusable widget receives an owner-provided back callback."
"flutter_app/lib/features/wallet/presentation/widgets/hub/vit_wallet_detail_scaffold.dart","79","VitWalletDetailScaffold","VitHeader","parent_route_only","delegated_by_owner","delegated_callback","no","-","Reusable widget receives an owner-provided back callback."
"flutter_app/lib/features/wallet/presentation/widgets/tools/wallet_health_score_page_shell.dart","19","_WalletHealthScorePageState","VitHeader","parent_route_only","parent_route_only","AppRoutePaths.wallet","no","-","Back goes to an explicit parent route."
"flutter_app/lib/shared/layout/vit_top_chrome.dart","91","VitTopChrome","VitHeader","parent_route_only","delegated_by_owner","delegated_callback","no","-","Reusable widget receives an owner-provided back callback."
